command,intent,target_type,attribute,spatial_relation,spatial_reference,position
open the last menu,open,menu,NONE,NONE,NONE,last
copy text,copy,text,NONE,NONE,NONE,NONE
paste text,paste,text,NONE,NONE,NONE,NONE
click the 3rd gray tab,click,tab,gray,NONE,NONE,3rd
remove gray button,delete,button,gray,NONE,NONE,NONE
paste the 1st green text next to the notifications,paste,text,green,next_to,notifications,1st
launch tab above the menu,open,tab,NONE,above,menu,NONE
trash the 1st image next to the notifications,delete,image,NONE,next_to,notifications,1st
delete button to the left of the search,delete,button,NONE,left_of,search,NONE
select checkbox below the checkout,click,checkbox,NONE,below,checkout,NONE
open the 2nd link below the profile,open,link,NONE,below,profile,2nd
press and hold button,long-press,button,NONE,NONE,NONE,NONE
copy orange text below the first email,copy,text,orange,below,first email,NONE
scroll down to gray tab to the left of the menu,scroll,tab,gray,left_of,menu,NONE
click on the 2nd checkbox,click,checkbox,NONE,NONE,NONE,2nd
open link,open,link,NONE,NONE,NONE,NONE
paste the 3rd text above the last item,paste,text,NONE,above,last item,3rd
copy text below the search,copy,text,NONE,below,search,NONE
paste the 3rd text to the left of the profile,paste,text,NONE,left_of,profile,3rd
click on the last image to the right of the wi-fi,click,image,NONE,right_of,wi-fi,last
tap on the last button,tap,button,NONE,NONE,NONE,last
trash black image,delete,image,black,NONE,NONE,NONE
press and hold the 3rd text above the settings,long-press,text,NONE,above,settings,3rd
paste text to the left of the address,paste,text,NONE,left_of,address,NONE
copy the last text,copy,text,NONE,NONE,NONE,last
trash green text,delete,text,green,NONE,NONE,NONE
open the last menu,open,menu,NONE,NONE,NONE,last
open red link to the left of the home,open,link,red,left_of,home,NONE
paste red text,paste,text,red,NONE,NONE,NONE
copy gray text,copy,text,gray,NONE,NONE,NONE
delete the last image,delete,image,NONE,NONE,NONE,last
remove pink text to the right of the profile,delete,text,pink,right_of,profile,NONE
tap the last icon,tap,icon,NONE,NONE,NONE,last
open white link above the address,open,link,white,above,address,NONE
click green checkbox above the search,click,checkbox,green,above,search,NONE
click white checkbox,click,checkbox,white,NONE,NONE,NONE
tap checkbox,tap,checkbox,NONE,NONE,NONE,NONE
tap the last purple button to the left of the last item,tap,button,purple,left_of,last item,last
tap on the 3rd button next to the search,tap,button,NONE,next_to,search,3rd
delete green button,delete,button,green,NONE,NONE,NONE
scroll down to text to the right of the profile,scroll,text,NONE,right_of,profile,NONE
paste white text next to the wi-fi,paste,text,white,next_to,wi-fi,NONE
select tab above the help,click,tab,NONE,above,help,NONE
long-press text next to the last item,long-press,text,NONE,next_to,last item,NONE
launch the 1st tab to the right of the first email,open,tab,NONE,right_of,first email,1st
select the last icon below the address,click,icon,NONE,below,address,last
tap on button,tap,button,NONE,NONE,NONE,NONE
press and hold image,long-press,image,NONE,NONE,NONE,NONE
trash the 2nd green button above the home,delete,button,green,above,home,2nd
tap checkbox,tap,checkbox,NONE,NONE,NONE,NONE
delete image to the left of the first email,delete,image,NONE,left_of,first email,NONE
select the 3rd button next to the notifications,click,button,NONE,next_to,notifications,3rd
launch tab above the settings,open,tab,NONE,above,settings,NONE
paste text,paste,text,NONE,NONE,NONE,NONE
open the 1st gray menu,open,menu,gray,NONE,NONE,1st
scroll to menu to the right of the settings,scroll,menu,NONE,right_of,settings,NONE
remove orange text,delete,text,orange,NONE,NONE,NONE
copy blue text above the wi-fi,copy,text,blue,above,wi-fi,NONE
scroll down to green text to the left of the search,scroll,text,green,left_of,search,NONE
launch the 2nd tab,open,tab,NONE,NONE,NONE,2nd
copy text,copy,text,NONE,NONE,NONE,NONE
tap on checkbox to the left of the menu,tap,checkbox,NONE,left_of,menu,NONE
scroll down to tab to the left of the home,scroll,tab,NONE,left_of,home,NONE
open icon to the right of the home,open,icon,NONE,right_of,home,NONE
copy text to the right of the last item,copy,text,NONE,right_of,last item,NONE
paste text,paste,text,NONE,NONE,NONE,NONE
copy purple text,copy,text,purple,NONE,NONE,NONE
paste black text below the help,paste,text,black,below,help,NONE
remove image,delete,image,NONE,NONE,NONE,NONE
open button next to the last item,open,button,NONE,next_to,last item,NONE
open gray button below the address,open,button,gray,below,address,NONE
launch icon,open,icon,NONE,NONE,NONE,NONE
tap red link above the settings,tap,link,red,above,settings,NONE
scroll down to tab,scroll,tab,NONE,NONE,NONE,NONE
long-press the 3rd purple icon to the right of the home,long-press,icon,purple,right_of,home,3rd
press and hold the last red image,long-press,image,red,NONE,NONE,last
trash text,delete,text,NONE,NONE,NONE,NONE
press and hold yellow button,long-press,button,yellow,NONE,NONE,NONE
launch button,open,button,NONE,NONE,NONE,NONE
trash red image below the first email,delete,image,red,below,first email,NONE
click on orange icon below the cart,click,icon,orange,below,cart,NONE
select white checkbox,click,checkbox,white,NONE,NONE,NONE
scroll to menu below the notifications,scroll,menu,NONE,below,notifications,NONE
remove text,delete,text,NONE,NONE,NONE,NONE
paste the 1st yellow text,paste,text,yellow,NONE,NONE,1st
paste orange text,paste,text,orange,NONE,NONE,NONE
copy text to the right of the notifications,copy,text,NONE,right_of,notifications,NONE
click on button next to the cart,click,button,NONE,next_to,cart,NONE
copy text next to the first email,copy,text,NONE,next_to,first email,NONE
launch red menu,open,menu,red,NONE,NONE,NONE
click image,click,image,NONE,NONE,NONE,NONE
paste text above the notifications,paste,text,NONE,above,notifications,NONE
tap button,tap,button,NONE,NONE,NONE,NONE
remove green image next to the address,delete,image,green,next_to,address,NONE
click the last switch next to the wi-fi,click,switch,NONE,next_to,wi-fi,last
scroll to blue tab,scroll,tab,blue,NONE,NONE,NONE
remove gray text above the first email,delete,text,gray,above,first email,NONE
launch button to the right of the checkout,open,button,NONE,right_of,checkout,NONE
scroll to the 3rd menu next to the search,scroll,menu,NONE,next_to,search,3rd
click on link,click,link,NONE,NONE,NONE,NONE
tap on the 3rd yellow checkbox,tap,checkbox,yellow,NONE,NONE,3rd
open link to the left of the cart,open,link,NONE,left_of,cart,NONE
copy the 1st green text,copy,text,green,NONE,NONE,1st
long-press the 1st image to the left of the search,long-press,image,NONE,left_of,search,1st
paste text,paste,text,NONE,NONE,NONE,NONE
tap on tab above the profile,tap,tab,NONE,above,profile,NONE
click on the 3rd link above the help,click,link,NONE,above,help,3rd
copy the 3rd black text next to the search,copy,text,black,next_to,search,3rd
scroll down to the 2nd text below the wi-fi,scroll,text,NONE,below,wi-fi,2nd
select switch below the first email,click,switch,NONE,below,first email,NONE
long-press orange image,long-press,image,orange,NONE,NONE,NONE
paste text to the left of the home,paste,text,NONE,left_of,home,NONE
click the 1st link to the left of the address,click,link,NONE,left_of,address,1st
launch the last menu below the checkout,open,menu,NONE,below,checkout,last
scroll to text below the first email,scroll,text,NONE,below,first email,NONE
press the 3rd yellow text to the right of the login,click,text,yellow,right_of,login,3rd
open pink tab below the login,open,tab,pink,below,login,NONE
copy the 1st pink text,copy,text,pink,NONE,NONE,1st
click red button below the login,click,button,red,below,login,NONE
delete the 1st green button next to the login,delete,button,green,next_to,login,1st
select black switch to the left of the wi-fi,click,switch,black,left_of,wi-fi,NONE
press and hold orange image above the notifications,long-press,image,orange,above,notifications,NONE
launch the 1st tab next to the checkout,open,tab,NONE,next_to,checkout,1st
copy text below the notifications,copy,text,NONE,below,notifications,NONE
copy the 2nd pink text to the left of the address,copy,text,pink,left_of,address,2nd
tap gray checkbox to the left of the home,tap,checkbox,gray,left_of,home,NONE
open the 1st purple icon to the left of the wi-fi,open,icon,purple,left_of,wi-fi,1st
remove text below the first email,delete,text,NONE,below,first email,NONE
press the 2nd icon,click,icon,NONE,NONE,NONE,2nd
remove orange image above the help,delete,image,orange,above,help,NONE
trash pink button next to the address,delete,button,pink,next_to,address,NONE
long-press white icon below the address,long-press,icon,white,below,address,NONE
long-press the last icon,long-press,icon,NONE,NONE,NONE,last
open tab above the login,open,tab,NONE,above,login,NONE
scroll down to black text,scroll,text,black,NONE,NONE,NONE
click on blue link next to the search,click,link,blue,next_to,search,NONE
delete text next to the last item,delete,text,NONE,next_to,last item,NONE
paste text to the left of the payment,paste,text,NONE,left_of,payment,NONE
open link,open,link,NONE,NONE,NONE,NONE
copy the last text,copy,text,NONE,NONE,NONE,last
launch icon above the help,open,icon,NONE,above,help,NONE
tap the 1st button,tap,button,NONE,NONE,NONE,1st
open blue icon next to the last item,open,icon,blue,next_to,last item,NONE
long-press the 1st yellow icon,long-press,icon,yellow,NONE,NONE,1st
paste purple text to the left of the search,paste,text,purple,left_of,search,NONE
paste the 1st text,paste,text,NONE,NONE,NONE,1st
tap on link to the left of the help,tap,link,NONE,left_of,help,NONE
paste gray text above the login,paste,text,gray,above,login,NONE
launch button above the search,open,button,NONE,above,search,NONE
scroll down to tab above the checkout,scroll,tab,NONE,above,checkout,NONE
paste the last pink text to the left of the notifications,paste,text,pink,left_of,notifications,last
paste the last gray text to the left of the checkout,paste,text,gray,left_of,checkout,last
paste the 1st text to the left of the address,paste,text,NONE,left_of,address,1st
press and hold text below the help,long-press,text,NONE,below,help,NONE
tap on checkbox above the cart,tap,checkbox,NONE,above,cart,NONE
tap checkbox,tap,checkbox,NONE,NONE,NONE,NONE
copy text to the right of the checkout,copy,text,NONE,right_of,checkout,NONE
copy the last text to the left of the help,copy,text,NONE,left_of,help,last
paste the 1st text next to the last item,paste,text,NONE,next_to,last item,1st
launch the 3rd yellow menu below the home,open,menu,yellow,below,home,3rd
long-press pink icon next to the login,long-press,icon,pink,next_to,login,NONE
paste text,paste,text,NONE,NONE,NONE,NONE
paste green text next to the first email,paste,text,green,next_to,first email,NONE
remove yellow button next to the search,delete,button,yellow,next_to,search,NONE
click on the 3rd button above the notifications,click,button,NONE,above,notifications,3rd
copy gray text above the wi-fi,copy,text,gray,above,wi-fi,NONE
long-press yellow icon to the left of the checkout,long-press,icon,yellow,left_of,checkout,NONE
press switch below the notifications,click,switch,NONE,below,notifications,NONE
delete button to the right of the help,delete,button,NONE,right_of,help,NONE
remove the 3rd image to the left of the menu,delete,image,NONE,left_of,menu,3rd
open black menu below the first email,open,menu,black,below,first email,NONE
click red checkbox,click,checkbox,red,NONE,NONE,NONE
launch tab below the login,open,tab,NONE,below,login,NONE
open tab to the left of the help,open,tab,NONE,left_of,help,NONE
tap button below the wi-fi,tap,button,NONE,below,wi-fi,NONE
paste the 2nd text,paste,text,NONE,NONE,NONE,2nd
copy text to the right of the notifications,copy,text,NONE,right_of,notifications,NONE
delete yellow button to the right of the first email,delete,button,yellow,right_of,first email,NONE
click white icon to the left of the profile,click,icon,white,left_of,profile,NONE
click image next to the checkout,click,image,NONE,next_to,checkout,NONE
trash the 3rd pink image above the profile,delete,image,pink,above,profile,3rd
paste the last text,paste,text,NONE,NONE,NONE,last
tap yellow link below the payment,tap,link,yellow,below,payment,NONE
tap on tab above the wi-fi,tap,tab,NONE,above,wi-fi,NONE
long-press the 2nd button above the help,long-press,button,NONE,above,help,2nd
launch tab,open,tab,NONE,NONE,NONE,NONE
copy text to the left of the search,copy,text,NONE,left_of,search,NONE
open button to the right of the search,open,button,NONE,right_of,search,NONE
paste text to the right of the first email,paste,text,NONE,right_of,first email,NONE
press and hold the last button,long-press,button,NONE,NONE,NONE,last
press icon next to the checkout,click,icon,NONE,next_to,checkout,NONE
scroll down to blue text below the help,scroll,text,blue,below,help,NONE
open the last icon below the notifications,open,icon,NONE,below,notifications,last
scroll to yellow menu to the left of the help,scroll,menu,yellow,left_of,help,NONE
copy text to the left of the home,copy,text,NONE,left_of,home,NONE
paste text,paste,text,NONE,NONE,NONE,NONE
press the last yellow switch,click,switch,yellow,NONE,NONE,last
paste text next to the login,paste,text,NONE,next_to,login,NONE
long-press image,long-press,image,NONE,NONE,NONE,NONE
tap switch to the right of the help,tap,switch,NONE,right_of,help,NONE
paste text below the profile,paste,text,NONE,below,profile,NONE
open tab,open,tab,NONE,NONE,NONE,NONE
tap switch next to the notifications,tap,switch,NONE,next_to,notifications,NONE
tap link,tap,link,NONE,NONE,NONE,NONE
open orange button next to the address,open,button,orange,next_to,address,NONE
copy text,copy,text,NONE,NONE,NONE,NONE
launch the 3rd gray button,open,button,gray,NONE,NONE,3rd
long-press button,long-press,button,NONE,NONE,NONE,NONE
paste the last text next to the address,paste,text,NONE,next_to,address,last
scroll down to tab below the home,scroll,tab,NONE,below,home,NONE
open link to the left of the last item,open,link,NONE,left_of,last item,NONE
launch red button to the right of the wi-fi,open,button,red,right_of,wi-fi,NONE
trash image below the help,delete,image,NONE,below,help,NONE
delete the last button above the settings,delete,button,NONE,above,settings,last
paste text above the profile,paste,text,NONE,above,profile,NONE
scroll down to menu,scroll,menu,NONE,NONE,NONE,NONE
tap on the 2nd switch to the right of the cart,tap,switch,NONE,right_of,cart,2nd
press and hold the 3rd white image to the left of the notifications,long-press,image,white,left_of,notifications,3rd
open the last link to the right of the address,open,link,NONE,right_of,address,last
paste the 3rd text next to the help,paste,text,NONE,next_to,help,3rd
press black image next to the payment,click,image,black,next_to,payment,NONE
tap icon below the wi-fi,tap,icon,NONE,below,wi-fi,NONE
long-press gray text,long-press,text,gray,NONE,NONE,NONE
delete the 2nd text below the cart,delete,text,NONE,below,cart,2nd
scroll to the 1st text,scroll,text,NONE,NONE,NONE,1st
press and hold gray button,long-press,button,gray,NONE,NONE,NONE
tap black tab to the left of the profile,tap,tab,black,left_of,profile,NONE
copy the 3rd text,copy,text,NONE,NONE,NONE,3rd
copy the last black text,copy,text,black,NONE,NONE,last
paste red text to the left of the menu,paste,text,red,left_of,menu,NONE
click red text,click,text,red,NONE,NONE,NONE
copy text next to the payment,copy,text,NONE,next_to,payment,NONE
copy text below the last item,copy,text,NONE,below,last item,NONE
scroll to text to the right of the address,scroll,text,NONE,right_of,address,NONE
launch green button to the right of the settings,open,button,green,right_of,settings,NONE
tap on switch,tap,switch,NONE,NONE,NONE,NONE
scroll down to the last yellow tab next to the last item,scroll,tab,yellow,next_to,last item,last
long-press the 3rd orange image below the first email,long-press,image,orange,below,first email,3rd
remove button above the settings,delete,button,NONE,above,settings,NONE
scroll to menu above the search,scroll,menu,NONE,above,search,NONE
scroll down to gray tab to the right of the first email,scroll,tab,gray,right_of,first email,NONE
trash gray button above the search,delete,button,gray,above,search,NONE
trash the 1st green button,delete,button,green,NONE,NONE,1st
scroll to text,scroll,text,NONE,NONE,NONE,NONE
paste the 1st text,paste,text,NONE,NONE,NONE,1st
tap on yellow link below the address,tap,link,yellow,below,address,NONE
tap on checkbox below the profile,tap,checkbox,NONE,below,profile,NONE
trash text to the right of the notifications,delete,text,NONE,right_of,notifications,NONE
open pink icon,open,icon,pink,NONE,NONE,NONE
paste text,paste,text,NONE,NONE,NONE,NONE
tap on checkbox,tap,checkbox,NONE,NONE,NONE,NONE
launch menu below the notifications,open,menu,NONE,below,notifications,NONE
paste the last pink text next to the address,paste,text,pink,next_to,address,last
scroll down to the last menu next to the last item,scroll,menu,NONE,next_to,last item,last
tap on gray checkbox,tap,checkbox,gray,NONE,NONE,NONE
remove text to the right of the cart,delete,text,NONE,right_of,cart,NONE
scroll to the 3rd text next to the help,scroll,text,NONE,next_to,help,3rd
paste pink text above the address,paste,text,pink,above,address,NONE
remove text below the cart,delete,text,NONE,below,cart,NONE
tap checkbox below the login,tap,checkbox,NONE,below,login,NONE
scroll to red menu to the right of the settings,scroll,menu,red,right_of,settings,NONE
press and hold image,long-press,image,NONE,NONE,NONE,NONE
tap red link to the left of the checkout,tap,link,red,left_of,checkout,NONE
copy red text to the left of the settings,copy,text,red,left_of,settings,NONE
launch the 2nd orange icon,open,icon,orange,NONE,NONE,2nd
click gray image above the notifications,click,image,gray,above,notifications,NONE
tap on pink link,tap,link,pink,NONE,NONE,NONE
open the last tab to the left of the notifications,open,tab,NONE,left_of,notifications,last
press link next to the first email,click,link,NONE,next_to,first email,NONE
open blue button above the home,open,button,blue,above,home,NONE
copy text to the left of the menu,copy,text,NONE,left_of,menu,NONE
trash the last yellow text,delete,text,yellow,NONE,NONE,last
copy green text below the search,copy,text,green,below,search,NONE
remove black text next to the checkout,delete,text,black,next_to,checkout,NONE
press link to the right of the address,click,link,NONE,right_of,address,NONE
select switch to the right of the search,click,switch,NONE,right_of,search,NONE
tap the 3rd tab,tap,tab,NONE,NONE,NONE,3rd
scroll to menu,scroll,menu,NONE,NONE,NONE,NONE
launch the 2nd button to the left of the settings,open,button,NONE,left_of,settings,2nd
copy text next to the cart,copy,text,NONE,next_to,cart,NONE
launch the 3rd tab to the right of the home,open,tab,NONE,right_of,home,3rd
click green tab below the settings,click,tab,green,below,settings,NONE
copy text above the home,copy,text,NONE,above,home,NONE
click on checkbox next to the address,click,checkbox,NONE,next_to,address,NONE
trash image,delete,image,NONE,NONE,NONE,NONE
open the 3rd link next to the notifications,open,link,NONE,next_to,notifications,3rd
press and hold button above the first email,long-press,button,NONE,above,first email,NONE
open the 3rd link,open,link,NONE,NONE,NONE,3rd
copy the 2nd orange text above the first email,copy,text,orange,above,first email,2nd
select text to the right of the checkout,click,text,NONE,right_of,checkout,NONE
long-press image to the left of the notifications,long-press,image,NONE,left_of,notifications,NONE
tap link,tap,link,NONE,NONE,NONE,NONE
press and hold yellow image next to the checkout,long-press,image,yellow,next_to,checkout,NONE
launch the 2nd button to the left of the address,open,button,NONE,left_of,address,2nd
copy purple text,copy,text,purple,NONE,NONE,NONE
copy text to the left of the wi-fi,copy,text,NONE,left_of,wi-fi,NONE
paste pink text,paste,text,pink,NONE,NONE,NONE
press the 3rd link to the right of the menu,click,link,NONE,right_of,menu,3rd
remove the 1st button next to the checkout,delete,button,NONE,next_to,checkout,1st
long-press button next to the help,long-press,button,NONE,next_to,help,NONE
copy orange text above the payment,copy,text,orange,above,payment,NONE
copy text,copy,text,NONE,NONE,NONE,NONE
press and hold image next to the help,long-press,image,NONE,next_to,help,NONE
open black link above the notifications,open,link,black,above,notifications,NONE
press and hold the 2nd icon to the left of the profile,long-press,icon,NONE,left_of,profile,2nd
trash text below the home,delete,text,NONE,below,home,NONE
trash image below the profile,delete,image,NONE,below,profile,NONE
copy text below the cart,copy,text,NONE,below,cart,NONE
press the 1st black link,click,link,black,NONE,NONE,1st
trash text to the left of the checkout,delete,text,NONE,left_of,checkout,NONE
paste the 2nd text to the right of the profile,paste,text,NONE,right_of,profile,2nd
click gray image above the help,click,image,gray,above,help,NONE
paste red text next to the home,paste,text,red,next_to,home,NONE
copy text to the left of the payment,copy,text,NONE,left_of,payment,NONE
open tab,open,tab,NONE,NONE,NONE,NONE
open menu next to the cart,open,menu,NONE,next_to,cart,NONE
open icon,open,icon,NONE,NONE,NONE,NONE
delete the 2nd gray text below the cart,delete,text,gray,below,cart,2nd
paste text above the notifications,paste,text,NONE,above,notifications,NONE
select the last blue image,click,image,blue,NONE,NONE,last
copy text above the checkout,copy,text,NONE,above,checkout,NONE
launch the 2nd button,open,button,NONE,NONE,NONE,2nd
trash purple image below the settings,delete,image,purple,below,settings,NONE
scroll to black text,scroll,text,black,NONE,NONE,NONE
press and hold button to the left of the search,long-press,button,NONE,left_of,search,NONE
scroll down to the 2nd green tab,scroll,tab,green,NONE,NONE,2nd
click on button to the left of the menu,click,button,NONE,left_of,menu,NONE
paste text next to the search,paste,text,NONE,next_to,search,NONE
tap white button,tap,button,white,NONE,NONE,NONE
scroll down to the last menu,scroll,menu,NONE,NONE,NONE,last
tap button to the right of the checkout,tap,button,NONE,right_of,checkout,NONE
launch red link below the notifications,open,link,red,below,notifications,NONE
scroll to text,scroll,text,NONE,NONE,NONE,NONE
press and hold red icon to the left of the last item,long-press,icon,red,left_of,last item,NONE
long-press the 3rd gray icon above the first email,long-press,icon,gray,above,first email,3rd
click on the 3rd blue button above the help,click,button,blue,above,help,3rd
press icon to the left of the help,click,icon,NONE,left_of,help,NONE
paste text to the left of the settings,paste,text,NONE,left_of,settings,NONE
copy orange text below the settings,copy,text,orange,below,settings,NONE
delete button to the right of the login,delete,button,NONE,right_of,login,NONE
paste gray text below the help,paste,text,gray,below,help,NONE
delete gray text above the address,delete,text,gray,above,address,NONE
click the 1st image to the left of the wi-fi,click,image,NONE,left_of,wi-fi,1st
select checkbox,click,checkbox,NONE,NONE,NONE,NONE
tap switch,tap,switch,NONE,NONE,NONE,NONE
scroll to menu,scroll,menu,NONE,NONE,NONE,NONE
copy text to the left of the cart,copy,text,NONE,left_of,cart,NONE
press blue image,click,image,blue,NONE,NONE,NONE
copy text below the address,copy,text,NONE,below,address,NONE
launch purple icon,open,icon,purple,NONE,NONE,NONE
paste text to the left of the notifications,paste,text,NONE,left_of,notifications,NONE
paste red text below the login,paste,text,red,below,login,NONE
paste text to the right of the address,paste,text,NONE,right_of,address,NONE
copy the 2nd purple text,copy,text,purple,NONE,NONE,2nd
paste text above the login,paste,text,NONE,above,login,NONE
copy text above the payment,copy,text,NONE,above,payment,NONE
long-press red button to the left of the checkout,long-press,button,red,left_of,checkout,NONE
tap button,tap,button,NONE,NONE,NONE,NONE
scroll down to the 1st text to the left of the first email,scroll,text,NONE,left_of,first email,1st
press and hold the 2nd pink icon to the left of the login,long-press,icon,pink,left_of,login,2nd
launch link,open,link,NONE,NONE,NONE,NONE
copy text below the checkout,copy,text,NONE,below,checkout,NONE
remove the last image next to the last item,delete,image,NONE,next_to,last item,last
tap on switch above the help,tap,switch,NONE,above,help,NONE
click on tab above the last item,click,tab,NONE,above,last item,NONE
long-press purple button to the right of the help,long-press,button,purple,right_of,help,NONE
press and hold yellow button below the wi-fi,long-press,button,yellow,below,wi-fi,NONE
long-press the 3rd button next to the cart,long-press,button,NONE,next_to,cart,3rd
scroll down to tab next to the settings,scroll,tab,NONE,next_to,settings,NONE
click on checkbox,click,checkbox,NONE,NONE,NONE,NONE
tap on green switch above the checkout,tap,switch,green,above,checkout,NONE
tap on switch,tap,switch,NONE,NONE,NONE,NONE
tap icon,tap,icon,NONE,NONE,NONE,NONE
long-press green icon above the settings,long-press,icon,green,above,settings,NONE
scroll to text next to the menu,scroll,text,NONE,next_to,menu,NONE
paste the last text,paste,text,NONE,NONE,NONE,last
delete purple button,delete,button,purple,NONE,NONE,NONE
long-press the 3rd image below the payment,long-press,image,NONE,below,payment,3rd
tap on the 1st button above the first email,tap,button,NONE,above,first email,1st
paste the 2nd pink text,paste,text,pink,NONE,NONE,2nd
click switch,click,switch,NONE,NONE,NONE,NONE
scroll to the last pink menu below the cart,scroll,menu,pink,below,cart,last
click on green tab,click,tab,green,NONE,NONE,NONE
copy text,copy,text,NONE,NONE,NONE,NONE
launch tab to the left of the notifications,open,tab,NONE,left_of,notifications,NONE
launch the last gray menu to the right of the menu,open,menu,gray,right_of,menu,last
press and hold icon below the cart,long-press,icon,NONE,below,cart,NONE
launch link to the right of the help,open,link,NONE,right_of,help,NONE
press and hold button,long-press,button,NONE,NONE,NONE,NONE
paste text to the left of the settings,paste,text,NONE,left_of,settings,NONE
trash yellow text,delete,text,yellow,NONE,NONE,NONE
press and hold the 2nd text above the first email,long-press,text,NONE,above,first email,2nd
scroll down to menu,scroll,menu,NONE,NONE,NONE,NONE
paste the last text to the right of the wi-fi,paste,text,NONE,right_of,wi-fi,last
click on image next to the profile,click,image,NONE,next_to,profile,NONE
paste red text,paste,text,red,NONE,NONE,NONE
click on link below the settings,click,link,NONE,below,settings,NONE
tap on the 1st link next to the checkout,tap,link,NONE,next_to,checkout,1st
press link,click,link,NONE,NONE,NONE,NONE
trash the last gray text above the login,delete,text,gray,above,login,last
press and hold the 3rd white text next to the settings,long-press,text,white,next_to,settings,3rd
long-press image above the settings,long-press,image,NONE,above,settings,NONE
paste yellow text to the left of the payment,paste,text,yellow,left_of,payment,NONE
tap on green link next to the notifications,tap,link,green,next_to,notifications,NONE
long-press blue button,long-press,button,blue,NONE,NONE,NONE
long-press the last icon below the notifications,long-press,icon,NONE,below,notifications,last
delete button to the right of the notifications,delete,button,NONE,right_of,notifications,NONE
tap on checkbox,tap,checkbox,NONE,NONE,NONE,NONE
tap the last green button to the left of the checkout,tap,button,green,left_of,checkout,last
scroll down to gray tab to the left of the help,scroll,tab,gray,left_of,help,NONE
long-press the 3rd icon above the address,long-press,icon,NONE,above,address,3rd
tap on black button next to the last item,tap,button,black,next_to,last item,NONE
copy text above the payment,copy,text,NONE,above,payment,NONE
paste text next to the checkout,paste,text,NONE,next_to,checkout,NONE
long-press black text,long-press,text,black,NONE,NONE,NONE
tap on tab to the right of the address,tap,tab,NONE,right_of,address,NONE
long-press gray icon above the menu,long-press,icon,gray,above,menu,NONE
copy text,copy,text,NONE,NONE,NONE,NONE
copy text,copy,text,NONE,NONE,NONE,NONE
paste yellow text,paste,text,yellow,NONE,NONE,NONE
press the 2nd red button next to the cart,click,button,red,next_to,cart,2nd
select text,click,text,NONE,NONE,NONE,NONE
paste text next to the payment,paste,text,NONE,next_to,payment,NONE
paste text,paste,text,NONE,NONE,NONE,NONE
long-press pink icon to the left of the first email,long-press,icon,pink,left_of,first email,NONE
trash image,delete,image,NONE,NONE,NONE,NONE
scroll to tab,scroll,tab,NONE,NONE,NONE,NONE
tap tab next to the menu,tap,tab,NONE,next_to,menu,NONE
press and hold button to the left of the checkout,long-press,button,NONE,left_of,checkout,NONE
remove text below the checkout,delete,text,NONE,below,checkout,NONE
paste orange text next to the notifications,paste,text,orange,next_to,notifications,NONE
paste the 1st purple text,paste,text,purple,NONE,NONE,1st
launch link next to the first email,open,link,NONE,next_to,first email,NONE
copy text to the left of the search,copy,text,NONE,left_of,search,NONE
select white link,click,link,white,NONE,NONE,NONE
scroll to the 1st menu,scroll,menu,NONE,NONE,NONE,1st
long-press the last icon above the search,long-press,icon,NONE,above,search,last
tap on the last purple tab,tap,tab,purple,NONE,NONE,last
scroll down to the 1st tab,scroll,tab,NONE,NONE,NONE,1st
remove the 1st black text below the first email,delete,text,black,below,first email,1st
long-press black image to the right of the cart,long-press,image,black,right_of,cart,NONE
open button next to the login,open,button,NONE,next_to,login,NONE
open menu below the notifications,open,menu,NONE,below,notifications,NONE
trash the 1st image,delete,image,NONE,NONE,NONE,1st
press and hold text to the right of the settings,long-press,text,NONE,right_of,settings,NONE
scroll to red tab next to the menu,scroll,tab,red,next_to,menu,NONE
copy the last text to the right of the address,copy,text,NONE,right_of,address,last
tap on tab below the payment,tap,tab,NONE,below,payment,NONE
scroll to text above the checkout,scroll,text,NONE,above,checkout,NONE
tap pink link next to the cart,tap,link,pink,next_to,cart,NONE
copy the last text,copy,text,NONE,NONE,NONE,last
tap on switch below the search,tap,switch,NONE,below,search,NONE
tap red icon,tap,icon,red,NONE,NONE,NONE
press the last orange tab to the left of the login,click,tab,orange,left_of,login,last
open the last tab above the payment,open,tab,NONE,above,payment,last
open the 2nd gray icon,open,icon,gray,NONE,NONE,2nd
long-press green icon next to the checkout,long-press,icon,green,next_to,checkout,NONE
remove button to the left of the first email,delete,button,NONE,left_of,first email,NONE
launch tab to the left of the menu,open,tab,NONE,left_of,menu,NONE
trash the last gray text,delete,text,gray,NONE,NONE,last
launch white button below the menu,open,button,white,below,menu,NONE
launch tab,open,tab,NONE,NONE,NONE,NONE
copy text,copy,text,NONE,NONE,NONE,NONE
paste the 3rd yellow text,paste,text,yellow,NONE,NONE,3rd
scroll to the 1st red text above the checkout,scroll,text,red,above,checkout,1st
click button to the left of the wi-fi,click,button,NONE,left_of,wi-fi,NONE
long-press black button,long-press,button,black,NONE,NONE,NONE
remove text,delete,text,NONE,NONE,NONE,NONE
scroll down to the last green tab,scroll,tab,green,NONE,NONE,last
copy the 1st gray text to the left of the search,copy,text,gray,left_of,search,1st
trash button above the checkout,delete,button,NONE,above,checkout,NONE
scroll down to yellow menu to the right of the address,scroll,menu,yellow,right_of,address,NONE
press and hold text next to the settings,long-press,text,NONE,next_to,settings,NONE
copy gray text,copy,text,gray,NONE,NONE,NONE
copy text to the left of the notifications,copy,text,NONE,left_of,notifications,NONE
click on purple icon above the settings,click,icon,purple,above,settings,NONE
scroll down to the 1st blue text below the last item,scroll,text,blue,below,last item,1st
long-press red image to the right of the payment,long-press,image,red,right_of,payment,NONE
open menu next to the first email,open,menu,NONE,next_to,first email,NONE
remove text,delete,text,NONE,NONE,NONE,NONE
delete gray text to the right of the cart,delete,text,gray,right_of,cart,NONE
remove button to the left of the settings,delete,button,NONE,left_of,settings,NONE
press and hold button,long-press,button,NONE,NONE,NONE,NONE
tap checkbox,tap,checkbox,NONE,NONE,NONE,NONE
copy the last text to the left of the address,copy,text,NONE,left_of,address,last
paste text below the home,paste,text,NONE,below,home,NONE
select the 1st black text,click,text,black,NONE,NONE,1st
paste the 3rd pink text to the left of the first email,paste,text,pink,left_of,first email,3rd
tap on button above the payment,tap,button,NONE,above,payment,NONE
tap link,tap,link,NONE,NONE,NONE,NONE
tap purple tab above the wi-fi,tap,tab,purple,above,wi-fi,NONE
scroll down to menu next to the home,scroll,menu,NONE,next_to,home,NONE
scroll to the last menu,scroll,menu,NONE,NONE,NONE,last
press and hold the last text,long-press,text,NONE,NONE,NONE,last
click switch to the left of the help,click,switch,NONE,left_of,help,NONE
tap the 2nd yellow link,tap,link,yellow,NONE,NONE,2nd
paste text below the search,paste,text,NONE,below,search,NONE
copy text next to the last item,copy,text,NONE,next_to,last item,NONE
remove green image,delete,image,green,NONE,NONE,NONE
press and hold the 2nd red text,long-press,text,red,NONE,NONE,2nd
copy text to the left of the first email,copy,text,NONE,left_of,first email,NONE
tap the 1st switch,tap,switch,NONE,NONE,NONE,1st
click on switch to the right of the login,click,switch,NONE,right_of,login,NONE
click image to the left of the cart,click,image,NONE,left_of,cart,NONE
press and hold orange text,long-press,text,orange,NONE,NONE,NONE
scroll down to tab next to the profile,scroll,tab,NONE,next_to,profile,NONE
scroll to tab,scroll,tab,NONE,NONE,NONE,NONE
copy pink text below the address,copy,text,pink,below,address,NONE
press the 3rd pink switch,click,switch,pink,NONE,NONE,3rd
tap on the 3rd red checkbox above the home,tap,checkbox,red,above,home,3rd
press and hold text to the left of the wi-fi,long-press,text,NONE,left_of,wi-fi,NONE
tap the 3rd link,tap,link,NONE,NONE,NONE,3rd
paste text below the wi-fi,paste,text,NONE,below,wi-fi,NONE
press and hold the last image,long-press,image,NONE,NONE,NONE,last
select purple checkbox next to the payment,click,checkbox,purple,next_to,payment,NONE
paste green text above the last item,paste,text,green,above,last item,NONE
remove image next to the settings,delete,image,NONE,next_to,settings,NONE
scroll down to the 2nd white tab to the left of the first email,scroll,tab,white,left_of,first email,2nd
trash the 2nd image to the left of the checkout,delete,image,NONE,left_of,checkout,2nd
scroll down to tab,scroll,tab,NONE,NONE,NONE,NONE
tap on icon to the left of the wi-fi,tap,icon,NONE,left_of,wi-fi,NONE
paste text to the right of the last item,paste,text,NONE,right_of,last item,NONE
launch the 1st button,open,button,NONE,NONE,NONE,1st
tap on link below the search,tap,link,NONE,below,search,NONE
scroll to menu to the left of the payment,scroll,menu,NONE,left_of,payment,NONE
launch menu,open,menu,NONE,NONE,NONE,NONE
click checkbox above the help,click,checkbox,NONE,above,help,NONE
scroll to the 3rd menu below the help,scroll,menu,NONE,below,help,3rd
press and hold the 1st blue icon below the cart,long-press,icon,blue,below,cart,1st
scroll down to red menu,scroll,menu,red,NONE,NONE,NONE
trash text below the search,delete,text,NONE,below,search,NONE
scroll down to text to the right of the notifications,scroll,text,NONE,right_of,notifications,NONE
press icon to the left of the settings,click,icon,NONE,left_of,settings,NONE
press and hold text to the right of the wi-fi,long-press,text,NONE,right_of,wi-fi,NONE
launch the last link above the help,open,link,NONE,above,help,last
scroll to black menu to the left of the settings,scroll,menu,black,left_of,settings,NONE
long-press button next to the first email,long-press,button,NONE,next_to,first email,NONE
copy the 1st text,copy,text,NONE,NONE,NONE,1st
click purple switch to the left of the wi-fi,click,switch,purple,left_of,wi-fi,NONE
paste text to the left of the last item,paste,text,NONE,left_of,last item,NONE
paste text,paste,text,NONE,NONE,NONE,NONE
tap on icon to the left of the address,tap,icon,NONE,left_of,address,NONE
launch button,open,button,NONE,NONE,NONE,NONE
press and hold text above the settings,long-press,text,NONE,above,settings,NONE
tap the 2nd link to the left of the address,tap,link,NONE,left_of,address,2nd
tap checkbox below the payment,tap,checkbox,NONE,below,payment,NONE
copy text to the left of the checkout,copy,text,NONE,left_of,checkout,NONE
press and hold icon below the help,long-press,icon,NONE,below,help,NONE
select icon to the right of the notifications,click,icon,NONE,right_of,notifications,NONE
delete button,delete,button,NONE,NONE,NONE,NONE
scroll to text next to the last item,scroll,text,NONE,next_to,last item,NONE
press and hold text below the help,long-press,text,NONE,below,help,NONE
scroll down to green menu above the home,scroll,menu,green,above,home,NONE
tap the 1st black button,tap,button,black,NONE,NONE,1st
scroll down to purple menu,scroll,menu,purple,NONE,NONE,NONE
copy white text,copy,text,white,NONE,NONE,NONE
remove button,delete,button,NONE,NONE,NONE,NONE
press text next to the wi-fi,click,text,NONE,next_to,wi-fi,NONE
scroll to tab to the right of the cart,scroll,tab,NONE,right_of,cart,NONE
launch button next to the settings,open,button,NONE,next_to,settings,NONE
scroll down to gray text above the settings,scroll,text,gray,above,settings,NONE
scroll down to text to the left of the help,scroll,text,NONE,left_of,help,NONE
copy text above the help,copy,text,NONE,above,help,NONE
trash black button,delete,button,black,NONE,NONE,NONE
open button below the notifications,open,button,NONE,below,notifications,NONE
tap the last link next to the last item,tap,link,NONE,next_to,last item,last
copy text,copy,text,NONE,NONE,NONE,NONE
open link to the right of the search,open,link,NONE,right_of,search,NONE
launch tab next to the help,open,tab,NONE,next_to,help,NONE
press and hold text next to the cart,long-press,text,NONE,next_to,cart,NONE
scroll to the 1st tab below the checkout,scroll,tab,NONE,below,checkout,1st
open the 3rd green menu,open,menu,green,NONE,NONE,3rd
tap tab next to the search,tap,tab,NONE,next_to,search,NONE
long-press the 2nd icon,long-press,icon,NONE,NONE,NONE,2nd
press and hold orange text to the right of the address,long-press,text,orange,right_of,address,NONE
launch link to the left of the last item,open,link,NONE,left_of,last item,NONE
paste white text next to the last item,paste,text,white,next_to,last item,NONE
press the 1st white checkbox to the left of the help,click,checkbox,white,left_of,help,1st
paste the 3rd orange text to the left of the home,paste,text,orange,left_of,home,3rd
scroll down to the 3rd pink text below the wi-fi,scroll,text,pink,below,wi-fi,3rd
press and hold button next to the menu,long-press,button,NONE,next_to,menu,NONE
launch icon next to the home,open,icon,NONE,next_to,home,NONE
press and hold the 2nd icon next to the wi-fi,long-press,icon,NONE,next_to,wi-fi,2nd
paste the 2nd text,paste,text,NONE,NONE,NONE,2nd
copy the 1st text above the search,copy,text,NONE,above,search,1st
remove the last text next to the help,delete,text,NONE,next_to,help,last
paste text next to the search,paste,text,NONE,next_to,search,NONE
paste text to the right of the notifications,paste,text,NONE,right_of,notifications,NONE
long-press the 3rd text above the settings,long-press,text,NONE,above,settings,3rd
paste text to the right of the checkout,paste,text,NONE,right_of,checkout,NONE
delete green button next to the notifications,delete,button,green,next_to,notifications,NONE
launch link next to the last item,open,link,NONE,next_to,last item,NONE
delete black text below the payment,delete,text,black,below,payment,NONE
scroll to the last tab,scroll,tab,NONE,NONE,NONE,last
copy text to the left of the home,copy,text,NONE,left_of,home,NONE
tap on the 2nd icon to the left of the home,tap,icon,NONE,left_of,home,2nd
paste orange text,paste,text,orange,NONE,NONE,NONE
open menu to the left of the cart,open,menu,NONE,left_of,cart,NONE
copy text above the help,copy,text,NONE,above,help,NONE
copy green text to the right of the notifications,copy,text,green,right_of,notifications,NONE
paste text,paste,text,NONE,NONE,NONE,NONE
click icon above the home,click,icon,NONE,above,home,NONE
scroll down to text next to the address,scroll,text,NONE,next_to,address,NONE
open pink icon,open,icon,pink,NONE,NONE,NONE
click on image,click,image,NONE,NONE,NONE,NONE
copy text above the address,copy,text,NONE,above,address,NONE
trash orange image above the first email,delete,image,orange,above,first email,NONE
click the last button below the notifications,click,button,NONE,below,notifications,last
copy the 1st text next to the settings,copy,text,NONE,next_to,settings,1st
open button to the right of the checkout,open,button,NONE,right_of,checkout,NONE
copy text to the right of the settings,copy,text,NONE,right_of,settings,NONE
remove image to the right of the home,delete,image,NONE,right_of,home,NONE
press and hold red icon below the checkout,long-press,icon,red,below,checkout,NONE
long-press text above the wi-fi,long-press,text,NONE,above,wi-fi,NONE
press and hold white button below the payment,long-press,button,white,below,payment,NONE
remove the last button below the settings,delete,button,NONE,below,settings,last
scroll down to pink tab next to the profile,scroll,tab,pink,next_to,profile,NONE
scroll to menu next to the home,scroll,menu,NONE,next_to,home,NONE
press and hold gray image,long-press,image,gray,NONE,NONE,NONE
remove text,delete,text,NONE,NONE,NONE,NONE
tap on tab to the right of the profile,tap,tab,NONE,right_of,profile,NONE
paste text next to the wi-fi,paste,text,NONE,next_to,wi-fi,NONE
click pink link next to the last item,click,link,pink,next_to,last item,NONE
open red menu above the wi-fi,open,menu,red,above,wi-fi,NONE
scroll down to green menu,scroll,menu,green,NONE,NONE,NONE
launch the 3rd icon,open,icon,NONE,NONE,NONE,3rd
scroll to text to the left of the menu,scroll,text,NONE,left_of,menu,NONE
click icon next to the home,click,icon,NONE,next_to,home,NONE
press and hold image next to the settings,long-press,image,NONE,next_to,settings,NONE
tap on switch to the left of the profile,tap,switch,NONE,left_of,profile,NONE
paste the 1st text below the notifications,paste,text,NONE,below,notifications,1st
tap the 1st purple checkbox,tap,checkbox,purple,NONE,NONE,1st
press and hold black icon next to the checkout,long-press,icon,black,next_to,checkout,NONE
remove yellow text below the profile,delete,text,yellow,below,profile,NONE
select black image to the right of the checkout,click,image,black,right_of,checkout,NONE
launch gray menu next to the profile,open,menu,gray,next_to,profile,NONE
scroll to green menu to the left of the first email,scroll,menu,green,left_of,first email,NONE
open green icon,open,icon,green,NONE,NONE,NONE
paste text to the left of the wi-fi,paste,text,NONE,left_of,wi-fi,NONE
paste text to the left of the cart,paste,text,NONE,left_of,cart,NONE
launch the 2nd icon to the right of the menu,open,icon,NONE,right_of,menu,2nd
scroll to pink tab below the cart,scroll,tab,pink,below,cart,NONE
long-press gray button,long-press,button,gray,NONE,NONE,NONE
paste text next to the profile,paste,text,NONE,next_to,profile,NONE
press and hold orange button,long-press,button,orange,NONE,NONE,NONE
remove purple text next to the first email,delete,text,purple,next_to,first email,NONE
scroll down to the 2nd red menu below the first email,scroll,menu,red,below,first email,2nd
long-press the 1st yellow image below the settings,long-press,image,yellow,below,settings,1st
scroll down to tab,scroll,tab,NONE,NONE,NONE,NONE
tap on the 1st tab,tap,tab,NONE,NONE,NONE,1st
scroll to the 2nd text next to the notifications,scroll,text,NONE,next_to,notifications,2nd
remove text,delete,text,NONE,NONE,NONE,NONE
press and hold icon to the left of the first email,long-press,icon,NONE,left_of,first email,NONE
launch menu,open,menu,NONE,NONE,NONE,NONE
remove text below the notifications,delete,text,NONE,below,notifications,NONE
long-press button,long-press,button,NONE,NONE,NONE,NONE
tap on tab to the right of the home,tap,tab,NONE,right_of,home,NONE
click on icon above the profile,click,icon,NONE,above,profile,NONE
tap on black link,tap,link,black,NONE,NONE,NONE
tap on tab,tap,tab,NONE,NONE,NONE,NONE
tap on tab to the right of the address,tap,tab,NONE,right_of,address,NONE
paste the 3rd text to the right of the home,paste,text,NONE,right_of,home,3rd
paste the 2nd text,paste,text,NONE,NONE,NONE,2nd
copy white text,copy,text,white,NONE,NONE,NONE
click yellow text below the help,click,text,yellow,below,help,NONE
copy text to the right of the first email,copy,text,NONE,right_of,first email,NONE
press and hold black button above the first email,long-press,button,black,above,first email,NONE
open menu to the left of the help,open,menu,NONE,left_of,help,NONE
launch the 2nd gray link,open,link,gray,NONE,NONE,2nd
tap on tab below the wi-fi,tap,tab,NONE,below,wi-fi,NONE
paste pink text below the help,paste,text,pink,below,help,NONE
press black text below the profile,click,text,black,below,profile,NONE
long-press the 2nd yellow icon below the address,long-press,icon,yellow,below,address,2nd
scroll down to tab,scroll,tab,NONE,NONE,NONE,NONE
copy gray text,copy,text,gray,NONE,NONE,NONE
scroll down to tab next to the home,scroll,tab,NONE,next_to,home,NONE
delete yellow image next to the wi-fi,delete,image,yellow,next_to,wi-fi,NONE
trash text to the right of the profile,delete,text,NONE,right_of,profile,NONE
tap on blue button,tap,button,blue,NONE,NONE,NONE
paste text,paste,text,NONE,NONE,NONE,NONE
delete button above the first email,delete,button,NONE,above,first email,NONE
press and hold the 3rd orange button below the cart,long-press,button,orange,below,cart,3rd
remove black text,delete,text,black,NONE,NONE,NONE
select switch next to the wi-fi,click,switch,NONE,next_to,wi-fi,NONE
long-press text,long-press,text,NONE,NONE,NONE,NONE
open white link,open,link,white,NONE,NONE,NONE
open link to the left of the payment,open,link,NONE,left_of,payment,NONE
scroll to text,scroll,text,NONE,NONE,NONE,NONE
remove black text to the right of the cart,delete,text,black,right_of,cart,NONE
tap on the 2nd link to the left of the help,tap,link,NONE,left_of,help,2nd
click on the 1st button below the home,click,button,NONE,below,home,1st
trash text,delete,text,NONE,NONE,NONE,NONE
open black link,open,link,black,NONE,NONE,NONE
tap the 2nd tab,tap,tab,NONE,NONE,NONE,2nd
press and hold the last white text below the address,long-press,text,white,below,address,last
remove gray text below the help,delete,text,gray,below,help,NONE
click purple switch to the right of the last item,click,switch,purple,right_of,last item,NONE
copy the 3rd text to the right of the notifications,copy,text,NONE,right_of,notifications,3rd
press and hold the 1st icon to the right of the first email,long-press,icon,NONE,right_of,first email,1st
delete button to the right of the last item,delete,button,NONE,right_of,last item,NONE
select link next to the profile,click,link,NONE,next_to,profile,NONE
copy gray text to the right of the checkout,copy,text,gray,right_of,checkout,NONE
trash image,delete,image,NONE,NONE,NONE,NONE
tap on the 1st checkbox to the left of the login,tap,checkbox,NONE,left_of,login,1st
select switch below the home,click,switch,NONE,below,home,NONE
tap on white link above the first email,tap,link,white,above,first email,NONE
long-press icon next to the checkout,long-press,icon,NONE,next_to,checkout,NONE
remove the last image,delete,image,NONE,NONE,NONE,last
copy purple text next to the payment,copy,text,purple,next_to,payment,NONE
paste the 2nd text to the right of the last item,paste,text,NONE,right_of,last item,2nd
paste text below the first email,paste,text,NONE,below,first email,NONE
open tab next to the home,open,tab,NONE,next_to,home,NONE
scroll down to the last green text above the notifications,scroll,text,green,above,notifications,last
copy the 3rd pink text next to the menu,copy,text,pink,next_to,menu,3rd
click on the last red button next to the help,click,button,red,next_to,help,last
click on the last icon next to the notifications,click,icon,NONE,next_to,notifications,last
copy black text to the left of the notifications,copy,text,black,left_of,notifications,NONE
remove pink image,delete,image,pink,NONE,NONE,NONE
trash text above the first email,delete,text,NONE,above,first email,NONE
trash purple button to the right of the address,delete,button,purple,right_of,address,NONE
open the 3rd white link above the payment,open,link,white,above,payment,3rd
press and hold icon above the login,long-press,icon,NONE,above,login,NONE
launch purple menu,open,menu,purple,NONE,NONE,NONE
paste pink text above the home,paste,text,pink,above,home,NONE
copy gray text next to the home,copy,text,gray,next_to,home,NONE
click the 1st orange icon,click,icon,orange,NONE,NONE,1st
long-press white button,long-press,button,white,NONE,NONE,NONE
delete green button to the left of the checkout,delete,button,green,left_of,checkout,NONE
tap pink switch,tap,switch,pink,NONE,NONE,NONE
trash white button next to the help,delete,button,white,next_to,help,NONE
select checkbox above the cart,click,checkbox,NONE,above,cart,NONE
copy text,copy,text,NONE,NONE,NONE,NONE
tap the 2nd link to the left of the help,tap,link,NONE,left_of,help,2nd
launch yellow link,open,link,yellow,NONE,NONE,NONE
scroll down to tab above the profile,scroll,tab,NONE,above,profile,NONE
paste red text next to the wi-fi,paste,text,red,next_to,wi-fi,NONE
copy text to the right of the settings,copy,text,NONE,right_of,settings,NONE
click on icon to the right of the checkout,click,icon,NONE,right_of,checkout,NONE
paste the last text next to the home,paste,text,NONE,next_to,home,last
copy the 2nd text,copy,text,NONE,NONE,NONE,2nd
press and hold the 2nd white text,long-press,text,white,NONE,NONE,2nd
launch the 2nd tab,open,tab,NONE,NONE,NONE,2nd
copy pink text,copy,text,pink,NONE,NONE,NONE
paste blue text below the profile,paste,text,blue,below,profile,NONE
open the 2nd link,open,link,NONE,NONE,NONE,2nd
scroll to menu,scroll,menu,NONE,NONE,NONE,NONE
click on yellow button,click,button,yellow,NONE,NONE,NONE
select tab,click,tab,NONE,NONE,NONE,NONE
copy text,copy,text,NONE,NONE,NONE,NONE
select checkbox,click,checkbox,NONE,NONE,NONE,NONE
click on button next to the first email,click,button,NONE,next_to,first email,NONE
remove text next to the search,delete,text,NONE,next_to,search,NONE
open pink link above the first email,open,link,pink,above,first email,NONE
click pink link above the wi-fi,click,link,pink,above,wi-fi,NONE
remove text above the search,delete,text,NONE,above,search,NONE
copy pink text to the right of the notifications,copy,text,pink,right_of,notifications,NONE
open link below the settings,open,link,NONE,below,settings,NONE
tap button below the profile,tap,button,NONE,below,profile,NONE
scroll down to text to the left of the first email,scroll,text,NONE,left_of,first email,NONE
long-press purple image below the menu,long-press,image,purple,below,menu,NONE
delete pink text to the right of the last item,delete,text,pink,right_of,last item,NONE
tap on button,tap,button,NONE,NONE,NONE,NONE
long-press image to the left of the search,long-press,image,NONE,left_of,search,NONE
press and hold the last gray icon to the left of the home,long-press,icon,gray,left_of,home,last
launch menu below the menu,open,menu,NONE,below,menu,NONE
press checkbox,click,checkbox,NONE,NONE,NONE,NONE
press and hold text next to the wi-fi,long-press,text,NONE,next_to,wi-fi,NONE
click on orange checkbox to the right of the first email,click,checkbox,orange,right_of,first email,NONE
tap on white tab to the right of the profile,tap,tab,white,right_of,profile,NONE
open menu below the first email,open,menu,NONE,below,first email,NONE
click on the last checkbox above the profile,click,checkbox,NONE,above,profile,last
remove image to the left of the wi-fi,delete,image,NONE,left_of,wi-fi,NONE
copy the last text to the left of the notifications,copy,text,NONE,left_of,notifications,last
copy white text to the right of the payment,copy,text,white,right_of,payment,NONE
scroll down to gray text above the search,scroll,text,gray,above,search,NONE
copy text to the left of the address,copy,text,NONE,left_of,address,NONE
click on orange button below the help,click,button,orange,below,help,NONE
copy text,copy,text,NONE,NONE,NONE,NONE
paste the last green text,paste,text,green,NONE,NONE,last
press red button,click,button,red,NONE,NONE,NONE
tap black switch,tap,switch,black,NONE,NONE,NONE
copy gray text below the home,copy,text,gray,below,home,NONE
remove green text to the left of the home,delete,text,green,left_of,home,NONE
copy text to the left of the notifications,copy,text,NONE,left_of,notifications,NONE
copy the 2nd text,copy,text,NONE,NONE,NONE,2nd
copy black text below the first email,copy,text,black,below,first email,NONE
scroll to menu to the left of the settings,scroll,menu,NONE,left_of,settings,NONE
tap icon below the login,tap,icon,NONE,below,login,NONE
copy text,copy,text,NONE,NONE,NONE,NONE
scroll to pink menu,scroll,menu,pink,NONE,NONE,NONE
tap on button,tap,button,NONE,NONE,NONE,NONE
long-press orange text,long-press,text,orange,NONE,NONE,NONE
delete image above the checkout,delete,image,NONE,above,checkout,NONE
launch tab below the login,open,tab,NONE,below,login,NONE
click on the last text below the notifications,click,text,NONE,below,notifications,last
paste the last text,paste,text,NONE,NONE,NONE,last
scroll down to the 1st orange menu below the search,scroll,menu,orange,below,search,1st
tap the last switch below the wi-fi,tap,switch,NONE,below,wi-fi,last
paste pink text below the home,paste,text,pink,below,home,NONE
copy yellow text next to the checkout,copy,text,yellow,next_to,checkout,NONE
scroll down to the 1st menu,scroll,menu,NONE,NONE,NONE,1st
long-press image,long-press,image,NONE,NONE,NONE,NONE
paste text to the left of the wi-fi,paste,text,NONE,left_of,wi-fi,NONE
long-press image to the right of the first email,long-press,image,NONE,right_of,first email,NONE
paste text above the checkout,paste,text,NONE,above,checkout,NONE
scroll down to tab,scroll,tab,NONE,NONE,NONE,NONE
paste text below the login,paste,text,NONE,below,login,NONE
press link above the search,click,link,NONE,above,search,NONE
select image below the last item,click,image,NONE,below,last item,NONE
tap button above the login,tap,button,NONE,above,login,NONE
copy text next to the home,copy,text,NONE,next_to,home,NONE
scroll down to tab,scroll,tab,NONE,NONE,NONE,NONE
click the 1st button above the login,click,button,NONE,above,login,1st
tap on the 3rd white icon below the address,tap,icon,white,below,address,3rd
tap link above the search,tap,link,NONE,above,search,NONE
paste the 1st text next to the checkout,paste,text,NONE,next_to,checkout,1st
copy green text to the left of the checkout,copy,text,green,left_of,checkout,NONE
click the 1st image,click,image,NONE,NONE,NONE,1st
trash black button,delete,button,black,NONE,NONE,NONE
open orange button above the help,open,button,orange,above,help,NONE
tap link above the help,tap,link,NONE,above,help,NONE
copy text next to the search,copy,text,NONE,next_to,search,NONE
paste the 3rd text next to the profile,paste,text,NONE,next_to,profile,3rd
open the 1st black icon to the left of the cart,open,icon,black,left_of,cart,1st
tap purple icon to the left of the home,tap,icon,purple,left_of,home,NONE
click the 1st white button to the right of the address,click,button,white,right_of,address,1st
copy the 3rd purple text to the left of the help,copy,text,purple,left_of,help,3rd
long-press the 1st blue icon,long-press,icon,blue,NONE,NONE,1st
click orange button next to the home,click,button,orange,next_to,home,NONE
copy yellow text to the right of the payment,copy,text,yellow,right_of,payment,NONE
click switch to the right of the last item,click,switch,NONE,right_of,last item,NONE
scroll down to the 1st text,scroll,text,NONE,NONE,NONE,1st
click image below the help,click,image,NONE,below,help,NONE
press and hold text,long-press,text,NONE,NONE,NONE,NONE
press and hold image,long-press,image,NONE,NONE,NONE,NONE
copy text,copy,text,NONE,NONE,NONE,NONE
launch link next to the search,open,link,NONE,next_to,search,NONE
launch blue icon below the home,open,icon,blue,below,home,NONE
long-press the 2nd button,long-press,button,NONE,NONE,NONE,2nd
long-press the 1st icon to the left of the last item,long-press,icon,NONE,left_of,last item,1st
scroll down to orange menu below the help,scroll,menu,orange,below,help,NONE
long-press the 2nd blue button above the search,long-press,button,blue,above,search,2nd
open link to the left of the menu,open,link,NONE,left_of,menu,NONE
press switch,click,switch,NONE,NONE,NONE,NONE
press and hold pink button next to the help,long-press,button,pink,next_to,help,NONE
paste red text to the left of the settings,paste,text,red,left_of,settings,NONE
scroll to menu to the right of the profile,scroll,menu,NONE,right_of,profile,NONE
copy black text above the search,copy,text,black,above,search,NONE
tap on button above the menu,tap,button,NONE,above,menu,NONE
tap on the 3rd orange link below the menu,tap,link,orange,below,menu,3rd
paste black text below the menu,paste,text,black,below,menu,NONE
paste the last text above the home,paste,text,NONE,above,home,last
scroll down to purple menu to the right of the search,scroll,menu,purple,right_of,search,NONE
tap on tab,tap,tab,NONE,NONE,NONE,NONE
press image to the left of the wi-fi,click,image,NONE,left_of,wi-fi,NONE
scroll to the 3rd red tab below the address,scroll,tab,red,below,address,3rd
tap switch,tap,switch,NONE,NONE,NONE,NONE
open link,open,link,NONE,NONE,NONE,NONE
trash the 3rd gray button to the left of the help,delete,button,gray,left_of,help,3rd
tap the 1st checkbox above the last item,tap,checkbox,NONE,above,last item,1st
select the 3rd icon above the home,click,icon,NONE,above,home,3rd
copy text to the left of the last item,copy,text,NONE,left_of,last item,NONE
paste the 3rd text above the last item,paste,text,NONE,above,last item,3rd
select the 2nd checkbox to the right of the login,click,checkbox,NONE,right_of,login,2nd
tap on icon to the left of the search,tap,icon,NONE,left_of,search,NONE
press and hold the 1st purple image,long-press,image,purple,NONE,NONE,1st
copy text,copy,text,NONE,NONE,NONE,NONE
copy the 2nd text,copy,text,NONE,NONE,NONE,2nd
paste text,paste,text,NONE,NONE,NONE,NONE
press and hold yellow button,long-press,button,yellow,NONE,NONE,NONE
scroll down to the last tab to the right of the profile,scroll,tab,NONE,right_of,profile,last
select yellow icon to the left of the menu,click,icon,yellow,left_of,menu,NONE
scroll to menu below the settings,scroll,menu,NONE,below,settings,NONE
press and hold image to the left of the search,long-press,image,NONE,left_of,search,NONE
launch the 3rd button to the left of the notifications,open,button,NONE,left_of,notifications,3rd
tap link,tap,link,NONE,NONE,NONE,NONE
click on the last blue button,click,button,blue,NONE,NONE,last
paste purple text below the menu,paste,text,purple,below,menu,NONE
delete text next to the help,delete,text,NONE,next_to,help,NONE
delete text next to the last item,delete,text,NONE,next_to,last item,NONE
scroll to blue menu,scroll,menu,blue,NONE,NONE,NONE
copy text,copy,text,NONE,NONE,NONE,NONE
launch tab above the wi-fi,open,tab,NONE,above,wi-fi,NONE
long-press yellow image to the left of the search,long-press,image,yellow,left_of,search,NONE
press and hold white button above the search,long-press,button,white,above,search,NONE
launch black button below the checkout,open,button,black,below,checkout,NONE
long-press the 2nd button,long-press,button,NONE,NONE,NONE,2nd
remove button,delete,button,NONE,NONE,NONE,NONE
remove text,delete,text,NONE,NONE,NONE,NONE
tap on icon to the right of the settings,tap,icon,NONE,right_of,settings,NONE
trash gray button,delete,button,gray,NONE,NONE,NONE
launch tab to the left of the payment,open,tab,NONE,left_of,payment,NONE
scroll to text to the left of the last item,scroll,text,NONE,left_of,last item,NONE
paste text to the left of the cart,paste,text,NONE,left_of,cart,NONE
paste the 2nd red text,paste,text,red,NONE,NONE,2nd
launch menu to the left of the settings,open,menu,NONE,left_of,settings,NONE
delete orange text to the right of the notifications,delete,text,orange,right_of,notifications,NONE
tap orange button,tap,button,orange,NONE,NONE,NONE
remove image,delete,image,NONE,NONE,NONE,NONE
tap button,tap,button,NONE,NONE,NONE,NONE
press and hold image to the left of the login,long-press,image,NONE,left_of,login,NONE
launch the 1st pink link to the left of the first email,open,link,pink,left_of,first email,1st
copy text next to the last item,copy,text,NONE,next_to,last item,NONE
copy text,copy,text,NONE,NONE,NONE,NONE
tap tab,tap,tab,NONE,NONE,NONE,NONE
copy text,copy,text,NONE,NONE,NONE,NONE
tap on link to the left of the profile,tap,link,NONE,left_of,profile,NONE
open menu above the last item,open,menu,NONE,above,last item,NONE
tap on link next to the search,tap,link,NONE,next_to,search,NONE
select the 2nd image to the left of the address,click,image,NONE,left_of,address,2nd
copy text next to the home,copy,text,NONE,next_to,home,NONE
click the 3rd switch,click,switch,NONE,NONE,NONE,3rd
copy text below the wi-fi,copy,text,NONE,below,wi-fi,NONE
scroll down to menu,scroll,menu,NONE,NONE,NONE,NONE
scroll down to the 3rd tab to the left of the search,scroll,tab,NONE,left_of,search,3rd
paste text,paste,text,NONE,NONE,NONE,NONE
copy the 3rd text,copy,text,NONE,NONE,NONE,3rd
select button above the search,click,button,NONE,above,search,NONE
scroll to tab,scroll,tab,NONE,NONE,NONE,NONE
copy gray text below the home,copy,text,gray,below,home,NONE
paste text,paste,text,NONE,NONE,NONE,NONE
delete button below the last item,delete,button,NONE,below,last item,NONE
launch menu to the left of the address,open,menu,NONE,left_of,address,NONE
paste red text,paste,text,red,NONE,NONE,NONE
tap on button,tap,button,NONE,NONE,NONE,NONE
click orange icon below the checkout,click,icon,orange,below,checkout,NONE
long-press text next to the settings,long-press,text,NONE,next_to,settings,NONE
scroll down to the 3rd green menu,scroll,menu,green,NONE,NONE,3rd
paste the 3rd text to the right of the login,paste,text,NONE,right_of,login,3rd
press and hold image to the left of the home,long-press,image,NONE,left_of,home,NONE
scroll to tab to the right of the cart,scroll,tab,NONE,right_of,cart,NONE
open the 1st red button to the left of the notifications,open,button,red,left_of,notifications,1st
scroll down to tab,scroll,tab,NONE,NONE,NONE,NONE
tap the 3rd checkbox next to the settings,tap,checkbox,NONE,next_to,settings,3rd
trash the 3rd button next to the wi-fi,delete,button,NONE,next_to,wi-fi,3rd
remove image above the checkout,delete,image,NONE,above,checkout,NONE
open button,open,button,NONE,NONE,NONE,NONE
tap the 3rd link,tap,link,NONE,NONE,NONE,3rd
click link above the settings,click,link,NONE,above,settings,NONE
scroll down to menu below the search,scroll,menu,NONE,below,search,NONE
click on the last button,click,button,NONE,NONE,NONE,last
tap black checkbox below the wi-fi,tap,checkbox,black,below,wi-fi,NONE
paste text,paste,text,NONE,NONE,NONE,NONE
trash text below the address,delete,text,NONE,below,address,NONE
scroll to yellow menu next to the cart,scroll,menu,yellow,next_to,cart,NONE
copy text above the first email,copy,text,NONE,above,first email,NONE
launch purple icon to the left of the cart,open,icon,purple,left_of,cart,NONE
scroll to menu to the right of the notifications,scroll,menu,NONE,right_of,notifications,NONE
scroll to the 3rd menu to the right of the checkout,scroll,menu,NONE,right_of,checkout,3rd
select link above the payment,click,link,NONE,above,payment,NONE
paste yellow text to the left of the checkout,paste,text,yellow,left_of,checkout,NONE
click text to the right of the address,click,text,NONE,right_of,address,NONE
remove blue text to the left of the address,delete,text,blue,left_of,address,NONE
tap tab,tap,tab,NONE,NONE,NONE,NONE
copy text next to the first email,copy,text,NONE,next_to,first email,NONE
scroll down to black text to the left of the profile,scroll,text,black,left_of,profile,NONE
scroll to tab,scroll,tab,NONE,NONE,NONE,NONE
delete black image,delete,image,black,NONE,NONE,NONE
remove white text,delete,text,white,NONE,NONE,NONE
scroll down to purple menu above the notifications,scroll,menu,purple,above,notifications,NONE
click gray link above the first email,click,link,gray,above,first email,NONE
paste the last text next to the search,paste,text,NONE,next_to,search,last
press and hold icon below the cart,long-press,icon,NONE,below,cart,NONE
tap link,tap,link,NONE,NONE,NONE,NONE
copy the 2nd blue text,copy,text,blue,NONE,NONE,2nd
paste the last red text below the search,paste,text,red,below,search,last
trash the 3rd image above the wi-fi,delete,image,NONE,above,wi-fi,3rd
paste text,paste,text,NONE,NONE,NONE,NONE
copy pink text,copy,text,pink,NONE,NONE,NONE
scroll to the 3rd text to the left of the login,scroll,text,NONE,left_of,login,3rd
long-press text to the left of the last item,long-press,text,NONE,left_of,last item,NONE
scroll down to the last black tab below the notifications,scroll,tab,black,below,notifications,last
launch tab below the first email,open,tab,NONE,below,first email,NONE
open red icon below the payment,open,icon,red,below,payment,NONE
scroll down to the 3rd text,scroll,text,NONE,NONE,NONE,3rd
paste text below the menu,paste,text,NONE,below,menu,NONE
press switch to the right of the notifications,click,switch,NONE,right_of,notifications,NONE
long-press icon to the left of the payment,long-press,icon,NONE,left_of,payment,NONE
remove button next to the payment,delete,button,NONE,next_to,payment,NONE
remove button,delete,button,NONE,NONE,NONE,NONE
open the 1st tab,open,tab,NONE,NONE,NONE,1st
press and hold red image to the left of the menu,long-press,image,red,left_of,menu,NONE
scroll down to tab below the notifications,scroll,tab,NONE,below,notifications,NONE
tap on yellow link below the settings,tap,link,yellow,below,settings,NONE
copy black text below the login,copy,text,black,below,login,NONE
scroll to text next to the profile,scroll,text,NONE,next_to,profile,NONE
tap on red checkbox,tap,checkbox,red,NONE,NONE,NONE
scroll down to the 1st white text above the search,scroll,text,white,above,search,1st
copy the 3rd text to the left of the last item,copy,text,NONE,left_of,last item,3rd
copy text,copy,text,NONE,NONE,NONE,NONE
copy text,copy,text,NONE,NONE,NONE,NONE
copy the 2nd gray text next to the login,copy,text,gray,next_to,login,2nd
paste text above the notifications,paste,text,NONE,above,notifications,NONE
launch button above the cart,open,button,NONE,above,cart,NONE
tap button,tap,button,NONE,NONE,NONE,NONE
copy the 3rd black text above the search,copy,text,black,above,search,3rd
paste the 2nd text,paste,text,NONE,NONE,NONE,2nd
paste text to the right of the address,paste,text,NONE,right_of,address,NONE
open the 3rd menu,open,menu,NONE,NONE,NONE,3rd
remove text to the left of the address,delete,text,NONE,left_of,address,NONE
paste the last text,paste,text,NONE,NONE,NONE,last
open button to the left of the first email,open,button,NONE,left_of,first email,NONE
launch the last black tab below the settings,open,tab,black,below,settings,last
long-press image,long-press,image,NONE,NONE,NONE,NONE
tap icon,tap,icon,NONE,NONE,NONE,NONE
long-press the 2nd button below the first email,long-press,button,NONE,below,first email,2nd
tap the 1st tab to the right of the wi-fi,tap,tab,NONE,right_of,wi-fi,1st
paste text,paste,text,NONE,NONE,NONE,NONE
long-press yellow button above the search,long-press,button,yellow,above,search,NONE
click on orange text,click,text,orange,NONE,NONE,NONE
copy text above the login,copy,text,NONE,above,login,NONE
open link to the right of the cart,open,link,NONE,right_of,cart,NONE
tap switch,tap,switch,NONE,NONE,NONE,NONE
tap on the 2nd pink icon,tap,icon,pink,NONE,NONE,2nd
launch link next to the address,open,link,NONE,next_to,address,NONE
paste blue text above the first email,paste,text,blue,above,first email,NONE
trash the last button to the right of the notifications,delete,button,NONE,right_of,notifications,last
press gray button below the home,click,button,gray,below,home,NONE
tap on pink tab below the profile,tap,tab,pink,below,profile,NONE
scroll to menu next to the menu,scroll,menu,NONE,next_to,menu,NONE
tap the 3rd orange icon to the right of the checkout,tap,icon,orange,right_of,checkout,3rd
trash text below the profile,delete,text,NONE,below,profile,NONE
copy white text above the checkout,copy,text,white,above,checkout,NONE
scroll to tab next to the cart,scroll,tab,NONE,next_to,cart,NONE
paste the 1st text,paste,text,NONE,NONE,NONE,1st
launch yellow tab,open,tab,yellow,NONE,NONE,NONE
copy text to the right of the login,copy,text,NONE,right_of,login,NONE
click on button,click,button,NONE,NONE,NONE,NONE
tap on link above the payment,tap,link,NONE,above,payment,NONE
launch the last link above the search,open,link,NONE,above,search,last
trash image above the payment,delete,image,NONE,above,payment,NONE
open icon,open,icon,NONE,NONE,NONE,NONE
press and hold red text,long-press,text,red,NONE,NONE,NONE
select the last text below the payment,click,text,NONE,below,payment,last
press and hold the 1st image next to the checkout,long-press,image,NONE,next_to,checkout,1st
copy pink text,copy,text,pink,NONE,NONE,NONE
paste black text above the checkout,paste,text,black,above,checkout,NONE
scroll to text to the left of the profile,scroll,text,NONE,left_of,profile,NONE
open the 1st icon to the left of the wi-fi,open,icon,NONE,left_of,wi-fi,1st
click purple icon below the cart,click,icon,purple,below,cart,NONE
tap icon,tap,icon,NONE,NONE,NONE,NONE
scroll to text to the right of the notifications,scroll,text,NONE,right_of,notifications,NONE
copy the 3rd text below the search,copy,text,NONE,below,search,3rd
copy the 1st white text next to the address,copy,text,white,next_to,address,1st
tap link,tap,link,NONE,NONE,NONE,NONE
tap on checkbox to the right of the address,tap,checkbox,NONE,right_of,address,NONE
paste blue text to the left of the wi-fi,paste,text,blue,left_of,wi-fi,NONE
launch the last pink menu,open,menu,pink,NONE,NONE,last
click on the 2nd link to the right of the payment,click,link,NONE,right_of,payment,2nd
scroll to gray tab to the right of the login,scroll,tab,gray,right_of,login,NONE
scroll to menu to the left of the notifications,scroll,menu,NONE,left_of,notifications,NONE
paste text below the payment,paste,text,NONE,below,payment,NONE
press and hold button to the right of the last item,long-press,button,NONE,right_of,last item,NONE
paste text,paste,text,NONE,NONE,NONE,NONE
paste the last white text,paste,text,white,NONE,NONE,last
trash button,delete,button,NONE,NONE,NONE,NONE
remove the 2nd gray text next to the payment,delete,text,gray,next_to,payment,2nd
remove text to the right of the search,delete,text,NONE,right_of,search,NONE
paste text above the menu,paste,text,NONE,above,menu,NONE
long-press the 1st gray text to the left of the cart,long-press,text,gray,left_of,cart,1st
paste blue text above the profile,paste,text,blue,above,profile,NONE
remove text above the payment,delete,text,NONE,above,payment,NONE
scroll down to text next to the notifications,scroll,text,NONE,next_to,notifications,NONE
remove button below the checkout,delete,button,NONE,below,checkout,NONE
scroll to the 2nd text,scroll,text,NONE,NONE,NONE,2nd
scroll down to the last text,scroll,text,NONE,NONE,NONE,last
tap on button next to the settings,tap,button,NONE,next_to,settings,NONE
delete image above the search,delete,image,NONE,above,search,NONE
delete image to the left of the payment,delete,image,NONE,left_of,payment,NONE
scroll down to menu next to the last item,scroll,menu,NONE,next_to,last item,NONE
trash image,delete,image,NONE,NONE,NONE,NONE
copy the last text,copy,text,NONE,NONE,NONE,last
remove text to the right of the address,delete,text,NONE,right_of,address,NONE
copy text above the address,copy,text,NONE,above,address,NONE
launch orange button,open,button,orange,NONE,NONE,NONE
select white tab to the right of the address,click,tab,white,right_of,address,NONE
tap gray icon,tap,icon,gray,NONE,NONE,NONE
scroll to menu,scroll,menu,NONE,NONE,NONE,NONE
open button to the left of the payment,open,button,NONE,left_of,payment,NONE
paste pink text,paste,text,pink,NONE,NONE,NONE
launch purple menu below the last item,open,menu,purple,below,last item,NONE
tap on button,tap,button,NONE,NONE,NONE,NONE
tap the last white button,tap,button,white,NONE,NONE,last
tap on tab,tap,tab,NONE,NONE,NONE,NONE
press the last text below the search,click,text,NONE,below,search,last
delete the 1st image to the left of the address,delete,image,NONE,left_of,address,1st
press and hold the 3rd text,long-press,text,NONE,NONE,NONE,3rd
scroll to text above the payment,scroll,text,NONE,above,payment,NONE
tap on tab above the checkout,tap,tab,NONE,above,checkout,NONE
click on button,click,button,NONE,NONE,NONE,NONE
open menu to the left of the help,open,menu,NONE,left_of,help,NONE
tap on the 2nd button to the right of the home,tap,button,NONE,right_of,home,2nd
long-press button next to the first email,long-press,button,NONE,next_to,first email,NONE
press and hold the 3rd icon to the left of the address,long-press,icon,NONE,left_of,address,3rd
long-press the last black button to the right of the help,long-press,button,black,right_of,help,last
copy text to the left of the login,copy,text,NONE,left_of,login,NONE
scroll down to white menu above the payment,scroll,menu,white,above,payment,NONE
paste blue text to the right of the menu,paste,text,blue,right_of,menu,NONE
open the last link below the last item,open,link,NONE,below,last item,last
select the last text,click,text,NONE,NONE,NONE,last
paste text next to the address,paste,text,NONE,next_to,address,NONE
copy white text to the right of the address,copy,text,white,right_of,address,NONE
scroll down to menu next to the last item,scroll,menu,NONE,next_to,last item,NONE
long-press image next to the first email,long-press,image,NONE,next_to,first email,NONE
remove the 2nd gray text to the left of the cart,delete,text,gray,left_of,cart,2nd
remove image,delete,image,NONE,NONE,NONE,NONE
scroll down to tab,scroll,tab,NONE,NONE,NONE,NONE
select image,click,image,NONE,NONE,NONE,NONE
open button to the right of the last item,open,button,NONE,right_of,last item,NONE
paste text to the right of the help,paste,text,NONE,right_of,help,NONE
scroll to tab to the right of the settings,scroll,tab,NONE,right_of,settings,NONE
paste white text,paste,text,white,NONE,NONE,NONE
remove button,delete,button,NONE,NONE,NONE,NONE
click the last purple link to the right of the login,click,link,purple,right_of,login,last
press checkbox,click,checkbox,NONE,NONE,NONE,NONE
tap on the 2nd icon,tap,icon,NONE,NONE,NONE,2nd
copy text to the right of the checkout,copy,text,NONE,right_of,checkout,NONE
tap on white tab next to the first email,tap,tab,white,next_to,first email,NONE
delete text above the profile,delete,text,NONE,above,profile,NONE
copy text,copy,text,NONE,NONE,NONE,NONE
open icon next to the checkout,open,icon,NONE,next_to,checkout,NONE
press image,click,image,NONE,NONE,NONE,NONE
open the 1st icon below the payment,open,icon,NONE,below,payment,1st
tap the last gray switch next to the profile,tap,switch,gray,next_to,profile,last
launch menu,open,menu,NONE,NONE,NONE,NONE
copy text,copy,text,NONE,NONE,NONE,NONE
click icon to the left of the wi-fi,click,icon,NONE,left_of,wi-fi,NONE
tap link,tap,link,NONE,NONE,NONE,NONE
press and hold button to the left of the checkout,long-press,button,NONE,left_of,checkout,NONE
select black text,click,text,black,NONE,NONE,NONE
tap checkbox,tap,checkbox,NONE,NONE,NONE,NONE
copy text below the address,copy,text,NONE,below,address,NONE
scroll down to the 2nd text to the left of the address,scroll,text,NONE,left_of,address,2nd
copy text below the checkout,copy,text,NONE,below,checkout,NONE
open the last link next to the menu,open,link,NONE,next_to,menu,last
trash the 2nd button above the payment,delete,button,NONE,above,payment,2nd
copy the last text,copy,text,NONE,NONE,NONE,last
open the 2nd tab to the left of the cart,open,tab,NONE,left_of,cart,2nd
trash the 3rd image to the right of the address,delete,image,NONE,right_of,address,3rd
launch the 3rd red menu next to the home,open,menu,red,next_to,home,3rd
tap on the 3rd purple checkbox,tap,checkbox,purple,NONE,NONE,3rd
copy text to the left of the settings,copy,text,NONE,left_of,settings,NONE
open green link to the left of the search,open,link,green,left_of,search,NONE
paste the last yellow text,paste,text,yellow,NONE,NONE,last
scroll to the last text above the cart,scroll,text,NONE,above,cart,last
press and hold image to the left of the help,long-press,image,NONE,left_of,help,NONE
paste text to the left of the wi-fi,paste,text,NONE,left_of,wi-fi,NONE
open the last button below the notifications,open,button,NONE,below,notifications,last
copy blue text to the left of the checkout,copy,text,blue,left_of,checkout,NONE
paste text below the first email,paste,text,NONE,below,first email,NONE
copy text,copy,text,NONE,NONE,NONE,NONE
paste purple text above the home,paste,text,purple,above,home,NONE
remove gray button above the last item,delete,button,gray,above,last item,NONE
select icon above the first email,click,icon,NONE,above,first email,NONE
click on switch,click,switch,NONE,NONE,NONE,NONE
press link,click,link,NONE,NONE,NONE,NONE
scroll down to tab above the payment,scroll,tab,NONE,above,payment,NONE
select button,click,button,NONE,NONE,NONE,NONE
tap on the 1st purple checkbox above the menu,tap,checkbox,purple,above,menu,1st
copy the 3rd red text below the login,copy,text,red,below,login,3rd
long-press icon to the left of the first email,long-press,icon,NONE,left_of,first email,NONE
press and hold gray text next to the checkout,long-press,text,gray,next_to,checkout,NONE
paste the 2nd text,paste,text,NONE,NONE,NONE,2nd
copy gray text below the login,copy,text,gray,below,login,NONE
tap link,tap,link,NONE,NONE,NONE,NONE
click on the last yellow link,click,link,yellow,NONE,NONE,last
click text,click,text,NONE,NONE,NONE,NONE
long-press icon,long-press,icon,NONE,NONE,NONE,NONE
launch blue menu,open,menu,blue,NONE,NONE,NONE
copy green text next to the last item,copy,text,green,next_to,last item,NONE
select text above the home,click,text,NONE,above,home,NONE
scroll to gray text,scroll,text,gray,NONE,NONE,NONE
open yellow icon,open,icon,yellow,NONE,NONE,NONE
paste the 3rd text to the left of the home,paste,text,NONE,left_of,home,3rd
copy the 2nd text,copy,text,NONE,NONE,NONE,2nd
click on orange button,click,button,orange,NONE,NONE,NONE
paste text to the left of the search,paste,text,NONE,left_of,search,NONE
open the 3rd yellow icon,open,icon,yellow,NONE,NONE,3rd
launch button to the left of the notifications,open,button,NONE,left_of,notifications,NONE
copy pink text,copy,text,pink,NONE,NONE,NONE
click on button to the right of the settings,click,button,NONE,right_of,settings,NONE
tap link,tap,link,NONE,NONE,NONE,NONE
scroll down to tab,scroll,tab,NONE,NONE,NONE,NONE
delete gray image next to the menu,delete,image,gray,next_to,menu,NONE
launch button next to the payment,open,button,NONE,next_to,payment,NONE
paste text to the right of the address,paste,text,NONE,right_of,address,NONE
open link to the left of the search,open,link,NONE,left_of,search,NONE
long-press the 1st red image to the left of the payment,long-press,image,red,left_of,payment,1st
scroll to the 3rd blue tab next to the address,scroll,tab,blue,next_to,address,3rd
open button to the right of the cart,open,button,NONE,right_of,cart,NONE
press and hold green image next to the login,long-press,image,green,next_to,login,NONE
scroll to text below the cart,scroll,text,NONE,below,cart,NONE
tap on the last icon to the left of the profile,tap,icon,NONE,left_of,profile,last
scroll to the 1st tab to the right of the last item,scroll,tab,NONE,right_of,last item,1st
scroll to text above the payment,scroll,text,NONE,above,payment,NONE
press black tab below the settings,click,tab,black,below,settings,NONE
press and hold text above the first email,long-press,text,NONE,above,first email,NONE
copy gray text above the wi-fi,copy,text,gray,above,wi-fi,NONE
open tab,open,tab,NONE,NONE,NONE,NONE
scroll to text next to the address,scroll,text,NONE,next_to,address,NONE
long-press the 3rd yellow icon above the wi-fi,long-press,icon,yellow,above,wi-fi,3rd
tap link,tap,link,NONE,NONE,NONE,NONE
open the 3rd purple link above the payment,open,link,purple,above,payment,3rd
trash image next to the login,delete,image,NONE,next_to,login,NONE
tap on pink icon,tap,icon,pink,NONE,NONE,NONE
copy the last text,copy,text,NONE,NONE,NONE,last
tap icon next to the help,tap,icon,NONE,next_to,help,NONE
trash black image to the right of the checkout,delete,image,black,right_of,checkout,NONE
copy text,copy,text,NONE,NONE,NONE,NONE
scroll to the 2nd text to the left of the login,scroll,text,NONE,left_of,login,2nd
copy blue text below the notifications,copy,text,blue,below,notifications,NONE
delete purple image,delete,image,purple,NONE,NONE,NONE
copy the last text,copy,text,NONE,NONE,NONE,last
delete image,delete,image,NONE,NONE,NONE,NONE
click link,click,link,NONE,NONE,NONE,NONE
open button above the notifications,open,button,NONE,above,notifications,NONE
long-press image,long-press,image,NONE,NONE,NONE,NONE
paste text next to the cart,paste,text,NONE,next_to,cart,NONE
paste orange text,paste,text,orange,NONE,NONE,NONE
trash text above the checkout,delete,text,NONE,above,checkout,NONE
press tab below the login,click,tab,NONE,below,login,NONE
copy text,copy,text,NONE,NONE,NONE,NONE
trash the last image below the menu,delete,image,NONE,below,menu,last
tap gray icon to the right of the cart,tap,icon,gray,right_of,cart,NONE
paste the 3rd text above the address,paste,text,NONE,above,address,3rd
press and hold the 1st image above the payment,long-press,image,NONE,above,payment,1st
scroll to the 2nd text below the first email,scroll,text,NONE,below,first email,2nd
tap icon above the settings,tap,icon,NONE,above,settings,NONE
tap the 3rd orange button above the address,tap,button,orange,above,address,3rd
remove text to the left of the last item,delete,text,NONE,left_of,last item,NONE
copy text to the right of the menu,copy,text,NONE,right_of,menu,NONE
scroll down to tab to the right of the home,scroll,tab,NONE,right_of,home,NONE
paste green text,paste,text,green,NONE,NONE,NONE
scroll to tab below the address,scroll,tab,NONE,below,address,NONE
press and hold icon above the address,long-press,icon,NONE,above,address,NONE
trash image,delete,image,NONE,NONE,NONE,NONE
click tab next to the profile,click,tab,NONE,next_to,profile,NONE
paste the 2nd yellow text next to the wi-fi,paste,text,yellow,next_to,wi-fi,2nd
press and hold the 2nd image,long-press,image,NONE,NONE,NONE,2nd
paste text,paste,text,NONE,NONE,NONE,NONE
remove the last text above the address,delete,text,NONE,above,address,last
click on checkbox below the first email,click,checkbox,NONE,below,first email,NONE
launch the 2nd menu,open,menu,NONE,NONE,NONE,2nd
click on the 3rd checkbox above the cart,click,checkbox,NONE,above,cart,3rd
open black menu to the left of the settings,open,menu,black,left_of,settings,NONE
launch red tab to the left of the last item,open,tab,red,left_of,last item,NONE
scroll down to menu,scroll,menu,NONE,NONE,NONE,NONE
open menu above the wi-fi,open,menu,NONE,above,wi-fi,NONE
long-press button to the right of the profile,long-press,button,NONE,right_of,profile,NONE
copy text,copy,text,NONE,NONE,NONE,NONE
scroll to tab below the wi-fi,scroll,tab,NONE,below,wi-fi,NONE
press and hold the 3rd pink text to the left of the login,long-press,text,pink,left_of,login,3rd
long-press text,long-press,text,NONE,NONE,NONE,NONE
launch menu to the left of the home,open,menu,NONE,left_of,home,NONE
press tab above the home,click,tab,NONE,above,home,NONE
paste the 2nd pink text to the right of the settings,paste,text,pink,right_of,settings,2nd
long-press yellow button to the left of the cart,long-press,button,yellow,left_of,cart,NONE
remove the 2nd button above the notifications,delete,button,NONE,above,notifications,2nd
remove text,delete,text,NONE,NONE,NONE,NONE
open link,open,link,NONE,NONE,NONE,NONE
copy text below the first email,copy,text,NONE,below,first email,NONE
remove button,delete,button,NONE,NONE,NONE,NONE
press and hold white button next to the last item,long-press,button,white,next_to,last item,NONE
tap checkbox next to the settings,tap,checkbox,NONE,next_to,settings,NONE
long-press gray button next to the search,long-press,button,gray,next_to,search,NONE
copy text to the right of the profile,copy,text,NONE,right_of,profile,NONE
copy text below the payment,copy,text,NONE,below,payment,NONE
scroll down to menu below the wi-fi,scroll,menu,NONE,below,wi-fi,NONE
select the 3rd image to the right of the menu,click,image,NONE,right_of,menu,3rd
click on the 2nd orange button to the right of the wi-fi,click,button,orange,right_of,wi-fi,2nd
paste red text to the left of the login,paste,text,red,left_of,login,NONE
long-press the 2nd yellow icon to the left of the address,long-press,icon,yellow,left_of,address,2nd
remove button,delete,button,NONE,NONE,NONE,NONE
click green button,click,button,green,NONE,NONE,NONE
trash image above the last item,delete,image,NONE,above,last item,NONE
click on gray text to the right of the address,click,text,gray,right_of,address,NONE
click on orange icon,click,icon,orange,NONE,NONE,NONE
long-press the 1st text to the left of the last item,long-press,text,NONE,left_of,last item,1st
click link,click,link,NONE,NONE,NONE,NONE
copy text,copy,text,NONE,NONE,NONE,NONE
click tab to the left of the login,click,tab,NONE,left_of,login,NONE
scroll down to black menu,scroll,menu,black,NONE,NONE,NONE
launch the 1st button to the left of the cart,open,button,NONE,left_of,cart,1st
scroll to tab to the left of the wi-fi,scroll,tab,NONE,left_of,wi-fi,NONE
copy the last text,copy,text,NONE,NONE,NONE,last
copy the last text to the right of the login,copy,text,NONE,right_of,login,last
open green menu to the left of the first email,open,menu,green,left_of,first email,NONE
open icon,open,icon,NONE,NONE,NONE,NONE
open the last white menu,open,menu,white,NONE,NONE,last
paste text,paste,text,NONE,NONE,NONE,NONE
launch tab,open,tab,NONE,NONE,NONE,NONE
remove text,delete,text,NONE,NONE,NONE,NONE
scroll to purple menu above the notifications,scroll,menu,purple,above,notifications,NONE
copy gray text to the right of the login,copy,text,gray,right_of,login,NONE
remove the last image to the right of the settings,delete,image,NONE,right_of,settings,last
tap link below the last item,tap,link,NONE,below,last item,NONE
tap green switch,tap,switch,green,NONE,NONE,NONE
paste the 2nd text below the payment,paste,text,NONE,below,payment,2nd
trash pink image to the right of the first email,delete,image,pink,right_of,first email,NONE
tap on link,tap,link,NONE,NONE,NONE,NONE
delete text above the search,delete,text,NONE,above,search,NONE
press button,click,button,NONE,NONE,NONE,NONE
paste the 1st gray text below the menu,paste,text,gray,below,menu,1st
click on link,click,link,NONE,NONE,NONE,NONE
copy the last text to the right of the search,copy,text,NONE,right_of,search,last
select the last gray link next to the cart,click,link,gray,next_to,cart,last
paste text to the left of the help,paste,text,NONE,left_of,help,NONE
open menu above the profile,open,menu,NONE,above,profile,NONE
scroll to tab to the left of the payment,scroll,tab,NONE,left_of,payment,NONE
click image,click,image,NONE,NONE,NONE,NONE
remove the 3rd blue text below the home,delete,text,blue,below,home,3rd
copy text,copy,text,NONE,NONE,NONE,NONE
open tab,open,tab,NONE,NONE,NONE,NONE
copy purple text,copy,text,purple,NONE,NONE,NONE
scroll down to menu below the cart,scroll,menu,NONE,below,cart,NONE
tap green button above the login,tap,button,green,above,login,NONE
tap button,tap,button,NONE,NONE,NONE,NONE
select the last pink image,click,image,pink,NONE,NONE,last
select the 3rd image to the left of the search,click,image,NONE,left_of,search,3rd
open menu to the right of the checkout,open,menu,NONE,right_of,checkout,NONE
copy the 3rd purple text next to the settings,copy,text,purple,next_to,settings,3rd
open the 2nd button,open,button,NONE,NONE,NONE,2nd
copy text to the right of the search,copy,text,NONE,right_of,search,NONE
press and hold the last pink icon,long-press,icon,pink,NONE,NONE,last
copy the 2nd red text,copy,text,red,NONE,NONE,2nd
long-press green icon above the cart,long-press,icon,green,above,cart,NONE
tap the 3rd purple button,tap,button,purple,NONE,NONE,3rd
long-press orange image,long-press,image,orange,NONE,NONE,NONE
tap button above the help,tap,button,NONE,above,help,NONE
open white button to the right of the settings,open,button,white,right_of,settings,NONE
paste blue text to the right of the search,paste,text,blue,right_of,search,NONE
click checkbox,click,checkbox,NONE,NONE,NONE,NONE
paste the 1st text to the right of the wi-fi,paste,text,NONE,right_of,wi-fi,1st
press and hold black text to the right of the menu,long-press,text,black,right_of,menu,NONE
trash the 3rd image,delete,image,NONE,NONE,NONE,3rd
click on icon to the right of the home,click,icon,NONE,right_of,home,NONE
tap on pink checkbox next to the first email,tap,checkbox,pink,next_to,first email,NONE
long-press image to the left of the settings,long-press,image,NONE,left_of,settings,NONE
scroll down to the 3rd tab to the left of the settings,scroll,tab,NONE,left_of,settings,3rd
press the last icon,click,icon,NONE,NONE,NONE,last
remove black button below the payment,delete,button,black,below,payment,NONE
launch green link,open,link,green,NONE,NONE,NONE
click switch to the left of the first email,click,switch,NONE,left_of,first email,NONE
scroll down to orange tab,scroll,tab,orange,NONE,NONE,NONE
copy text to the right of the settings,copy,text,NONE,right_of,settings,NONE
copy gray text to the right of the cart,copy,text,gray,right_of,cart,NONE
press and hold the last image to the right of the payment,long-press,image,NONE,right_of,payment,last
open tab next to the help,open,tab,NONE,next_to,help,NONE
press switch,click,switch,NONE,NONE,NONE,NONE
tap on checkbox above the address,tap,checkbox,NONE,above,address,NONE
tap black icon to the right of the search,tap,icon,black,right_of,search,NONE
click on white image below the home,click,image,white,below,home,NONE
launch menu to the left of the help,open,menu,NONE,left_of,help,NONE
paste purple text,paste,text,purple,NONE,NONE,NONE
copy red text to the left of the home,copy,text,red,left_of,home,NONE
remove green text above the last item,delete,text,green,above,last item,NONE
tap purple icon above the checkout,tap,icon,purple,above,checkout,NONE
paste the 1st text below the help,paste,text,NONE,below,help,1st
launch menu next to the first email,open,menu,NONE,next_to,first email,NONE
copy orange text to the right of the notifications,copy,text,orange,right_of,notifications,NONE
click on link to the right of the checkout,click,link,NONE,right_of,checkout,NONE
paste text to the right of the profile,paste,text,NONE,right_of,profile,NONE
press and hold text next to the settings,long-press,text,NONE,next_to,settings,NONE
delete image,delete,image,NONE,NONE,NONE,NONE
launch tab,open,tab,NONE,NONE,NONE,NONE
scroll to the 3rd purple tab,scroll,tab,purple,NONE,NONE,3rd
trash the 2nd button below the help,delete,button,NONE,below,help,2nd
copy red text to the left of the last item,copy,text,red,left_of,last item,NONE
open tab,open,tab,NONE,NONE,NONE,NONE
paste text to the left of the address,paste,text,NONE,left_of,address,NONE
launch icon below the cart,open,icon,NONE,below,cart,NONE
copy text,copy,text,NONE,NONE,NONE,NONE
scroll to purple tab,scroll,tab,purple,NONE,NONE,NONE
trash text,delete,text,NONE,NONE,NONE,NONE
scroll down to the last tab,scroll,tab,NONE,NONE,NONE,last
launch the 3rd icon above the help,open,icon,NONE,above,help,3rd
open tab next to the menu,open,tab,NONE,next_to,menu,NONE
open tab,open,tab,NONE,NONE,NONE,NONE
paste the last yellow text to the left of the last item,paste,text,yellow,left_of,last item,last
remove the 3rd text above the settings,delete,text,NONE,above,settings,3rd
trash black image next to the address,delete,image,black,next_to,address,NONE
trash the 3rd text to the right of the checkout,delete,text,NONE,right_of,checkout,3rd
open icon,open,icon,NONE,NONE,NONE,NONE
trash button next to the cart,delete,button,NONE,next_to,cart,NONE
long-press white button,long-press,button,white,NONE,NONE,NONE
select icon next to the cart,click,icon,NONE,next_to,cart,NONE
trash button,delete,button,NONE,NONE,NONE,NONE
scroll to text to the right of the wi-fi,scroll,text,NONE,right_of,wi-fi,NONE
click switch,click,switch,NONE,NONE,NONE,NONE
click on gray switch,click,switch,gray,NONE,NONE,NONE
tap yellow switch to the left of the help,tap,switch,yellow,left_of,help,NONE
tap button to the left of the help,tap,button,NONE,left_of,help,NONE
tap on checkbox,tap,checkbox,NONE,NONE,NONE,NONE
press the last icon below the notifications,click,icon,NONE,below,notifications,last
launch icon,open,icon,NONE,NONE,NONE,NONE
long-press gray icon above the search,long-press,icon,gray,above,search,NONE
paste text to the left of the address,paste,text,NONE,left_of,address,NONE
delete white text next to the home,delete,text,white,next_to,home,NONE
paste red text below the cart,paste,text,red,below,cart,NONE
long-press blue button above the wi-fi,long-press,button,blue,above,wi-fi,NONE
launch menu below the payment,open,menu,NONE,below,payment,NONE
remove yellow button to the left of the address,delete,button,yellow,left_of,address,NONE
scroll to tab to the right of the first email,scroll,tab,NONE,right_of,first email,NONE
trash white button,delete,button,white,NONE,NONE,NONE
tap purple icon above the notifications,tap,icon,purple,above,notifications,NONE
paste the 3rd text to the left of the settings,paste,text,NONE,left_of,settings,3rd
copy text below the wi-fi,copy,text,NONE,below,wi-fi,NONE
launch the last menu to the right of the checkout,open,menu,NONE,right_of,checkout,last
copy white text,copy,text,white,NONE,NONE,NONE
paste text below the help,paste,text,NONE,below,help,NONE
tap switch next to the help,tap,switch,NONE,next_to,help,NONE
select the 2nd green tab to the right of the last item,click,tab,green,right_of,last item,2nd
press and hold image to the right of the login,long-press,image,NONE,right_of,login,NONE
paste text to the right of the payment,paste,text,NONE,right_of,payment,NONE
select text above the search,click,text,NONE,above,search,NONE
select the 1st button,click,button,NONE,NONE,NONE,1st
launch icon next to the payment,open,icon,NONE,next_to,payment,NONE
copy the 3rd text to the right of the cart,copy,text,NONE,right_of,cart,3rd
copy text to the left of the help,copy,text,NONE,left_of,help,NONE
open tab,open,tab,NONE,NONE,NONE,NONE
long-press purple text next to the checkout,long-press,text,purple,next_to,checkout,NONE
trash image to the left of the login,delete,image,NONE,left_of,login,NONE
press and hold the 1st button next to the login,long-press,button,NONE,next_to,login,1st
trash white image,delete,image,white,NONE,NONE,NONE
tap the 1st black checkbox to the right of the menu,tap,checkbox,black,right_of,menu,1st
paste text to the left of the login,paste,text,NONE,left_of,login,NONE
remove button,delete,button,NONE,NONE,NONE,NONE
long-press button,long-press,button,NONE,NONE,NONE,NONE
paste text,paste,text,NONE,NONE,NONE,NONE
copy green text next to the login,copy,text,green,next_to,login,NONE
paste text next to the login,paste,text,NONE,next_to,login,NONE
tap switch next to the last item,tap,switch,NONE,next_to,last item,NONE
press and hold icon below the checkout,long-press,icon,NONE,below,checkout,NONE
trash text,delete,text,NONE,NONE,NONE,NONE
paste the last text above the search,paste,text,NONE,above,search,last
copy text,copy,text,NONE,NONE,NONE,NONE
scroll to menu,scroll,menu,NONE,NONE,NONE,NONE
trash text to the left of the wi-fi,delete,text,NONE,left_of,wi-fi,NONE
remove text to the left of the notifications,delete,text,NONE,left_of,notifications,NONE
paste text to the left of the home,paste,text,NONE,left_of,home,NONE
copy the last text,copy,text,NONE,NONE,NONE,last
tap on link,tap,link,NONE,NONE,NONE,NONE
scroll down to the 2nd text below the help,scroll,text,NONE,below,help,2nd
click red switch to the right of the home,click,switch,red,right_of,home,NONE
select the 1st purple button below the menu,click,button,purple,below,menu,1st
copy purple text next to the first email,copy,text,purple,next_to,first email,NONE
click on button,click,button,NONE,NONE,NONE,NONE
remove button to the right of the search,delete,button,NONE,right_of,search,NONE
paste the 1st purple text,paste,text,purple,NONE,NONE,1st
scroll down to text above the login,scroll,text,NONE,above,login,NONE
press and hold the 2nd text,long-press,text,NONE,NONE,NONE,2nd
paste the last text above the wi-fi,paste,text,NONE,above,wi-fi,last
tap on blue switch to the left of the menu,tap,switch,blue,left_of,menu,NONE
scroll down to the 2nd gray menu,scroll,menu,gray,NONE,NONE,2nd
trash the 1st text above the settings,delete,text,NONE,above,settings,1st
tap icon to the right of the cart,tap,icon,NONE,right_of,cart,NONE
long-press the 2nd icon to the left of the first email,long-press,icon,NONE,left_of,first email,2nd
select the last checkbox,click,checkbox,NONE,NONE,NONE,last
open the 1st icon,open,icon,NONE,NONE,NONE,1st
tap on orange tab above the settings,tap,tab,orange,above,settings,NONE
copy text,copy,text,NONE,NONE,NONE,NONE
copy white text to the right of the last item,copy,text,white,right_of,last item,NONE
open the last orange icon,open,icon,orange,NONE,NONE,last
press tab next to the search,click,tab,NONE,next_to,search,NONE
scroll down to the 3rd white menu above the profile,scroll,menu,white,above,profile,3rd
long-press the 2nd icon to the right of the checkout,long-press,icon,NONE,right_of,checkout,2nd
copy text above the menu,copy,text,NONE,above,menu,NONE
press and hold button,long-press,button,NONE,NONE,NONE,NONE
long-press the last button above the home,long-press,button,NONE,above,home,last
launch button to the left of the search,open,button,NONE,left_of,search,NONE
long-press the 1st text,long-press,text,NONE,NONE,NONE,1st
copy the last text next to the settings,copy,text,NONE,next_to,settings,last
copy text below the notifications,copy,text,NONE,below,notifications,NONE
press the 3rd icon to the right of the profile,click,icon,NONE,right_of,profile,3rd
scroll down to gray menu below the search,scroll,menu,gray,below,search,NONE
press and hold button to the left of the address,long-press,button,NONE,left_of,address,NONE
scroll to text to the right of the help,scroll,text,NONE,right_of,help,NONE
scroll to menu,scroll,menu,NONE,NONE,NONE,NONE
select checkbox above the address,click,checkbox,NONE,above,address,NONE
scroll down to the 3rd yellow menu,scroll,menu,yellow,NONE,NONE,3rd
tap checkbox to the right of the wi-fi,tap,checkbox,NONE,right_of,wi-fi,NONE
trash button below the profile,delete,button,NONE,below,profile,NONE
tap icon next to the login,tap,icon,NONE,next_to,login,NONE
tap the 1st orange icon to the left of the cart,tap,icon,orange,left_of,cart,1st
scroll down to the last menu below the cart,scroll,menu,NONE,below,cart,last
launch link,open,link,NONE,NONE,NONE,NONE
tap on switch to the right of the login,tap,switch,NONE,right_of,login,NONE
copy the 3rd black text below the profile,copy,text,black,below,profile,3rd
press and hold the last button next to the home,long-press,button,NONE,next_to,home,last
long-press image,long-press,image,NONE,NONE,NONE,NONE
open white icon to the left of the wi-fi,open,icon,white,left_of,wi-fi,NONE
copy green text,copy,text,green,NONE,NONE,NONE
tap black switch,tap,switch,black,NONE,NONE,NONE
press and hold text to the right of the last item,long-press,text,NONE,right_of,last item,NONE
scroll down to blue tab to the right of the search,scroll,tab,blue,right_of,search,NONE
tap link,tap,link,NONE,NONE,NONE,NONE
open tab,open,tab,NONE,NONE,NONE,NONE
tap on icon to the right of the help,tap,icon,NONE,right_of,help,NONE
open menu to the right of the address,open,menu,NONE,right_of,address,NONE
paste purple text,paste,text,purple,NONE,NONE,NONE
click red checkbox to the right of the wi-fi,click,checkbox,red,right_of,wi-fi,NONE
scroll to green tab to the left of the checkout,scroll,tab,green,left_of,checkout,NONE
press the last link to the right of the address,click,link,NONE,right_of,address,last
long-press the 2nd icon to the left of the profile,long-press,icon,NONE,left_of,profile,2nd
remove the 2nd text,delete,text,NONE,NONE,NONE,2nd
scroll down to text to the right of the last item,scroll,text,NONE,right_of,last item,NONE
paste gray text,paste,text,gray,NONE,NONE,NONE
tap on link,tap,link,NONE,NONE,NONE,NONE
long-press button to the right of the payment,long-press,button,NONE,right_of,payment,NONE
tap tab next to the last item,tap,tab,NONE,next_to,last item,NONE
paste text next to the address,paste,text,NONE,next_to,address,NONE
remove the last button to the right of the cart,delete,button,NONE,right_of,cart,last
open the last button below the notifications,open,button,NONE,below,notifications,last
scroll to text to the right of the wi-fi,scroll,text,NONE,right_of,wi-fi,NONE
scroll to tab to the right of the last item,scroll,tab,NONE,right_of,last item,NONE
press icon below the last item,click,icon,NONE,below,last item,NONE
select button to the right of the first email,click,button,NONE,right_of,first email,NONE
press and hold the 3rd blue button,long-press,button,blue,NONE,NONE,3rd
delete white button above the first email,delete,button,white,above,first email,NONE
scroll down to white menu below the cart,scroll,menu,white,below,cart,NONE
press and hold purple icon to the left of the help,long-press,icon,purple,left_of,help,NONE
copy the 2nd white text to the right of the wi-fi,copy,text,white,right_of,wi-fi,2nd
scroll to the last tab above the wi-fi,scroll,tab,NONE,above,wi-fi,last
press and hold image to the right of the checkout,long-press,image,NONE,right_of,checkout,NONE
tap on switch below the wi-fi,tap,switch,NONE,below,wi-fi,NONE
tap the 1st icon,tap,icon,NONE,NONE,NONE,1st
remove button,delete,button,NONE,NONE,NONE,NONE
long-press image to the right of the last item,long-press,image,NONE,right_of,last item,NONE
long-press gray icon,long-press,icon,gray,NONE,NONE,NONE
scroll to the last menu above the payment,scroll,menu,NONE,above,payment,last
paste white text next to the profile,paste,text,white,next_to,profile,NONE
press tab,click,tab,NONE,NONE,NONE,NONE
long-press the 3rd gray icon,long-press,icon,gray,NONE,NONE,3rd
paste text above the address,paste,text,NONE,above,address,NONE
open the 2nd icon to the left of the help,open,icon,NONE,left_of,help,2nd
open menu above the first email,open,menu,NONE,above,first email,NONE
open the last white tab,open,tab,white,NONE,NONE,last
open yellow menu,open,menu,yellow,NONE,NONE,NONE
paste the 2nd text above the checkout,paste,text,NONE,above,checkout,2nd
click on the 2nd blue text next to the cart,click,text,blue,next_to,cart,2nd
press the 1st checkbox next to the login,click,checkbox,NONE,next_to,login,1st
launch link above the payment,open,link,NONE,above,payment,NONE
open the last purple tab to the left of the menu,open,tab,purple,left_of,menu,last
press and hold the 1st black icon,long-press,icon,black,NONE,NONE,1st
delete button,delete,button,NONE,NONE,NONE,NONE
copy white text next to the profile,copy,text,white,next_to,profile,NONE
tap on link above the address,tap,link,NONE,above,address,NONE
trash text to the left of the home,delete,text,NONE,left_of,home,NONE
click pink tab above the cart,click,tab,pink,above,cart,NONE
copy red text to the left of the home,copy,text,red,left_of,home,NONE
copy text,copy,text,NONE,NONE,NONE,NONE
paste green text below the settings,paste,text,green,below,settings,NONE
copy text next to the menu,copy,text,NONE,next_to,menu,NONE
tap link to the right of the profile,tap,link,NONE,right_of,profile,NONE
launch the 1st menu to the right of the payment,open,menu,NONE,right_of,payment,1st
click on black text to the left of the payment,click,text,black,left_of,payment,NONE
tap the 3rd icon to the left of the payment,tap,icon,NONE,left_of,payment,3rd
launch link below the payment,open,link,NONE,below,payment,NONE
select the 2nd gray icon above the help,click,icon,gray,above,help,2nd
long-press green icon to the left of the notifications,long-press,icon,green,left_of,notifications,NONE
launch icon next to the last item,open,icon,NONE,next_to,last item,NONE
paste the 1st text,paste,text,NONE,NONE,NONE,1st
delete button,delete,button,NONE,NONE,NONE,NONE
scroll down to text,scroll,text,NONE,NONE,NONE,NONE
paste pink text next to the payment,paste,text,pink,next_to,payment,NONE
launch tab,open,tab,NONE,NONE,NONE,NONE
open icon to the right of the first email,open,icon,NONE,right_of,first email,NONE
click image above the login,click,image,NONE,above,login,NONE
trash button below the login,delete,button,NONE,below,login,NONE
click text next to the last item,click,text,NONE,next_to,last item,NONE
scroll to purple menu below the login,scroll,menu,purple,below,login,NONE
long-press button below the notifications,long-press,button,NONE,below,notifications,NONE
scroll to the 1st tab to the left of the first email,scroll,tab,NONE,left_of,first email,1st
tap black tab next to the settings,tap,tab,black,next_to,settings,NONE
copy the last text next to the checkout,copy,text,NONE,next_to,checkout,last
select link above the notifications,click,link,NONE,above,notifications,NONE
copy the last white text,copy,text,white,NONE,NONE,last
trash button,delete,button,NONE,NONE,NONE,NONE
copy text to the right of the cart,copy,text,NONE,right_of,cart,NONE
delete yellow image next to the login,delete,image,yellow,next_to,login,NONE
scroll to the 3rd yellow text,scroll,text,yellow,NONE,NONE,3rd
copy text to the right of the last item,copy,text,NONE,right_of,last item,NONE
long-press red button,long-press,button,red,NONE,NONE,NONE
long-press icon,long-press,icon,NONE,NONE,NONE,NONE
scroll down to the 1st text above the address,scroll,text,NONE,above,address,1st
paste text,paste,text,NONE,NONE,NONE,NONE
remove button,delete,button,NONE,NONE,NONE,NONE
press and hold white icon to the right of the profile,long-press,icon,white,right_of,profile,NONE
tap on link,tap,link,NONE,NONE,NONE,NONE
press and hold the 1st image below the payment,long-press,image,NONE,below,payment,1st
open the 1st orange icon,open,icon,orange,NONE,NONE,1st
press the 1st text below the help,click,text,NONE,below,help,1st
click on icon,click,icon,NONE,NONE,NONE,NONE
scroll down to the 3rd tab,scroll,tab,NONE,NONE,NONE,3rd
tap icon below the login,tap,icon,NONE,below,login,NONE
paste the 2nd text,paste,text,NONE,NONE,NONE,2nd
copy the last gray text,copy,text,gray,NONE,NONE,last
open tab,open,tab,NONE,NONE,NONE,NONE
scroll down to tab,scroll,tab,NONE,NONE,NONE,NONE
trash text above the last item,delete,text,NONE,above,last item,NONE
scroll to the 3rd green text below the address,scroll,text,green,below,address,3rd
copy text to the left of the profile,copy,text,NONE,left_of,profile,NONE
remove the last red text,delete,text,red,NONE,NONE,last
paste text below the cart,paste,text,NONE,below,cart,NONE
launch button above the settings,open,button,NONE,above,settings,NONE
open button above the last item,open,button,NONE,above,last item,NONE
press and hold text above the checkout,long-press,text,NONE,above,checkout,NONE
tap button to the left of the address,tap,button,NONE,left_of,address,NONE
paste the 2nd black text to the left of the cart,paste,text,black,left_of,cart,2nd
paste text,paste,text,NONE,NONE,NONE,NONE
remove green image,delete,image,green,NONE,NONE,NONE
select checkbox below the wi-fi,click,checkbox,NONE,below,wi-fi,NONE
click on icon next to the menu,click,icon,NONE,next_to,menu,NONE
copy the 1st text above the search,copy,text,NONE,above,search,1st
press and hold icon,long-press,icon,NONE,NONE,NONE,NONE
copy text,copy,text,NONE,NONE,NONE,NONE
click green link below the payment,click,link,green,below,payment,NONE
trash pink image above the first email,delete,image,pink,above,first email,NONE
remove gray text,delete,text,gray,NONE,NONE,NONE
delete button below the profile,delete,button,NONE,below,profile,NONE
paste orange text,paste,text,orange,NONE,NONE,NONE
open the 1st button above the settings,open,button,NONE,above,settings,1st
paste text to the right of the menu,paste,text,NONE,right_of,menu,NONE
tap on icon,tap,icon,NONE,NONE,NONE,NONE
trash image to the right of the cart,delete,image,NONE,right_of,cart,NONE
press and hold button next to the address,long-press,button,NONE,next_to,address,NONE
scroll down to menu,scroll,menu,NONE,NONE,NONE,NONE
paste blue text to the left of the notifications,paste,text,blue,left_of,notifications,NONE
paste pink text next to the cart,paste,text,pink,next_to,cart,NONE
copy gray text to the right of the first email,copy,text,gray,right_of,first email,NONE
scroll down to text,scroll,text,NONE,NONE,NONE,NONE
click the 2nd checkbox to the left of the profile,click,checkbox,NONE,left_of,profile,2nd
paste text below the search,paste,text,NONE,below,search,NONE
trash the 3rd blue button,delete,button,blue,NONE,NONE,3rd
trash image,delete,image,NONE,NONE,NONE,NONE
press the 1st text to the left of the payment,click,text,NONE,left_of,payment,1st
copy purple text,copy,text,purple,NONE,NONE,NONE
open green icon to the left of the address,open,icon,green,left_of,address,NONE
delete text,delete,text,NONE,NONE,NONE,NONE
long-press the 3rd purple text next to the home,long-press,text,purple,next_to,home,3rd
paste black text next to the home,paste,text,black,next_to,home,NONE
long-press the last green icon to the left of the checkout,long-press,icon,green,left_of,checkout,last
click on switch next to the profile,click,switch,NONE,next_to,profile,NONE
long-press the 2nd image,long-press,image,NONE,NONE,NONE,2nd
copy the 1st text below the payment,copy,text,NONE,below,payment,1st
copy the 2nd blue text,copy,text,blue,NONE,NONE,2nd
copy the 1st text to the left of the cart,copy,text,NONE,left_of,cart,1st
click on icon to the left of the last item,click,icon,NONE,left_of,last item,NONE
select black image to the right of the address,click,image,black,right_of,address,NONE
click on red switch to the left of the search,click,switch,red,left_of,search,NONE
paste green text below the settings,paste,text,green,below,settings,NONE
long-press white image to the left of the address,long-press,image,white,left_of,address,NONE
copy text above the checkout,copy,text,NONE,above,checkout,NONE
open tab above the menu,open,tab,NONE,above,menu,NONE
delete the 1st image,delete,image,NONE,NONE,NONE,1st
click gray checkbox,click,checkbox,gray,NONE,NONE,NONE
click text to the left of the first email,click,text,NONE,left_of,first email,NONE
copy white text to the right of the last item,copy,text,white,right_of,last item,NONE
paste the 2nd purple text to the left of the checkout,paste,text,purple,left_of,checkout,2nd
long-press text below the search,long-press,text,NONE,below,search,NONE
launch link,open,link,NONE,NONE,NONE,NONE
copy black text to the left of the menu,copy,text,black,left_of,menu,NONE
tap on the last link below the search,tap,link,NONE,below,search,last
copy text,copy,text,NONE,NONE,NONE,NONE
open the 2nd button above the profile,open,button,NONE,above,profile,2nd
long-press green image,long-press,image,green,NONE,NONE,NONE
copy yellow text above the search,copy,text,yellow,above,search,NONE
tap orange tab,tap,tab,orange,NONE,NONE,NONE
tap gray icon above the payment,tap,icon,gray,above,payment,NONE
delete button above the wi-fi,delete,button,NONE,above,wi-fi,NONE
press and hold purple text,long-press,text,purple,NONE,NONE,NONE
remove button,delete,button,NONE,NONE,NONE,NONE
long-press red icon next to the first email,long-press,icon,red,next_to,first email,NONE
tap blue button next to the help,tap,button,blue,next_to,help,NONE
long-press black text above the payment,long-press,text,black,above,payment,NONE
paste the last text below the last item,paste,text,NONE,below,last item,last
press and hold the 1st button,long-press,button,NONE,NONE,NONE,1st
copy the 3rd text below the wi-fi,copy,text,NONE,below,wi-fi,3rd
scroll down to text,scroll,text,NONE,NONE,NONE,NONE
scroll to the last menu next to the wi-fi,scroll,menu,NONE,next_to,wi-fi,last
open purple tab to the left of the search,open,tab,purple,left_of,search,NONE
scroll to blue text below the login,scroll,text,blue,below,login,NONE
paste the 1st pink text above the profile,paste,text,pink,above,profile,1st
copy the 1st text to the right of the menu,copy,text,NONE,right_of,menu,1st
copy the 2nd text,copy,text,NONE,NONE,NONE,2nd
select blue switch to the left of the address,click,switch,blue,left_of,address,NONE
launch red button above the search,open,button,red,above,search,NONE
copy text,copy,text,NONE,NONE,NONE,NONE
remove green button next to the home,delete,button,green,next_to,home,NONE
copy yellow text above the search,copy,text,yellow,above,search,NONE
long-press button to the right of the first email,long-press,button,NONE,right_of,first email,NONE
open yellow tab below the last item,open,tab,yellow,below,last item,NONE
paste the 3rd text below the payment,paste,text,NONE,below,payment,3rd
paste text to the left of the search,paste,text,NONE,left_of,search,NONE
copy text above the checkout,copy,text,NONE,above,checkout,NONE
long-press icon,long-press,icon,NONE,NONE,NONE,NONE
paste yellow text below the cart,paste,text,yellow,below,cart,NONE
copy white text,copy,text,white,NONE,NONE,NONE
press and hold text to the right of the first email,long-press,text,NONE,right_of,first email,NONE
delete image above the menu,delete,image,NONE,above,menu,NONE
scroll down to the last yellow tab,scroll,tab,yellow,NONE,NONE,last
long-press image next to the search,long-press,image,NONE,next_to,search,NONE
launch the 1st tab next to the cart,open,tab,NONE,next_to,cart,1st
long-press text above the address,long-press,text,NONE,above,address,NONE
press red button below the home,click,button,red,below,home,NONE
remove text next to the menu,delete,text,NONE,next_to,menu,NONE
press switch to the right of the address,click,switch,NONE,right_of,address,NONE
click the 2nd link to the right of the payment,click,link,NONE,right_of,payment,2nd
scroll to pink menu above the notifications,scroll,menu,pink,above,notifications,NONE
launch the 2nd gray tab next to the cart,open,tab,gray,next_to,cart,2nd
tap on switch next to the profile,tap,switch,NONE,next_to,profile,NONE
select link,click,link,NONE,NONE,NONE,NONE
paste red text,paste,text,red,NONE,NONE,NONE
long-press the last gray icon next to the last item,long-press,icon,gray,next_to,last item,last
paste text,paste,text,NONE,NONE,NONE,NONE
paste the 1st text next to the settings,paste,text,NONE,next_to,settings,1st
launch icon,open,icon,NONE,NONE,NONE,NONE
remove image,delete,image,NONE,NONE,NONE,NONE
remove button below the profile,delete,button,NONE,below,profile,NONE
press and hold button to the right of the help,long-press,button,NONE,right_of,help,NONE
scroll to menu to the right of the help,scroll,menu,NONE,right_of,help,NONE
press and hold the 2nd text,long-press,text,NONE,NONE,NONE,2nd
copy text next to the notifications,copy,text,NONE,next_to,notifications,NONE
open the last menu below the last item,open,menu,NONE,below,last item,last
tap blue tab next to the profile,tap,tab,blue,next_to,profile,NONE
copy text above the home,copy,text,NONE,above,home,NONE
copy text below the settings,copy,text,NONE,below,settings,NONE
delete the last button,delete,button,NONE,NONE,NONE,last
tap icon below the first email,tap,icon,NONE,below,first email,NONE
long-press the 1st button,long-press,button,NONE,NONE,NONE,1st
scroll down to menu,scroll,menu,NONE,NONE,NONE,NONE
launch pink tab above the first email,open,tab,pink,above,first email,NONE
copy text next to the last item,copy,text,NONE,next_to,last item,NONE
scroll to the 1st menu,scroll,menu,NONE,NONE,NONE,1st
long-press image above the checkout,long-press,image,NONE,above,checkout,NONE
scroll to the 1st tab to the left of the first email,scroll,tab,NONE,left_of,first email,1st
long-press yellow image,long-press,image,yellow,NONE,NONE,NONE
tap on link,tap,link,NONE,NONE,NONE,NONE
long-press blue icon above the address,long-press,icon,blue,above,address,NONE
select text,click,text,NONE,NONE,NONE,NONE
select icon next to the first email,click,icon,NONE,next_to,first email,NONE
scroll to the 2nd text above the settings,scroll,text,NONE,above,settings,2nd
press and hold button to the left of the help,long-press,button,NONE,left_of,help,NONE
select blue image to the right of the search,click,image,blue,right_of,search,NONE
delete the last white image to the left of the menu,delete,image,white,left_of,menu,last
scroll to text,scroll,text,NONE,NONE,NONE,NONE
select the 2nd image,click,image,NONE,NONE,NONE,2nd
scroll down to menu to the right of the first email,scroll,menu,NONE,right_of,first email,NONE
trash the 2nd text to the right of the cart,delete,text,NONE,right_of,cart,2nd
delete the 2nd image to the left of the checkout,delete,image,NONE,left_of,checkout,2nd
scroll to the 3rd text above the payment,scroll,text,NONE,above,payment,3rd
press switch,click,switch,NONE,NONE,NONE,NONE
paste the 1st blue text to the left of the last item,paste,text,blue,left_of,last item,1st
copy text below the settings,copy,text,NONE,below,settings,NONE
paste text,paste,text,NONE,NONE,NONE,NONE
scroll to tab to the left of the profile,scroll,tab,NONE,left_of,profile,NONE
long-press text next to the first email,long-press,text,NONE,next_to,first email,NONE
paste gray text below the address,paste,text,gray,below,address,NONE
select link above the first email,click,link,NONE,above,first email,NONE
scroll to menu next to the cart,scroll,menu,NONE,next_to,cart,NONE
open pink tab next to the checkout,open,tab,pink,next_to,checkout,NONE
copy the 1st text to the right of the checkout,copy,text,NONE,right_of,checkout,1st
tap on link next to the address,tap,link,NONE,next_to,address,NONE
open menu,open,menu,NONE,NONE,NONE,NONE
remove the 3rd purple image to the right of the checkout,delete,image,purple,right_of,checkout,3rd
long-press gray text next to the home,long-press,text,gray,next_to,home,NONE
remove the last pink button to the right of the payment,delete,button,pink,right_of,payment,last
tap on button next to the checkout,tap,button,NONE,next_to,checkout,NONE
delete blue button to the right of the login,delete,button,blue,right_of,login,NONE
open button above the settings,open,button,NONE,above,settings,NONE
scroll down to text to the left of the address,scroll,text,NONE,left_of,address,NONE
tap the 1st button below the address,tap,button,NONE,below,address,1st
select checkbox below the profile,click,checkbox,NONE,below,profile,NONE
paste white text,paste,text,white,NONE,NONE,NONE
long-press pink text,long-press,text,pink,NONE,NONE,NONE
tap the 1st checkbox to the left of the profile,tap,checkbox,NONE,left_of,profile,1st
launch the 1st yellow icon to the right of the cart,open,icon,yellow,right_of,cart,1st
click on switch,click,switch,NONE,NONE,NONE,NONE
long-press image to the left of the help,long-press,image,NONE,left_of,help,NONE
open tab below the notifications,open,tab,NONE,below,notifications,NONE
copy the 1st orange text next to the checkout,copy,text,orange,next_to,checkout,1st
copy text to the right of the home,copy,text,NONE,right_of,home,NONE
launch button below the first email,open,button,NONE,below,first email,NONE
press and hold the 1st image next to the profile,long-press,image,NONE,next_to,profile,1st
copy text,copy,text,NONE,NONE,NONE,NONE
tap link above the menu,tap,link,NONE,above,menu,NONE
scroll to text to the right of the first email,scroll,text,NONE,right_of,first email,NONE
copy text to the right of the notifications,copy,text,NONE,right_of,notifications,NONE
tap on tab next to the search,tap,tab,NONE,next_to,search,NONE
scroll to green menu,scroll,menu,green,NONE,NONE,NONE
remove the 1st button,delete,button,NONE,NONE,NONE,1st
tap the last red link,tap,link,red,NONE,NONE,last
delete button to the left of the notifications,delete,button,NONE,left_of,notifications,NONE
paste blue text to the right of the first email,paste,text,blue,right_of,first email,NONE
paste text,paste,text,NONE,NONE,NONE,NONE
trash button to the right of the menu,delete,button,NONE,right_of,menu,NONE
scroll down to the last tab to the right of the wi-fi,scroll,tab,NONE,right_of,wi-fi,last
click on red icon below the notifications,click,icon,red,below,notifications,NONE
remove button,delete,button,NONE,NONE,NONE,NONE
press and hold yellow icon,long-press,icon,yellow,NONE,NONE,NONE
copy text next to the settings,copy,text,NONE,next_to,settings,NONE
paste text above the first email,paste,text,NONE,above,first email,NONE
scroll to tab below the login,scroll,tab,NONE,below,login,NONE
launch icon,open,icon,NONE,NONE,NONE,NONE
select the 3rd purple link to the left of the last item,click,link,purple,left_of,last item,3rd
click the 2nd blue text,click,text,blue,NONE,NONE,2nd
remove button above the notifications,delete,button,NONE,above,notifications,NONE
tap the last red button above the home,tap,button,red,above,home,last
paste gray text next to the login,paste,text,gray,next_to,login,NONE
remove button to the right of the payment,delete,button,NONE,right_of,payment,NONE
launch the last icon to the right of the menu,open,icon,NONE,right_of,menu,last
trash button to the right of the wi-fi,delete,button,NONE,right_of,wi-fi,NONE
scroll to the 2nd yellow text to the right of the home,scroll,text,yellow,right_of,home,2nd
scroll down to the 1st text,scroll,text,NONE,NONE,NONE,1st
open menu,open,menu,NONE,NONE,NONE,NONE
launch tab to the right of the profile,open,tab,NONE,right_of,profile,NONE
press icon to the right of the payment,click,icon,NONE,right_of,payment,NONE
click the 1st button,click,button,NONE,NONE,NONE,1st
click purple switch,click,switch,purple,NONE,NONE,NONE
scroll to the 3rd menu to the right of the home,scroll,menu,NONE,right_of,home,3rd
open link,open,link,NONE,NONE,NONE,NONE
copy the 3rd blue text above the search,copy,text,blue,above,search,3rd
click the 1st red icon to the left of the last item,click,icon,red,left_of,last item,1st
open red button to the right of the login,open,button,red,right_of,login,NONE
launch button to the left of the cart,open,button,NONE,left_of,cart,NONE
scroll down to the 3rd white text,scroll,text,white,NONE,NONE,3rd
tap on gray icon,tap,icon,gray,NONE,NONE,NONE
click on switch to the right of the settings,click,switch,NONE,right_of,settings,NONE
launch pink button,open,button,pink,NONE,NONE,NONE
press button to the right of the search,click,button,NONE,right_of,search,NONE
paste blue text,paste,text,blue,NONE,NONE,NONE
paste text,paste,text,NONE,NONE,NONE,NONE
copy the 3rd text,copy,text,NONE,NONE,NONE,3rd
press and hold yellow image below the search,long-press,image,yellow,below,search,NONE
scroll to blue text above the address,scroll,text,blue,above,address,NONE
press and hold button,long-press,button,NONE,NONE,NONE,NONE
click black switch next to the settings,click,switch,black,next_to,settings,NONE
paste text to the right of the login,paste,text,NONE,right_of,login,NONE
copy purple text,copy,text,purple,NONE,NONE,NONE
trash the 3rd blue image,delete,image,blue,NONE,NONE,3rd
copy gray text,copy,text,gray,NONE,NONE,NONE
press and hold icon,long-press,icon,NONE,NONE,NONE,NONE
tap link,tap,link,NONE,NONE,NONE,NONE
open black tab to the left of the search,open,tab,black,left_of,search,NONE
tap on switch below the last item,tap,switch,NONE,below,last item,NONE
click on tab next to the home,click,tab,NONE,next_to,home,NONE
click the 2nd pink button to the right of the settings,click,button,pink,right_of,settings,2nd
copy text to the right of the address,copy,text,NONE,right_of,address,NONE
tap link below the notifications,tap,link,NONE,below,notifications,NONE
scroll down to the 3rd text to the left of the first email,scroll,text,NONE,left_of,first email,3rd
copy blue text to the right of the payment,copy,text,blue,right_of,payment,NONE
click switch,click,switch,NONE,NONE,NONE,NONE
press and hold the 2nd black icon next to the first email,long-press,icon,black,next_to,first email,2nd
tap on checkbox,tap,checkbox,NONE,NONE,NONE,NONE
paste text next to the wi-fi,paste,text,NONE,next_to,wi-fi,NONE
copy text next to the search,copy,text,NONE,next_to,search,NONE
launch orange tab to the left of the wi-fi,open,tab,orange,left_of,wi-fi,NONE
remove text next to the notifications,delete,text,NONE,next_to,notifications,NONE
launch tab to the left of the address,open,tab,NONE,left_of,address,NONE
paste black text to the right of the wi-fi,paste,text,black,right_of,wi-fi,NONE
remove text to the left of the settings,delete,text,NONE,left_of,settings,NONE
open menu next to the checkout,open,menu,NONE,next_to,checkout,NONE
tap on checkbox to the right of the last item,tap,checkbox,NONE,right_of,last item,NONE
tap on the 2nd black checkbox,tap,checkbox,black,NONE,NONE,2nd
tap on the 1st tab above the payment,tap,tab,NONE,above,payment,1st
scroll to text,scroll,text,NONE,NONE,NONE,NONE
select pink text,click,text,pink,NONE,NONE,NONE
click on green checkbox next to the payment,click,checkbox,green,next_to,payment,NONE
press text to the right of the login,click,text,NONE,right_of,login,NONE
press and hold button below the login,long-press,button,NONE,below,login,NONE
copy yellow text,copy,text,yellow,NONE,NONE,NONE
copy the 2nd orange text above the home,copy,text,orange,above,home,2nd
long-press text above the payment,long-press,text,NONE,above,payment,NONE
long-press icon below the checkout,long-press,icon,NONE,below,checkout,NONE
tap link below the home,tap,link,NONE,below,home,NONE
remove orange image below the home,delete,image,orange,below,home,NONE
launch purple button,open,button,purple,NONE,NONE,NONE
scroll to the 1st tab above the login,scroll,tab,NONE,above,login,1st
tap green link below the help,tap,link,green,below,help,NONE
delete blue text,delete,text,blue,NONE,NONE,NONE
trash text below the wi-fi,delete,text,NONE,below,wi-fi,NONE
press black image,click,image,black,NONE,NONE,NONE
tap on gray button,tap,button,gray,NONE,NONE,NONE
paste the last text above the login,paste,text,NONE,above,login,last
remove text next to the wi-fi,delete,text,NONE,next_to,wi-fi,NONE
press and hold yellow image to the left of the search,long-press,image,yellow,left_of,search,NONE
scroll down to menu to the right of the cart,scroll,menu,NONE,right_of,cart,NONE
trash text next to the checkout,delete,text,NONE,next_to,checkout,NONE
paste black text,paste,text,black,NONE,NONE,NONE
copy the 1st pink text,copy,text,pink,NONE,NONE,1st
long-press the 1st green button,long-press,button,green,NONE,NONE,1st
copy text,copy,text,NONE,NONE,NONE,NONE
scroll down to tab,scroll,tab,NONE,NONE,NONE,NONE
tap button to the right of the help,tap,button,NONE,right_of,help,NONE
press checkbox to the right of the payment,click,checkbox,NONE,right_of,payment,NONE
scroll down to menu,scroll,menu,NONE,NONE,NONE,NONE
launch menu above the first email,open,menu,NONE,above,first email,NONE
paste the 1st black text next to the cart,paste,text,black,next_to,cart,1st
click on image above the menu,click,image,NONE,above,menu,NONE
scroll to tab,scroll,tab,NONE,NONE,NONE,NONE
launch tab,open,tab,NONE,NONE,NONE,NONE
delete black image,delete,image,black,NONE,NONE,NONE
press link below the search,click,link,NONE,below,search,NONE
scroll down to gray tab,scroll,tab,gray,NONE,NONE,NONE
press and hold text,long-press,text,NONE,NONE,NONE,NONE
trash the 1st button,delete,button,NONE,NONE,NONE,1st
remove gray button,delete,button,gray,NONE,NONE,NONE
scroll to menu to the right of the last item,scroll,menu,NONE,right_of,last item,NONE
long-press image,long-press,image,NONE,NONE,NONE,NONE
launch the last blue tab,open,tab,blue,NONE,NONE,last
paste the last text to the right of the cart,paste,text,NONE,right_of,cart,last
launch white button next to the home,open,button,white,next_to,home,NONE
long-press text to the right of the cart,long-press,text,NONE,right_of,cart,NONE
copy black text,copy,text,black,NONE,NONE,NONE
delete text,delete,text,NONE,NONE,NONE,NONE
paste text below the payment,paste,text,NONE,below,payment,NONE
long-press image,long-press,image,NONE,NONE,NONE,NONE
open purple tab above the cart,open,tab,purple,above,cart,NONE
paste text above the menu,paste,text,NONE,above,menu,NONE
tap on the 1st checkbox next to the last item,tap,checkbox,NONE,next_to,last item,1st
press and hold icon,long-press,icon,NONE,NONE,NONE,NONE
paste the 2nd blue text below the menu,paste,text,blue,below,menu,2nd
tap icon below the last item,tap,icon,NONE,below,last item,NONE
long-press the 3rd yellow image to the left of the search,long-press,image,yellow,left_of,search,3rd
scroll down to menu below the login,scroll,menu,NONE,below,login,NONE
copy text,copy,text,NONE,NONE,NONE,NONE
copy text to the left of the profile,copy,text,NONE,left_of,profile,NONE
delete blue text,delete,text,blue,NONE,NONE,NONE
press and hold button to the left of the cart,long-press,button,NONE,left_of,cart,NONE
paste text,paste,text,NONE,NONE,NONE,NONE
copy the 2nd text next to the help,copy,text,NONE,next_to,help,2nd
tap on the 2nd button next to the payment,tap,button,NONE,next_to,payment,2nd
paste pink text below the home,paste,text,pink,below,home,NONE
paste text,paste,text,NONE,NONE,NONE,NONE
tap tab below the last item,tap,tab,NONE,below,last item,NONE
trash the 2nd green image,delete,image,green,NONE,NONE,2nd
long-press image,long-press,image,NONE,NONE,NONE,NONE
click gray icon,click,icon,gray,NONE,NONE,NONE
launch the last pink icon to the right of the first email,open,icon,pink,right_of,first email,last
paste the 2nd text,paste,text,NONE,NONE,NONE,2nd
paste text,paste,text,NONE,NONE,NONE,NONE
paste the last text,paste,text,NONE,NONE,NONE,last
copy purple text to the left of the wi-fi,copy,text,purple,left_of,wi-fi,NONE
launch tab,open,tab,NONE,NONE,NONE,NONE
tap on the 2nd black link above the notifications,tap,link,black,above,notifications,2nd
copy gray text next to the address,copy,text,gray,next_to,address,NONE
delete image below the first email,delete,image,NONE,below,first email,NONE
tap yellow icon,tap,icon,yellow,NONE,NONE,NONE
paste text below the notifications,paste,text,NONE,below,notifications,NONE
select checkbox,click,checkbox,NONE,NONE,NONE,NONE
copy pink text above the cart,copy,text,pink,above,cart,NONE
scroll down to tab to the right of the address,scroll,tab,NONE,right_of,address,NONE
press the 2nd image to the right of the login,click,image,NONE,right_of,login,2nd
tap on the 3rd black switch below the address,tap,switch,black,below,address,3rd
tap button,tap,button,NONE,NONE,NONE,NONE
copy the 2nd text,copy,text,NONE,NONE,NONE,2nd
delete the last text next to the profile,delete,text,NONE,next_to,profile,last
open tab above the checkout,open,tab,NONE,above,checkout,NONE
launch gray link to the right of the help,open,link,gray,right_of,help,NONE
click purple button below the last item,click,button,purple,below,last item,NONE
copy text,copy,text,NONE,NONE,NONE,NONE
tap on the 1st yellow tab above the address,tap,tab,yellow,above,address,1st
open button,open,button,NONE,NONE,NONE,NONE
long-press yellow text below the first email,long-press,text,yellow,below,first email,NONE
copy the 3rd text,copy,text,NONE,NONE,NONE,3rd
tap tab next to the checkout,tap,tab,NONE,next_to,checkout,NONE
copy text,copy,text,NONE,NONE,NONE,NONE
open blue tab,open,tab,blue,NONE,NONE,NONE
click on icon above the profile,click,icon,NONE,above,profile,NONE
tap the last tab,tap,tab,NONE,NONE,NONE,last
paste the 2nd red text next to the first email,paste,text,red,next_to,first email,2nd
press and hold green button,long-press,button,green,NONE,NONE,NONE
tap on yellow button,tap,button,yellow,NONE,NONE,NONE
paste the last text next to the cart,paste,text,NONE,next_to,cart,last
tap on switch,tap,switch,NONE,NONE,NONE,NONE
paste the 1st white text to the left of the address,paste,text,white,left_of,address,1st
copy text,copy,text,NONE,NONE,NONE,NONE
paste text above the address,paste,text,NONE,above,address,NONE
long-press red icon,long-press,icon,red,NONE,NONE,NONE
launch orange link below the menu,open,link,orange,below,menu,NONE
delete button to the right of the first email,delete,button,NONE,right_of,first email,NONE
click switch,click,switch,NONE,NONE,NONE,NONE
scroll down to menu next to the login,scroll,menu,NONE,next_to,login,NONE
click on button,click,button,NONE,NONE,NONE,NONE
paste text to the right of the checkout,paste,text,NONE,right_of,checkout,NONE
click white image above the login,click,image,white,above,login,NONE
paste text,paste,text,NONE,NONE,NONE,NONE
trash image,delete,image,NONE,NONE,NONE,NONE
scroll to tab,scroll,tab,NONE,NONE,NONE,NONE
paste text,paste,text,NONE,NONE,NONE,NONE
tap on the 3rd tab below the last item,tap,tab,NONE,below,last item,3rd
scroll to text,scroll,text,NONE,NONE,NONE,NONE
paste the last yellow text,paste,text,yellow,NONE,NONE,last
delete black image,delete,image,black,NONE,NONE,NONE
tap link below the home,tap,link,NONE,below,home,NONE
copy text to the left of the menu,copy,text,NONE,left_of,menu,NONE
paste the 3rd text above the wi-fi,paste,text,NONE,above,wi-fi,3rd
paste text above the notifications,paste,text,NONE,above,notifications,NONE
open link above the checkout,open,link,NONE,above,checkout,NONE
paste purple text,paste,text,purple,NONE,NONE,NONE
trash button to the right of the settings,delete,button,NONE,right_of,settings,NONE
scroll to red text above the help,scroll,text,red,above,help,NONE
remove button,delete,button,NONE,NONE,NONE,NONE
scroll to tab above the home,scroll,tab,NONE,above,home,NONE
press and hold text,long-press,text,NONE,NONE,NONE,NONE
long-press the 3rd text,long-press,text,NONE,NONE,NONE,3rd
paste the 1st text,paste,text,NONE,NONE,NONE,1st
remove button,delete,button,NONE,NONE,NONE,NONE
copy text below the settings,copy,text,NONE,below,settings,NONE
open the 3rd link above the cart,open,link,NONE,above,cart,3rd
select the last image to the right of the search,click,image,NONE,right_of,search,last
launch green icon above the home,open,icon,green,above,home,NONE
launch the 2nd tab above the cart,open,tab,NONE,above,cart,2nd
open tab above the menu,open,tab,NONE,above,menu,NONE
tap on pink switch above the menu,tap,switch,pink,above,menu,NONE
scroll to white text above the search,scroll,text,white,above,search,NONE
press and hold button next to the settings,long-press,button,NONE,next_to,settings,NONE
tap the 1st icon,tap,icon,NONE,NONE,NONE,1st
tap on icon next to the last item,tap,icon,NONE,next_to,last item,NONE
paste text to the right of the search,paste,text,NONE,right_of,search,NONE
paste the last blue text,paste,text,blue,NONE,NONE,last
copy text to the left of the first email,copy,text,NONE,left_of,first email,NONE
long-press gray text next to the last item,long-press,text,gray,next_to,last item,NONE
long-press text next to the last item,long-press,text,NONE,next_to,last item,NONE
open the 3rd link above the search,open,link,NONE,above,search,3rd
delete image to the right of the payment,delete,image,NONE,right_of,payment,NONE
press and hold black icon,long-press,icon,black,NONE,NONE,NONE
open link next to the checkout,open,link,NONE,next_to,checkout,NONE
click on checkbox next to the settings,click,checkbox,NONE,next_to,settings,NONE
paste black text next to the menu,paste,text,black,next_to,menu,NONE
copy the 3rd text,copy,text,NONE,NONE,NONE,3rd
long-press the 1st orange image next to the home,long-press,image,orange,next_to,home,1st
select checkbox next to the notifications,click,checkbox,NONE,next_to,notifications,NONE
paste the 3rd text next to the checkout,paste,text,NONE,next_to,checkout,3rd
tap on tab below the login,tap,tab,NONE,below,login,NONE
tap switch,tap,switch,NONE,NONE,NONE,NONE
scroll to the 1st menu to the left of the payment,scroll,menu,NONE,left_of,payment,1st
long-press the 3rd button to the left of the first email,long-press,button,NONE,left_of,first email,3rd
tap on switch to the left of the checkout,tap,switch,NONE,left_of,checkout,NONE
click link below the address,click,link,NONE,below,address,NONE
tap on the last checkbox to the right of the home,tap,checkbox,NONE,right_of,home,last
press and hold icon,long-press,icon,NONE,NONE,NONE,NONE
paste text to the left of the login,paste,text,NONE,left_of,login,NONE
copy text to the left of the last item,copy,text,NONE,left_of,last item,NONE
tap button above the notifications,tap,button,NONE,above,notifications,NONE
press text below the cart,click,text,NONE,below,cart,NONE
paste green text next to the payment,paste,text,green,next_to,payment,NONE
scroll to the last menu below the checkout,scroll,menu,NONE,below,checkout,last
trash the 3rd yellow text next to the help,delete,text,yellow,next_to,help,3rd
tap on the last icon to the right of the address,tap,icon,NONE,right_of,address,last
trash button to the left of the profile,delete,button,NONE,left_of,profile,NONE
paste text,paste,text,NONE,NONE,NONE,NONE
press and hold the 1st image below the payment,long-press,image,NONE,below,payment,1st
select text,click,text,NONE,NONE,NONE,NONE
paste the 2nd text below the address,paste,text,NONE,below,address,2nd
paste text below the notifications,paste,text,NONE,below,notifications,NONE
scroll down to blue tab,scroll,tab,blue,NONE,NONE,NONE
tap tab next to the menu,tap,tab,NONE,next_to,menu,NONE
scroll down to the 1st text above the profile,scroll,text,NONE,above,profile,1st
scroll to text,scroll,text,NONE,NONE,NONE,NONE
open the 2nd button,open,button,NONE,NONE,NONE,2nd
select text to the left of the payment,click,text,NONE,left_of,payment,NONE
click on green icon,click,icon,green,NONE,NONE,NONE
tap on checkbox,tap,checkbox,NONE,NONE,NONE,NONE
press and hold gray icon above the wi-fi,long-press,icon,gray,above,wi-fi,NONE
scroll to the last green tab below the payment,scroll,tab,green,below,payment,last
press and hold blue button,long-press,button,blue,NONE,NONE,NONE
remove image below the menu,delete,image,NONE,below,menu,NONE
launch purple icon,open,icon,purple,NONE,NONE,NONE
open button,open,button,NONE,NONE,NONE,NONE
long-press image above the cart,long-press,image,NONE,above,cart,NONE
press and hold text,long-press,text,NONE,NONE,NONE,NONE
delete the 1st image,delete,image,NONE,NONE,NONE,1st
scroll to text above the wi-fi,scroll,text,NONE,above,wi-fi,NONE
paste yellow text below the address,paste,text,yellow,below,address,NONE
copy pink text to the right of the home,copy,text,pink,right_of,home,NONE
press and hold button next to the last item,long-press,button,NONE,next_to,last item,NONE
open link below the last item,open,link,NONE,below,last item,NONE
click on the 3rd link above the wi-fi,click,link,NONE,above,wi-fi,3rd
click link next to the cart,click,link,NONE,next_to,cart,NONE
tap the 1st icon next to the last item,tap,icon,NONE,next_to,last item,1st
scroll down to pink menu,scroll,menu,pink,NONE,NONE,NONE
paste text to the right of the home,paste,text,NONE,right_of,home,NONE
copy text to the right of the home,copy,text,NONE,right_of,home,NONE
select checkbox above the login,click,checkbox,NONE,above,login,NONE
click on purple icon to the right of the help,click,icon,purple,right_of,help,NONE
long-press button,long-press,button,NONE,NONE,NONE,NONE
launch the last pink icon,open,icon,pink,NONE,NONE,last
paste purple text,paste,text,purple,NONE,NONE,NONE
click on red image,click,image,red,NONE,NONE,NONE
scroll to tab next to the login,scroll,tab,NONE,next_to,login,NONE
remove text,delete,text,NONE,NONE,NONE,NONE
select switch to the left of the settings,click,switch,NONE,left_of,settings,NONE
delete image to the left of the wi-fi,delete,image,NONE,left_of,wi-fi,NONE
press and hold icon above the last item,long-press,icon,NONE,above,last item,NONE
launch menu to the right of the checkout,open,menu,NONE,right_of,checkout,NONE
launch menu to the right of the profile,open,menu,NONE,right_of,profile,NONE
tap the 1st icon next to the profile,tap,icon,NONE,next_to,profile,1st
remove image to the left of the profile,delete,image,NONE,left_of,profile,NONE
scroll down to text next to the first email,scroll,text,NONE,next_to,first email,NONE
remove text to the left of the menu,delete,text,NONE,left_of,menu,NONE
remove green text above the search,delete,text,green,above,search,NONE
long-press yellow image,long-press,image,yellow,NONE,NONE,NONE
click on white icon,click,icon,white,NONE,NONE,NONE
click on tab to the left of the cart,click,tab,NONE,left_of,cart,NONE
press and hold icon to the right of the cart,long-press,icon,NONE,right_of,cart,NONE
open purple icon above the profile,open,icon,purple,above,profile,NONE
open the 1st yellow tab to the right of the search,open,tab,yellow,right_of,search,1st
copy text,copy,text,NONE,NONE,NONE,NONE
tap on tab next to the profile,tap,tab,NONE,next_to,profile,NONE
click the 1st image to the right of the wi-fi,click,image,NONE,right_of,wi-fi,1st
copy gray text,copy,text,gray,NONE,NONE,NONE
scroll down to text above the menu,scroll,text,NONE,above,menu,NONE
select checkbox next to the last item,click,checkbox,NONE,next_to,last item,NONE
open the 3rd green menu,open,menu,green,NONE,NONE,3rd
remove text below the cart,delete,text,NONE,below,cart,NONE
copy the 2nd text next to the notifications,copy,text,NONE,next_to,notifications,2nd
long-press icon,long-press,icon,NONE,NONE,NONE,NONE
select gray icon to the left of the cart,click,icon,gray,left_of,cart,NONE
paste white text next to the first email,paste,text,white,next_to,first email,NONE
press and hold image,long-press,image,NONE,NONE,NONE,NONE
long-press the 1st purple button,long-press,button,purple,NONE,NONE,1st
scroll to menu to the right of the profile,scroll,menu,NONE,right_of,profile,NONE
remove the 3rd image below the search,delete,image,NONE,below,search,3rd
launch tab to the right of the help,open,tab,NONE,right_of,help,NONE
copy text next to the search,copy,text,NONE,next_to,search,NONE
press and hold the 3rd yellow text,long-press,text,yellow,NONE,NONE,3rd
select the 2nd red image,click,image,red,NONE,NONE,2nd
long-press text next to the home,long-press,text,NONE,next_to,home,NONE
tap checkbox above the first email,tap,checkbox,NONE,above,first email,NONE
paste text to the right of the payment,paste,text,NONE,right_of,payment,NONE
open pink icon to the left of the address,open,icon,pink,left_of,address,NONE
paste text to the right of the cart,paste,text,NONE,right_of,cart,NONE
remove the last button,delete,button,NONE,NONE,NONE,last
open the 3rd menu above the settings,open,menu,NONE,above,settings,3rd
select image to the right of the payment,click,image,NONE,right_of,payment,NONE
scroll down to text,scroll,text,NONE,NONE,NONE,NONE
copy the 1st red text above the cart,copy,text,red,above,cart,1st
press and hold the 3rd image to the right of the profile,long-press,image,NONE,right_of,profile,3rd
scroll down to yellow tab,scroll,tab,yellow,NONE,NONE,NONE
launch the 1st button,open,button,NONE,NONE,NONE,1st
trash yellow image,delete,image,yellow,NONE,NONE,NONE
launch green tab above the cart,open,tab,green,above,cart,NONE
trash image next to the first email,delete,image,NONE,next_to,first email,NONE
open icon,open,icon,NONE,NONE,NONE,NONE
open the 1st red link above the profile,open,link,red,above,profile,1st
copy the 1st yellow text,copy,text,yellow,NONE,NONE,1st
paste text,paste,text,NONE,NONE,NONE,NONE
tap on icon,tap,icon,NONE,NONE,NONE,NONE
press the last tab above the home,click,tab,NONE,above,home,last
press and hold icon,long-press,icon,NONE,NONE,NONE,NONE
press and hold the 2nd icon,long-press,icon,NONE,NONE,NONE,2nd
launch icon,open,icon,NONE,NONE,NONE,NONE
copy the 1st text below the checkout,copy,text,NONE,below,checkout,1st
tap on icon,tap,icon,NONE,NONE,NONE,NONE
press and hold black button to the right of the wi-fi,long-press,button,black,right_of,wi-fi,NONE
open gray tab next to the settings,open,tab,gray,next_to,settings,NONE
press and hold the 3rd blue icon to the left of the login,long-press,icon,blue,left_of,login,3rd
open pink tab below the address,open,tab,pink,below,address,NONE
paste the last text above the login,paste,text,NONE,above,login,last
remove text to the left of the first email,delete,text,NONE,left_of,first email,NONE
copy the last text to the right of the search,copy,text,NONE,right_of,search,last
launch the 2nd green button,open,button,green,NONE,NONE,2nd
long-press yellow icon,long-press,icon,yellow,NONE,NONE,NONE
scroll to the last tab to the right of the home,scroll,tab,NONE,right_of,home,last
paste text above the login,paste,text,NONE,above,login,NONE
scroll to text,scroll,text,NONE,NONE,NONE,NONE
remove the 3rd blue image to the right of the search,delete,image,blue,right_of,search,3rd
remove text,delete,text,NONE,NONE,NONE,NONE
scroll to tab,scroll,tab,NONE,NONE,NONE,NONE
launch the 2nd pink link to the right of the search,open,link,pink,right_of,search,2nd
press and hold button below the notifications,long-press,button,NONE,below,notifications,NONE
remove text to the right of the search,delete,text,NONE,right_of,search,NONE
press and hold text above the notifications,long-press,text,NONE,above,notifications,NONE
copy pink text above the login,copy,text,pink,above,login,NONE
paste gray text,paste,text,gray,NONE,NONE,NONE
open menu,open,menu,NONE,NONE,NONE,NONE
scroll to purple text to the left of the home,scroll,text,purple,left_of,home,NONE
remove the 3rd text,delete,text,NONE,NONE,NONE,3rd
tap on icon,tap,icon,NONE,NONE,NONE,NONE
select the 3rd blue switch below the notifications,click,switch,blue,below,notifications,3rd
paste the 3rd text next to the menu,paste,text,NONE,next_to,menu,3rd
scroll to the 2nd tab,scroll,tab,NONE,NONE,NONE,2nd
trash text to the left of the home,delete,text,NONE,left_of,home,NONE
copy the last orange text to the left of the login,copy,text,orange,left_of,login,last
press text below the wi-fi,click,text,NONE,below,wi-fi,NONE
tap the 2nd orange switch,tap,switch,orange,NONE,NONE,2nd
tap on the 2nd tab to the right of the checkout,tap,tab,NONE,right_of,checkout,2nd
trash black text,delete,text,black,NONE,NONE,NONE
paste text above the menu,paste,text,NONE,above,menu,NONE
trash the 3rd button to the left of the settings,delete,button,NONE,left_of,settings,3rd
tap on tab,tap,tab,NONE,NONE,NONE,NONE
open pink icon to the left of the login,open,icon,pink,left_of,login,NONE
long-press button to the left of the wi-fi,long-press,button,NONE,left_of,wi-fi,NONE
tap button next to the last item,tap,button,NONE,next_to,last item,NONE
click the 1st checkbox,click,checkbox,NONE,NONE,NONE,1st
paste the 2nd text below the checkout,paste,text,NONE,below,checkout,2nd
select gray text,click,text,gray,NONE,NONE,NONE
copy text below the address,copy,text,NONE,below,address,NONE
scroll down to text to the left of the login,scroll,text,NONE,left_of,login,NONE
paste the 1st text next to the home,paste,text,NONE,next_to,home,1st
paste pink text,paste,text,pink,NONE,NONE,NONE
tap on the last switch to the left of the wi-fi,tap,switch,NONE,left_of,wi-fi,last
launch the last red icon next to the address,open,icon,red,next_to,address,last
copy text to the left of the menu,copy,text,NONE,left_of,menu,NONE
select checkbox,click,checkbox,NONE,NONE,NONE,NONE
scroll to the 1st red menu to the right of the help,scroll,menu,red,right_of,help,1st
trash the 2nd yellow text,delete,text,yellow,NONE,NONE,2nd
open the last icon above the payment,open,icon,NONE,above,payment,last
press and hold yellow image,long-press,image,yellow,NONE,NONE,NONE
click on the 1st purple button below the checkout,click,button,purple,below,checkout,1st
remove the 1st image to the right of the menu,delete,image,NONE,right_of,menu,1st
open menu next to the address,open,menu,NONE,next_to,address,NONE
tap the 3rd blue switch to the right of the profile,tap,switch,blue,right_of,profile,3rd
copy the 2nd purple text below the last item,copy,text,purple,below,last item,2nd
press and hold image,long-press,image,NONE,NONE,NONE,NONE
launch the 1st icon next to the first email,open,icon,NONE,next_to,first email,1st
long-press pink text to the right of the home,long-press,text,pink,right_of,home,NONE
paste text to the right of the last item,paste,text,NONE,right_of,last item,NONE
scroll to the 3rd tab,scroll,tab,NONE,NONE,NONE,3rd
press gray tab,click,tab,gray,NONE,NONE,NONE
tap on tab below the first email,tap,tab,NONE,below,first email,NONE
tap on the 1st green switch,tap,switch,green,NONE,NONE,1st
long-press the last black text next to the wi-fi,long-press,text,black,next_to,wi-fi,last
open tab,open,tab,NONE,NONE,NONE,NONE
click tab to the left of the profile,click,tab,NONE,left_of,profile,NONE
trash button below the address,delete,button,NONE,below,address,NONE
scroll down to tab to the left of the checkout,scroll,tab,NONE,left_of,checkout,NONE
tap red tab,tap,tab,red,NONE,NONE,NONE
select black checkbox above the notifications,click,checkbox,black,above,notifications,NONE
scroll to black tab to the right of the profile,scroll,tab,black,right_of,profile,NONE
trash image,delete,image,NONE,NONE,NONE,NONE
paste the last text,paste,text,NONE,NONE,NONE,last
copy blue text above the payment,copy,text,blue,above,payment,NONE
copy text above the checkout,copy,text,NONE,above,checkout,NONE
click on the last yellow text to the left of the checkout,click,text,yellow,left_of,checkout,last
remove button below the payment,delete,button,NONE,below,payment,NONE
paste text below the home,paste,text,NONE,below,home,NONE
launch the 1st icon above the first email,open,icon,NONE,above,first email,1st
press and hold the 2nd image,long-press,image,NONE,NONE,NONE,2nd
press and hold icon above the search,long-press,icon,NONE,above,search,NONE
paste the 3rd text next to the home,paste,text,NONE,next_to,home,3rd
tap on black icon,tap,icon,black,NONE,NONE,NONE
tap on the 1st tab,tap,tab,NONE,NONE,NONE,1st
trash the 2nd text,delete,text,NONE,NONE,NONE,2nd
scroll down to pink tab to the right of the wi-fi,scroll,tab,pink,right_of,wi-fi,NONE
copy purple text,copy,text,purple,NONE,NONE,NONE
select green button to the right of the first email,click,button,green,right_of,first email,NONE
tap on icon,tap,icon,NONE,NONE,NONE,NONE
scroll to tab above the wi-fi,scroll,tab,NONE,above,wi-fi,NONE
scroll down to menu,scroll,menu,NONE,NONE,NONE,NONE
copy text,copy,text,NONE,NONE,NONE,NONE
scroll down to yellow menu,scroll,menu,yellow,NONE,NONE,NONE
scroll down to white menu,scroll,menu,white,NONE,NONE,NONE
copy pink text,copy,text,pink,NONE,NONE,NONE
click on the 3rd icon,click,icon,NONE,NONE,NONE,3rd
copy text,copy,text,NONE,NONE,NONE,NONE
delete pink button,delete,button,pink,NONE,NONE,NONE
tap on pink checkbox above the wi-fi,tap,checkbox,pink,above,wi-fi,NONE
trash text below the checkout,delete,text,NONE,below,checkout,NONE
press and hold text,long-press,text,NONE,NONE,NONE,NONE
paste text to the right of the login,paste,text,NONE,right_of,login,NONE
scroll down to the 3rd gray menu below the cart,scroll,menu,gray,below,cart,3rd
scroll down to white menu above the wi-fi,scroll,menu,white,above,wi-fi,NONE
press and hold image,long-press,image,NONE,NONE,NONE,NONE
copy text,copy,text,NONE,NONE,NONE,NONE
click link next to the cart,click,link,NONE,next_to,cart,NONE
select the 1st red image to the left of the cart,click,image,red,left_of,cart,1st
copy text below the address,copy,text,NONE,below,address,NONE
remove text to the left of the address,delete,text,NONE,left_of,address,NONE
copy text to the right of the profile,copy,text,NONE,right_of,profile,NONE
tap blue checkbox,tap,checkbox,blue,NONE,NONE,NONE
click purple switch next to the last item,click,switch,purple,next_to,last item,NONE
delete image above the home,delete,image,NONE,above,home,NONE
delete text,delete,text,NONE,NONE,NONE,NONE
paste text to the left of the last item,paste,text,NONE,left_of,last item,NONE
launch button above the settings,open,button,NONE,above,settings,NONE
click black image,click,image,black,NONE,NONE,NONE
press and hold purple button above the checkout,long-press,button,purple,above,checkout,NONE
click on icon to the left of the checkout,click,icon,NONE,left_of,checkout,NONE
scroll down to purple tab to the left of the checkout,scroll,tab,purple,left_of,checkout,NONE
click on the 2nd switch,click,switch,NONE,NONE,NONE,2nd
delete button to the right of the help,delete,button,NONE,right_of,help,NONE
click pink link,click,link,pink,NONE,NONE,NONE
press and hold gray button next to the help,long-press,button,gray,next_to,help,NONE
launch menu to the left of the menu,open,menu,NONE,left_of,menu,NONE
delete image next to the last item,delete,image,NONE,next_to,last item,NONE
click on green switch,click,switch,green,NONE,NONE,NONE
scroll down to text below the profile,scroll,text,NONE,below,profile,NONE
launch menu above the menu,open,menu,NONE,above,menu,NONE
tap on red link below the search,tap,link,red,below,search,NONE
tap the last tab,tap,tab,NONE,NONE,NONE,last
launch orange icon next to the cart,open,icon,orange,next_to,cart,NONE
open button,open,button,NONE,NONE,NONE,NONE
launch gray button next to the menu,open,button,gray,next_to,menu,NONE
copy text to the left of the cart,copy,text,NONE,left_of,cart,NONE
launch the 3rd menu below the profile,open,menu,NONE,below,profile,3rd
launch the 3rd button to the right of the last item,open,button,NONE,right_of,last item,3rd
open link to the left of the checkout,open,link,NONE,left_of,checkout,NONE
press switch,click,switch,NONE,NONE,NONE,NONE
press and hold text to the right of the checkout,long-press,text,NONE,right_of,checkout,NONE
remove image,delete,image,NONE,NONE,NONE,NONE
click switch to the left of the payment,click,switch,NONE,left_of,payment,NONE
paste the 2nd green text to the left of the payment,paste,text,green,left_of,payment,2nd
press and hold button next to the notifications,long-press,button,NONE,next_to,notifications,NONE
tap on switch to the right of the settings,tap,switch,NONE,right_of,settings,NONE
tap on the 3rd pink checkbox,tap,checkbox,pink,NONE,NONE,3rd
press and hold text to the right of the wi-fi,long-press,text,NONE,right_of,wi-fi,NONE
tap on icon below the home,tap,icon,NONE,below,home,NONE
paste the 3rd red text next to the help,paste,text,red,next_to,help,3rd
copy text,copy,text,NONE,NONE,NONE,NONE
copy text,copy,text,NONE,NONE,NONE,NONE
tap on blue link next to the login,tap,link,blue,next_to,login,NONE
paste text above the settings,paste,text,NONE,above,settings,NONE
remove the last orange button to the left of the help,delete,button,orange,left_of,help,last
open the 2nd button,open,button,NONE,NONE,NONE,2nd
copy the last text to the left of the last item,copy,text,NONE,left_of,last item,last
select link below the settings,click,link,NONE,below,settings,NONE
copy green text,copy,text,green,NONE,NONE,NONE
paste text,paste,text,NONE,NONE,NONE,NONE
paste text,paste,text,NONE,NONE,NONE,NONE
long-press the 3rd pink text to the right of the cart,long-press,text,pink,right_of,cart,3rd
scroll down to menu below the settings,scroll,menu,NONE,below,settings,NONE
paste green text above the last item,paste,text,green,above,last item,NONE
tap on the 1st purple switch below the first email,tap,switch,purple,below,first email,1st
scroll to the 2nd text,scroll,text,NONE,NONE,NONE,2nd
trash yellow image to the right of the menu,delete,image,yellow,right_of,menu,NONE
long-press text to the right of the wi-fi,long-press,text,NONE,right_of,wi-fi,NONE
press and hold image,long-press,image,NONE,NONE,NONE,NONE
copy text,copy,text,NONE,NONE,NONE,NONE
remove the 2nd image below the payment,delete,image,NONE,below,payment,2nd
copy the last text,copy,text,NONE,NONE,NONE,last
long-press the last image to the right of the checkout,long-press,image,NONE,right_of,checkout,last
copy text below the notifications,copy,text,NONE,below,notifications,NONE
tap on the 2nd pink button to the right of the cart,tap,button,pink,right_of,cart,2nd
tap the 1st checkbox to the right of the login,tap,checkbox,NONE,right_of,login,1st
delete the 1st button above the settings,delete,button,NONE,above,settings,1st
remove black text next to the notifications,delete,text,black,next_to,notifications,NONE
paste white text,paste,text,white,NONE,NONE,NONE
paste text next to the address,paste,text,NONE,next_to,address,NONE
remove orange button to the right of the help,delete,button,orange,right_of,help,NONE
click on text,click,text,NONE,NONE,NONE,NONE
copy gray text above the profile,copy,text,gray,above,profile,NONE
scroll to the 1st text to the left of the profile,scroll,text,NONE,left_of,profile,1st
copy blue text next to the profile,copy,text,blue,next_to,profile,NONE
scroll down to text to the left of the first email,scroll,text,NONE,left_of,first email,NONE
paste blue text,paste,text,blue,NONE,NONE,NONE
paste the 2nd text,paste,text,NONE,NONE,NONE,2nd
launch yellow link to the left of the help,open,link,yellow,left_of,help,NONE
copy text to the right of the cart,copy,text,NONE,right_of,cart,NONE
paste text,paste,text,NONE,NONE,NONE,NONE
launch the 2nd menu,open,menu,NONE,NONE,NONE,2nd
scroll down to tab to the right of the settings,scroll,tab,NONE,right_of,settings,NONE
long-press icon below the help,long-press,icon,NONE,below,help,NONE
click on checkbox next to the cart,click,checkbox,NONE,next_to,cart,NONE
tap on the 1st gray switch next to the profile,tap,switch,gray,next_to,profile,1st
paste text,paste,text,NONE,NONE,NONE,NONE
click on the 1st text above the notifications,click,text,NONE,above,notifications,1st
tap button,tap,button,NONE,NONE,NONE,NONE
tap tab to the right of the profile,tap,tab,NONE,right_of,profile,NONE
open tab,open,tab,NONE,NONE,NONE,NONE
scroll down to the 1st white menu below the help,scroll,menu,white,below,help,1st
press and hold the 1st pink image above the checkout,long-press,image,pink,above,checkout,1st
launch link below the last item,open,link,NONE,below,last item,NONE
press and hold button,long-press,button,NONE,NONE,NONE,NONE
press and hold orange text,long-press,text,orange,NONE,NONE,NONE
copy text,copy,text,NONE,NONE,NONE,NONE
remove the 3rd button to the left of the login,delete,button,NONE,left_of,login,3rd
copy orange text above the help,copy,text,orange,above,help,NONE
remove the 3rd image,delete,image,NONE,NONE,NONE,3rd
scroll to text next to the settings,scroll,text,NONE,next_to,settings,NONE
tap yellow switch below the cart,tap,switch,yellow,below,cart,NONE
copy purple text,copy,text,purple,NONE,NONE,NONE
copy text next to the search,copy,text,NONE,next_to,search,NONE
scroll down to the 3rd menu next to the address,scroll,menu,NONE,next_to,address,3rd
scroll to white text,scroll,text,white,NONE,NONE,NONE
scroll down to tab,scroll,tab,NONE,NONE,NONE,NONE
trash button above the wi-fi,delete,button,NONE,above,wi-fi,NONE
select orange tab next to the address,click,tab,orange,next_to,address,NONE
copy purple text,copy,text,purple,NONE,NONE,NONE
remove the 3rd button,delete,button,NONE,NONE,NONE,3rd
trash orange image,delete,image,orange,NONE,NONE,NONE
scroll to the 3rd white menu next to the login,scroll,menu,white,next_to,login,3rd
tap on tab next to the checkout,tap,tab,NONE,next_to,checkout,NONE
paste the 3rd text,paste,text,NONE,NONE,NONE,3rd
launch menu,open,menu,NONE,NONE,NONE,NONE
paste text above the last item,paste,text,NONE,above,last item,NONE
remove image next to the login,delete,image,NONE,next_to,login,NONE
copy the 2nd yellow text,copy,text,yellow,NONE,NONE,2nd
long-press the last icon above the home,long-press,icon,NONE,above,home,last
click the 2nd switch next to the help,click,switch,NONE,next_to,help,2nd
copy orange text,copy,text,orange,NONE,NONE,NONE
paste text next to the profile,paste,text,NONE,next_to,profile,NONE
copy the 2nd text next to the first email,copy,text,NONE,next_to,first email,2nd
long-press the 1st orange text to the right of the cart,long-press,text,orange,right_of,cart,1st
copy the last red text,copy,text,red,NONE,NONE,last
copy green text to the left of the profile,copy,text,green,left_of,profile,NONE
press the 3rd pink button above the cart,click,button,pink,above,cart,3rd
paste text,paste,text,NONE,NONE,NONE,NONE
copy text above the notifications,copy,text,NONE,above,notifications,NONE
copy the 1st text above the address,copy,text,NONE,above,address,1st
copy text below the first email,copy,text,NONE,below,first email,NONE
scroll down to the 3rd green tab,scroll,tab,green,NONE,NONE,3rd
long-press red text above the menu,long-press,text,red,above,menu,NONE
select the last button below the last item,click,button,NONE,below,last item,last
paste the 1st text to the left of the payment,paste,text,NONE,left_of,payment,1st
copy orange text above the first email,copy,text,orange,above,first email,NONE
copy the last text to the left of the wi-fi,copy,text,NONE,left_of,wi-fi,last
scroll down to the 1st tab,scroll,tab,NONE,NONE,NONE,1st
paste text,paste,text,NONE,NONE,NONE,NONE
launch the 2nd menu,open,menu,NONE,NONE,NONE,2nd
scroll to red menu,scroll,menu,red,NONE,NONE,NONE
trash image,delete,image,NONE,NONE,NONE,NONE
scroll down to menu next to the payment,scroll,menu,NONE,next_to,payment,NONE
click the 2nd link,click,link,NONE,NONE,NONE,2nd
scroll to tab next to the first email,scroll,tab,NONE,next_to,first email,NONE
select the last link,click,link,NONE,NONE,NONE,last
tap on switch,tap,switch,NONE,NONE,NONE,NONE
scroll to menu to the right of the home,scroll,menu,NONE,right_of,home,NONE
open button above the checkout,open,button,NONE,above,checkout,NONE
press checkbox below the search,click,checkbox,NONE,below,search,NONE
tap on switch to the left of the address,tap,switch,NONE,left_of,address,NONE
scroll down to blue text next to the last item,scroll,text,blue,next_to,last item,NONE
open the last icon,open,icon,NONE,NONE,NONE,last
copy black text to the right of the home,copy,text,black,right_of,home,NONE
select text above the payment,click,text,NONE,above,payment,NONE
tap on yellow switch,tap,switch,yellow,NONE,NONE,NONE
paste gray text,paste,text,gray,NONE,NONE,NONE
scroll to text,scroll,text,NONE,NONE,NONE,NONE
open black menu,open,menu,black,NONE,NONE,NONE
copy red text to the left of the payment,copy,text,red,left_of,payment,NONE
paste text,paste,text,NONE,NONE,NONE,NONE
paste text above the help,paste,text,NONE,above,help,NONE
long-press icon next to the login,long-press,icon,NONE,next_to,login,NONE
long-press text below the wi-fi,long-press,text,NONE,below,wi-fi,NONE
scroll down to tab above the checkout,scroll,tab,NONE,above,checkout,NONE
scroll down to green tab,scroll,tab,green,NONE,NONE,NONE
delete text,delete,text,NONE,NONE,NONE,NONE
paste text next to the cart,paste,text,NONE,next_to,cart,NONE
paste text below the cart,paste,text,NONE,below,cart,NONE
click on the 2nd checkbox next to the address,click,checkbox,NONE,next_to,address,2nd
copy text below the search,copy,text,NONE,below,search,NONE
scroll to the 3rd red menu next to the home,scroll,menu,red,next_to,home,3rd
copy the last text to the left of the checkout,copy,text,NONE,left_of,checkout,last
delete image,delete,image,NONE,NONE,NONE,NONE
tap on tab next to the payment,tap,tab,NONE,next_to,payment,NONE
open menu,open,menu,NONE,NONE,NONE,NONE
open the 1st menu to the right of the notifications,open,menu,NONE,right_of,notifications,1st
copy text above the profile,copy,text,NONE,above,profile,NONE
paste text next to the notifications,paste,text,NONE,next_to,notifications,NONE
press and hold pink icon to the left of the login,long-press,icon,pink,left_of,login,NONE
paste text to the left of the notifications,paste,text,NONE,left_of,notifications,NONE
trash green text,delete,text,green,NONE,NONE,NONE
delete text to the left of the home,delete,text,NONE,left_of,home,NONE
open the 2nd button to the left of the cart,open,button,NONE,left_of,cart,2nd
paste text to the right of the notifications,paste,text,NONE,right_of,notifications,NONE
scroll to green menu next to the profile,scroll,menu,green,next_to,profile,NONE
trash the 3rd image above the home,delete,image,NONE,above,home,3rd
open the 1st tab,open,tab,NONE,NONE,NONE,1st
tap on button to the right of the home,tap,button,NONE,right_of,home,NONE
paste text,paste,text,NONE,NONE,NONE,NONE
paste text next to the menu,paste,text,NONE,next_to,menu,NONE
scroll down to text above the last item,scroll,text,NONE,above,last item,NONE
select icon,click,icon,NONE,NONE,NONE,NONE
tap on the 2nd link below the wi-fi,tap,link,NONE,below,wi-fi,2nd
long-press icon to the left of the payment,long-press,icon,NONE,left_of,payment,NONE
select text above the settings,click,text,NONE,above,settings,NONE
copy text next to the checkout,copy,text,NONE,next_to,checkout,NONE
tap the 1st button to the left of the last item,tap,button,NONE,left_of,last item,1st
paste the 3rd text below the home,paste,text,NONE,below,home,3rd
trash button to the right of the home,delete,button,NONE,right_of,home,NONE
delete image above the checkout,delete,image,NONE,above,checkout,NONE
scroll to white menu next to the settings,scroll,menu,white,next_to,settings,NONE
press and hold button below the wi-fi,long-press,button,NONE,below,wi-fi,NONE
press and hold image to the left of the notifications,long-press,image,NONE,left_of,notifications,NONE
copy the last text above the cart,copy,text,NONE,above,cart,last
tap on the last yellow button above the payment,tap,button,yellow,above,payment,last
press and hold button to the left of the settings,long-press,button,NONE,left_of,settings,NONE
tap the 1st button,tap,button,NONE,NONE,NONE,1st
paste the last text,paste,text,NONE,NONE,NONE,last
delete black button,delete,button,black,NONE,NONE,NONE
launch red icon,open,icon,red,NONE,NONE,NONE
scroll down to text,scroll,text,NONE,NONE,NONE,NONE
launch icon,open,icon,NONE,NONE,NONE,NONE
launch tab above the checkout,open,tab,NONE,above,checkout,NONE
paste text above the menu,paste,text,NONE,above,menu,NONE
scroll to text next to the home,scroll,text,NONE,next_to,home,NONE
tap the 2nd checkbox to the left of the payment,tap,checkbox,NONE,left_of,payment,2nd
scroll to text to the right of the menu,scroll,text,NONE,right_of,menu,NONE
press and hold button,long-press,button,NONE,NONE,NONE,NONE
open link to the right of the profile,open,link,NONE,right_of,profile,NONE
launch menu to the right of the search,open,menu,NONE,right_of,search,NONE
copy text to the left of the settings,copy,text,NONE,left_of,settings,NONE
long-press red image to the left of the last item,long-press,image,red,left_of,last item,NONE
trash button,delete,button,NONE,NONE,NONE,NONE
open tab above the cart,open,tab,NONE,above,cart,NONE
open the 2nd gray menu,open,menu,gray,NONE,NONE,2nd
copy yellow text to the right of the search,copy,text,yellow,right_of,search,NONE
click on the 3rd image,click,image,NONE,NONE,NONE,3rd
paste the 3rd text to the right of the wi-fi,paste,text,NONE,right_of,wi-fi,3rd
copy text,copy,text,NONE,NONE,NONE,NONE
click on orange text to the left of the checkout,click,text,orange,left_of,checkout,NONE
launch orange menu to the left of the settings,open,menu,orange,left_of,settings,NONE
paste text next to the search,paste,text,NONE,next_to,search,NONE
copy text to the right of the address,copy,text,NONE,right_of,address,NONE
press and hold icon below the notifications,long-press,icon,NONE,below,notifications,NONE
paste text to the left of the address,paste,text,NONE,left_of,address,NONE
long-press text above the payment,long-press,text,NONE,above,payment,NONE
copy text above the address,copy,text,NONE,above,address,NONE
click on red icon,click,icon,red,NONE,NONE,NONE
click text,click,text,NONE,NONE,NONE,NONE
launch blue menu to the right of the cart,open,menu,blue,right_of,cart,NONE
scroll down to menu to the left of the checkout,scroll,menu,NONE,left_of,checkout,NONE
launch link next to the search,open,link,NONE,next_to,search,NONE
press image,click,image,NONE,NONE,NONE,NONE
press and hold text next to the first email,long-press,text,NONE,next_to,first email,NONE
press and hold button next to the help,long-press,button,NONE,next_to,help,NONE
tap the 3rd switch below the home,tap,switch,NONE,below,home,3rd
copy text,copy,text,NONE,NONE,NONE,NONE
press and hold icon to the right of the help,long-press,icon,NONE,right_of,help,NONE
press and hold the 3rd image above the cart,long-press,image,NONE,above,cart,3rd
scroll to tab to the left of the menu,scroll,tab,NONE,left_of,menu,NONE
launch menu,open,menu,NONE,NONE,NONE,NONE
long-press purple icon to the left of the settings,long-press,icon,purple,left_of,settings,NONE
copy text below the first email,copy,text,NONE,below,first email,NONE
paste text,paste,text,NONE,NONE,NONE,NONE
copy white text,copy,text,white,NONE,NONE,NONE
copy text above the wi-fi,copy,text,NONE,above,wi-fi,NONE
select green icon,click,icon,green,NONE,NONE,NONE
paste the 3rd text next to the home,paste,text,NONE,next_to,home,3rd
tap yellow tab below the last item,tap,tab,yellow,below,last item,NONE
scroll to text to the left of the search,scroll,text,NONE,left_of,search,NONE
trash the 2nd purple text,delete,text,purple,NONE,NONE,2nd
long-press image next to the help,long-press,image,NONE,next_to,help,NONE
press and hold yellow image next to the checkout,long-press,image,yellow,next_to,checkout,NONE
tap checkbox,tap,checkbox,NONE,NONE,NONE,NONE
open green tab above the login,open,tab,green,above,login,NONE
copy the 1st green text,copy,text,green,NONE,NONE,1st
tap icon,tap,icon,NONE,NONE,NONE,NONE
scroll down to orange text below the profile,scroll,text,orange,below,profile,NONE
tap link next to the payment,tap,link,NONE,next_to,payment,NONE
delete button,delete,button,NONE,NONE,NONE,NONE
paste text to the right of the payment,paste,text,NONE,right_of,payment,NONE
scroll to purple tab,scroll,tab,purple,NONE,NONE,NONE
long-press purple button,long-press,button,purple,NONE,NONE,NONE
trash button above the menu,delete,button,NONE,above,menu,NONE
delete image,delete,image,NONE,NONE,NONE,NONE
tap link,tap,link,NONE,NONE,NONE,NONE
click on text to the left of the notifications,click,text,NONE,left_of,notifications,NONE
scroll to the 3rd tab above the settings,scroll,tab,NONE,above,settings,3rd
scroll down to menu above the first email,scroll,menu,NONE,above,first email,NONE
scroll to red text,scroll,text,red,NONE,NONE,NONE
scroll to green text above the address,scroll,text,green,above,address,NONE
click checkbox to the left of the wi-fi,click,checkbox,NONE,left_of,wi-fi,NONE
press and hold the 2nd purple icon,long-press,icon,purple,NONE,NONE,2nd
open the 1st icon below the search,open,icon,NONE,below,search,1st
trash image,delete,image,NONE,NONE,NONE,NONE
remove image above the address,delete,image,NONE,above,address,NONE
press and hold image,long-press,image,NONE,NONE,NONE,NONE
open the 3rd icon to the right of the cart,open,icon,NONE,right_of,cart,3rd
click link,click,link,NONE,NONE,NONE,NONE
open the 2nd blue menu below the first email,open,menu,blue,below,first email,2nd
trash red button,delete,button,red,NONE,NONE,NONE
delete button to the right of the first email,delete,button,NONE,right_of,first email,NONE
tap button,tap,button,NONE,NONE,NONE,NONE
press and hold black button to the right of the help,long-press,button,black,right_of,help,NONE
paste text,paste,text,NONE,NONE,NONE,NONE
tap checkbox to the right of the wi-fi,tap,checkbox,NONE,right_of,wi-fi,NONE
scroll down to the 3rd tab,scroll,tab,NONE,NONE,NONE,3rd
scroll to the 2nd orange text above the cart,scroll,text,orange,above,cart,2nd
scroll down to yellow tab,scroll,tab,yellow,NONE,NONE,NONE
trash text to the right of the search,delete,text,NONE,right_of,search,NONE
trash the 1st button to the right of the payment,delete,button,NONE,right_of,payment,1st
paste the 1st orange text,paste,text,orange,NONE,NONE,1st
click on red switch below the help,click,switch,red,below,help,NONE
copy text below the profile,copy,text,NONE,below,profile,NONE
scroll down to menu below the address,scroll,menu,NONE,below,address,NONE
remove purple button below the menu,delete,button,purple,below,menu,NONE
tap on pink button below the notifications,tap,button,pink,below,notifications,NONE
tap on tab,tap,tab,NONE,NONE,NONE,NONE
delete the 2nd image next to the cart,delete,image,NONE,next_to,cart,2nd
remove blue image next to the settings,delete,image,blue,next_to,settings,NONE
copy the 2nd text above the first email,copy,text,NONE,above,first email,2nd
copy text,copy,text,NONE,NONE,NONE,NONE
remove button,delete,button,NONE,NONE,NONE,NONE
scroll to the 3rd orange text below the menu,scroll,text,orange,below,menu,3rd
launch menu,open,menu,NONE,NONE,NONE,NONE
tap on pink switch,tap,switch,pink,NONE,NONE,NONE
scroll down to black text below the address,scroll,text,black,below,address,NONE
paste text below the search,paste,text,NONE,below,search,NONE
press link next to the search,click,link,NONE,next_to,search,NONE
tap switch,tap,switch,NONE,NONE,NONE,NONE
remove button to the right of the payment,delete,button,NONE,right_of,payment,NONE
scroll down to the 3rd yellow text,scroll,text,yellow,NONE,NONE,3rd
long-press the 2nd icon above the settings,long-press,icon,NONE,above,settings,2nd
launch icon below the address,open,icon,NONE,below,address,NONE
open menu,open,menu,NONE,NONE,NONE,NONE
long-press orange text below the address,long-press,text,orange,below,address,NONE
paste black text below the first email,paste,text,black,below,first email,NONE
trash black text to the left of the login,delete,text,black,left_of,login,NONE
scroll to menu to the right of the payment,scroll,menu,NONE,right_of,payment,NONE
trash black button to the right of the search,delete,button,black,right_of,search,NONE
paste text to the right of the notifications,paste,text,NONE,right_of,notifications,NONE
long-press button,long-press,button,NONE,NONE,NONE,NONE
select orange checkbox to the right of the help,click,checkbox,orange,right_of,help,NONE
remove text,delete,text,NONE,NONE,NONE,NONE
open the 3rd white button,open,button,white,NONE,NONE,3rd
paste text above the notifications,paste,text,NONE,above,notifications,NONE
scroll to the 3rd text above the home,scroll,text,NONE,above,home,3rd
copy white text to the left of the cart,copy,text,white,left_of,cart,NONE
tap on the last gray checkbox,tap,checkbox,gray,NONE,NONE,last
long-press the last red button above the first email,long-press,button,red,above,first email,last
paste text next to the wi-fi,paste,text,NONE,next_to,wi-fi,NONE
press and hold green image,long-press,image,green,NONE,NONE,NONE
scroll to the 2nd text to the right of the payment,scroll,text,NONE,right_of,payment,2nd
press and hold icon to the right of the cart,long-press,icon,NONE,right_of,cart,NONE
trash text above the wi-fi,delete,text,NONE,above,wi-fi,NONE
paste orange text,paste,text,orange,NONE,NONE,NONE
copy text to the left of the home,copy,text,NONE,left_of,home,NONE
copy text to the left of the payment,copy,text,NONE,left_of,payment,NONE
press and hold the 1st purple button below the checkout,long-press,button,purple,below,checkout,1st
delete text to the left of the payment,delete,text,NONE,left_of,payment,NONE
remove red image above the help,delete,image,red,above,help,NONE
tap on switch above the menu,tap,switch,NONE,above,menu,NONE
paste text,paste,text,NONE,NONE,NONE,NONE
press and hold button next to the address,long-press,button,NONE,next_to,address,NONE
copy text next to the wi-fi,copy,text,NONE,next_to,wi-fi,NONE
click the 1st black icon,click,icon,black,NONE,NONE,1st
press and hold text to the right of the checkout,long-press,text,NONE,right_of,checkout,NONE
select tab below the login,click,tab,NONE,below,login,NONE
click the 1st tab below the payment,click,tab,NONE,below,payment,1st
paste pink text above the last item,paste,text,pink,above,last item,NONE
paste the 2nd text to the right of the wi-fi,paste,text,NONE,right_of,wi-fi,2nd
paste text to the right of the login,paste,text,NONE,right_of,login,NONE
click on tab next to the settings,click,tab,NONE,next_to,settings,NONE
delete image to the right of the checkout,delete,image,NONE,right_of,checkout,NONE
launch button,open,button,NONE,NONE,NONE,NONE
paste the last blue text below the login,paste,text,blue,below,login,last
press and hold the 1st button,long-press,button,NONE,NONE,NONE,1st
press and hold icon to the left of the first email,long-press,icon,NONE,left_of,first email,NONE
scroll down to tab to the right of the payment,scroll,tab,NONE,right_of,payment,NONE
paste text to the right of the checkout,paste,text,NONE,right_of,checkout,NONE
copy text,copy,text,NONE,NONE,NONE,NONE
copy the 1st text above the notifications,copy,text,NONE,above,notifications,1st
launch the 2nd menu below the first email,open,menu,NONE,below,first email,2nd
scroll to the 3rd tab to the right of the address,scroll,tab,NONE,right_of,address,3rd
launch white menu,open,menu,white,NONE,NONE,NONE
trash the 2nd button to the right of the settings,delete,button,NONE,right_of,settings,2nd
paste text to the right of the cart,paste,text,NONE,right_of,cart,NONE
press the last gray icon to the left of the last item,click,icon,gray,left_of,last item,last
trash image to the left of the wi-fi,delete,image,NONE,left_of,wi-fi,NONE
copy white text above the last item,copy,text,white,above,last item,NONE
tap the last tab next to the login,tap,tab,NONE,next_to,login,last
scroll to text,scroll,text,NONE,NONE,NONE,NONE
copy text,copy,text,NONE,NONE,NONE,NONE
click on black icon,click,icon,black,NONE,NONE,NONE
select the 1st gray icon,click,icon,gray,NONE,NONE,1st
launch blue icon,open,icon,blue,NONE,NONE,NONE
tap on the 3rd tab next to the checkout,tap,tab,NONE,next_to,checkout,3rd
remove the last image to the left of the login,delete,image,NONE,left_of,login,last
paste text,paste,text,NONE,NONE,NONE,NONE
copy text to the left of the last item,copy,text,NONE,left_of,last item,NONE
tap button,tap,button,NONE,NONE,NONE,NONE
long-press text next to the search,long-press,text,NONE,next_to,search,NONE
tap on the 2nd yellow icon next to the profile,tap,icon,yellow,next_to,profile,2nd
copy text,copy,text,NONE,NONE,NONE,NONE
delete the last black button above the notifications,delete,button,black,above,notifications,last
select text to the right of the last item,click,text,NONE,right_of,last item,NONE
copy text next to the home,copy,text,NONE,next_to,home,NONE
press and hold the 2nd yellow image to the right of the settings,long-press,image,yellow,right_of,settings,2nd
copy text below the last item,copy,text,NONE,below,last item,NONE
tap the 2nd checkbox below the payment,tap,checkbox,NONE,below,payment,2nd
launch tab below the login,open,tab,NONE,below,login,NONE
paste the 2nd text to the left of the settings,paste,text,NONE,left_of,settings,2nd
tap icon to the left of the login,tap,icon,NONE,left_of,login,NONE
paste text next to the first email,paste,text,NONE,next_to,first email,NONE
copy text to the left of the notifications,copy,text,NONE,left_of,notifications,NONE
copy the last blue text,copy,text,blue,NONE,NONE,last
scroll to the 3rd text,scroll,text,NONE,NONE,NONE,3rd
scroll to menu,scroll,menu,NONE,NONE,NONE,NONE
press and hold orange text above the payment,long-press,text,orange,above,payment,NONE
tap green icon to the left of the address,tap,icon,green,left_of,address,NONE
paste text to the right of the last item,paste,text,NONE,right_of,last item,NONE
long-press the 2nd orange icon,long-press,icon,orange,NONE,NONE,2nd
launch the last green link to the left of the search,open,link,green,left_of,search,last
press and hold the 3rd icon,long-press,icon,NONE,NONE,NONE,3rd
press the last black text to the right of the notifications,click,text,black,right_of,notifications,last
paste text to the left of the first email,paste,text,NONE,left_of,first email,NONE
open tab,open,tab,NONE,NONE,NONE,NONE
scroll to gray text,scroll,text,gray,NONE,NONE,NONE
scroll to menu,scroll,menu,NONE,NONE,NONE,NONE
tap the 1st checkbox above the address,tap,checkbox,NONE,above,address,1st
delete the last gray text below the notifications,delete,text,gray,below,notifications,last
long-press blue icon above the first email,long-press,icon,blue,above,first email,NONE
launch link to the right of the address,open,link,NONE,right_of,address,NONE
tap switch to the right of the search,tap,switch,NONE,right_of,search,NONE
paste the 3rd text to the right of the profile,paste,text,NONE,right_of,profile,3rd
tap the 3rd icon next to the first email,tap,icon,NONE,next_to,first email,3rd
tap checkbox to the right of the checkout,tap,checkbox,NONE,right_of,checkout,NONE
select checkbox to the left of the wi-fi,click,checkbox,NONE,left_of,wi-fi,NONE
select blue image to the right of the login,click,image,blue,right_of,login,NONE
scroll to the last blue menu next to the login,scroll,menu,blue,next_to,login,last
trash red text to the right of the wi-fi,delete,text,red,right_of,wi-fi,NONE
scroll down to black tab to the right of the menu,scroll,tab,black,right_of,menu,NONE
scroll to red menu to the right of the cart,scroll,menu,red,right_of,cart,NONE
press and hold icon below the cart,long-press,icon,NONE,below,cart,NONE
open link to the right of the notifications,open,link,NONE,right_of,notifications,NONE
copy the last text to the left of the home,copy,text,NONE,left_of,home,last
remove image next to the help,delete,image,NONE,next_to,help,NONE
scroll to purple text,scroll,text,purple,NONE,NONE,NONE
long-press the 2nd text above the login,long-press,text,NONE,above,login,2nd
copy text next to the home,copy,text,NONE,next_to,home,NONE
launch menu below the address,open,menu,NONE,below,address,NONE
scroll down to the 3rd yellow tab to the left of the home,scroll,tab,yellow,left_of,home,3rd
select the 3rd checkbox next to the notifications,click,checkbox,NONE,next_to,notifications,3rd
delete button,delete,button,NONE,NONE,NONE,NONE
launch the 1st icon,open,icon,NONE,NONE,NONE,1st
launch link,open,link,NONE,NONE,NONE,NONE
scroll down to text,scroll,text,NONE,NONE,NONE,NONE
scroll down to tab,scroll,tab,NONE,NONE,NONE,NONE
click on yellow text above the login,click,text,yellow,above,login,NONE
paste text to the left of the menu,paste,text,NONE,left_of,menu,NONE
open icon above the home,open,icon,NONE,above,home,NONE
paste text,paste,text,NONE,NONE,NONE,NONE
paste the last blue text,paste,text,blue,NONE,NONE,last
scroll down to pink text,scroll,text,pink,NONE,NONE,NONE
launch the 3rd green menu,open,menu,green,NONE,NONE,3rd
press and hold text above the wi-fi,long-press,text,NONE,above,wi-fi,NONE
scroll to the 1st tab,scroll,tab,NONE,NONE,NONE,1st
copy the 3rd text,copy,text,NONE,NONE,NONE,3rd
long-press purple image next to the notifications,long-press,image,purple,next_to,notifications,NONE
copy the last text,copy,text,NONE,NONE,NONE,last
scroll to the last gray text,scroll,text,gray,NONE,NONE,last
paste the last pink text to the left of the checkout,paste,text,pink,left_of,checkout,last
tap on switch to the left of the home,tap,switch,NONE,left_of,home,NONE
select green text to the left of the menu,click,text,green,left_of,menu,NONE
paste black text above the cart,paste,text,black,above,cart,NONE
trash pink image next to the notifications,delete,image,pink,next_to,notifications,NONE
open the 2nd tab,open,tab,NONE,NONE,NONE,2nd
scroll to the 3rd menu,scroll,menu,NONE,NONE,NONE,3rd
tap button,tap,button,NONE,NONE,NONE,NONE
trash button,delete,button,NONE,NONE,NONE,NONE
tap purple switch next to the home,tap,switch,purple,next_to,home,NONE
copy the 2nd black text,copy,text,black,NONE,NONE,2nd
trash button,delete,button,NONE,NONE,NONE,NONE
long-press image above the notifications,long-press,image,NONE,above,notifications,NONE
paste blue text,paste,text,blue,NONE,NONE,NONE
paste text above the login,paste,text,NONE,above,login,NONE
paste text to the left of the wi-fi,paste,text,NONE,left_of,wi-fi,NONE
copy gray text to the left of the wi-fi,copy,text,gray,left_of,wi-fi,NONE
delete the 1st button above the last item,delete,button,NONE,above,last item,1st
scroll to text above the search,scroll,text,NONE,above,search,NONE
press and hold text to the right of the help,long-press,text,NONE,right_of,help,NONE
paste text to the right of the profile,paste,text,NONE,right_of,profile,NONE
select checkbox,click,checkbox,NONE,NONE,NONE,NONE
scroll down to tab,scroll,tab,NONE,NONE,NONE,NONE
paste purple text above the cart,paste,text,purple,above,cart,NONE
scroll down to tab next to the settings,scroll,tab,NONE,next_to,settings,NONE
copy the 2nd white text to the left of the settings,copy,text,white,left_of,settings,2nd
select tab above the help,click,tab,NONE,above,help,NONE
remove image,delete,image,NONE,NONE,NONE,NONE
scroll down to text to the right of the first email,scroll,text,NONE,right_of,first email,NONE
long-press button next to the login,long-press,button,NONE,next_to,login,NONE
scroll to the 3rd tab below the wi-fi,scroll,tab,NONE,below,wi-fi,3rd
click on the 2nd black tab below the last item,click,tab,black,below,last item,2nd
launch button below the wi-fi,open,button,NONE,below,wi-fi,NONE
copy the 2nd pink text,copy,text,pink,NONE,NONE,2nd
tap on link next to the login,tap,link,NONE,next_to,login,NONE
tap checkbox to the right of the menu,tap,checkbox,NONE,right_of,menu,NONE
click orange tab next to the last item,click,tab,orange,next_to,last item,NONE
press and hold image,long-press,image,NONE,NONE,NONE,NONE
click image to the left of the first email,click,image,NONE,left_of,first email,NONE
remove button above the wi-fi,delete,button,NONE,above,wi-fi,NONE
copy black text,copy,text,black,NONE,NONE,NONE
paste text below the address,paste,text,NONE,below,address,NONE
scroll down to green text,scroll,text,green,NONE,NONE,NONE
scroll down to menu,scroll,menu,NONE,NONE,NONE,NONE
scroll down to orange menu,scroll,menu,orange,NONE,NONE,NONE
open the 2nd tab,open,tab,NONE,NONE,NONE,2nd
press and hold image,long-press,image,NONE,NONE,NONE,NONE
press and hold text above the profile,long-press,text,NONE,above,profile,NONE
press and hold pink text below the cart,long-press,text,pink,below,cart,NONE
scroll to tab below the payment,scroll,tab,NONE,below,payment,NONE
press pink text to the right of the profile,click,text,pink,right_of,profile,NONE
copy the 3rd black text above the search,copy,text,black,above,search,3rd
paste purple text above the login,paste,text,purple,above,login,NONE
press checkbox,click,checkbox,NONE,NONE,NONE,NONE
tap on link,tap,link,NONE,NONE,NONE,NONE
trash pink image next to the payment,delete,image,pink,next_to,payment,NONE
tap icon to the left of the search,tap,icon,NONE,left_of,search,NONE
scroll down to the 1st menu to the left of the login,scroll,menu,NONE,left_of,login,1st
open icon above the search,open,icon,NONE,above,search,NONE
copy text below the menu,copy,text,NONE,below,menu,NONE
press link,click,link,NONE,NONE,NONE,NONE
press and hold green button to the left of the login,long-press,button,green,left_of,login,NONE
paste the 1st black text above the login,paste,text,black,above,login,1st
open blue icon below the last item,open,icon,blue,below,last item,NONE
copy text next to the home,copy,text,NONE,next_to,home,NONE
paste text next to the wi-fi,paste,text,NONE,next_to,wi-fi,NONE
paste yellow text above the menu,paste,text,yellow,above,menu,NONE
launch gray button to the left of the payment,open,button,gray,left_of,payment,NONE
launch the last icon next to the help,open,icon,NONE,next_to,help,last
tap on the last switch,tap,switch,NONE,NONE,NONE,last
copy the 3rd blue text to the right of the payment,copy,text,blue,right_of,payment,3rd
long-press gray text to the right of the wi-fi,long-press,text,gray,right_of,wi-fi,NONE
long-press text,long-press,text,NONE,NONE,NONE,NONE
scroll down to text,scroll,text,NONE,NONE,NONE,NONE
press and hold the 2nd yellow text to the right of the checkout,long-press,text,yellow,right_of,checkout,2nd
open tab above the payment,open,tab,NONE,above,payment,NONE
copy text,copy,text,NONE,NONE,NONE,NONE
select purple tab,click,tab,purple,NONE,NONE,NONE
open the 3rd tab,open,tab,NONE,NONE,NONE,3rd
scroll to black menu to the left of the notifications,scroll,menu,black,left_of,notifications,NONE
delete purple button to the right of the settings,delete,button,purple,right_of,settings,NONE
tap the 2nd purple link to the left of the payment,tap,link,purple,left_of,payment,2nd
paste text,paste,text,NONE,NONE,NONE,NONE
tap on purple tab,tap,tab,purple,NONE,NONE,NONE
paste the 2nd text to the left of the address,paste,text,NONE,left_of,address,2nd
tap switch to the left of the first email,tap,switch,NONE,left_of,first email,NONE
delete button to the right of the address,delete,button,NONE,right_of,address,NONE
paste the 2nd text to the left of the login,paste,text,NONE,left_of,login,2nd
trash image to the right of the menu,delete,image,NONE,right_of,menu,NONE
click link,click,link,NONE,NONE,NONE,NONE
launch button to the left of the cart,open,button,NONE,left_of,cart,NONE
launch red menu next to the payment,open,menu,red,next_to,payment,NONE
select checkbox below the search,click,checkbox,NONE,below,search,NONE
select link to the left of the cart,click,link,NONE,left_of,cart,NONE
paste the last black text,paste,text,black,NONE,NONE,last
tap on the 3rd button to the right of the wi-fi,tap,button,NONE,right_of,wi-fi,3rd
copy green text,copy,text,green,NONE,NONE,NONE
copy the 3rd text to the right of the profile,copy,text,NONE,right_of,profile,3rd
press image,click,image,NONE,NONE,NONE,NONE
paste text next to the login,paste,text,NONE,next_to,login,NONE
paste text below the login,paste,text,NONE,below,login,NONE
open the 3rd tab,open,tab,NONE,NONE,NONE,3rd
click on link,click,link,NONE,NONE,NONE,NONE
copy text,copy,text,NONE,NONE,NONE,NONE
press and hold icon above the home,long-press,icon,NONE,above,home,NONE
launch icon,open,icon,NONE,NONE,NONE,NONE
scroll down to menu to the right of the last item,scroll,menu,NONE,right_of,last item,NONE
press and hold the 1st red button to the right of the address,long-press,button,red,right_of,address,1st
scroll down to the 2nd menu above the login,scroll,menu,NONE,above,login,2nd
long-press pink button,long-press,button,pink,NONE,NONE,NONE
select the 3rd switch below the address,click,switch,NONE,below,address,3rd
paste text next to the menu,paste,text,NONE,next_to,menu,NONE
tap on the 3rd green icon below the search,tap,icon,green,below,search,3rd
trash text,delete,text,NONE,NONE,NONE,NONE
scroll down to tab,scroll,tab,NONE,NONE,NONE,NONE
copy the 2nd text,copy,text,NONE,NONE,NONE,2nd
press and hold button,long-press,button,NONE,NONE,NONE,NONE
tap tab,tap,tab,NONE,NONE,NONE,NONE
copy text to the right of the notifications,copy,text,NONE,right_of,notifications,NONE
tap on the 2nd icon above the home,tap,icon,NONE,above,home,2nd
copy the 3rd text to the right of the payment,copy,text,NONE,right_of,payment,3rd
click on the last switch,click,switch,NONE,NONE,NONE,last
scroll down to tab above the login,scroll,tab,NONE,above,login,NONE
launch the 2nd blue tab,open,tab,blue,NONE,NONE,2nd
click the 1st black icon above the settings,click,icon,black,above,settings,1st
open the 3rd icon,open,icon,NONE,NONE,NONE,3rd
paste text below the notifications,paste,text,NONE,below,notifications,NONE
tap tab,tap,tab,NONE,NONE,NONE,NONE
long-press the 2nd blue image,long-press,image,blue,NONE,NONE,2nd
trash the 1st white button next to the search,delete,button,white,next_to,search,1st
press and hold the 1st icon below the wi-fi,long-press,icon,NONE,below,wi-fi,1st
long-press the 3rd red button next to the checkout,long-press,button,red,next_to,checkout,3rd
paste the 3rd purple text below the last item,paste,text,purple,below,last item,3rd
paste text to the left of the address,paste,text,NONE,left_of,address,NONE
trash the 1st orange image,delete,image,orange,NONE,NONE,1st
paste the last text,paste,text,NONE,NONE,NONE,last
long-press the 2nd image below the payment,long-press,image,NONE,below,payment,2nd
long-press icon below the profile,long-press,icon,NONE,below,profile,NONE
select icon above the first email,click,icon,NONE,above,first email,NONE
scroll to tab,scroll,tab,NONE,NONE,NONE,NONE
paste text,paste,text,NONE,NONE,NONE,NONE
paste the last text,paste,text,NONE,NONE,NONE,last
paste text to the left of the notifications,paste,text,NONE,left_of,notifications,NONE
launch the 1st black link to the left of the profile,open,link,black,left_of,profile,1st
remove the 3rd yellow button next to the checkout,delete,button,yellow,next_to,checkout,3rd
long-press icon,long-press,icon,NONE,NONE,NONE,NONE
click white switch to the right of the notifications,click,switch,white,right_of,notifications,NONE
open green button,open,button,green,NONE,NONE,NONE
open icon above the home,open,icon,NONE,above,home,NONE
click button next to the wi-fi,click,button,NONE,next_to,wi-fi,NONE
tap on white icon to the right of the checkout,tap,icon,white,right_of,checkout,NONE
copy the 1st text to the right of the help,copy,text,NONE,right_of,help,1st
copy purple text to the right of the payment,copy,text,purple,right_of,payment,NONE
trash text below the first email,delete,text,NONE,below,first email,NONE
click the last white switch above the cart,click,switch,white,above,cart,last
copy the last text to the right of the menu,copy,text,NONE,right_of,menu,last
click on checkbox below the search,click,checkbox,NONE,below,search,NONE
copy purple text to the right of the search,copy,text,purple,right_of,search,NONE
tap white button below the login,tap,button,white,below,login,NONE
click button,click,button,NONE,NONE,NONE,NONE
open the last green tab below the wi-fi,open,tab,green,below,wi-fi,last
launch tab to the right of the last item,open,tab,NONE,right_of,last item,NONE
scroll to menu,scroll,menu,NONE,NONE,NONE,NONE
click on blue image to the left of the profile,click,image,blue,left_of,profile,NONE
open blue tab,open,tab,blue,NONE,NONE,NONE
open purple link,open,link,purple,NONE,NONE,NONE
launch tab,open,tab,NONE,NONE,NONE,NONE
select text to the right of the address,click,text,NONE,right_of,address,NONE
long-press yellow text above the login,long-press,text,yellow,above,login,NONE
copy the 3rd text to the right of the notifications,copy,text,NONE,right_of,notifications,3rd
delete text below the first email,delete,text,NONE,below,first email,NONE
press the 3rd checkbox next to the menu,click,checkbox,NONE,next_to,menu,3rd
delete text to the right of the home,delete,text,NONE,right_of,home,NONE
tap red checkbox to the left of the checkout,tap,checkbox,red,left_of,checkout,NONE
tap icon,tap,icon,NONE,NONE,NONE,NONE
scroll down to the last text,scroll,text,NONE,NONE,NONE,last
press and hold button to the left of the help,long-press,button,NONE,left_of,help,NONE
launch button to the right of the checkout,open,button,NONE,right_of,checkout,NONE
tap on checkbox,tap,checkbox,NONE,NONE,NONE,NONE
trash the last text,delete,text,NONE,NONE,NONE,last
open blue tab next to the profile,open,tab,blue,next_to,profile,NONE
scroll to text below the search,scroll,text,NONE,below,search,NONE
scroll to black tab next to the settings,scroll,tab,black,next_to,settings,NONE
copy yellow text,copy,text,yellow,NONE,NONE,NONE
paste text next to the profile,paste,text,NONE,next_to,profile,NONE
press and hold image,long-press,image,NONE,NONE,NONE,NONE
delete text,delete,text,NONE,NONE,NONE,NONE
scroll to orange menu to the left of the last item,scroll,menu,orange,left_of,last item,NONE
tap on the 3rd blue switch to the left of the home,tap,switch,blue,left_of,home,3rd
paste text,paste,text,NONE,NONE,NONE,NONE
open the 2nd link next to the settings,open,link,NONE,next_to,settings,2nd
paste text below the first email,paste,text,NONE,below,first email,NONE
scroll down to text above the profile,scroll,text,NONE,above,profile,NONE
copy the 3rd text next to the cart,copy,text,NONE,next_to,cart,3rd
paste gray text,paste,text,gray,NONE,NONE,NONE
scroll to the 3rd orange text,scroll,text,orange,NONE,NONE,3rd
delete blue button,delete,button,blue,NONE,NONE,NONE
click checkbox above the wi-fi,click,checkbox,NONE,above,wi-fi,NONE
scroll to green text,scroll,text,green,NONE,NONE,NONE
paste text to the right of the login,paste,text,NONE,right_of,login,NONE
open the 2nd white menu above the menu,open,menu,white,above,menu,2nd
click on yellow checkbox to the left of the cart,click,checkbox,yellow,left_of,cart,NONE
copy red text above the payment,copy,text,red,above,payment,NONE
launch icon above the wi-fi,open,icon,NONE,above,wi-fi,NONE
tap the 1st white link above the menu,tap,link,white,above,menu,1st
launch link,open,link,NONE,NONE,NONE,NONE
delete button,delete,button,NONE,NONE,NONE,NONE
trash text next to the wi-fi,delete,text,NONE,next_to,wi-fi,NONE
scroll down to yellow menu to the left of the notifications,scroll,menu,yellow,left_of,notifications,NONE
trash text,delete,text,NONE,NONE,NONE,NONE
tap on white link to the left of the first email,tap,link,white,left_of,first email,NONE
press the 3rd white tab to the left of the login,click,tab,white,left_of,login,3rd
long-press the last icon,long-press,icon,NONE,NONE,NONE,last
select pink tab,click,tab,pink,NONE,NONE,NONE
scroll down to menu,scroll,menu,NONE,NONE,NONE,NONE
paste text,paste,text,NONE,NONE,NONE,NONE
trash the 2nd image to the left of the help,delete,image,NONE,left_of,help,2nd
delete text,delete,text,NONE,NONE,NONE,NONE
copy black text above the notifications,copy,text,black,above,notifications,NONE
tap on purple tab to the right of the last item,tap,tab,purple,right_of,last item,NONE
press and hold the 3rd orange icon below the last item,long-press,icon,orange,below,last item,3rd
trash text,delete,text,NONE,NONE,NONE,NONE
trash button to the right of the address,delete,button,NONE,right_of,address,NONE
launch link,open,link,NONE,NONE,NONE,NONE
open the 1st button below the profile,open,button,NONE,below,profile,1st
copy the 2nd orange text,copy,text,orange,NONE,NONE,2nd
paste text next to the cart,paste,text,NONE,next_to,cart,NONE
click purple image,click,image,purple,NONE,NONE,NONE
tap the 3rd checkbox,tap,checkbox,NONE,NONE,NONE,3rd
scroll to menu,scroll,menu,NONE,NONE,NONE,NONE
launch link next to the cart,open,link,NONE,next_to,cart,NONE
long-press the last icon below the login,long-press,icon,NONE,below,login,last
copy text,copy,text,NONE,NONE,NONE,NONE
copy the 3rd text above the last item,copy,text,NONE,above,last item,3rd
press image to the left of the checkout,click,image,NONE,left_of,checkout,NONE
press and hold text,long-press,text,NONE,NONE,NONE,NONE
long-press text,long-press,text,NONE,NONE,NONE,NONE
paste the last text above the notifications,paste,text,NONE,above,notifications,last
remove the 3rd image,delete,image,NONE,NONE,NONE,3rd
paste text above the first email,paste,text,NONE,above,first email,NONE
copy the 3rd text above the help,copy,text,NONE,above,help,3rd
open button to the right of the cart,open,button,NONE,right_of,cart,NONE
scroll to gray menu to the right of the cart,scroll,menu,gray,right_of,cart,NONE
press and hold text above the login,long-press,text,NONE,above,login,NONE
paste text,paste,text,NONE,NONE,NONE,NONE
trash image,delete,image,NONE,NONE,NONE,NONE
trash the 1st button,delete,button,NONE,NONE,NONE,1st
tap the last switch,tap,switch,NONE,NONE,NONE,last
copy the 1st purple text to the left of the checkout,copy,text,purple,left_of,checkout,1st
open icon,open,icon,NONE,NONE,NONE,NONE
tap switch next to the address,tap,switch,NONE,next_to,address,NONE
press and hold the 2nd button,long-press,button,NONE,NONE,NONE,2nd
trash blue image next to the payment,delete,image,blue,next_to,payment,NONE
scroll down to the 1st purple text,scroll,text,purple,NONE,NONE,1st
open menu next to the payment,open,menu,NONE,next_to,payment,NONE
open the last black menu to the left of the notifications,open,menu,black,left_of,notifications,last
tap icon,tap,icon,NONE,NONE,NONE,NONE
scroll down to menu below the home,scroll,menu,NONE,below,home,NONE
open menu below the login,open,menu,NONE,below,login,NONE
scroll down to menu below the wi-fi,scroll,menu,NONE,below,wi-fi,NONE
press button next to the address,click,button,NONE,next_to,address,NONE
long-press icon above the home,long-press,icon,NONE,above,home,NONE
copy text below the help,copy,text,NONE,below,help,NONE
press the last text,click,text,NONE,NONE,NONE,last
press red checkbox to the right of the profile,click,checkbox,red,right_of,profile,NONE
scroll down to text,scroll,text,NONE,NONE,NONE,NONE
paste the 2nd pink text below the checkout,paste,text,pink,below,checkout,2nd
scroll to the 2nd green text to the left of the wi-fi,scroll,text,green,left_of,wi-fi,2nd
remove image below the address,delete,image,NONE,below,address,NONE
open the 2nd icon below the notifications,open,icon,NONE,below,notifications,2nd
copy text next to the search,copy,text,NONE,next_to,search,NONE
tap on pink link to the right of the wi-fi,tap,link,pink,right_of,wi-fi,NONE
launch button,open,button,NONE,NONE,NONE,NONE
select yellow tab to the left of the first email,click,tab,yellow,left_of,first email,NONE
paste text to the left of the last item,paste,text,NONE,left_of,last item,NONE
copy purple text,copy,text,purple,NONE,NONE,NONE
press and hold purple button,long-press,button,purple,NONE,NONE,NONE
long-press yellow image,long-press,image,yellow,NONE,NONE,NONE
open menu,open,menu,NONE,NONE,NONE,NONE
long-press the 1st purple icon,long-press,icon,purple,NONE,NONE,1st
paste the 1st text,paste,text,NONE,NONE,NONE,1st
long-press purple text below the wi-fi,long-press,text,purple,below,wi-fi,NONE
press and hold text next to the search,long-press,text,NONE,next_to,search,NONE
delete green image,delete,image,green,NONE,NONE,NONE
copy text to the right of the cart,copy,text,NONE,right_of,cart,NONE
scroll down to the 3rd text above the wi-fi,scroll,text,NONE,above,wi-fi,3rd
copy text to the right of the last item,copy,text,NONE,right_of,last item,NONE
tap icon,tap,icon,NONE,NONE,NONE,NONE
tap green button above the payment,tap,button,green,above,payment,NONE
long-press blue image to the left of the home,long-press,image,blue,left_of,home,NONE
paste text,paste,text,NONE,NONE,NONE,NONE
tap button next to the last item,tap,button,NONE,next_to,last item,NONE
tap on the last green switch to the right of the cart,tap,switch,green,right_of,cart,last
scroll down to tab below the profile,scroll,tab,NONE,below,profile,NONE
paste orange text to the right of the search,paste,text,orange,right_of,search,NONE
launch purple link,open,link,purple,NONE,NONE,NONE
press and hold image below the cart,long-press,image,NONE,below,cart,NONE
remove blue text next to the cart,delete,text,blue,next_to,cart,NONE
paste text next to the profile,paste,text,NONE,next_to,profile,NONE
launch the 1st button next to the cart,open,button,NONE,next_to,cart,1st
copy text,copy,text,NONE,NONE,NONE,NONE
paste orange text next to the home,paste,text,orange,next_to,home,NONE
click on the 2nd text below the first email,click,text,NONE,below,first email,2nd
scroll down to tab next to the profile,scroll,tab,NONE,next_to,profile,NONE
paste the 3rd text,paste,text,NONE,NONE,NONE,3rd
paste text,paste,text,NONE,NONE,NONE,NONE
scroll to menu to the right of the cart,scroll,menu,NONE,right_of,cart,NONE
copy the 1st green text,copy,text,green,NONE,NONE,1st
copy the 3rd text to the left of the wi-fi,copy,text,NONE,left_of,wi-fi,3rd
click on icon above the cart,click,icon,NONE,above,cart,NONE
paste text,paste,text,NONE,NONE,NONE,NONE
delete image to the left of the help,delete,image,NONE,left_of,help,NONE
press and hold gray icon to the left of the payment,long-press,icon,gray,left_of,payment,NONE
click text to the left of the login,click,text,NONE,left_of,login,NONE
delete the last text next to the notifications,delete,text,NONE,next_to,notifications,last
copy text below the menu,copy,text,NONE,below,menu,NONE
press and hold text,long-press,text,NONE,NONE,NONE,NONE
press and hold orange image,long-press,image,orange,NONE,NONE,NONE
tap blue checkbox to the right of the login,tap,checkbox,blue,right_of,login,NONE
open tab,open,tab,NONE,NONE,NONE,NONE
press the 2nd blue checkbox below the payment,click,checkbox,blue,below,payment,2nd
tap the 1st link,tap,link,NONE,NONE,NONE,1st
tap on red icon above the menu,tap,icon,red,above,menu,NONE
copy text,copy,text,NONE,NONE,NONE,NONE
delete button below the settings,delete,button,NONE,below,settings,NONE
scroll to black text next to the last item,scroll,text,black,next_to,last item,NONE
press and hold button next to the cart,long-press,button,NONE,next_to,cart,NONE
remove image to the left of the help,delete,image,NONE,left_of,help,NONE
scroll to tab above the cart,scroll,tab,NONE,above,cart,NONE
press the 1st link,click,link,NONE,NONE,NONE,1st
tap the 2nd button,tap,button,NONE,NONE,NONE,2nd
scroll to the last pink menu above the menu,scroll,menu,pink,above,menu,last
paste text,paste,text,NONE,NONE,NONE,NONE
scroll down to the 1st tab above the notifications,scroll,tab,NONE,above,notifications,1st
launch the 2nd button above the help,open,button,NONE,above,help,2nd
open button next to the first email,open,button,NONE,next_to,first email,NONE
paste text to the right of the payment,paste,text,NONE,right_of,payment,NONE
copy yellow text to the left of the last item,copy,text,yellow,left_of,last item,NONE
press red button below the menu,click,button,red,below,menu,NONE
delete text,delete,text,NONE,NONE,NONE,NONE
click button,click,button,NONE,NONE,NONE,NONE
scroll down to text above the last item,scroll,text,NONE,above,last item,NONE
copy blue text,copy,text,blue,NONE,NONE,NONE
paste green text,paste,text,green,NONE,NONE,NONE
press and hold the 3rd blue button,long-press,button,blue,NONE,NONE,3rd
copy text to the right of the first email,copy,text,NONE,right_of,first email,NONE
tap on checkbox,tap,checkbox,NONE,NONE,NONE,NONE
click on purple text above the cart,click,text,purple,above,cart,NONE
copy pink text to the right of the login,copy,text,pink,right_of,login,NONE
click on the 3rd blue tab to the right of the first email,click,tab,blue,right_of,first email,3rd
press and hold the 1st text next to the settings,long-press,text,NONE,next_to,settings,1st
long-press gray image to the right of the home,long-press,image,gray,right_of,home,NONE
long-press icon above the login,long-press,icon,NONE,above,login,NONE
press and hold the 2nd black icon,long-press,icon,black,NONE,NONE,2nd
tap orange link,tap,link,orange,NONE,NONE,NONE
tap on white tab,tap,tab,white,NONE,NONE,NONE
paste blue text to the left of the checkout,paste,text,blue,left_of,checkout,NONE
paste pink text,paste,text,pink,NONE,NONE,NONE
remove text to the left of the first email,delete,text,NONE,left_of,first email,NONE
paste the 2nd pink text to the left of the last item,paste,text,pink,left_of,last item,2nd
paste blue text above the search,paste,text,blue,above,search,NONE
paste yellow text,paste,text,yellow,NONE,NONE,NONE
paste text,paste,text,NONE,NONE,NONE,NONE
copy pink text next to the notifications,copy,text,pink,next_to,notifications,NONE
scroll down to the 2nd black text to the right of the first email,scroll,text,black,right_of,first email,2nd
click on the 2nd purple switch,click,switch,purple,NONE,NONE,2nd
tap button below the last item,tap,button,NONE,below,last item,NONE
open the 1st red tab to the right of the last item,open,tab,red,right_of,last item,1st
launch tab next to the notifications,open,tab,NONE,next_to,notifications,NONE
trash the 3rd image next to the profile,delete,image,NONE,next_to,profile,3rd
scroll to text,scroll,text,NONE,NONE,NONE,NONE
copy gray text to the left of the settings,copy,text,gray,left_of,settings,NONE
long-press the 2nd black image below the help,long-press,image,black,below,help,2nd
trash image,delete,image,NONE,NONE,NONE,NONE
tap on icon to the right of the settings,tap,icon,NONE,right_of,settings,NONE
paste the last text,paste,text,NONE,NONE,NONE,last
scroll to text below the settings,scroll,text,NONE,below,settings,NONE
delete the 1st text next to the help,delete,text,NONE,next_to,help,1st
scroll to blue menu below the menu,scroll,menu,blue,below,menu,NONE
launch black tab next to the last item,open,tab,black,next_to,last item,NONE
click on purple checkbox next to the home,click,checkbox,purple,next_to,home,NONE
click checkbox to the right of the checkout,click,checkbox,NONE,right_of,checkout,NONE
paste the last text below the menu,paste,text,NONE,below,menu,last
scroll to text,scroll,text,NONE,NONE,NONE,NONE
copy black text next to the menu,copy,text,black,next_to,menu,NONE
delete button to the left of the cart,delete,button,NONE,left_of,cart,NONE
tap on switch,tap,switch,NONE,NONE,NONE,NONE
delete button below the settings,delete,button,NONE,below,settings,NONE
copy gray text to the right of the menu,copy,text,gray,right_of,menu,NONE
copy yellow text above the profile,copy,text,yellow,above,profile,NONE
remove yellow text above the checkout,delete,text,yellow,above,checkout,NONE
paste purple text to the right of the first email,paste,text,purple,right_of,first email,NONE
tap on checkbox above the last item,tap,checkbox,NONE,above,last item,NONE
tap the 3rd checkbox,tap,checkbox,NONE,NONE,NONE,3rd
scroll down to green text,scroll,text,green,NONE,NONE,NONE
tap on link to the right of the wi-fi,tap,link,NONE,right_of,wi-fi,NONE
paste text to the right of the checkout,paste,text,NONE,right_of,checkout,NONE
paste black text to the left of the menu,paste,text,black,left_of,menu,NONE
copy the 3rd yellow text,copy,text,yellow,NONE,NONE,3rd
tap on switch to the right of the home,tap,switch,NONE,right_of,home,NONE
press the 3rd icon above the search,click,icon,NONE,above,search,3rd
click text above the payment,click,text,NONE,above,payment,NONE
launch icon below the address,open,icon,NONE,below,address,NONE
open pink menu,open,menu,pink,NONE,NONE,NONE
press and hold green button to the right of the settings,long-press,button,green,right_of,settings,NONE
tap on white tab,tap,tab,white,NONE,NONE,NONE
copy text above the last item,copy,text,NONE,above,last item,NONE
select yellow link next to the address,click,link,yellow,next_to,address,NONE
paste the last text to the left of the profile,paste,text,NONE,left_of,profile,last
press yellow tab to the right of the search,click,tab,yellow,right_of,search,NONE
press and hold button,long-press,button,NONE,NONE,NONE,NONE
paste text to the right of the last item,paste,text,NONE,right_of,last item,NONE
launch icon below the last item,open,icon,NONE,below,last item,NONE
tap button,tap,button,NONE,NONE,NONE,NONE
scroll to blue text,scroll,text,blue,NONE,NONE,NONE
copy text,copy,text,NONE,NONE,NONE,NONE
press and hold the 1st green button,long-press,button,green,NONE,NONE,1st
paste text to the right of the menu,paste,text,NONE,right_of,menu,NONE
press text to the left of the first email,click,text,NONE,left_of,first email,NONE
copy text next to the last item,copy,text,NONE,next_to,last item,NONE
paste blue text below the address,paste,text,blue,below,address,NONE
tap on red link,tap,link,red,NONE,NONE,NONE
click image next to the login,click,image,NONE,next_to,login,NONE
long-press the 2nd gray button,long-press,button,gray,NONE,NONE,2nd
click text to the left of the help,click,text,NONE,left_of,help,NONE
tap checkbox below the menu,tap,checkbox,NONE,below,menu,NONE
delete text,delete,text,NONE,NONE,NONE,NONE
delete yellow image next to the login,delete,image,yellow,next_to,login,NONE
copy text,copy,text,NONE,NONE,NONE,NONE
delete the 2nd image to the left of the search,delete,image,NONE,left_of,search,2nd
press and hold the 1st icon,long-press,icon,NONE,NONE,NONE,1st
delete button above the payment,delete,button,NONE,above,payment,NONE
remove text,delete,text,NONE,NONE,NONE,NONE
scroll to purple tab below the search,scroll,tab,purple,below,search,NONE
tap orange button below the search,tap,button,orange,below,search,NONE
tap the 1st icon below the payment,tap,icon,NONE,below,payment,1st
click checkbox,click,checkbox,NONE,NONE,NONE,NONE
scroll down to the 2nd text next to the settings,scroll,text,NONE,next_to,settings,2nd
click on text next to the checkout,click,text,NONE,next_to,checkout,NONE
tap the 2nd link next to the wi-fi,tap,link,NONE,next_to,wi-fi,2nd
long-press black icon,long-press,icon,black,NONE,NONE,NONE
tap link below the home,tap,link,NONE,below,home,NONE
select link,click,link,NONE,NONE,NONE,NONE
copy text above the payment,copy,text,NONE,above,payment,NONE
remove gray button to the right of the help,delete,button,gray,right_of,help,NONE
paste gray text,paste,text,gray,NONE,NONE,NONE
click the 3rd checkbox,click,checkbox,NONE,NONE,NONE,3rd
copy yellow text,copy,text,yellow,NONE,NONE,NONE
press and hold image below the checkout,long-press,image,NONE,below,checkout,NONE
open link,open,link,NONE,NONE,NONE,NONE
scroll to tab,scroll,tab,NONE,NONE,NONE,NONE
delete yellow button to the left of the address,delete,button,yellow,left_of,address,NONE
paste purple text above the wi-fi,paste,text,purple,above,wi-fi,NONE
click link to the right of the address,click,link,NONE,right_of,address,NONE
click tab,click,tab,NONE,NONE,NONE,NONE
long-press icon above the address,long-press,icon,NONE,above,address,NONE
launch icon,open,icon,NONE,NONE,NONE,NONE
trash image,delete,image,NONE,NONE,NONE,NONE
tap the last checkbox,tap,checkbox,NONE,NONE,NONE,last
paste text to the left of the notifications,paste,text,NONE,left_of,notifications,NONE
copy text to the left of the last item,copy,text,NONE,left_of,last item,NONE
long-press image to the right of the payment,long-press,image,NONE,right_of,payment,NONE
copy text above the notifications,copy,text,NONE,above,notifications,NONE
paste text,paste,text,NONE,NONE,NONE,NONE
paste black text to the left of the notifications,paste,text,black,left_of,notifications,NONE
launch link next to the payment,open,link,NONE,next_to,payment,NONE
press and hold icon,long-press,icon,NONE,NONE,NONE,NONE
press text to the right of the first email,click,text,NONE,right_of,first email,NONE
scroll down to menu next to the login,scroll,menu,NONE,next_to,login,NONE
delete button next to the cart,delete,button,NONE,next_to,cart,NONE
press and hold text,long-press,text,NONE,NONE,NONE,NONE
copy purple text to the right of the last item,copy,text,purple,right_of,last item,NONE
scroll to the 1st menu below the checkout,scroll,menu,NONE,below,checkout,1st
copy white text to the left of the menu,copy,text,white,left_of,menu,NONE
long-press black icon to the left of the notifications,long-press,icon,black,left_of,notifications,NONE
scroll to menu to the right of the notifications,scroll,menu,NONE,right_of,notifications,NONE
long-press image below the cart,long-press,image,NONE,below,cart,NONE
launch white button above the menu,open,button,white,above,menu,NONE
press and hold image to the right of the menu,long-press,image,NONE,right_of,menu,NONE
copy text next to the login,copy,text,NONE,next_to,login,NONE
scroll down to the 1st tab to the right of the address,scroll,tab,NONE,right_of,address,1st
copy purple text next to the payment,copy,text,purple,next_to,payment,NONE
click purple switch to the left of the notifications,click,switch,purple,left_of,notifications,NONE
tap on tab next to the home,tap,tab,NONE,next_to,home,NONE
remove the last text to the right of the settings,delete,text,NONE,right_of,settings,last
long-press the last button to the right of the payment,long-press,button,NONE,right_of,payment,last
trash image,delete,image,NONE,NONE,NONE,NONE
delete button next to the search,delete,button,NONE,next_to,search,NONE
copy text next to the checkout,copy,text,NONE,next_to,checkout,NONE
scroll down to yellow text,scroll,text,yellow,NONE,NONE,NONE
tap switch,tap,switch,NONE,NONE,NONE,NONE
tap on the 3rd orange tab,tap,tab,orange,NONE,NONE,3rd
press the 2nd yellow text to the left of the notifications,click,text,yellow,left_of,notifications,2nd
paste the 1st black text,paste,text,black,NONE,NONE,1st
tap on icon above the home,tap,icon,NONE,above,home,NONE
paste blue text below the settings,paste,text,blue,below,settings,NONE
trash the last image to the right of the home,delete,image,NONE,right_of,home,last
tap checkbox,tap,checkbox,NONE,NONE,NONE,NONE
delete button,delete,button,NONE,NONE,NONE,NONE
launch the 2nd button next to the wi-fi,open,button,NONE,next_to,wi-fi,2nd
launch menu above the search,open,menu,NONE,above,search,NONE
remove the 1st text to the left of the menu,delete,text,NONE,left_of,menu,1st
long-press text to the left of the search,long-press,text,NONE,left_of,search,NONE
copy the 1st text above the first email,copy,text,NONE,above,first email,1st
trash button to the right of the menu,delete,button,NONE,right_of,menu,NONE
tap on button to the right of the cart,tap,button,NONE,right_of,cart,NONE
remove orange button next to the wi-fi,delete,button,orange,next_to,wi-fi,NONE
click on tab,click,tab,NONE,NONE,NONE,NONE
scroll down to purple tab above the checkout,scroll,tab,purple,above,checkout,NONE
paste the 3rd text,paste,text,NONE,NONE,NONE,3rd
launch link to the left of the address,open,link,NONE,left_of,address,NONE
paste pink text to the left of the notifications,paste,text,pink,left_of,notifications,NONE
tap on tab,tap,tab,NONE,NONE,NONE,NONE
trash red text to the right of the login,delete,text,red,right_of,login,NONE
scroll down to text above the first email,scroll,text,NONE,above,first email,NONE
tap yellow switch next to the menu,tap,switch,yellow,next_to,menu,NONE
paste orange text,paste,text,orange,NONE,NONE,NONE
press the last black tab,click,tab,black,NONE,NONE,last
copy text below the login,copy,text,NONE,below,login,NONE
copy black text above the first email,copy,text,black,above,first email,NONE
launch link to the right of the profile,open,link,NONE,right_of,profile,NONE
long-press text,long-press,text,NONE,NONE,NONE,NONE
press and hold red icon to the right of the wi-fi,long-press,icon,red,right_of,wi-fi,NONE
paste orange text to the right of the checkout,paste,text,orange,right_of,checkout,NONE
launch tab,open,tab,NONE,NONE,NONE,NONE
press icon,click,icon,NONE,NONE,NONE,NONE
tap on purple tab below the help,tap,tab,purple,below,help,NONE
long-press image,long-press,image,NONE,NONE,NONE,NONE
tap on the last orange switch above the checkout,tap,switch,orange,above,checkout,last
tap the 1st icon to the left of the first email,tap,icon,NONE,left_of,first email,1st
long-press the last image above the first email,long-press,image,NONE,above,first email,last
remove text,delete,text,NONE,NONE,NONE,NONE
remove blue image below the home,delete,image,blue,below,home,NONE
long-press the last image below the login,long-press,image,NONE,below,login,last
launch purple icon below the search,open,icon,purple,below,search,NONE
long-press red image,long-press,image,red,NONE,NONE,NONE
scroll down to the last text,scroll,text,NONE,NONE,NONE,last
tap on yellow switch,tap,switch,yellow,NONE,NONE,NONE
copy the 3rd purple text below the settings,copy,text,purple,below,settings,3rd
press and hold the last icon below the last item,long-press,icon,NONE,below,last item,last
tap the 1st tab,tap,tab,NONE,NONE,NONE,1st
copy the 3rd text below the home,copy,text,NONE,below,home,3rd
paste text,paste,text,NONE,NONE,NONE,NONE
press black text,click,text,black,NONE,NONE,NONE
tap on the 2nd switch,tap,switch,NONE,NONE,NONE,2nd
copy black text above the first email,copy,text,black,above,first email,NONE
launch the 3rd purple menu,open,menu,purple,NONE,NONE,3rd
scroll down to menu,scroll,menu,NONE,NONE,NONE,NONE
launch the 3rd purple icon to the left of the address,open,icon,purple,left_of,address,3rd
copy text,copy,text,NONE,NONE,NONE,NONE
select link to the right of the first email,click,link,NONE,right_of,first email,NONE
long-press red text to the right of the checkout,long-press,text,red,right_of,checkout,NONE
paste the 3rd gray text,paste,text,gray,NONE,NONE,3rd
paste text,paste,text,NONE,NONE,NONE,NONE
click on tab below the notifications,click,tab,NONE,below,notifications,NONE
press the last text to the right of the last item,click,text,NONE,right_of,last item,last
click pink tab to the right of the help,click,tab,pink,right_of,help,NONE
tap tab above the login,tap,tab,NONE,above,login,NONE
launch the 2nd green icon,open,icon,green,NONE,NONE,2nd
select image to the right of the payment,click,image,NONE,right_of,payment,NONE
launch yellow icon,open,icon,yellow,NONE,NONE,NONE
long-press text next to the login,long-press,text,NONE,next_to,login,NONE
paste black text below the home,paste,text,black,below,home,NONE
remove gray image next to the first email,delete,image,gray,next_to,first email,NONE
click on tab to the left of the checkout,click,tab,NONE,left_of,checkout,NONE
copy blue text above the notifications,copy,text,blue,above,notifications,NONE
long-press the 3rd text next to the settings,long-press,text,NONE,next_to,settings,3rd
launch tab above the settings,open,tab,NONE,above,settings,NONE
paste yellow text above the payment,paste,text,yellow,above,payment,NONE
scroll to menu,scroll,menu,NONE,NONE,NONE,NONE
press and hold blue text,long-press,text,blue,NONE,NONE,NONE
trash the last image,delete,image,NONE,NONE,NONE,last
press and hold text below the last item,long-press,text,NONE,below,last item,NONE
trash pink button above the search,delete,button,pink,above,search,NONE
press the 3rd black tab,click,tab,black,NONE,NONE,3rd
paste the last text to the left of the payment,paste,text,NONE,left_of,payment,last
remove text above the menu,delete,text,NONE,above,menu,NONE
paste text next to the menu,paste,text,NONE,next_to,menu,NONE
scroll to the 2nd tab above the cart,scroll,tab,NONE,above,cart,2nd
tap orange button to the right of the home,tap,button,orange,right_of,home,NONE
launch yellow button,open,button,yellow,NONE,NONE,NONE
tap on the 3rd switch to the left of the home,tap,switch,NONE,left_of,home,3rd
select gray text next to the help,click,text,gray,next_to,help,NONE
scroll to menu,scroll,menu,NONE,NONE,NONE,NONE
paste the 2nd text to the left of the address,paste,text,NONE,left_of,address,2nd
press and hold orange image,long-press,image,orange,NONE,NONE,NONE
scroll to text,scroll,text,NONE,NONE,NONE,NONE
trash orange button to the right of the help,delete,button,orange,right_of,help,NONE
long-press the 3rd button above the menu,long-press,button,NONE,above,menu,3rd
launch the 2nd icon,open,icon,NONE,NONE,NONE,2nd
select switch to the left of the profile,click,switch,NONE,left_of,profile,NONE
open tab to the right of the help,open,tab,NONE,right_of,help,NONE
open the 1st tab above the checkout,open,tab,NONE,above,checkout,1st
launch tab,open,tab,NONE,NONE,NONE,NONE
remove the last image below the payment,delete,image,NONE,below,payment,last
open the 2nd button,open,button,NONE,NONE,NONE,2nd
scroll down to the 3rd menu to the left of the menu,scroll,menu,NONE,left_of,menu,3rd
launch the 1st button above the profile,open,button,NONE,above,profile,1st
tap button next to the wi-fi,tap,button,NONE,next_to,wi-fi,NONE
open the 2nd tab,open,tab,NONE,NONE,NONE,2nd
scroll to purple menu to the right of the checkout,scroll,menu,purple,right_of,checkout,NONE
open tab,open,tab,NONE,NONE,NONE,NONE
press and hold icon above the cart,long-press,icon,NONE,above,cart,NONE
copy the 3rd purple text,copy,text,purple,NONE,NONE,3rd
scroll to black menu to the left of the first email,scroll,menu,black,left_of,first email,NONE
click on image,click,image,NONE,NONE,NONE,NONE
copy text,copy,text,NONE,NONE,NONE,NONE
long-press the 3rd button below the last item,long-press,button,NONE,below,last item,3rd
paste text,paste,text,NONE,NONE,NONE,NONE
paste the last gray text below the wi-fi,paste,text,gray,below,wi-fi,last
paste blue text above the settings,paste,text,blue,above,settings,NONE
long-press text above the checkout,long-press,text,NONE,above,checkout,NONE
copy text next to the search,copy,text,NONE,next_to,search,NONE
paste text next to the settings,paste,text,NONE,next_to,settings,NONE
open tab to the right of the settings,open,tab,NONE,right_of,settings,NONE
trash the 3rd button,delete,button,NONE,NONE,NONE,3rd
remove blue button to the left of the payment,delete,button,blue,left_of,payment,NONE
paste text above the wi-fi,paste,text,NONE,above,wi-fi,NONE
select image below the notifications,click,image,NONE,below,notifications,NONE
remove image,delete,image,NONE,NONE,NONE,NONE
remove purple button next to the first email,delete,button,purple,next_to,first email,NONE
tap on link below the address,tap,link,NONE,below,address,NONE
copy the 3rd gray text next to the settings,copy,text,gray,next_to,settings,3rd
scroll down to text to the right of the wi-fi,scroll,text,NONE,right_of,wi-fi,NONE
long-press button next to the last item,long-press,button,NONE,next_to,last item,NONE
paste the 3rd blue text below the last item,paste,text,blue,below,last item,3rd
scroll down to orange menu above the last item,scroll,menu,orange,above,last item,NONE
press and hold button,long-press,button,NONE,NONE,NONE,NONE
tap on yellow tab to the left of the last item,tap,tab,yellow,left_of,last item,NONE
click on the 1st tab below the help,click,tab,NONE,below,help,1st
paste orange text,paste,text,orange,NONE,NONE,NONE
press and hold text,long-press,text,NONE,NONE,NONE,NONE
delete gray button,delete,button,gray,NONE,NONE,NONE
trash image,delete,image,NONE,NONE,NONE,NONE
scroll down to pink menu to the left of the notifications,scroll,menu,pink,left_of,notifications,NONE
paste gray text,paste,text,gray,NONE,NONE,NONE
open button to the left of the wi-fi,open,button,NONE,left_of,wi-fi,NONE
paste text,paste,text,NONE,NONE,NONE,NONE
copy the 3rd text,copy,text,NONE,NONE,NONE,3rd
tap on switch,tap,switch,NONE,NONE,NONE,NONE
click on image above the menu,click,image,NONE,above,menu,NONE
select tab next to the wi-fi,click,tab,NONE,next_to,wi-fi,NONE
copy text,copy,text,NONE,NONE,NONE,NONE
launch pink button,open,button,pink,NONE,NONE,NONE
copy the 2nd green text next to the checkout,copy,text,green,next_to,checkout,2nd
copy green text above the notifications,copy,text,green,above,notifications,NONE
copy white text to the right of the wi-fi,copy,text,white,right_of,wi-fi,NONE
scroll down to the 2nd menu to the left of the login,scroll,menu,NONE,left_of,login,2nd
open black tab to the left of the cart,open,tab,black,left_of,cart,NONE
remove image above the settings,delete,image,NONE,above,settings,NONE
launch orange menu,open,menu,orange,NONE,NONE,NONE
scroll down to tab next to the settings,scroll,tab,NONE,next_to,settings,NONE
trash button below the settings,delete,button,NONE,below,settings,NONE
press and hold the 3rd pink text to the right of the last item,long-press,text,pink,right_of,last item,3rd
scroll to the 3rd purple tab to the left of the notifications,scroll,tab,purple,left_of,notifications,3rd
scroll to the 1st tab,scroll,tab,NONE,NONE,NONE,1st
launch link to the right of the profile,open,link,NONE,right_of,profile,NONE
launch icon,open,icon,NONE,NONE,NONE,NONE
click on the 2nd black button above the search,click,button,black,above,search,2nd
click on checkbox above the notifications,click,checkbox,NONE,above,notifications,NONE
launch tab to the right of the checkout,open,tab,NONE,right_of,checkout,NONE
scroll down to menu,scroll,menu,NONE,NONE,NONE,NONE
press the 3rd black checkbox above the notifications,click,checkbox,black,above,notifications,3rd
press icon below the profile,click,icon,NONE,below,profile,NONE
tap on the 3rd green tab,tap,tab,green,NONE,NONE,3rd
copy text to the right of the last item,copy,text,NONE,right_of,last item,NONE
scroll down to text,scroll,text,NONE,NONE,NONE,NONE
scroll down to menu,scroll,menu,NONE,NONE,NONE,NONE
remove purple image,delete,image,purple,NONE,NONE,NONE
copy blue text,copy,text,blue,NONE,NONE,NONE
remove button,delete,button,NONE,NONE,NONE,NONE
click on the last black icon,click,icon,black,NONE,NONE,last
copy white text above the home,copy,text,white,above,home,NONE
tap button to the right of the menu,tap,button,NONE,right_of,menu,NONE
paste the last text next to the checkout,paste,text,NONE,next_to,checkout,last
long-press the 3rd text above the search,long-press,text,NONE,above,search,3rd
press black switch below the settings,click,switch,black,below,settings,NONE
tap black icon next to the address,tap,icon,black,next_to,address,NONE
select tab,click,tab,NONE,NONE,NONE,NONE
press and hold image below the help,long-press,image,NONE,below,help,NONE
delete image to the right of the payment,delete,image,NONE,right_of,payment,NONE
copy green text,copy,text,green,NONE,NONE,NONE
launch red icon next to the wi-fi,open,icon,red,next_to,wi-fi,NONE
long-press image,long-press,image,NONE,NONE,NONE,NONE
copy text,copy,text,NONE,NONE,NONE,NONE
paste pink text next to the payment,paste,text,pink,next_to,payment,NONE
remove image,delete,image,NONE,NONE,NONE,NONE
scroll down to the 3rd tab to the right of the wi-fi,scroll,tab,NONE,right_of,wi-fi,3rd
scroll down to green menu above the search,scroll,menu,green,above,search,NONE
remove the 3rd black image,delete,image,black,NONE,NONE,3rd
tap on link,tap,link,NONE,NONE,NONE,NONE
delete the 3rd purple text to the left of the first email,delete,text,purple,left_of,first email,3rd
paste text,paste,text,NONE,NONE,NONE,NONE
click orange image above the profile,click,image,orange,above,profile,NONE
select orange switch below the login,click,switch,orange,below,login,NONE
remove text to the right of the wi-fi,delete,text,NONE,right_of,wi-fi,NONE
copy the 2nd text,copy,text,NONE,NONE,NONE,2nd
copy the last text,copy,text,NONE,NONE,NONE,last
open button,open,button,NONE,NONE,NONE,NONE
click the 1st text above the profile,click,text,NONE,above,profile,1st
press and hold text,long-press,text,NONE,NONE,NONE,NONE
scroll down to the 3rd black text to the right of the first email,scroll,text,black,right_of,first email,3rd
paste black text to the left of the notifications,paste,text,black,left_of,notifications,NONE
press text,click,text,NONE,NONE,NONE,NONE
remove blue text to the left of the cart,delete,text,blue,left_of,cart,NONE
open red link,open,link,red,NONE,NONE,NONE
click on text to the left of the checkout,click,text,NONE,left_of,checkout,NONE
paste blue text to the left of the checkout,paste,text,blue,left_of,checkout,NONE
tap on orange tab below the last item,tap,tab,orange,below,last item,NONE
copy text below the menu,copy,text,NONE,below,menu,NONE
click white switch to the right of the wi-fi,click,switch,white,right_of,wi-fi,NONE
copy purple text,copy,text,purple,NONE,NONE,NONE
remove yellow button to the left of the search,delete,button,yellow,left_of,search,NONE
select text,click,text,NONE,NONE,NONE,NONE
open button to the right of the notifications,open,button,NONE,right_of,notifications,NONE
click on text,click,text,NONE,NONE,NONE,NONE
copy text to the left of the last item,copy,text,NONE,left_of,last item,NONE
copy the last pink text,copy,text,pink,NONE,NONE,last
click on pink checkbox above the home,click,checkbox,pink,above,home,NONE
copy text to the left of the home,copy,text,NONE,left_of,home,NONE
delete the last text,delete,text,NONE,NONE,NONE,last
remove yellow button to the left of the settings,delete,button,yellow,left_of,settings,NONE
scroll to tab to the right of the search,scroll,tab,NONE,right_of,search,NONE
tap the 2nd gray button to the right of the notifications,tap,button,gray,right_of,notifications,2nd
trash button,delete,button,NONE,NONE,NONE,NONE
tap pink tab next to the login,tap,tab,pink,next_to,login,NONE
remove text below the profile,delete,text,NONE,below,profile,NONE
trash gray image to the left of the payment,delete,image,gray,left_of,payment,NONE
open the 2nd button,open,button,NONE,NONE,NONE,2nd
launch tab to the right of the settings,open,tab,NONE,right_of,settings,NONE
click on checkbox,click,checkbox,NONE,NONE,NONE,NONE
tap on icon,tap,icon,NONE,NONE,NONE,NONE
paste text,paste,text,NONE,NONE,NONE,NONE
click orange checkbox,click,checkbox,orange,NONE,NONE,NONE
copy the 2nd gray text below the wi-fi,copy,text,gray,below,wi-fi,2nd
open menu next to the login,open,menu,NONE,next_to,login,NONE
paste red text below the address,paste,text,red,below,address,NONE
copy the 1st black text,copy,text,black,NONE,NONE,1st
click icon to the right of the checkout,click,icon,NONE,right_of,checkout,NONE
tap tab to the right of the first email,tap,tab,NONE,right_of,first email,NONE
scroll to gray tab,scroll,tab,gray,NONE,NONE,NONE
copy text to the left of the help,copy,text,NONE,left_of,help,NONE
select white text below the last item,click,text,white,below,last item,NONE
paste the 3rd blue text,paste,text,blue,NONE,NONE,3rd
scroll down to menu below the help,scroll,menu,NONE,below,help,NONE
trash the 3rd text below the home,delete,text,NONE,below,home,3rd
open button to the left of the checkout,open,button,NONE,left_of,checkout,NONE
scroll to blue menu,scroll,menu,blue,NONE,NONE,NONE
paste the 2nd text below the home,paste,text,NONE,below,home,2nd
copy text,copy,text,NONE,NONE,NONE,NONE
press button,click,button,NONE,NONE,NONE,NONE
long-press icon,long-press,icon,NONE,NONE,NONE,NONE
long-press red icon below the search,long-press,icon,red,below,search,NONE
scroll down to menu to the left of the first email,scroll,menu,NONE,left_of,first email,NONE
paste text next to the payment,paste,text,NONE,next_to,payment,NONE
scroll down to tab,scroll,tab,NONE,NONE,NONE,NONE
copy pink text next to the help,copy,text,pink,next_to,help,NONE
open red button above the menu,open,button,red,above,menu,NONE
long-press icon to the left of the menu,long-press,icon,NONE,left_of,menu,NONE
launch menu next to the settings,open,menu,NONE,next_to,settings,NONE
press and hold the 3rd white button,long-press,button,white,NONE,NONE,3rd
tap the last button next to the login,tap,button,NONE,next_to,login,last
launch tab,open,tab,NONE,NONE,NONE,NONE
scroll to the last menu to the right of the notifications,scroll,menu,NONE,right_of,notifications,last
paste purple text above the address,paste,text,purple,above,address,NONE
delete black button above the menu,delete,button,black,above,menu,NONE
select image,click,image,NONE,NONE,NONE,NONE
copy the 2nd red text next to the login,copy,text,red,next_to,login,2nd
paste text next to the checkout,paste,text,NONE,next_to,checkout,NONE
tap on white icon below the help,tap,icon,white,below,help,NONE
delete orange button,delete,button,orange,NONE,NONE,NONE
tap on purple button to the left of the payment,tap,button,purple,left_of,payment,NONE
open the last link,open,link,NONE,NONE,NONE,last
tap on icon to the right of the home,tap,icon,NONE,right_of,home,NONE
copy red text to the left of the menu,copy,text,red,left_of,menu,NONE
delete image next to the search,delete,image,NONE,next_to,search,NONE
tap icon to the right of the address,tap,icon,NONE,right_of,address,NONE
press and hold text to the left of the first email,long-press,text,NONE,left_of,first email,NONE
press and hold the 2nd icon below the wi-fi,long-press,icon,NONE,below,wi-fi,2nd
copy text to the right of the checkout,copy,text,NONE,right_of,checkout,NONE
tap tab,tap,tab,NONE,NONE,NONE,NONE
press and hold black icon,long-press,icon,black,NONE,NONE,NONE
tap tab above the profile,tap,tab,NONE,above,profile,NONE
remove orange text,delete,text,orange,NONE,NONE,NONE
copy text next to the login,copy,text,NONE,next_to,login,NONE
press and hold button,long-press,button,NONE,NONE,NONE,NONE
launch black menu,open,menu,black,NONE,NONE,NONE
tap on green tab to the right of the cart,tap,tab,green,right_of,cart,NONE
scroll down to white tab above the profile,scroll,tab,white,above,profile,NONE
scroll to menu above the settings,scroll,menu,NONE,above,settings,NONE
scroll to tab below the notifications,scroll,tab,NONE,below,notifications,NONE
select icon,click,icon,NONE,NONE,NONE,NONE
press and hold text below the settings,long-press,text,NONE,below,settings,NONE
paste the last text,paste,text,NONE,NONE,NONE,last
tap on checkbox,tap,checkbox,NONE,NONE,NONE,NONE
launch white tab,open,tab,white,NONE,NONE,NONE
tap on the 3rd gray link to the right of the menu,tap,link,gray,right_of,menu,3rd
tap checkbox,tap,checkbox,NONE,NONE,NONE,NONE
tap on button to the right of the settings,tap,button,NONE,right_of,settings,NONE
scroll down to orange text next to the menu,scroll,text,orange,next_to,menu,NONE
open the last menu below the cart,open,menu,NONE,below,cart,last
paste the 1st purple text,paste,text,purple,NONE,NONE,1st
open link above the help,open,link,NONE,above,help,NONE
delete image,delete,image,NONE,NONE,NONE,NONE
paste the 2nd text,paste,text,NONE,NONE,NONE,2nd
trash text to the left of the login,delete,text,NONE,left_of,login,NONE
select purple checkbox to the left of the settings,click,checkbox,purple,left_of,settings,NONE
tap on the last button above the cart,tap,button,NONE,above,cart,last
tap link below the last item,tap,link,NONE,below,last item,NONE
launch icon,open,icon,NONE,NONE,NONE,NONE
scroll to the 1st text to the left of the address,scroll,text,NONE,left_of,address,1st
tap icon below the first email,tap,icon,NONE,below,first email,NONE
scroll down to tab,scroll,tab,NONE,NONE,NONE,NONE
paste the last green text,paste,text,green,NONE,NONE,last
tap pink checkbox,tap,checkbox,pink,NONE,NONE,NONE
tap tab,tap,tab,NONE,NONE,NONE,NONE
copy gray text below the payment,copy,text,gray,below,payment,NONE
tap checkbox above the last item,tap,checkbox,NONE,above,last item,NONE
paste text,paste,text,NONE,NONE,NONE,NONE
tap on the 3rd link above the login,tap,link,NONE,above,login,3rd
tap on checkbox next to the last item,tap,checkbox,NONE,next_to,last item,NONE
remove orange image,delete,image,orange,NONE,NONE,NONE
scroll down to the last menu,scroll,menu,NONE,NONE,NONE,last
launch white menu above the first email,open,menu,white,above,first email,NONE
remove gray text,delete,text,gray,NONE,NONE,NONE
click on gray button below the profile,click,button,gray,below,profile,NONE
open the last button above the home,open,button,NONE,above,home,last
trash text below the search,delete,text,NONE,below,search,NONE
copy text above the last item,copy,text,NONE,above,last item,NONE
tap on checkbox next to the wi-fi,tap,checkbox,NONE,next_to,wi-fi,NONE
paste text,paste,text,NONE,NONE,NONE,NONE
tap on yellow link to the right of the checkout,tap,link,yellow,right_of,checkout,NONE
paste the 2nd text,paste,text,NONE,NONE,NONE,2nd
long-press blue image below the first email,long-press,image,blue,below,first email,NONE
paste text below the last item,paste,text,NONE,below,last item,NONE
launch button below the home,open,button,NONE,below,home,NONE
paste gray text below the checkout,paste,text,gray,below,checkout,NONE
copy the last text below the settings,copy,text,NONE,below,settings,last
scroll down to menu,scroll,menu,NONE,NONE,NONE,NONE
open button to the right of the profile,open,button,NONE,right_of,profile,NONE
select tab next to the notifications,click,tab,NONE,next_to,notifications,NONE
trash text,delete,text,NONE,NONE,NONE,NONE
paste yellow text next to the notifications,paste,text,yellow,next_to,notifications,NONE
paste orange text,paste,text,orange,NONE,NONE,NONE
long-press text to the right of the address,long-press,text,NONE,right_of,address,NONE
long-press text to the left of the wi-fi,long-press,text,NONE,left_of,wi-fi,NONE
long-press image to the left of the notifications,long-press,image,NONE,left_of,notifications,NONE
paste text to the right of the login,paste,text,NONE,right_of,login,NONE
long-press yellow icon,long-press,icon,yellow,NONE,NONE,NONE
scroll to the 1st text next to the search,scroll,text,NONE,next_to,search,1st
click icon,click,icon,NONE,NONE,NONE,NONE
copy white text,copy,text,white,NONE,NONE,NONE
copy text next to the last item,copy,text,NONE,next_to,last item,NONE
delete the 2nd text,delete,text,NONE,NONE,NONE,2nd
scroll to menu to the right of the payment,scroll,menu,NONE,right_of,payment,NONE
tap icon,tap,icon,NONE,NONE,NONE,NONE
scroll down to red text to the right of the help,scroll,text,red,right_of,help,NONE
click link to the left of the last item,click,link,NONE,left_of,last item,NONE
click on the 2nd white icon next to the menu,click,icon,white,next_to,menu,2nd
launch tab,open,tab,NONE,NONE,NONE,NONE
long-press image,long-press,image,NONE,NONE,NONE,NONE
press the last link below the home,click,link,NONE,below,home,last
scroll down to menu to the left of the search,scroll,menu,NONE,left_of,search,NONE
open menu to the right of the notifications,open,menu,NONE,right_of,notifications,NONE
remove text to the right of the wi-fi,delete,text,NONE,right_of,wi-fi,NONE
long-press the 1st button above the profile,long-press,button,NONE,above,profile,1st
tap red icon above the first email,tap,icon,red,above,first email,NONE
scroll to menu,scroll,menu,NONE,NONE,NONE,NONE
remove the 1st image,delete,image,NONE,NONE,NONE,1st
tap on switch above the checkout,tap,switch,NONE,above,checkout,NONE
tap checkbox below the settings,tap,checkbox,NONE,below,settings,NONE
tap on tab,tap,tab,NONE,NONE,NONE,NONE
open the 2nd black link to the right of the search,open,link,black,right_of,search,2nd
scroll down to text to the right of the notifications,scroll,text,NONE,right_of,notifications,NONE
select orange icon,click,icon,orange,NONE,NONE,NONE
tap the last blue button above the notifications,tap,button,blue,above,notifications,last
select the 2nd button,click,button,NONE,NONE,NONE,2nd
press the 1st link below the menu,click,link,NONE,below,menu,1st
trash image,delete,image,NONE,NONE,NONE,NONE
scroll to red tab above the cart,scroll,tab,red,above,cart,NONE
tap the 3rd checkbox above the cart,tap,checkbox,NONE,above,cart,3rd
launch icon next to the search,open,icon,NONE,next_to,search,NONE
press the 2nd green switch,click,switch,green,NONE,NONE,2nd
scroll down to the 1st text,scroll,text,NONE,NONE,NONE,1st
delete the 2nd white image below the cart,delete,image,white,below,cart,2nd
scroll to white text,scroll,text,white,NONE,NONE,NONE
open gray tab below the checkout,open,tab,gray,below,checkout,NONE
paste text above the home,paste,text,NONE,above,home,NONE
copy text to the right of the payment,copy,text,NONE,right_of,payment,NONE
copy green text,copy,text,green,NONE,NONE,NONE
paste text next to the wi-fi,paste,text,NONE,next_to,wi-fi,NONE
copy the 1st yellow text to the right of the search,copy,text,yellow,right_of,search,1st
copy text next to the settings,copy,text,NONE,next_to,settings,NONE
tap white button above the settings,tap,button,white,above,settings,NONE
long-press the 3rd icon to the right of the wi-fi,long-press,icon,NONE,right_of,wi-fi,3rd
copy text next to the cart,copy,text,NONE,next_to,cart,NONE
paste the last green text below the profile,paste,text,green,below,profile,last
long-press image to the right of the checkout,long-press,image,NONE,right_of,checkout,NONE
open tab to the left of the home,open,tab,NONE,left_of,home,NONE
select black image to the right of the home,click,image,black,right_of,home,NONE
press and hold text to the left of the login,long-press,text,NONE,left_of,login,NONE
paste text next to the search,paste,text,NONE,next_to,search,NONE
scroll to menu,scroll,menu,NONE,NONE,NONE,NONE
scroll down to white menu to the left of the address,scroll,menu,white,left_of,address,NONE
paste text next to the address,paste,text,NONE,next_to,address,NONE
copy yellow text,copy,text,yellow,NONE,NONE,NONE
launch the 1st tab to the right of the cart,open,tab,NONE,right_of,cart,1st
press and hold text to the left of the checkout,long-press,text,NONE,left_of,checkout,NONE
launch white tab to the right of the wi-fi,open,tab,white,right_of,wi-fi,NONE
select orange icon next to the search,click,icon,orange,next_to,search,NONE
click on white link,click,link,white,NONE,NONE,NONE
copy blue text next to the settings,copy,text,blue,next_to,settings,NONE
press and hold orange text,long-press,text,orange,NONE,NONE,NONE
scroll to the last tab next to the last item,scroll,tab,NONE,next_to,last item,last
scroll to the 2nd gray menu to the left of the search,scroll,menu,gray,left_of,search,2nd
press text next to the checkout,click,text,NONE,next_to,checkout,NONE
select image next to the wi-fi,click,image,NONE,next_to,wi-fi,NONE
scroll to text,scroll,text,NONE,NONE,NONE,NONE
press link to the left of the menu,click,link,NONE,left_of,menu,NONE
launch yellow tab above the first email,open,tab,yellow,above,first email,NONE
select black link,click,link,black,NONE,NONE,NONE
trash white text below the address,delete,text,white,below,address,NONE
press and hold icon,long-press,icon,NONE,NONE,NONE,NONE
press the last checkbox,click,checkbox,NONE,NONE,NONE,last
tap icon above the help,tap,icon,NONE,above,help,NONE
trash image next to the search,delete,image,NONE,next_to,search,NONE
copy text next to the wi-fi,copy,text,NONE,next_to,wi-fi,NONE
open purple tab,open,tab,purple,NONE,NONE,NONE
scroll to menu below the first email,scroll,menu,NONE,below,first email,NONE
scroll down to the last black tab next to the last item,scroll,tab,black,next_to,last item,last
launch the last blue menu next to the profile,open,menu,blue,next_to,profile,last
paste gray text,paste,text,gray,NONE,NONE,NONE
copy text,copy,text,NONE,NONE,NONE,NONE
scroll down to the 3rd blue text,scroll,text,blue,NONE,NONE,3rd
long-press text,long-press,text,NONE,NONE,NONE,NONE
tap on the 2nd tab,tap,tab,NONE,NONE,NONE,2nd
remove image below the address,delete,image,NONE,below,address,NONE
trash image below the notifications,delete,image,NONE,below,notifications,NONE
click link next to the profile,click,link,NONE,next_to,profile,NONE
scroll to orange text,scroll,text,orange,NONE,NONE,NONE
press and hold orange icon next to the wi-fi,long-press,icon,orange,next_to,wi-fi,NONE
trash purple text to the right of the settings,delete,text,purple,right_of,settings,NONE
scroll to tab to the right of the last item,scroll,tab,NONE,right_of,last item,NONE
scroll down to the 2nd menu,scroll,menu,NONE,NONE,NONE,2nd
select text below the last item,click,text,NONE,below,last item,NONE
tap on the 1st link,tap,link,NONE,NONE,NONE,1st
long-press the 1st text,long-press,text,NONE,NONE,NONE,1st
scroll down to tab,scroll,tab,NONE,NONE,NONE,NONE
scroll down to tab above the profile,scroll,tab,NONE,above,profile,NONE
paste white text,paste,text,white,NONE,NONE,NONE
tap switch,tap,switch,NONE,NONE,NONE,NONE
tap button to the left of the profile,tap,button,NONE,left_of,profile,NONE
launch tab below the menu,open,tab,NONE,below,menu,NONE
copy text,copy,text,NONE,NONE,NONE,NONE
tap the 1st tab below the menu,tap,tab,NONE,below,menu,1st
copy pink text to the right of the profile,copy,text,pink,right_of,profile,NONE
long-press gray text above the home,long-press,text,gray,above,home,NONE
trash yellow image next to the help,delete,image,yellow,next_to,help,NONE
tap on the 3rd link,tap,link,NONE,NONE,NONE,3rd
press tab,click,tab,NONE,NONE,NONE,NONE
scroll to menu to the right of the cart,scroll,menu,NONE,right_of,cart,NONE
scroll down to the 1st text next to the payment,scroll,text,NONE,next_to,payment,1st
copy black text next to the last item,copy,text,black,next_to,last item,NONE
paste black text below the profile,paste,text,black,below,profile,NONE
remove the 3rd purple button next to the home,delete,button,purple,next_to,home,3rd
trash text below the login,delete,text,NONE,below,login,NONE
click on gray image next to the profile,click,image,gray,next_to,profile,NONE
launch the 3rd link below the checkout,open,link,NONE,below,checkout,3rd
tap on blue button,tap,button,blue,NONE,NONE,NONE
press and hold the 3rd image,long-press,image,NONE,NONE,NONE,3rd
scroll to the 2nd blue text,scroll,text,blue,NONE,NONE,2nd
scroll down to text,scroll,text,NONE,NONE,NONE,NONE
delete button next to the search,delete,button,NONE,next_to,search,NONE
open red tab above the profile,open,tab,red,above,profile,NONE
trash image below the login,delete,image,NONE,below,login,NONE
scroll down to menu,scroll,menu,NONE,NONE,NONE,NONE
scroll down to menu,scroll,menu,NONE,NONE,NONE,NONE
scroll to the 3rd menu above the first email,scroll,menu,NONE,above,first email,3rd
tap blue switch,tap,switch,blue,NONE,NONE,NONE
open menu below the last item,open,menu,NONE,below,last item,NONE
tap icon to the right of the settings,tap,icon,NONE,right_of,settings,NONE
press and hold image below the first email,long-press,image,NONE,below,first email,NONE
scroll to tab below the address,scroll,tab,NONE,below,address,NONE
paste text,paste,text,NONE,NONE,NONE,NONE
tap on the last button above the home,tap,button,NONE,above,home,last
delete red button,delete,button,red,NONE,NONE,NONE
press and hold the 3rd green button,long-press,button,green,NONE,NONE,3rd
copy text,copy,text,NONE,NONE,NONE,NONE
tap tab next to the menu,tap,tab,NONE,next_to,menu,NONE
scroll down to the last yellow menu,scroll,menu,yellow,NONE,NONE,last
launch yellow link to the left of the cart,open,link,yellow,left_of,cart,NONE
trash button to the right of the cart,delete,button,NONE,right_of,cart,NONE
paste text next to the login,paste,text,NONE,next_to,login,NONE
paste text,paste,text,NONE,NONE,NONE,NONE
press and hold red icon above the settings,long-press,icon,red,above,settings,NONE
paste text to the left of the notifications,paste,text,NONE,left_of,notifications,NONE
open link,open,link,NONE,NONE,NONE,NONE
open purple tab,open,tab,purple,NONE,NONE,NONE
paste text,paste,text,NONE,NONE,NONE,NONE
tap the 2nd button,tap,button,NONE,NONE,NONE,2nd
delete text next to the login,delete,text,NONE,next_to,login,NONE
tap on icon,tap,icon,NONE,NONE,NONE,NONE
click the 1st pink icon,click,icon,pink,NONE,NONE,1st
paste gray text to the left of the settings,paste,text,gray,left_of,settings,NONE
press and hold pink image next to the cart,long-press,image,pink,next_to,cart,NONE
long-press button below the payment,long-press,button,NONE,below,payment,NONE
press and hold image,long-press,image,NONE,NONE,NONE,NONE
copy the 3rd text to the right of the cart,copy,text,NONE,right_of,cart,3rd
copy text,copy,text,NONE,NONE,NONE,NONE
scroll down to the 2nd red text to the left of the home,scroll,text,red,left_of,home,2nd
remove the 3rd pink text,delete,text,pink,NONE,NONE,3rd
tap on the last checkbox to the right of the help,tap,checkbox,NONE,right_of,help,last
scroll to gray menu to the right of the notifications,scroll,menu,gray,right_of,notifications,NONE
launch red link next to the notifications,open,link,red,next_to,notifications,NONE
open link,open,link,NONE,NONE,NONE,NONE
copy the 2nd text,copy,text,NONE,NONE,NONE,2nd
click on pink text above the profile,click,text,pink,above,profile,NONE
paste text next to the help,paste,text,NONE,next_to,help,NONE
copy white text,copy,text,white,NONE,NONE,NONE
press and hold the last icon,long-press,icon,NONE,NONE,NONE,last
trash the 2nd pink text below the search,delete,text,pink,below,search,2nd
long-press text to the left of the settings,long-press,text,NONE,left_of,settings,NONE
click on orange icon,click,icon,orange,NONE,NONE,NONE
open the last menu to the left of the menu,open,menu,NONE,left_of,menu,last
click text to the right of the profile,click,text,NONE,right_of,profile,NONE
delete the 1st green text,delete,text,green,NONE,NONE,1st
copy orange text below the settings,copy,text,orange,below,settings,NONE
tap button to the left of the wi-fi,tap,button,NONE,left_of,wi-fi,NONE
tap on the 1st icon to the left of the cart,tap,icon,NONE,left_of,cart,1st
launch the last menu next to the login,open,menu,NONE,next_to,login,last
open the 3rd yellow tab,open,tab,yellow,NONE,NONE,3rd
tap on the 2nd black button,tap,button,black,NONE,NONE,2nd
open the 1st red link above the notifications,open,link,red,above,notifications,1st
scroll to the 1st purple tab to the right of the cart,scroll,tab,purple,right_of,cart,1st
press and hold text,long-press,text,NONE,NONE,NONE,NONE
paste green text below the settings,paste,text,green,below,settings,NONE
tap on the 3rd checkbox,tap,checkbox,NONE,NONE,NONE,3rd
press and hold the last yellow icon next to the first email,long-press,icon,yellow,next_to,first email,last
press the 2nd black button,click,button,black,NONE,NONE,2nd
copy text to the right of the login,copy,text,NONE,right_of,login,NONE
tap on link next to the first email,tap,link,NONE,next_to,first email,NONE
remove the 3rd button,delete,button,NONE,NONE,NONE,3rd
remove purple button,delete,button,purple,NONE,NONE,NONE
click on red text next to the login,click,text,red,next_to,login,NONE
copy text to the right of the cart,copy,text,NONE,right_of,cart,NONE
copy text,copy,text,NONE,NONE,NONE,NONE
copy text to the right of the notifications,copy,text,NONE,right_of,notifications,NONE
copy text below the home,copy,text,NONE,below,home,NONE
open menu below the checkout,open,menu,NONE,below,checkout,NONE
scroll to the 2nd text to the right of the notifications,scroll,text,NONE,right_of,notifications,2nd
press and hold black image,long-press,image,black,NONE,NONE,NONE
tap icon above the cart,tap,icon,NONE,above,cart,NONE
select black link above the help,click,link,black,above,help,NONE
scroll down to text,scroll,text,NONE,NONE,NONE,NONE
open the 3rd purple menu below the notifications,open,menu,purple,below,notifications,3rd
paste white text above the profile,paste,text,white,above,profile,NONE
trash the last image,delete,image,NONE,NONE,NONE,last
tap pink button to the right of the payment,tap,button,pink,right_of,payment,NONE
launch the 2nd orange button,open,button,orange,NONE,NONE,2nd
scroll to menu,scroll,menu,NONE,NONE,NONE,NONE
long-press button to the left of the login,long-press,button,NONE,left_of,login,NONE
scroll down to orange tab below the login,scroll,tab,orange,below,login,NONE
copy text below the last item,copy,text,NONE,below,last item,NONE
paste text next to the home,paste,text,NONE,next_to,home,NONE
copy pink text,copy,text,pink,NONE,NONE,NONE
open tab to the left of the login,open,tab,NONE,left_of,login,NONE
scroll down to text to the right of the menu,scroll,text,NONE,right_of,menu,NONE
trash image above the address,delete,image,NONE,above,address,NONE
tap link,tap,link,NONE,NONE,NONE,NONE
copy the 1st text below the first email,copy,text,NONE,below,first email,1st
press and hold green icon above the menu,long-press,icon,green,above,menu,NONE
copy the 3rd text below the first email,copy,text,NONE,below,first email,3rd
launch blue button next to the payment,open,button,blue,next_to,payment,NONE
scroll to white text to the right of the home,scroll,text,white,right_of,home,NONE
delete button below the address,delete,button,NONE,below,address,NONE
open the 1st blue icon to the right of the settings,open,icon,blue,right_of,settings,1st
click tab below the help,click,tab,NONE,below,help,NONE
press image above the notifications,click,image,NONE,above,notifications,NONE
remove image next to the profile,delete,image,NONE,next_to,profile,NONE
paste the 3rd black text below the help,paste,text,black,below,help,3rd
scroll to tab,scroll,tab,NONE,NONE,NONE,NONE
tap gray link to the right of the notifications,tap,link,gray,right_of,notifications,NONE
paste blue text,paste,text,blue,NONE,NONE,NONE
scroll to the 1st tab below the login,scroll,tab,NONE,below,login,1st
click on icon to the right of the login,click,icon,NONE,right_of,login,NONE
tap gray switch above the search,tap,switch,gray,above,search,NONE
paste the 1st text,paste,text,NONE,NONE,NONE,1st
copy gray text to the right of the wi-fi,copy,text,gray,right_of,wi-fi,NONE
scroll to text to the left of the checkout,scroll,text,NONE,left_of,checkout,NONE
tap the 1st icon,tap,icon,NONE,NONE,NONE,1st
tap on yellow switch,tap,switch,yellow,NONE,NONE,NONE
open purple menu next to the first email,open,menu,purple,next_to,first email,NONE
scroll to text below the payment,scroll,text,NONE,below,payment,NONE
open button above the search,open,button,NONE,above,search,NONE
copy the 1st text to the right of the wi-fi,copy,text,NONE,right_of,wi-fi,1st
paste white text above the payment,paste,text,white,above,payment,NONE
launch white link below the notifications,open,link,white,below,notifications,NONE
paste text to the left of the search,paste,text,NONE,left_of,search,NONE
tap button to the right of the notifications,tap,button,NONE,right_of,notifications,NONE
paste text,paste,text,NONE,NONE,NONE,NONE
click on green button,click,button,green,NONE,NONE,NONE
paste text,paste,text,NONE,NONE,NONE,NONE
paste text below the cart,paste,text,NONE,below,cart,NONE
long-press icon to the right of the search,long-press,icon,NONE,right_of,search,NONE
click on the 3rd link,click,link,NONE,NONE,NONE,3rd
copy text below the profile,copy,text,NONE,below,profile,NONE
trash yellow text to the left of the wi-fi,delete,text,yellow,left_of,wi-fi,NONE
long-press image,long-press,image,NONE,NONE,NONE,NONE
delete the 1st button,delete,button,NONE,NONE,NONE,1st
delete button,delete,button,NONE,NONE,NONE,NONE
scroll down to tab below the wi-fi,scroll,tab,NONE,below,wi-fi,NONE
paste text to the right of the search,paste,text,NONE,right_of,search,NONE
press and hold icon,long-press,icon,NONE,NONE,NONE,NONE
trash button next to the settings,delete,button,NONE,next_to,settings,NONE
launch button next to the notifications,open,button,NONE,next_to,notifications,NONE
long-press the 1st icon next to the payment,long-press,icon,NONE,next_to,payment,1st
launch tab to the right of the profile,open,tab,NONE,right_of,profile,NONE
open the last blue tab,open,tab,blue,NONE,NONE,last
copy green text to the right of the login,copy,text,green,right_of,login,NONE
scroll to gray menu to the right of the profile,scroll,menu,gray,right_of,profile,NONE
launch the 3rd black menu next to the payment,open,menu,black,next_to,payment,3rd
trash the 2nd button next to the checkout,delete,button,NONE,next_to,checkout,2nd
paste the 1st text,paste,text,NONE,NONE,NONE,1st
paste the last text above the address,paste,text,NONE,above,address,last
open yellow menu below the address,open,menu,yellow,below,address,NONE
copy text to the left of the first email,copy,text,NONE,left_of,first email,NONE
remove black image to the right of the checkout,delete,image,black,right_of,checkout,NONE
scroll to tab to the left of the login,scroll,tab,NONE,left_of,login,NONE
tap on green switch above the menu,tap,switch,green,above,menu,NONE
select text to the right of the profile,click,text,NONE,right_of,profile,NONE
remove black image next to the help,delete,image,black,next_to,help,NONE
scroll down to the last pink menu to the left of the address,scroll,menu,pink,left_of,address,last
long-press black text,long-press,text,black,NONE,NONE,NONE
press and hold the last purple text next to the notifications,long-press,text,purple,next_to,notifications,last
select the 2nd tab next to the first email,click,tab,NONE,next_to,first email,2nd
click on the 3rd link,click,link,NONE,NONE,NONE,3rd
delete the last image below the address,delete,image,NONE,below,address,last
open blue icon,open,icon,blue,NONE,NONE,NONE
press switch,click,switch,NONE,NONE,NONE,NONE
paste the 1st green text to the left of the last item,paste,text,green,left_of,last item,1st
remove text below the address,delete,text,NONE,below,address,NONE
long-press the 2nd white text,long-press,text,white,NONE,NONE,2nd
copy purple text,copy,text,purple,NONE,NONE,NONE
scroll to the 1st menu to the right of the checkout,scroll,menu,NONE,right_of,checkout,1st
tap checkbox,tap,checkbox,NONE,NONE,NONE,NONE
tap on tab,tap,tab,NONE,NONE,NONE,NONE
remove yellow button below the checkout,delete,button,yellow,below,checkout,NONE
long-press blue image next to the search,long-press,image,blue,next_to,search,NONE
paste text,paste,text,NONE,NONE,NONE,NONE
scroll to tab,scroll,tab,NONE,NONE,NONE,NONE
press red tab,click,tab,red,NONE,NONE,NONE
press link to the left of the profile,click,link,NONE,left_of,profile,NONE
scroll to blue tab,scroll,tab,blue,NONE,NONE,NONE
delete the 3rd green button below the cart,delete,button,green,below,cart,3rd
long-press icon,long-press,icon,NONE,NONE,NONE,NONE
press and hold the 2nd button,long-press,button,NONE,NONE,NONE,2nd
copy text,copy,text,NONE,NONE,NONE,NONE
tap gray link,tap,link,gray,NONE,NONE,NONE
click button,click,button,NONE,NONE,NONE,NONE
copy pink text to the right of the cart,copy,text,pink,right_of,cart,NONE
copy the 3rd black text to the right of the checkout,copy,text,black,right_of,checkout,3rd
copy the 1st text to the left of the notifications,copy,text,NONE,left_of,notifications,1st
copy text to the left of the login,copy,text,NONE,left_of,login,NONE
tap on icon next to the profile,tap,icon,NONE,next_to,profile,NONE
tap on the 3rd switch above the address,tap,switch,NONE,above,address,3rd
copy purple text next to the checkout,copy,text,purple,next_to,checkout,NONE
open white link above the search,open,link,white,above,search,NONE
tap switch above the payment,tap,switch,NONE,above,payment,NONE
long-press text below the wi-fi,long-press,text,NONE,below,wi-fi,NONE
paste white text above the checkout,paste,text,white,above,checkout,NONE
copy the last text,copy,text,NONE,NONE,NONE,last
paste white text above the profile,paste,text,white,above,profile,NONE
scroll to the last yellow tab next to the cart,scroll,tab,yellow,next_to,cart,last
copy the last text below the home,copy,text,NONE,below,home,last
paste text,paste,text,NONE,NONE,NONE,NONE
long-press image to the right of the checkout,long-press,image,NONE,right_of,checkout,NONE
remove the 1st text to the left of the address,delete,text,NONE,left_of,address,1st
press and hold the 3rd icon,long-press,icon,NONE,NONE,NONE,3rd
tap the 3rd button below the settings,tap,button,NONE,below,settings,3rd
open blue button to the right of the payment,open,button,blue,right_of,payment,NONE
press red tab,click,tab,red,NONE,NONE,NONE
click on the last button,click,button,NONE,NONE,NONE,last
scroll down to tab above the home,scroll,tab,NONE,above,home,NONE
tap on the 2nd checkbox to the left of the home,tap,checkbox,NONE,left_of,home,2nd
paste green text next to the last item,paste,text,green,next_to,last item,NONE
trash image above the last item,delete,image,NONE,above,last item,NONE
scroll down to menu to the right of the search,scroll,menu,NONE,right_of,search,NONE
scroll down to the 3rd text below the checkout,scroll,text,NONE,below,checkout,3rd
launch tab,open,tab,NONE,NONE,NONE,NONE
scroll down to red tab,scroll,tab,red,NONE,NONE,NONE
paste text above the cart,paste,text,NONE,above,cart,NONE
scroll down to red tab to the right of the profile,scroll,tab,red,right_of,profile,NONE
remove the 1st text,delete,text,NONE,NONE,NONE,1st
delete the 2nd green text above the search,delete,text,green,above,search,2nd
long-press blue text below the cart,long-press,text,blue,below,cart,NONE
tap the 1st icon next to the last item,tap,icon,NONE,next_to,last item,1st
copy the last pink text to the right of the notifications,copy,text,pink,right_of,notifications,last
remove the 2nd green text to the right of the help,delete,text,green,right_of,help,2nd
paste the 1st red text,paste,text,red,NONE,NONE,1st
tap on button below the first email,tap,button,NONE,below,first email,NONE
copy the 2nd text to the right of the menu,copy,text,NONE,right_of,menu,2nd
select switch,click,switch,NONE,NONE,NONE,NONE
copy text to the right of the help,copy,text,NONE,right_of,help,NONE
click on the 3rd switch to the right of the menu,click,switch,NONE,right_of,menu,3rd
launch the 2nd tab to the right of the wi-fi,open,tab,NONE,right_of,wi-fi,2nd
open button,open,button,NONE,NONE,NONE,NONE
paste yellow text,paste,text,yellow,NONE,NONE,NONE
scroll to black text,scroll,text,black,NONE,NONE,NONE
press and hold the last image,long-press,image,NONE,NONE,NONE,last
launch the 3rd green icon,open,icon,green,NONE,NONE,3rd
press and hold button next to the first email,long-press,button,NONE,next_to,first email,NONE
select switch below the home,click,switch,NONE,below,home,NONE
tap on switch next to the home,tap,switch,NONE,next_to,home,NONE
paste pink text below the cart,paste,text,pink,below,cart,NONE
remove the 1st button to the right of the wi-fi,delete,button,NONE,right_of,wi-fi,1st
copy the 2nd text to the right of the first email,copy,text,NONE,right_of,first email,2nd
press and hold text to the left of the help,long-press,text,NONE,left_of,help,NONE
scroll to the 3rd tab to the left of the checkout,scroll,tab,NONE,left_of,checkout,3rd
paste text to the left of the cart,paste,text,NONE,left_of,cart,NONE
tap on link to the left of the help,tap,link,NONE,left_of,help,NONE
press and hold icon,long-press,icon,NONE,NONE,NONE,NONE
press and hold yellow button to the left of the menu,long-press,button,yellow,left_of,menu,NONE
scroll to text,scroll,text,NONE,NONE,NONE,NONE
remove the 1st button to the right of the home,delete,button,NONE,right_of,home,1st
long-press icon next to the address,long-press,icon,NONE,next_to,address,NONE
scroll to the 1st menu,scroll,menu,NONE,NONE,NONE,1st
copy purple text below the payment,copy,text,purple,below,payment,NONE
copy the 1st white text above the menu,copy,text,white,above,menu,1st
scroll to text next to the search,scroll,text,NONE,next_to,search,NONE
copy text,copy,text,NONE,NONE,NONE,NONE
press and hold the 3rd black icon,long-press,icon,black,NONE,NONE,3rd
click on yellow text,click,text,yellow,NONE,NONE,NONE
remove the 3rd text,delete,text,NONE,NONE,NONE,3rd
paste the last yellow text,paste,text,yellow,NONE,NONE,last
tap on purple switch to the left of the help,tap,switch,purple,left_of,help,NONE
tap link above the wi-fi,tap,link,NONE,above,wi-fi,NONE
long-press the 2nd button,long-press,button,NONE,NONE,NONE,2nd
press and hold orange button to the left of the notifications,long-press,button,orange,left_of,notifications,NONE
tap the 2nd tab above the address,tap,tab,NONE,above,address,2nd
copy orange text to the left of the payment,copy,text,orange,left_of,payment,NONE
open the 2nd icon next to the home,open,icon,NONE,next_to,home,2nd
click on image above the login,click,image,NONE,above,login,NONE
remove image below the help,delete,image,NONE,below,help,NONE
select link above the help,click,link,NONE,above,help,NONE
remove the 2nd text,delete,text,NONE,NONE,NONE,2nd
paste text to the right of the cart,paste,text,NONE,right_of,cart,NONE
press the last tab below the settings,click,tab,NONE,below,settings,last
click on black image to the left of the last item,click,image,black,left_of,last item,NONE
scroll down to text below the address,scroll,text,NONE,below,address,NONE
paste text below the search,paste,text,NONE,below,search,NONE
launch button,open,button,NONE,NONE,NONE,NONE
delete text,delete,text,NONE,NONE,NONE,NONE
remove button next to the search,delete,button,NONE,next_to,search,NONE
open the last link next to the notifications,open,link,NONE,next_to,notifications,last
scroll to red menu,scroll,menu,red,NONE,NONE,NONE
copy yellow text,copy,text,yellow,NONE,NONE,NONE
open the 2nd pink icon to the right of the notifications,open,icon,pink,right_of,notifications,2nd
paste the 1st text below the wi-fi,paste,text,NONE,below,wi-fi,1st
launch tab below the home,open,tab,NONE,below,home,NONE
click red image to the right of the settings,click,image,red,right_of,settings,NONE
trash text next to the settings,delete,text,NONE,next_to,settings,NONE
select link to the left of the checkout,click,link,NONE,left_of,checkout,NONE
paste text below the first email,paste,text,NONE,below,first email,NONE
long-press the 3rd white button below the last item,long-press,button,white,below,last item,3rd
press checkbox next to the help,click,checkbox,NONE,next_to,help,NONE
copy text,copy,text,NONE,NONE,NONE,NONE
scroll down to white tab above the checkout,scroll,tab,white,above,checkout,NONE
click the last image next to the cart,click,image,NONE,next_to,cart,last
long-press image above the notifications,long-press,image,NONE,above,notifications,NONE
select pink button,click,button,pink,NONE,NONE,NONE
launch tab above the first email,open,tab,NONE,above,first email,NONE
click on image above the last item,click,image,NONE,above,last item,NONE
tap on checkbox below the home,tap,checkbox,NONE,below,home,NONE
select checkbox to the left of the search,click,checkbox,NONE,left_of,search,NONE
copy text above the address,copy,text,NONE,above,address,NONE
scroll to text to the right of the first email,scroll,text,NONE,right_of,first email,NONE
launch link to the right of the profile,open,link,NONE,right_of,profile,NONE
paste the 3rd text,paste,text,NONE,NONE,NONE,3rd
remove blue button,delete,button,blue,NONE,NONE,NONE
scroll down to menu above the checkout,scroll,menu,NONE,above,checkout,NONE
tap on button,tap,button,NONE,NONE,NONE,NONE
launch green button,open,button,green,NONE,NONE,NONE
press and hold image next to the login,long-press,image,NONE,next_to,login,NONE
paste yellow text next to the cart,paste,text,yellow,next_to,cart,NONE
launch the 3rd purple icon,open,icon,purple,NONE,NONE,3rd
paste the last text to the left of the home,paste,text,NONE,left_of,home,last
paste text,paste,text,NONE,NONE,NONE,NONE
scroll to purple menu below the help,scroll,menu,purple,below,help,NONE
copy the 2nd text next to the login,copy,text,NONE,next_to,login,2nd
open link below the checkout,open,link,NONE,below,checkout,NONE
click on the 3rd blue checkbox to the left of the first email,click,checkbox,blue,left_of,first email,3rd
scroll down to the 1st red text above the menu,scroll,text,red,above,menu,1st
long-press button,long-press,button,NONE,NONE,NONE,NONE
open tab above the home,open,tab,NONE,above,home,NONE
trash button next to the settings,delete,button,NONE,next_to,settings,NONE
scroll to text above the home,scroll,text,NONE,above,home,NONE
open tab to the right of the settings,open,tab,NONE,right_of,settings,NONE
tap on blue tab,tap,tab,blue,NONE,NONE,NONE
delete text,delete,text,NONE,NONE,NONE,NONE
paste red text above the help,paste,text,red,above,help,NONE
paste the 2nd text to the left of the first email,paste,text,NONE,left_of,first email,2nd
tap link,tap,link,NONE,NONE,NONE,NONE
copy text,copy,text,NONE,NONE,NONE,NONE
paste the 3rd purple text,paste,text,purple,NONE,NONE,3rd
long-press the 3rd white icon,long-press,icon,white,NONE,NONE,3rd
press and hold image to the right of the cart,long-press,image,NONE,right_of,cart,NONE
scroll down to text above the menu,scroll,text,NONE,above,menu,NONE
long-press icon to the right of the wi-fi,long-press,icon,NONE,right_of,wi-fi,NONE
tap button above the last item,tap,button,NONE,above,last item,NONE
press and hold image above the last item,long-press,image,NONE,above,last item,NONE
tap on button above the search,tap,button,NONE,above,search,NONE
scroll down to tab to the right of the notifications,scroll,tab,NONE,right_of,notifications,NONE
open icon,open,icon,NONE,NONE,NONE,NONE
launch red icon,open,icon,red,NONE,NONE,NONE
remove green text to the right of the cart,delete,text,green,right_of,cart,NONE
tap on link,tap,link,NONE,NONE,NONE,NONE
tap on link,tap,link,NONE,NONE,NONE,NONE
tap link,tap,link,NONE,NONE,NONE,NONE
paste the last text above the menu,paste,text,NONE,above,menu,last
copy text,copy,text,NONE,NONE,NONE,NONE
launch the 3rd link to the right of the login,open,link,NONE,right_of,login,3rd
tap button below the first email,tap,button,NONE,below,first email,NONE
press tab to the right of the payment,click,tab,NONE,right_of,payment,NONE
scroll to text above the menu,scroll,text,NONE,above,menu,NONE
select text,click,text,NONE,NONE,NONE,NONE
paste text to the right of the last item,paste,text,NONE,right_of,last item,NONE
press and hold icon,long-press,icon,NONE,NONE,NONE,NONE
open link above the payment,open,link,NONE,above,payment,NONE
tap switch to the right of the payment,tap,switch,NONE,right_of,payment,NONE
press blue image to the left of the checkout,click,image,blue,left_of,checkout,NONE
press and hold image,long-press,image,NONE,NONE,NONE,NONE
select purple tab below the last item,click,tab,purple,below,last item,NONE
copy orange text,copy,text,orange,NONE,NONE,NONE
long-press text next to the login,long-press,text,NONE,next_to,login,NONE
scroll down to tab next to the settings,scroll,tab,NONE,next_to,settings,NONE
trash the 3rd yellow button to the left of the menu,delete,button,yellow,left_of,menu,3rd
delete blue image next to the wi-fi,delete,image,blue,next_to,wi-fi,NONE
press pink button to the left of the first email,click,button,pink,left_of,first email,NONE
tap link,tap,link,NONE,NONE,NONE,NONE
tap on button,tap,button,NONE,NONE,NONE,NONE
open button,open,button,NONE,NONE,NONE,NONE
paste text,paste,text,NONE,NONE,NONE,NONE
select text to the right of the login,click,text,NONE,right_of,login,NONE
long-press text to the right of the address,long-press,text,NONE,right_of,address,NONE
launch purple tab,open,tab,purple,NONE,NONE,NONE
long-press button to the left of the first email,long-press,button,NONE,left_of,first email,NONE
tap red checkbox to the left of the search,tap,checkbox,red,left_of,search,NONE
delete the 3rd button next to the settings,delete,button,NONE,next_to,settings,3rd
press and hold image below the wi-fi,long-press,image,NONE,below,wi-fi,NONE
copy green text above the settings,copy,text,green,above,settings,NONE
copy orange text next to the login,copy,text,orange,next_to,login,NONE
scroll down to the 1st black tab to the left of the search,scroll,tab,black,left_of,search,1st
launch the 3rd black icon next to the last item,open,icon,black,next_to,last item,3rd
paste the 3rd text,paste,text,NONE,NONE,NONE,3rd
paste text,paste,text,NONE,NONE,NONE,NONE
launch menu to the left of the menu,open,menu,NONE,left_of,menu,NONE
paste red text next to the notifications,paste,text,red,next_to,notifications,NONE
remove button next to the checkout,delete,button,NONE,next_to,checkout,NONE
scroll to tab,scroll,tab,NONE,NONE,NONE,NONE
paste text,paste,text,NONE,NONE,NONE,NONE
launch tab below the payment,open,tab,NONE,below,payment,NONE
tap on switch above the cart,tap,switch,NONE,above,cart,NONE
press and hold icon next to the notifications,long-press,icon,NONE,next_to,notifications,NONE
tap checkbox,tap,checkbox,NONE,NONE,NONE,NONE
scroll to the 3rd tab to the left of the wi-fi,scroll,tab,NONE,left_of,wi-fi,3rd
open black tab,open,tab,black,NONE,NONE,NONE
scroll to tab to the right of the last item,scroll,tab,NONE,right_of,last item,NONE
select button above the first email,click,button,NONE,above,first email,NONE
open icon,open,icon,NONE,NONE,NONE,NONE
press the 3rd green image,click,image,green,NONE,NONE,3rd
scroll to text to the right of the first email,scroll,text,NONE,right_of,first email,NONE
copy text,copy,text,NONE,NONE,NONE,NONE
copy the last text to the left of the checkout,copy,text,NONE,left_of,checkout,last
long-press the 1st white icon below the checkout,long-press,icon,white,below,checkout,1st
launch button below the wi-fi,open,button,NONE,below,wi-fi,NONE
scroll down to menu below the home,scroll,menu,NONE,below,home,NONE
launch white icon next to the cart,open,icon,white,next_to,cart,NONE
copy text,copy,text,NONE,NONE,NONE,NONE
open button,open,button,NONE,NONE,NONE,NONE
scroll down to menu,scroll,menu,NONE,NONE,NONE,NONE
tap the 1st icon to the right of the payment,tap,icon,NONE,right_of,payment,1st
copy white text to the left of the last item,copy,text,white,left_of,last item,NONE
tap the 2nd orange button,tap,button,orange,NONE,NONE,2nd
remove green image to the left of the home,delete,image,green,left_of,home,NONE
copy white text to the left of the help,copy,text,white,left_of,help,NONE
scroll down to gray text,scroll,text,gray,NONE,NONE,NONE
scroll to text to the left of the last item,scroll,text,NONE,left_of,last item,NONE
tap on button to the right of the login,tap,button,NONE,right_of,login,NONE
long-press the last purple button to the left of the home,long-press,button,purple,left_of,home,last
remove orange button below the cart,delete,button,orange,below,cart,NONE
launch the 3rd menu,open,menu,NONE,NONE,NONE,3rd
copy text,copy,text,NONE,NONE,NONE,NONE
launch white icon,open,icon,white,NONE,NONE,NONE
click on text next to the login,click,text,NONE,next_to,login,NONE
open the last pink tab to the left of the login,open,tab,pink,left_of,login,last
remove image to the left of the payment,delete,image,NONE,left_of,payment,NONE
copy text next to the first email,copy,text,NONE,next_to,first email,NONE
launch gray tab to the right of the help,open,tab,gray,right_of,help,NONE
press and hold the 2nd image,long-press,image,NONE,NONE,NONE,2nd
copy pink text to the left of the settings,copy,text,pink,left_of,settings,NONE
scroll to tab above the last item,scroll,tab,NONE,above,last item,NONE
long-press pink image to the right of the help,long-press,image,pink,right_of,help,NONE
delete image,delete,image,NONE,NONE,NONE,NONE
select the 1st yellow checkbox above the first email,click,checkbox,yellow,above,first email,1st
long-press text next to the first email,long-press,text,NONE,next_to,first email,NONE
copy blue text to the left of the last item,copy,text,blue,left_of,last item,NONE
scroll to red menu above the first email,scroll,menu,red,above,first email,NONE
scroll down to menu to the right of the login,scroll,menu,NONE,right_of,login,NONE
tap on tab above the payment,tap,tab,NONE,above,payment,NONE
tap checkbox,tap,checkbox,NONE,NONE,NONE,NONE
long-press text,long-press,text,NONE,NONE,NONE,NONE
open pink menu above the cart,open,menu,pink,above,cart,NONE
press and hold the 2nd image,long-press,image,NONE,NONE,NONE,2nd
paste the 3rd text,paste,text,NONE,NONE,NONE,3rd
tap on the 1st checkbox next to the cart,tap,checkbox,NONE,next_to,cart,1st
scroll to text,scroll,text,NONE,NONE,NONE,NONE
copy the 3rd text to the left of the settings,copy,text,NONE,left_of,settings,3rd
copy the 3rd text below the checkout,copy,text,NONE,below,checkout,3rd
scroll down to gray tab to the left of the notifications,scroll,tab,gray,left_of,notifications,NONE
remove the 1st text above the wi-fi,delete,text,NONE,above,wi-fi,1st
launch the 3rd icon,open,icon,NONE,NONE,NONE,3rd
open the 3rd menu to the left of the first email,open,menu,NONE,left_of,first email,3rd
long-press image to the right of the wi-fi,long-press,image,NONE,right_of,wi-fi,NONE
scroll to the last menu to the right of the menu,scroll,menu,NONE,right_of,menu,last
open button next to the cart,open,button,NONE,next_to,cart,NONE
remove button next to the search,delete,button,NONE,next_to,search,NONE
press the 1st yellow tab,click,tab,yellow,NONE,NONE,1st
press and hold icon to the right of the search,long-press,icon,NONE,right_of,search,NONE
click on the last yellow tab,click,tab,yellow,NONE,NONE,last
tap purple switch,tap,switch,purple,NONE,NONE,NONE
trash the 2nd gray text above the first email,delete,text,gray,above,first email,2nd
scroll down to the 3rd blue menu,scroll,menu,blue,NONE,NONE,3rd
tap on the 3rd tab next to the search,tap,tab,NONE,next_to,search,3rd
paste the 3rd text to the left of the profile,paste,text,NONE,left_of,profile,3rd
tap switch to the left of the help,tap,switch,NONE,left_of,help,NONE
scroll to red text to the left of the payment,scroll,text,red,left_of,payment,NONE
launch link to the left of the profile,open,link,NONE,left_of,profile,NONE
scroll down to the 1st orange text to the right of the first email,scroll,text,orange,right_of,first email,1st
copy gray text to the left of the checkout,copy,text,gray,left_of,checkout,NONE
scroll down to menu,scroll,menu,NONE,NONE,NONE,NONE
tap on yellow link below the address,tap,link,yellow,below,address,NONE
copy text,copy,text,NONE,NONE,NONE,NONE
trash gray button below the settings,delete,button,gray,below,settings,NONE
paste text to the right of the login,paste,text,NONE,right_of,login,NONE
long-press the 2nd green image above the first email,long-press,image,green,above,first email,2nd
tap link below the cart,tap,link,NONE,below,cart,NONE
paste text,paste,text,NONE,NONE,NONE,NONE
scroll to the 1st tab,scroll,tab,NONE,NONE,NONE,1st
select checkbox next to the search,click,checkbox,NONE,next_to,search,NONE
press link,click,link,NONE,NONE,NONE,NONE
paste yellow text to the right of the menu,paste,text,yellow,right_of,menu,NONE
tap on the 1st tab below the notifications,tap,tab,NONE,below,notifications,1st
trash the 2nd yellow image,delete,image,yellow,NONE,NONE,2nd
scroll down to the last tab next to the first email,scroll,tab,NONE,next_to,first email,last
long-press green image to the right of the notifications,long-press,image,green,right_of,notifications,NONE
tap green link above the checkout,tap,link,green,above,checkout,NONE
press and hold purple button,long-press,button,purple,NONE,NONE,NONE
paste text,paste,text,NONE,NONE,NONE,NONE
scroll down to the last orange tab,scroll,tab,orange,NONE,NONE,last
press and hold the 3rd button to the right of the search,long-press,button,NONE,right_of,search,3rd
paste the 2nd black text,paste,text,black,NONE,NONE,2nd
launch the 3rd red icon,open,icon,red,NONE,NONE,3rd
open pink tab above the settings,open,tab,pink,above,settings,NONE
press and hold the 3rd pink image above the profile,long-press,image,pink,above,profile,3rd
tap icon to the left of the address,tap,icon,NONE,left_of,address,NONE
paste text,paste,text,NONE,NONE,NONE,NONE
paste the 2nd yellow text above the last item,paste,text,yellow,above,last item,2nd
paste the 1st text,paste,text,NONE,NONE,NONE,1st
launch button to the right of the first email,open,button,NONE,right_of,first email,NONE
press checkbox below the search,click,checkbox,NONE,below,search,NONE
paste text to the right of the address,paste,text,NONE,right_of,address,NONE
launch black tab next to the payment,open,tab,black,next_to,payment,NONE
copy text above the payment,copy,text,NONE,above,payment,NONE
select link to the right of the profile,click,link,NONE,right_of,profile,NONE
open pink menu,open,menu,pink,NONE,NONE,NONE
launch the 3rd red button below the address,open,button,red,below,address,3rd
launch the 1st red icon next to the profile,open,icon,red,next_to,profile,1st
press and hold the 2nd text,long-press,text,NONE,NONE,NONE,2nd
press and hold button,long-press,button,NONE,NONE,NONE,NONE
scroll to blue tab to the left of the checkout,scroll,tab,blue,left_of,checkout,NONE
press the last blue tab to the left of the payment,click,tab,blue,left_of,payment,last
trash yellow image next to the wi-fi,delete,image,yellow,next_to,wi-fi,NONE
click button to the left of the login,click,button,NONE,left_of,login,NONE
open green link to the right of the settings,open,link,green,right_of,settings,NONE
paste text,paste,text,NONE,NONE,NONE,NONE
launch menu,open,menu,NONE,NONE,NONE,NONE
tap orange tab,tap,tab,orange,NONE,NONE,NONE
press and hold red icon,long-press,icon,red,NONE,NONE,NONE
press image above the search,click,image,NONE,above,search,NONE
delete text above the profile,delete,text,NONE,above,profile,NONE
copy the 3rd black text to the left of the cart,copy,text,black,left_of,cart,3rd
paste the 1st text to the right of the login,paste,text,NONE,right_of,login,1st
launch button,open,button,NONE,NONE,NONE,NONE
paste text above the cart,paste,text,NONE,above,cart,NONE
tap on the 3rd blue checkbox to the left of the address,tap,checkbox,blue,left_of,address,3rd
remove button next to the first email,delete,button,NONE,next_to,first email,NONE
copy the 1st black text,copy,text,black,NONE,NONE,1st
paste pink text below the last item,paste,text,pink,below,last item,NONE
select black link above the search,click,link,black,above,search,NONE
launch button to the left of the wi-fi,open,button,NONE,left_of,wi-fi,NONE
click orange link above the menu,click,link,orange,above,menu,NONE
scroll down to the 2nd text,scroll,text,NONE,NONE,NONE,2nd
delete text above the address,delete,text,NONE,above,address,NONE
scroll to menu to the left of the checkout,scroll,menu,NONE,left_of,checkout,NONE
long-press orange button,long-press,button,orange,NONE,NONE,NONE
tap gray switch to the right of the search,tap,switch,gray,right_of,search,NONE
copy the 2nd pink text next to the last item,copy,text,pink,next_to,last item,2nd
press and hold green icon to the left of the login,long-press,icon,green,left_of,login,NONE
long-press button next to the payment,long-press,button,NONE,next_to,payment,NONE
tap on tab to the right of the home,tap,tab,NONE,right_of,home,NONE
open the 2nd blue tab,open,tab,blue,NONE,NONE,2nd
copy red text next to the home,copy,text,red,next_to,home,NONE
click on yellow image,click,image,yellow,NONE,NONE,NONE
long-press purple button to the left of the first email,long-press,button,purple,left_of,first email,NONE
long-press the 3rd button above the last item,long-press,button,NONE,above,last item,3rd
scroll down to tab to the left of the login,scroll,tab,NONE,left_of,login,NONE
copy the 2nd blue text above the checkout,copy,text,blue,above,checkout,2nd
delete text,delete,text,NONE,NONE,NONE,NONE
scroll to text to the right of the payment,scroll,text,NONE,right_of,payment,NONE
tap link,tap,link,NONE,NONE,NONE,NONE
scroll down to menu,scroll,menu,NONE,NONE,NONE,NONE
scroll down to text to the right of the profile,scroll,text,NONE,right_of,profile,NONE
scroll down to text to the right of the first email,scroll,text,NONE,right_of,first email,NONE
tap switch to the left of the last item,tap,switch,NONE,left_of,last item,NONE
paste text to the right of the wi-fi,paste,text,NONE,right_of,wi-fi,NONE
click checkbox below the first email,click,checkbox,NONE,below,first email,NONE
delete button next to the home,delete,button,NONE,next_to,home,NONE
press and hold the 1st text,long-press,text,NONE,NONE,NONE,1st
tap on blue button to the left of the cart,tap,button,blue,left_of,cart,NONE
click on text above the cart,click,text,NONE,above,cart,NONE
trash text to the right of the search,delete,text,NONE,right_of,search,NONE
delete button,delete,button,NONE,NONE,NONE,NONE
paste red text next to the settings,paste,text,red,next_to,settings,NONE
copy text next to the profile,copy,text,NONE,next_to,profile,NONE
open link to the left of the first email,open,link,NONE,left_of,first email,NONE
select orange icon,click,icon,orange,NONE,NONE,NONE
launch icon to the left of the menu,open,icon,NONE,left_of,menu,NONE
trash image to the right of the payment,delete,image,NONE,right_of,payment,NONE
click blue checkbox,click,checkbox,blue,NONE,NONE,NONE
long-press icon,long-press,icon,NONE,NONE,NONE,NONE
press the 3rd text,click,text,NONE,NONE,NONE,3rd
launch icon,open,icon,NONE,NONE,NONE,NONE
open icon below the first email,open,icon,NONE,below,first email,NONE
long-press image to the right of the home,long-press,image,NONE,right_of,home,NONE
paste yellow text next to the search,paste,text,yellow,next_to,search,NONE
paste text to the left of the notifications,paste,text,NONE,left_of,notifications,NONE
launch pink icon to the right of the profile,open,icon,pink,right_of,profile,NONE
scroll to green text,scroll,text,green,NONE,NONE,NONE
paste text,paste,text,NONE,NONE,NONE,NONE
copy text,copy,text,NONE,NONE,NONE,NONE
open icon,open,icon,NONE,NONE,NONE,NONE
open pink tab to the right of the checkout,open,tab,pink,right_of,checkout,NONE
scroll to tab,scroll,tab,NONE,NONE,NONE,NONE
trash pink button below the profile,delete,button,pink,below,profile,NONE
long-press the last gray text below the notifications,long-press,text,gray,below,notifications,last
paste the 3rd text,paste,text,NONE,NONE,NONE,3rd
select link to the left of the notifications,click,link,NONE,left_of,notifications,NONE
launch green link,open,link,green,NONE,NONE,NONE
launch menu below the profile,open,menu,NONE,below,profile,NONE
remove button,delete,button,NONE,NONE,NONE,NONE
scroll down to menu,scroll,menu,NONE,NONE,NONE,NONE
scroll to the last menu,scroll,menu,NONE,NONE,NONE,last
launch button next to the profile,open,button,NONE,next_to,profile,NONE
copy text,copy,text,NONE,NONE,NONE,NONE
delete text,delete,text,NONE,NONE,NONE,NONE
scroll to menu,scroll,menu,NONE,NONE,NONE,NONE
paste the 3rd purple text next to the last item,paste,text,purple,next_to,last item,3rd
scroll to menu above the settings,scroll,menu,NONE,above,settings,NONE
copy text below the wi-fi,copy,text,NONE,below,wi-fi,NONE
scroll down to the 1st menu next to the menu,scroll,menu,NONE,next_to,menu,1st
tap on green icon above the profile,tap,icon,green,above,profile,NONE
copy text to the right of the home,copy,text,NONE,right_of,home,NONE
press switch next to the address,click,switch,NONE,next_to,address,NONE
long-press blue button to the right of the checkout,long-press,button,blue,right_of,checkout,NONE
paste text to the left of the last item,paste,text,NONE,left_of,last item,NONE
copy the 3rd orange text,copy,text,orange,NONE,NONE,3rd
open button above the menu,open,button,NONE,above,menu,NONE
paste text next to the home,paste,text,NONE,next_to,home,NONE
copy blue text to the right of the home,copy,text,blue,right_of,home,NONE
tap blue link below the search,tap,link,blue,below,search,NONE
copy text to the left of the address,copy,text,NONE,left_of,address,NONE
remove image to the left of the last item,delete,image,NONE,left_of,last item,NONE
long-press pink icon,long-press,icon,pink,NONE,NONE,NONE
tap on tab below the payment,tap,tab,NONE,below,payment,NONE
copy text below the help,copy,text,NONE,below,help,NONE
long-press black text,long-press,text,black,NONE,NONE,NONE
tap on orange switch below the settings,tap,switch,orange,below,settings,NONE
tap on link above the help,tap,link,NONE,above,help,NONE
open tab,open,tab,NONE,NONE,NONE,NONE
tap on purple link to the left of the home,tap,link,purple,left_of,home,NONE
open pink icon,open,icon,pink,NONE,NONE,NONE
trash image below the profile,delete,image,NONE,below,profile,NONE
tap pink link to the left of the payment,tap,link,pink,left_of,payment,NONE
copy text below the address,copy,text,NONE,below,address,NONE
tap button,tap,button,NONE,NONE,NONE,NONE
remove button,delete,button,NONE,NONE,NONE,NONE
long-press text above the first email,long-press,text,NONE,above,first email,NONE
click on black switch,click,switch,black,NONE,NONE,NONE
launch link to the right of the home,open,link,NONE,right_of,home,NONE
copy the 2nd text to the right of the menu,copy,text,NONE,right_of,menu,2nd
copy the 1st purple text next to the search,copy,text,purple,next_to,search,1st
scroll to text,scroll,text,NONE,NONE,NONE,NONE
delete image to the left of the profile,delete,image,NONE,left_of,profile,NONE
press and hold white button next to the login,long-press,button,white,next_to,login,NONE
delete the last button next to the cart,delete,button,NONE,next_to,cart,last
click on the 1st black link next to the settings,click,link,black,next_to,settings,1st
open tab to the left of the login,open,tab,NONE,left_of,login,NONE
launch white menu,open,menu,white,NONE,NONE,NONE
press image,click,image,NONE,NONE,NONE,NONE
delete purple image above the cart,delete,image,purple,above,cart,NONE
click on button to the left of the login,click,button,NONE,left_of,login,NONE
copy the 3rd gray text to the left of the last item,copy,text,gray,left_of,last item,3rd
click black link to the right of the home,click,link,black,right_of,home,NONE
paste yellow text to the right of the cart,paste,text,yellow,right_of,cart,NONE
copy text to the left of the cart,copy,text,NONE,left_of,cart,NONE
scroll to menu below the home,scroll,menu,NONE,below,home,NONE
press icon,click,icon,NONE,NONE,NONE,NONE
trash image,delete,image,NONE,NONE,NONE,NONE
paste text,paste,text,NONE,NONE,NONE,NONE
paste text above the menu,paste,text,NONE,above,menu,NONE
launch the last tab,open,tab,NONE,NONE,NONE,last
trash text,delete,text,NONE,NONE,NONE,NONE
launch the 2nd tab above the payment,open,tab,NONE,above,payment,2nd
launch the 2nd tab below the home,open,tab,NONE,below,home,2nd
copy the 2nd purple text below the cart,copy,text,purple,below,cart,2nd
paste text to the right of the profile,paste,text,NONE,right_of,profile,NONE
tap icon,tap,icon,NONE,NONE,NONE,NONE
scroll down to the 3rd green menu above the search,scroll,menu,green,above,search,3rd
press the last green switch below the profile,click,switch,green,below,profile,last
press and hold icon above the cart,long-press,icon,NONE,above,cart,NONE
remove the 2nd gray image below the wi-fi,delete,image,gray,below,wi-fi,2nd
long-press orange text above the login,long-press,text,orange,above,login,NONE
paste yellow text,paste,text,yellow,NONE,NONE,NONE
open menu to the right of the payment,open,menu,NONE,right_of,payment,NONE
remove red image next to the help,delete,image,red,next_to,help,NONE
open tab next to the notifications,open,tab,NONE,next_to,notifications,NONE
paste the 1st text to the right of the address,paste,text,NONE,right_of,address,1st
long-press purple text,long-press,text,purple,NONE,NONE,NONE
scroll to the 2nd gray tab above the address,scroll,tab,gray,above,address,2nd
paste blue text below the address,paste,text,blue,below,address,NONE
paste text next to the wi-fi,paste,text,NONE,next_to,wi-fi,NONE
paste text to the right of the home,paste,text,NONE,right_of,home,NONE
open orange tab next to the cart,open,tab,orange,next_to,cart,NONE
remove purple button above the first email,delete,button,purple,above,first email,NONE
press and hold the 3rd yellow button,long-press,button,yellow,NONE,NONE,3rd
remove image below the notifications,delete,image,NONE,below,notifications,NONE
press icon to the right of the cart,click,icon,NONE,right_of,cart,NONE
long-press icon,long-press,icon,NONE,NONE,NONE,NONE
tap link above the settings,tap,link,NONE,above,settings,NONE
copy yellow text to the right of the menu,copy,text,yellow,right_of,menu,NONE
copy text to the left of the home,copy,text,NONE,left_of,home,NONE
open menu to the right of the wi-fi,open,menu,NONE,right_of,wi-fi,NONE
copy text,copy,text,NONE,NONE,NONE,NONE
paste gray text,paste,text,gray,NONE,NONE,NONE
tap switch next to the help,tap,switch,NONE,next_to,help,NONE
launch link to the right of the settings,open,link,NONE,right_of,settings,NONE
press and hold button,long-press,button,NONE,NONE,NONE,NONE
launch the last red menu to the right of the first email,open,menu,red,right_of,first email,last
delete button below the menu,delete,button,NONE,below,menu,NONE
press and hold text below the profile,long-press,text,NONE,below,profile,NONE
copy the last text to the left of the menu,copy,text,NONE,left_of,menu,last
click on icon to the left of the payment,click,icon,NONE,left_of,payment,NONE
scroll to menu below the home,scroll,menu,NONE,below,home,NONE
press and hold the last icon,long-press,icon,NONE,NONE,NONE,last
tap red button next to the menu,tap,button,red,next_to,menu,NONE
trash the 1st gray button,delete,button,gray,NONE,NONE,1st
tap on button above the wi-fi,tap,button,NONE,above,wi-fi,NONE
scroll to gray tab,scroll,tab,gray,NONE,NONE,NONE
press and hold the 2nd image next to the profile,long-press,image,NONE,next_to,profile,2nd
tap on link next to the help,tap,link,NONE,next_to,help,NONE
trash text next to the wi-fi,delete,text,NONE,next_to,wi-fi,NONE
paste the 2nd text below the search,paste,text,NONE,below,search,2nd
copy text to the right of the profile,copy,text,NONE,right_of,profile,NONE
long-press text,long-press,text,NONE,NONE,NONE,NONE
select switch,click,switch,NONE,NONE,NONE,NONE
trash text to the right of the checkout,delete,text,NONE,right_of,checkout,NONE
copy the 2nd red text above the login,copy,text,red,above,login,2nd
scroll down to text to the left of the profile,scroll,text,NONE,left_of,profile,NONE
long-press button,long-press,button,NONE,NONE,NONE,NONE
copy the 3rd text,copy,text,NONE,NONE,NONE,3rd
delete text below the home,delete,text,NONE,below,home,NONE
remove the 1st button above the search,delete,button,NONE,above,search,1st
paste the 3rd text below the notifications,paste,text,NONE,below,notifications,3rd
copy the 1st text to the right of the first email,copy,text,NONE,right_of,first email,1st
tap red link to the left of the first email,tap,link,red,left_of,first email,NONE
launch the 3rd menu to the right of the settings,open,menu,NONE,right_of,settings,3rd
press and hold pink text next to the address,long-press,text,pink,next_to,address,NONE
copy text to the left of the cart,copy,text,NONE,left_of,cart,NONE
launch the 2nd pink icon to the left of the wi-fi,open,icon,pink,left_of,wi-fi,2nd
scroll down to tab to the right of the home,scroll,tab,NONE,right_of,home,NONE
tap button,tap,button,NONE,NONE,NONE,NONE
tap on button below the home,tap,button,NONE,below,home,NONE
paste text to the right of the address,paste,text,NONE,right_of,address,NONE
copy the 3rd text next to the profile,copy,text,NONE,next_to,profile,3rd
remove the last image next to the last item,delete,image,NONE,next_to,last item,last
copy the 3rd orange text below the home,copy,text,orange,below,home,3rd
tap on switch to the left of the menu,tap,switch,NONE,left_of,menu,NONE
scroll down to menu to the left of the payment,scroll,menu,NONE,left_of,payment,NONE
remove the 2nd text,delete,text,NONE,NONE,NONE,2nd
long-press image to the right of the settings,long-press,image,NONE,right_of,settings,NONE
open tab,open,tab,NONE,NONE,NONE,NONE
scroll to purple text,scroll,text,purple,NONE,NONE,NONE
copy blue text,copy,text,blue,NONE,NONE,NONE
launch the last tab to the right of the notifications,open,tab,NONE,right_of,notifications,last
scroll to green tab,scroll,tab,green,NONE,NONE,NONE
trash the 2nd gray text to the right of the notifications,delete,text,gray,right_of,notifications,2nd
delete orange button,delete,button,orange,NONE,NONE,NONE
launch white icon above the cart,open,icon,white,above,cart,NONE
open the 1st tab to the right of the checkout,open,tab,NONE,right_of,checkout,1st
remove yellow button,delete,button,yellow,NONE,NONE,NONE
delete button,delete,button,NONE,NONE,NONE,NONE
remove gray image below the settings,delete,image,gray,below,settings,NONE
press and hold the 2nd button,long-press,button,NONE,NONE,NONE,2nd
click on the 2nd blue image to the left of the settings,click,image,blue,left_of,settings,2nd
scroll to pink menu to the right of the search,scroll,menu,pink,right_of,search,NONE
copy the 1st purple text above the settings,copy,text,purple,above,settings,1st
press and hold image,long-press,image,NONE,NONE,NONE,NONE
tap icon below the wi-fi,tap,icon,NONE,below,wi-fi,NONE
select button,click,button,NONE,NONE,NONE,NONE
copy the last text to the right of the settings,copy,text,NONE,right_of,settings,last
remove text to the right of the address,delete,text,NONE,right_of,address,NONE
long-press text,long-press,text,NONE,NONE,NONE,NONE
tap on purple checkbox,tap,checkbox,purple,NONE,NONE,NONE
scroll to the 1st menu to the left of the checkout,scroll,menu,NONE,left_of,checkout,1st
remove blue image,delete,image,blue,NONE,NONE,NONE
scroll down to the 2nd green tab below the cart,scroll,tab,green,below,cart,2nd
copy pink text,copy,text,pink,NONE,NONE,NONE
paste green text above the payment,paste,text,green,above,payment,NONE
launch the 3rd link,open,link,NONE,NONE,NONE,3rd
tap on the 2nd black link to the right of the notifications,tap,link,black,right_of,notifications,2nd
copy green text,copy,text,green,NONE,NONE,NONE
delete button,delete,button,NONE,NONE,NONE,NONE
scroll to green menu next to the payment,scroll,menu,green,next_to,payment,NONE
click on the 1st purple link to the left of the help,click,link,purple,left_of,help,1st
long-press the 3rd pink image,long-press,image,pink,NONE,NONE,3rd
copy text to the left of the settings,copy,text,NONE,left_of,settings,NONE
copy gray text,copy,text,gray,NONE,NONE,NONE
delete purple button,delete,button,purple,NONE,NONE,NONE
paste the 3rd text,paste,text,NONE,NONE,NONE,3rd
copy text to the left of the address,copy,text,NONE,left_of,address,NONE
launch menu to the right of the checkout,open,menu,NONE,right_of,checkout,NONE
click link,click,link,NONE,NONE,NONE,NONE
long-press button,long-press,button,NONE,NONE,NONE,NONE
delete black text to the right of the checkout,delete,text,black,right_of,checkout,NONE
launch purple menu to the right of the settings,open,menu,purple,right_of,settings,NONE
press and hold blue text,long-press,text,blue,NONE,NONE,NONE
long-press icon to the left of the profile,long-press,icon,NONE,left_of,profile,NONE
tap switch below the settings,tap,switch,NONE,below,settings,NONE
long-press yellow text to the left of the last item,long-press,text,yellow,left_of,last item,NONE
delete image,delete,image,NONE,NONE,NONE,NONE
launch the 3rd red link next to the notifications,open,link,red,next_to,notifications,3rd
copy the 2nd text above the search,copy,text,NONE,above,search,2nd
click button,click,button,NONE,NONE,NONE,NONE
remove text above the payment,delete,text,NONE,above,payment,NONE
tap on green switch,tap,switch,green,NONE,NONE,NONE
tap black switch next to the settings,tap,switch,black,next_to,settings,NONE
copy text next to the search,copy,text,NONE,next_to,search,NONE
paste orange text,paste,text,orange,NONE,NONE,NONE
paste text,paste,text,NONE,NONE,NONE,NONE
scroll down to menu below the address,scroll,menu,NONE,below,address,NONE
copy text,copy,text,NONE,NONE,NONE,NONE
scroll to text next to the login,scroll,text,NONE,next_to,login,NONE
press the 3rd orange switch to the left of the payment,click,switch,orange,left_of,payment,3rd
remove the last yellow image,delete,image,yellow,NONE,NONE,last
copy black text,copy,text,black,NONE,NONE,NONE
remove button,delete,button,NONE,NONE,NONE,NONE
tap button,tap,button,NONE,NONE,NONE,NONE
open the 1st button next to the search,open,button,NONE,next_to,search,1st
copy the 2nd orange text,copy,text,orange,NONE,NONE,2nd
scroll to tab to the right of the first email,scroll,tab,NONE,right_of,first email,NONE
copy white text next to the profile,copy,text,white,next_to,profile,NONE
press and hold purple button next to the settings,long-press,button,purple,next_to,settings,NONE
tap on tab,tap,tab,NONE,NONE,NONE,NONE
scroll to text,scroll,text,NONE,NONE,NONE,NONE
scroll to the 3rd tab to the right of the first email,scroll,tab,NONE,right_of,first email,3rd
copy text,copy,text,NONE,NONE,NONE,NONE
launch purple menu,open,menu,purple,NONE,NONE,NONE
paste red text above the help,paste,text,red,above,help,NONE
tap checkbox,tap,checkbox,NONE,NONE,NONE,NONE
open the 1st button,open,button,NONE,NONE,NONE,1st
click switch below the help,click,switch,NONE,below,help,NONE
scroll down to the 2nd menu below the last item,scroll,menu,NONE,below,last item,2nd
trash text,delete,text,NONE,NONE,NONE,NONE
open button to the left of the address,open,button,NONE,left_of,address,NONE
paste text,paste,text,NONE,NONE,NONE,NONE
launch button,open,button,NONE,NONE,NONE,NONE
copy text,copy,text,NONE,NONE,NONE,NONE
long-press icon below the profile,long-press,icon,NONE,below,profile,NONE
copy the 1st text,copy,text,NONE,NONE,NONE,1st
trash purple image to the left of the search,delete,image,purple,left_of,search,NONE
scroll to the 2nd tab to the right of the profile,scroll,tab,NONE,right_of,profile,2nd
trash button to the left of the notifications,delete,button,NONE,left_of,notifications,NONE
press and hold icon above the wi-fi,long-press,icon,NONE,above,wi-fi,NONE
open the 3rd green icon next to the help,open,icon,green,next_to,help,3rd
paste the 2nd text,paste,text,NONE,NONE,NONE,2nd
paste text below the home,paste,text,NONE,below,home,NONE
scroll to text,scroll,text,NONE,NONE,NONE,NONE
copy text to the left of the wi-fi,copy,text,NONE,left_of,wi-fi,NONE
remove the 3rd button,delete,button,NONE,NONE,NONE,3rd
long-press the 2nd icon above the settings,long-press,icon,NONE,above,settings,2nd
copy text above the checkout,copy,text,NONE,above,checkout,NONE
scroll down to the last tab next to the payment,scroll,tab,NONE,next_to,payment,last
scroll to pink text to the right of the notifications,scroll,text,pink,right_of,notifications,NONE
launch yellow icon next to the menu,open,icon,yellow,next_to,menu,NONE
scroll down to orange menu,scroll,menu,orange,NONE,NONE,NONE
delete red button above the checkout,delete,button,red,above,checkout,NONE
scroll down to gray menu,scroll,menu,gray,NONE,NONE,NONE
press and hold the 2nd button,long-press,button,NONE,NONE,NONE,2nd
paste the 2nd text,paste,text,NONE,NONE,NONE,2nd
press the 1st switch below the payment,click,switch,NONE,below,payment,1st
press checkbox,click,checkbox,NONE,NONE,NONE,NONE
open blue button next to the checkout,open,button,blue,next_to,checkout,NONE
long-press the last yellow text to the right of the login,long-press,text,yellow,right_of,login,last
launch tab above the last item,open,tab,NONE,above,last item,NONE
press and hold the 2nd text below the address,long-press,text,NONE,below,address,2nd
trash the 3rd black button to the right of the cart,delete,button,black,right_of,cart,3rd
open the 3rd icon,open,icon,NONE,NONE,NONE,3rd
tap the 1st link below the home,tap,link,NONE,below,home,1st
paste text to the left of the help,paste,text,NONE,left_of,help,NONE
select blue tab,click,tab,blue,NONE,NONE,NONE
copy text above the help,copy,text,NONE,above,help,NONE
copy text,copy,text,NONE,NONE,NONE,NONE
tap on tab,tap,tab,NONE,NONE,NONE,NONE
select button next to the login,click,button,NONE,next_to,login,NONE
press and hold the 1st icon,long-press,icon,NONE,NONE,NONE,1st
trash the 2nd image above the search,delete,image,NONE,above,search,2nd
press and hold the 1st icon,long-press,icon,NONE,NONE,NONE,1st
press checkbox to the right of the address,click,checkbox,NONE,right_of,address,NONE
long-press the 1st text below the settings,long-press,text,NONE,below,settings,1st
copy the 1st text,copy,text,NONE,NONE,NONE,1st
launch tab,open,tab,NONE,NONE,NONE,NONE
scroll to menu to the left of the payment,scroll,menu,NONE,left_of,payment,NONE
tap pink icon,tap,icon,pink,NONE,NONE,NONE
tap on icon to the left of the cart,tap,icon,NONE,left_of,cart,NONE
press and hold the 2nd image,long-press,image,NONE,NONE,NONE,2nd
copy text,copy,text,NONE,NONE,NONE,NONE
scroll to red text,scroll,text,red,NONE,NONE,NONE
tap the 1st purple tab above the help,tap,tab,purple,above,help,1st
scroll to green text,scroll,text,green,NONE,NONE,NONE
long-press text above the settings,long-press,text,NONE,above,settings,NONE
copy text next to the login,copy,text,NONE,next_to,login,NONE
paste the 2nd text,paste,text,NONE,NONE,NONE,2nd
paste gray text,paste,text,gray,NONE,NONE,NONE
copy text above the settings,copy,text,NONE,above,settings,NONE
long-press icon,long-press,icon,NONE,NONE,NONE,NONE
delete the 3rd button,delete,button,NONE,NONE,NONE,3rd
click the last link,click,link,NONE,NONE,NONE,last
open orange tab to the left of the notifications,open,tab,orange,left_of,notifications,NONE
select link below the login,click,link,NONE,below,login,NONE
launch link,open,link,NONE,NONE,NONE,NONE
remove text,delete,text,NONE,NONE,NONE,NONE
press and hold button above the checkout,long-press,button,NONE,above,checkout,NONE
copy the 3rd text,copy,text,NONE,NONE,NONE,3rd
long-press gray icon to the right of the help,long-press,icon,gray,right_of,help,NONE
paste orange text above the last item,paste,text,orange,above,last item,NONE
scroll down to black menu to the right of the checkout,scroll,menu,black,right_of,checkout,NONE
tap on the 3rd pink button below the home,tap,button,pink,below,home,3rd
copy text,copy,text,NONE,NONE,NONE,NONE
press switch to the right of the wi-fi,click,switch,NONE,right_of,wi-fi,NONE
paste the last text next to the address,paste,text,NONE,next_to,address,last
click purple link,click,link,purple,NONE,NONE,NONE
tap on tab,tap,tab,NONE,NONE,NONE,NONE
open icon to the left of the search,open,icon,NONE,left_of,search,NONE
delete gray button to the left of the payment,delete,button,gray,left_of,payment,NONE
copy text,copy,text,NONE,NONE,NONE,NONE
paste text to the left of the menu,paste,text,NONE,left_of,menu,NONE
click on the 3rd link to the right of the menu,click,link,NONE,right_of,menu,3rd
press and hold the last button,long-press,button,NONE,NONE,NONE,last
long-press white button to the left of the notifications,long-press,button,white,left_of,notifications,NONE
paste yellow text,paste,text,yellow,NONE,NONE,NONE
paste text to the left of the home,paste,text,NONE,left_of,home,NONE
scroll to text,scroll,text,NONE,NONE,NONE,NONE
open gray link,open,link,gray,NONE,NONE,NONE
click the 1st black switch next to the help,click,switch,black,next_to,help,1st
launch the 1st link,open,link,NONE,NONE,NONE,1st
tap on the 1st tab,tap,tab,NONE,NONE,NONE,1st
tap on switch,tap,switch,NONE,NONE,NONE,NONE
paste the last gray text to the left of the profile,paste,text,gray,left_of,profile,last
press the 1st white text to the left of the menu,click,text,white,left_of,menu,1st
delete the last black image,delete,image,black,NONE,NONE,last
copy the 2nd text below the menu,copy,text,NONE,below,menu,2nd
paste text,paste,text,NONE,NONE,NONE,NONE
scroll to the 3rd gray menu to the right of the settings,scroll,menu,gray,right_of,settings,3rd
paste white text below the home,paste,text,white,below,home,NONE
copy text,copy,text,NONE,NONE,NONE,NONE
press and hold the last image,long-press,image,NONE,NONE,NONE,last
launch link to the right of the notifications,open,link,NONE,right_of,notifications,NONE
copy black text,copy,text,black,NONE,NONE,NONE
copy the 2nd red text to the right of the home,copy,text,red,right_of,home,2nd
copy text to the right of the checkout,copy,text,NONE,right_of,checkout,NONE
select red button below the search,click,button,red,below,search,NONE
scroll to yellow menu above the first email,scroll,menu,yellow,above,first email,NONE
paste black text next to the wi-fi,paste,text,black,next_to,wi-fi,NONE
delete text,delete,text,NONE,NONE,NONE,NONE
click on pink image below the login,click,image,pink,below,login,NONE
long-press icon,long-press,icon,NONE,NONE,NONE,NONE
launch button,open,button,NONE,NONE,NONE,NONE
press purple link next to the payment,click,link,purple,next_to,payment,NONE
trash button to the left of the settings,delete,button,NONE,left_of,settings,NONE
paste orange text next to the home,paste,text,orange,next_to,home,NONE
copy text to the left of the cart,copy,text,NONE,left_of,cart,NONE
copy text above the last item,copy,text,NONE,above,last item,NONE
click on yellow icon,click,icon,yellow,NONE,NONE,NONE
open the 3rd tab,open,tab,NONE,NONE,NONE,3rd
tap on yellow button,tap,button,yellow,NONE,NONE,NONE
open the 3rd button below the help,open,button,NONE,below,help,3rd
press the 2nd black button next to the checkout,click,button,black,next_to,checkout,2nd
tap the 1st orange tab,tap,tab,orange,NONE,NONE,1st
long-press the 1st image next to the payment,long-press,image,NONE,next_to,payment,1st
tap on the 3rd tab below the profile,tap,tab,NONE,below,profile,3rd
paste red text below the wi-fi,paste,text,red,below,wi-fi,NONE
press and hold the 2nd icon below the home,long-press,icon,NONE,below,home,2nd
copy text next to the checkout,copy,text,NONE,next_to,checkout,NONE
launch tab below the search,open,tab,NONE,below,search,NONE
open button to the right of the cart,open,button,NONE,right_of,cart,NONE
paste text to the right of the login,paste,text,NONE,right_of,login,NONE
scroll down to green text,scroll,text,green,NONE,NONE,NONE
long-press button above the cart,long-press,button,NONE,above,cart,NONE
press icon below the settings,click,icon,NONE,below,settings,NONE
click the 2nd image to the right of the search,click,image,NONE,right_of,search,2nd
trash text below the wi-fi,delete,text,NONE,below,wi-fi,NONE
tap on tab,tap,tab,NONE,NONE,NONE,NONE
trash the 2nd red image to the left of the cart,delete,image,red,left_of,cart,2nd
select switch below the cart,click,switch,NONE,below,cart,NONE
trash the 1st button,delete,button,NONE,NONE,NONE,1st
press and hold button to the right of the help,long-press,button,NONE,right_of,help,NONE
open white tab,open,tab,white,NONE,NONE,NONE
long-press the 3rd gray text,long-press,text,gray,NONE,NONE,3rd
press and hold text,long-press,text,NONE,NONE,NONE,NONE
paste text below the last item,paste,text,NONE,below,last item,NONE
tap on the 1st orange button to the left of the first email,tap,button,orange,left_of,first email,1st
press and hold icon,long-press,icon,NONE,NONE,NONE,NONE
open button next to the notifications,open,button,NONE,next_to,notifications,NONE
trash text to the left of the search,delete,text,NONE,left_of,search,NONE
scroll down to the 2nd tab above the menu,scroll,tab,NONE,above,menu,2nd
press and hold text to the right of the last item,long-press,text,NONE,right_of,last item,NONE
copy the 1st text above the last item,copy,text,NONE,above,last item,1st
long-press the last pink button next to the home,long-press,button,pink,next_to,home,last
tap on the 1st black switch,tap,switch,black,NONE,NONE,1st
scroll to menu to the left of the wi-fi,scroll,menu,NONE,left_of,wi-fi,NONE
tap icon next to the help,tap,icon,NONE,next_to,help,NONE
select checkbox next to the first email,click,checkbox,NONE,next_to,first email,NONE
press and hold green button below the profile,long-press,button,green,below,profile,NONE
remove image to the left of the address,delete,image,NONE,left_of,address,NONE
scroll down to the last green text,scroll,text,green,NONE,NONE,last
long-press image below the settings,long-press,image,NONE,below,settings,NONE
click on the 3rd image,click,image,NONE,NONE,NONE,3rd
press and hold the last icon below the wi-fi,long-press,icon,NONE,below,wi-fi,last
press and hold image to the right of the profile,long-press,image,NONE,right_of,profile,NONE
press button below the menu,click,button,NONE,below,menu,NONE
tap on checkbox next to the payment,tap,checkbox,NONE,next_to,payment,NONE
tap on the last blue switch,tap,switch,blue,NONE,NONE,last
click on the 1st checkbox,click,checkbox,NONE,NONE,NONE,1st
tap red icon,tap,icon,red,NONE,NONE,NONE
trash red image,delete,image,red,NONE,NONE,NONE
trash black button above the first email,delete,button,black,above,first email,NONE
paste text next to the last item,paste,text,NONE,next_to,last item,NONE
delete yellow image,delete,image,yellow,NONE,NONE,NONE
copy blue text to the left of the wi-fi,copy,text,blue,left_of,wi-fi,NONE
scroll down to menu to the left of the home,scroll,menu,NONE,left_of,home,NONE
launch purple button,open,button,purple,NONE,NONE,NONE
copy text next to the cart,copy,text,NONE,next_to,cart,NONE
copy white text below the login,copy,text,white,below,login,NONE
remove yellow text,delete,text,yellow,NONE,NONE,NONE
scroll to pink text below the notifications,scroll,text,pink,below,notifications,NONE
scroll down to tab,scroll,tab,NONE,NONE,NONE,NONE
copy text,copy,text,NONE,NONE,NONE,NONE
long-press button to the left of the profile,long-press,button,NONE,left_of,profile,NONE
copy text,copy,text,NONE,NONE,NONE,NONE
launch link above the cart,open,link,NONE,above,cart,NONE
delete text to the right of the cart,delete,text,NONE,right_of,cart,NONE
tap on the 3rd checkbox,tap,checkbox,NONE,NONE,NONE,3rd
tap on icon,tap,icon,NONE,NONE,NONE,NONE
copy the 3rd text below the help,copy,text,NONE,below,help,3rd
paste text above the notifications,paste,text,NONE,above,notifications,NONE
press the last text next to the settings,click,text,NONE,next_to,settings,last
press image,click,image,NONE,NONE,NONE,NONE
long-press image above the checkout,long-press,image,NONE,above,checkout,NONE
launch menu to the left of the help,open,menu,NONE,left_of,help,NONE
tap on yellow tab next to the help,tap,tab,yellow,next_to,help,NONE
paste the 1st black text to the right of the wi-fi,paste,text,black,right_of,wi-fi,1st
press and hold button to the right of the first email,long-press,button,NONE,right_of,first email,NONE
scroll to orange tab below the login,scroll,tab,orange,below,login,NONE
click on text to the right of the last item,click,text,NONE,right_of,last item,NONE
copy purple text,copy,text,purple,NONE,NONE,NONE
launch icon to the left of the checkout,open,icon,NONE,left_of,checkout,NONE
tap on the 2nd switch below the help,tap,switch,NONE,below,help,2nd
scroll down to the 1st menu,scroll,menu,NONE,NONE,NONE,1st
scroll to tab to the left of the menu,scroll,tab,NONE,left_of,menu,NONE
scroll down to tab next to the first email,scroll,tab,NONE,next_to,first email,NONE
click on switch next to the help,click,switch,NONE,next_to,help,NONE
copy text,copy,text,NONE,NONE,NONE,NONE
copy the 3rd white text above the menu,copy,text,white,above,menu,3rd
paste red text below the first email,paste,text,red,below,first email,NONE
paste the 3rd purple text,paste,text,purple,NONE,NONE,3rd
scroll to gray menu to the right of the address,scroll,menu,gray,right_of,address,NONE
launch icon next to the cart,open,icon,NONE,next_to,cart,NONE
copy the last text above the home,copy,text,NONE,above,home,last
press and hold button,long-press,button,NONE,NONE,NONE,NONE
open button below the first email,open,button,NONE,below,first email,NONE
scroll down to white tab to the left of the payment,scroll,tab,white,left_of,payment,NONE
press and hold image,long-press,image,NONE,NONE,NONE,NONE
copy text next to the first email,copy,text,NONE,next_to,first email,NONE
delete image,delete,image,NONE,NONE,NONE,NONE
click the last checkbox,click,checkbox,NONE,NONE,NONE,last
tap on green button,tap,button,green,NONE,NONE,NONE
remove button to the right of the checkout,delete,button,NONE,right_of,checkout,NONE
launch blue button above the address,open,button,blue,above,address,NONE
trash red image above the wi-fi,delete,image,red,above,wi-fi,NONE
trash blue image,delete,image,blue,NONE,NONE,NONE
launch yellow menu to the left of the settings,open,menu,yellow,left_of,settings,NONE
copy green text,copy,text,green,NONE,NONE,NONE
open the last icon,open,icon,NONE,NONE,NONE,last
scroll to purple text to the left of the search,scroll,text,purple,left_of,search,NONE
tap on the 1st black link,tap,link,black,NONE,NONE,1st
delete text to the left of the notifications,delete,text,NONE,left_of,notifications,NONE
copy the 3rd purple text to the left of the checkout,copy,text,purple,left_of,checkout,3rd
long-press the 3rd black text,long-press,text,black,NONE,NONE,3rd
delete button below the home,delete,button,NONE,below,home,NONE
remove the 2nd green image below the settings,delete,image,green,below,settings,2nd
open button,open,button,NONE,NONE,NONE,NONE
open blue menu,open,menu,blue,NONE,NONE,NONE
launch icon,open,icon,NONE,NONE,NONE,NONE
tap on button next to the home,tap,button,NONE,next_to,home,NONE
long-press icon,long-press,icon,NONE,NONE,NONE,NONE
scroll to the 3rd menu,scroll,menu,NONE,NONE,NONE,3rd
scroll to the 1st tab below the help,scroll,tab,NONE,below,help,1st
launch yellow link,open,link,yellow,NONE,NONE,NONE
long-press icon next to the notifications,long-press,icon,NONE,next_to,notifications,NONE
scroll down to green text,scroll,text,green,NONE,NONE,NONE
press and hold the 3rd green image to the left of the help,long-press,image,green,left_of,help,3rd
open button,open,button,NONE,NONE,NONE,NONE
paste text next to the profile,paste,text,NONE,next_to,profile,NONE
copy text to the right of the address,copy,text,NONE,right_of,address,NONE
paste the 1st orange text above the first email,paste,text,orange,above,first email,1st
copy purple text,copy,text,purple,NONE,NONE,NONE
remove button,delete,button,NONE,NONE,NONE,NONE
copy text next to the help,copy,text,NONE,next_to,help,NONE
scroll to text,scroll,text,NONE,NONE,NONE,NONE
trash the 3rd black image above the payment,delete,image,black,above,payment,3rd
paste text above the wi-fi,paste,text,NONE,above,wi-fi,NONE
copy the 2nd text,copy,text,NONE,NONE,NONE,2nd
paste text to the left of the search,paste,text,NONE,left_of,search,NONE
click the last link below the cart,click,link,NONE,below,cart,last
copy text,copy,text,NONE,NONE,NONE,NONE
scroll down to menu to the right of the profile,scroll,menu,NONE,right_of,profile,NONE
open red tab to the left of the payment,open,tab,red,left_of,payment,NONE
tap on yellow button,tap,button,yellow,NONE,NONE,NONE
long-press red icon to the right of the first email,long-press,icon,red,right_of,first email,NONE
trash the 1st orange image,delete,image,orange,NONE,NONE,1st
open orange tab above the help,open,tab,orange,above,help,NONE
tap the 3rd icon,tap,icon,NONE,NONE,NONE,3rd
remove purple text,delete,text,purple,NONE,NONE,NONE
paste black text,paste,text,black,NONE,NONE,NONE
scroll to menu below the profile,scroll,menu,NONE,below,profile,NONE
paste text below the last item,paste,text,NONE,below,last item,NONE
tap on button,tap,button,NONE,NONE,NONE,NONE
launch link below the first email,open,link,NONE,below,first email,NONE
open menu to the right of the checkout,open,menu,NONE,right_of,checkout,NONE
delete red image next to the payment,delete,image,red,next_to,payment,NONE
copy text next to the search,copy,text,NONE,next_to,search,NONE
copy text,copy,text,NONE,NONE,NONE,NONE
copy the 2nd white text to the right of the settings,copy,text,white,right_of,settings,2nd
paste text,paste,text,NONE,NONE,NONE,NONE
click on switch to the left of the wi-fi,click,switch,NONE,left_of,wi-fi,NONE
press and hold the 1st text next to the login,long-press,text,NONE,next_to,login,1st
trash gray button to the left of the wi-fi,delete,button,gray,left_of,wi-fi,NONE
paste red text to the left of the settings,paste,text,red,left_of,settings,NONE
paste the 2nd text,paste,text,NONE,NONE,NONE,2nd
copy text to the left of the cart,copy,text,NONE,left_of,cart,NONE
tap the 1st purple tab to the left of the help,tap,tab,purple,left_of,help,1st
paste the 3rd black text below the address,paste,text,black,below,address,3rd
press and hold the last red icon to the left of the cart,long-press,icon,red,left_of,cart,last
click on black link next to the address,click,link,black,next_to,address,NONE
trash the 1st green image,delete,image,green,NONE,NONE,1st
press link below the search,click,link,NONE,below,search,NONE
remove text,delete,text,NONE,NONE,NONE,NONE
copy text,copy,text,NONE,NONE,NONE,NONE
long-press button,long-press,button,NONE,NONE,NONE,NONE
press and hold the 2nd text below the home,long-press,text,NONE,below,home,2nd
copy blue text next to the checkout,copy,text,blue,next_to,checkout,NONE
scroll to yellow tab next to the last item,scroll,tab,yellow,next_to,last item,NONE
delete text,delete,text,NONE,NONE,NONE,NONE
open the 1st link next to the settings,open,link,NONE,next_to,settings,1st
open purple tab below the menu,open,tab,purple,below,menu,NONE
tap icon next to the menu,tap,icon,NONE,next_to,menu,NONE
trash text,delete,text,NONE,NONE,NONE,NONE
tap on the 2nd red button,tap,button,red,NONE,NONE,2nd
tap switch above the last item,tap,switch,NONE,above,last item,NONE
long-press button next to the notifications,long-press,button,NONE,next_to,notifications,NONE
click on icon above the menu,click,icon,NONE,above,menu,NONE
long-press button,long-press,button,NONE,NONE,NONE,NONE
paste text above the login,paste,text,NONE,above,login,NONE
open menu,open,menu,NONE,NONE,NONE,NONE
long-press icon,long-press,icon,NONE,NONE,NONE,NONE
paste text below the last item,paste,text,NONE,below,last item,NONE
delete text below the help,delete,text,NONE,below,help,NONE
scroll down to tab,scroll,tab,NONE,NONE,NONE,NONE
trash text to the left of the home,delete,text,NONE,left_of,home,NONE
click on orange icon,click,icon,orange,NONE,NONE,NONE
open menu to the right of the settings,open,menu,NONE,right_of,settings,NONE
tap white link to the right of the notifications,tap,link,white,right_of,notifications,NONE
open purple button above the checkout,open,button,purple,above,checkout,NONE
select pink switch,click,switch,pink,NONE,NONE,NONE
tap on the last button next to the payment,tap,button,NONE,next_to,payment,last
press and hold button below the address,long-press,button,NONE,below,address,NONE
trash pink text above the menu,delete,text,pink,above,menu,NONE
press and hold the 3rd purple button to the left of the search,long-press,button,purple,left_of,search,3rd
paste the 3rd text next to the first email,paste,text,NONE,next_to,first email,3rd
launch menu below the search,open,menu,NONE,below,search,NONE
copy black text to the left of the search,copy,text,black,left_of,search,NONE
launch button above the notifications,open,button,NONE,above,notifications,NONE
press and hold the 2nd button above the login,long-press,button,NONE,above,login,2nd
scroll down to the 3rd menu above the menu,scroll,menu,NONE,above,menu,3rd
press and hold the 1st text to the right of the menu,long-press,text,NONE,right_of,menu,1st
click on image,click,image,NONE,NONE,NONE,NONE
delete red button next to the payment,delete,button,red,next_to,payment,NONE
copy text,copy,text,NONE,NONE,NONE,NONE
paste blue text to the right of the search,paste,text,blue,right_of,search,NONE
select switch to the right of the checkout,click,switch,NONE,right_of,checkout,NONE
tap the 1st switch above the search,tap,switch,NONE,above,search,1st
paste text to the right of the address,paste,text,NONE,right_of,address,NONE
trash image,delete,image,NONE,NONE,NONE,NONE
trash text,delete,text,NONE,NONE,NONE,NONE
delete the 1st text,delete,text,NONE,NONE,NONE,1st
scroll down to menu below the payment,scroll,menu,NONE,below,payment,NONE
tap the 2nd link to the left of the menu,tap,link,NONE,left_of,menu,2nd
tap black checkbox to the right of the profile,tap,checkbox,black,right_of,profile,NONE
delete yellow text to the left of the cart,delete,text,yellow,left_of,cart,NONE
scroll down to text to the left of the login,scroll,text,NONE,left_of,login,NONE
tap on the 1st green icon below the help,tap,icon,green,below,help,1st
paste text below the first email,paste,text,NONE,below,first email,NONE
copy text below the login,copy,text,NONE,below,login,NONE
paste text to the left of the address,paste,text,NONE,left_of,address,NONE
press green checkbox to the left of the checkout,click,checkbox,green,left_of,checkout,NONE
tap the 1st checkbox,tap,checkbox,NONE,NONE,NONE,1st
paste black text to the left of the profile,paste,text,black,left_of,profile,NONE
trash red text next to the payment,delete,text,red,next_to,payment,NONE
press and hold button to the right of the login,long-press,button,NONE,right_of,login,NONE
press and hold the 2nd image,long-press,image,NONE,NONE,NONE,2nd
copy text next to the profile,copy,text,NONE,next_to,profile,NONE
tap checkbox above the cart,tap,checkbox,NONE,above,cart,NONE
tap on tab,tap,tab,NONE,NONE,NONE,NONE
tap on purple checkbox,tap,checkbox,purple,NONE,NONE,NONE
scroll to text,scroll,text,NONE,NONE,NONE,NONE
copy text next to the profile,copy,text,NONE,next_to,profile,NONE
delete button to the right of the wi-fi,delete,button,NONE,right_of,wi-fi,NONE
launch tab to the right of the cart,open,tab,NONE,right_of,cart,NONE
click on the 1st checkbox next to the home,click,checkbox,NONE,next_to,home,1st
paste green text to the right of the notifications,paste,text,green,right_of,notifications,NONE
copy text,copy,text,NONE,NONE,NONE,NONE
tap checkbox above the checkout,tap,checkbox,NONE,above,checkout,NONE
remove yellow button above the payment,delete,button,yellow,above,payment,NONE
open icon to the left of the first email,open,icon,NONE,left_of,first email,NONE
select purple tab,click,tab,purple,NONE,NONE,NONE
copy text below the menu,copy,text,NONE,below,menu,NONE
launch the last tab below the search,open,tab,NONE,below,search,last
tap icon below the first email,tap,icon,NONE,below,first email,NONE
paste text next to the first email,paste,text,NONE,next_to,first email,NONE
remove the last image next to the settings,delete,image,NONE,next_to,settings,last
paste text below the notifications,paste,text,NONE,below,notifications,NONE
scroll to the 3rd tab,scroll,tab,NONE,NONE,NONE,3rd
press and hold button next to the settings,long-press,button,NONE,next_to,settings,NONE
press image,click,image,NONE,NONE,NONE,NONE
copy pink text next to the notifications,copy,text,pink,next_to,notifications,NONE
launch icon,open,icon,NONE,NONE,NONE,NONE
paste text to the left of the profile,paste,text,NONE,left_of,profile,NONE
delete button next to the help,delete,button,NONE,next_to,help,NONE
copy orange text above the wi-fi,copy,text,orange,above,wi-fi,NONE
press and hold text above the cart,long-press,text,NONE,above,cart,NONE
press and hold the 3rd gray image above the last item,long-press,image,gray,above,last item,3rd
scroll down to the 3rd blue tab above the first email,scroll,tab,blue,above,first email,3rd
tap on switch above the login,tap,switch,NONE,above,login,NONE
scroll to the last menu to the left of the wi-fi,scroll,menu,NONE,left_of,wi-fi,last
click on icon,click,icon,NONE,NONE,NONE,NONE
launch gray icon,open,icon,gray,NONE,NONE,NONE
open gray button to the left of the payment,open,button,gray,left_of,payment,NONE
trash the 1st image,delete,image,NONE,NONE,NONE,1st
press icon,click,icon,NONE,NONE,NONE,NONE
tap link,tap,link,NONE,NONE,NONE,NONE
scroll to tab above the help,scroll,tab,NONE,above,help,NONE
tap on pink icon,tap,icon,pink,NONE,NONE,NONE
tap on icon below the cart,tap,icon,NONE,below,cart,NONE
copy text next to the settings,copy,text,NONE,next_to,settings,NONE
launch gray menu to the right of the home,open,menu,gray,right_of,home,NONE
scroll down to text to the left of the notifications,scroll,text,NONE,left_of,notifications,NONE
press and hold the 3rd button,long-press,button,NONE,NONE,NONE,3rd
paste text next to the search,paste,text,NONE,next_to,search,NONE
delete the 3rd button,delete,button,NONE,NONE,NONE,3rd
paste text next to the notifications,paste,text,NONE,next_to,notifications,NONE
scroll down to gray text next to the profile,scroll,text,gray,next_to,profile,NONE
long-press the last text below the checkout,long-press,text,NONE,below,checkout,last
remove red button,delete,button,red,NONE,NONE,NONE
paste the 1st text,paste,text,NONE,NONE,NONE,1st
trash image,delete,image,NONE,NONE,NONE,NONE
open the 3rd icon next to the login,open,icon,NONE,next_to,login,3rd
press gray button below the payment,click,button,gray,below,payment,NONE
click checkbox,click,checkbox,NONE,NONE,NONE,NONE
long-press black icon to the right of the profile,long-press,icon,black,right_of,profile,NONE
tap on the 2nd icon to the left of the menu,tap,icon,NONE,left_of,menu,2nd
paste text above the first email,paste,text,NONE,above,first email,NONE
press and hold the last blue icon next to the first email,long-press,icon,blue,next_to,first email,last
press and hold image,long-press,image,NONE,NONE,NONE,NONE
remove button,delete,button,NONE,NONE,NONE,NONE
scroll to yellow tab to the right of the first email,scroll,tab,yellow,right_of,first email,NONE
remove text,delete,text,NONE,NONE,NONE,NONE
launch purple link below the first email,open,link,purple,below,first email,NONE
paste text,paste,text,NONE,NONE,NONE,NONE
tap the 3rd icon below the wi-fi,tap,icon,NONE,below,wi-fi,3rd
launch pink icon to the right of the login,open,icon,pink,right_of,login,NONE
paste text,paste,text,NONE,NONE,NONE,NONE
long-press the last image to the right of the cart,long-press,image,NONE,right_of,cart,last
scroll to the 3rd tab above the cart,scroll,tab,NONE,above,cart,3rd
scroll to tab to the left of the menu,scroll,tab,NONE,left_of,menu,NONE
copy text above the address,copy,text,NONE,above,address,NONE
trash red image,delete,image,red,NONE,NONE,NONE
press checkbox to the left of the last item,click,checkbox,NONE,left_of,last item,NONE
paste text to the left of the first email,paste,text,NONE,left_of,first email,NONE
click the 2nd text to the right of the profile,click,text,NONE,right_of,profile,2nd
copy yellow text,copy,text,yellow,NONE,NONE,NONE
paste the 2nd text below the help,paste,text,NONE,below,help,2nd
tap the last purple link,tap,link,purple,NONE,NONE,last
scroll down to purple tab,scroll,tab,purple,NONE,NONE,NONE
press and hold button to the left of the cart,long-press,button,NONE,left_of,cart,NONE
scroll down to tab to the right of the last item,scroll,tab,NONE,right_of,last item,NONE
scroll to gray tab,scroll,tab,gray,NONE,NONE,NONE
select black image next to the menu,click,image,black,next_to,menu,NONE
tap on the last link to the right of the home,tap,link,NONE,right_of,home,last
scroll to text above the checkout,scroll,text,NONE,above,checkout,NONE
press and hold the 2nd icon above the home,long-press,icon,NONE,above,home,2nd
paste the 1st text to the right of the address,paste,text,NONE,right_of,address,1st
tap the 3rd checkbox to the left of the address,tap,checkbox,NONE,left_of,address,3rd
trash pink image to the left of the profile,delete,image,pink,left_of,profile,NONE
trash the 2nd button,delete,button,NONE,NONE,NONE,2nd
open gray link,open,link,gray,NONE,NONE,NONE
paste text,paste,text,NONE,NONE,NONE,NONE
copy blue text above the home,copy,text,blue,above,home,NONE
long-press green icon to the right of the menu,long-press,icon,green,right_of,menu,NONE
tap on link,tap,link,NONE,NONE,NONE,NONE
remove the 3rd button,delete,button,NONE,NONE,NONE,3rd
copy text below the first email,copy,text,NONE,below,first email,NONE
launch tab above the cart,open,tab,NONE,above,cart,NONE
tap on icon to the right of the first email,tap,icon,NONE,right_of,first email,NONE
press and hold purple button,long-press,button,purple,NONE,NONE,NONE
click on link below the cart,click,link,NONE,below,cart,NONE
paste text,paste,text,NONE,NONE,NONE,NONE
open white link,open,link,white,NONE,NONE,NONE
click on image next to the notifications,click,image,NONE,next_to,notifications,NONE
scroll to the 3rd menu,scroll,menu,NONE,NONE,NONE,3rd
copy green text to the right of the address,copy,text,green,right_of,address,NONE
remove orange button,delete,button,orange,NONE,NONE,NONE
paste the last text,paste,text,NONE,NONE,NONE,last
open button to the left of the payment,open,button,NONE,left_of,payment,NONE
paste the last text to the right of the profile,paste,text,NONE,right_of,profile,last
paste text,paste,text,NONE,NONE,NONE,NONE
copy orange text to the right of the search,copy,text,orange,right_of,search,NONE
tap blue switch to the right of the login,tap,switch,blue,right_of,login,NONE
click on icon next to the address,click,icon,NONE,next_to,address,NONE
open the 1st menu above the cart,open,menu,NONE,above,cart,1st
paste the 3rd black text,paste,text,black,NONE,NONE,3rd
launch link above the settings,open,link,NONE,above,settings,NONE
tap the 2nd link above the cart,tap,link,NONE,above,cart,2nd
tap on gray icon to the left of the notifications,tap,icon,gray,left_of,notifications,NONE
long-press the 3rd text to the right of the last item,long-press,text,NONE,right_of,last item,3rd
long-press the 2nd icon to the right of the help,long-press,icon,NONE,right_of,help,2nd
paste text to the right of the cart,paste,text,NONE,right_of,cart,NONE
trash green text above the profile,delete,text,green,above,profile,NONE
copy black text,copy,text,black,NONE,NONE,NONE
remove image next to the menu,delete,image,NONE,next_to,menu,NONE
launch the 3rd menu,open,menu,NONE,NONE,NONE,3rd
long-press icon,long-press,icon,NONE,NONE,NONE,NONE
remove image to the right of the profile,delete,image,NONE,right_of,profile,NONE
tap on purple link to the right of the menu,tap,link,purple,right_of,menu,NONE
scroll down to tab,scroll,tab,NONE,NONE,NONE,NONE
scroll to tab,scroll,tab,NONE,NONE,NONE,NONE
scroll to menu,scroll,menu,NONE,NONE,NONE,NONE
open tab above the settings,open,tab,NONE,above,settings,NONE
scroll down to purple text,scroll,text,purple,NONE,NONE,NONE
tap on link below the wi-fi,tap,link,NONE,below,wi-fi,NONE
launch the 3rd tab,open,tab,NONE,NONE,NONE,3rd
scroll down to the 2nd tab above the last item,scroll,tab,NONE,above,last item,2nd
copy the last text to the left of the profile,copy,text,NONE,left_of,profile,last
copy orange text to the left of the checkout,copy,text,orange,left_of,checkout,NONE
paste the 1st text next to the search,paste,text,NONE,next_to,search,1st
scroll down to red tab,scroll,tab,red,NONE,NONE,NONE
tap on link next to the payment,tap,link,NONE,next_to,payment,NONE
select red button above the notifications,click,button,red,above,notifications,NONE
copy the 3rd text below the wi-fi,copy,text,NONE,below,wi-fi,3rd
open pink link,open,link,pink,NONE,NONE,NONE
delete the 1st image next to the home,delete,image,NONE,next_to,home,1st
delete button,delete,button,NONE,NONE,NONE,NONE
paste the last text,paste,text,NONE,NONE,NONE,last
remove button to the right of the settings,delete,button,NONE,right_of,settings,NONE
remove button above the home,delete,button,NONE,above,home,NONE
copy text to the right of the profile,copy,text,NONE,right_of,profile,NONE
trash image to the left of the cart,delete,image,NONE,left_of,cart,NONE
open yellow link next to the login,open,link,yellow,next_to,login,NONE
open the last link to the left of the last item,open,link,NONE,left_of,last item,last
scroll to menu to the left of the home,scroll,menu,NONE,left_of,home,NONE
select checkbox,click,checkbox,NONE,NONE,NONE,NONE
copy text next to the home,copy,text,NONE,next_to,home,NONE
tap icon to the right of the last item,tap,icon,NONE,right_of,last item,NONE
copy red text above the address,copy,text,red,above,address,NONE
scroll to green tab next to the payment,scroll,tab,green,next_to,payment,NONE
tap icon below the last item,tap,icon,NONE,below,last item,NONE
long-press image above the login,long-press,image,NONE,above,login,NONE
tap green checkbox below the first email,tap,checkbox,green,below,first email,NONE
scroll down to text to the right of the profile,scroll,text,NONE,right_of,profile,NONE
open the last link above the wi-fi,open,link,NONE,above,wi-fi,last
press and hold white button next to the wi-fi,long-press,button,white,next_to,wi-fi,NONE
launch icon next to the notifications,open,icon,NONE,next_to,notifications,NONE
tap tab,tap,tab,NONE,NONE,NONE,NONE
copy green text to the left of the menu,copy,text,green,left_of,menu,NONE
copy text to the left of the notifications,copy,text,NONE,left_of,notifications,NONE
launch the 3rd green link below the cart,open,link,green,below,cart,3rd
scroll down to blue text,scroll,text,blue,NONE,NONE,NONE
copy the 1st orange text above the cart,copy,text,orange,above,cart,1st
tap link,tap,link,NONE,NONE,NONE,NONE
launch link to the left of the help,open,link,NONE,left_of,help,NONE
paste green text,paste,text,green,NONE,NONE,NONE
open link below the cart,open,link,NONE,below,cart,NONE
select checkbox to the left of the help,click,checkbox,NONE,left_of,help,NONE
tap tab above the notifications,tap,tab,NONE,above,notifications,NONE
long-press icon,long-press,icon,NONE,NONE,NONE,NONE
copy text,copy,text,NONE,NONE,NONE,NONE
scroll down to text,scroll,text,NONE,NONE,NONE,NONE
delete image below the notifications,delete,image,NONE,below,notifications,NONE
paste text above the profile,paste,text,NONE,above,profile,NONE
copy text above the settings,copy,text,NONE,above,settings,NONE
select icon below the address,click,icon,NONE,below,address,NONE
copy text,copy,text,NONE,NONE,NONE,NONE
click icon next to the home,click,icon,NONE,next_to,home,NONE
scroll down to yellow tab,scroll,tab,yellow,NONE,NONE,NONE
open the 3rd white icon above the wi-fi,open,icon,white,above,wi-fi,3rd
launch icon next to the address,open,icon,NONE,next_to,address,NONE
paste blue text,paste,text,blue,NONE,NONE,NONE
tap button below the address,tap,button,NONE,below,address,NONE
scroll down to blue text,scroll,text,blue,NONE,NONE,NONE
paste red text above the menu,paste,text,red,above,menu,NONE
copy red text,copy,text,red,NONE,NONE,NONE
trash text next to the login,delete,text,NONE,next_to,login,NONE
launch the 2nd green link to the left of the payment,open,link,green,left_of,payment,2nd
launch the 2nd white tab below the last item,open,tab,white,below,last item,2nd
open gray icon to the left of the cart,open,icon,gray,left_of,cart,NONE
long-press the last image,long-press,image,NONE,NONE,NONE,last
paste text,paste,text,NONE,NONE,NONE,NONE
copy text to the right of the last item,copy,text,NONE,right_of,last item,NONE
copy text,copy,text,NONE,NONE,NONE,NONE
scroll down to orange menu next to the notifications,scroll,menu,orange,next_to,notifications,NONE
trash image next to the settings,delete,image,NONE,next_to,settings,NONE
copy text,copy,text,NONE,NONE,NONE,NONE
click on text,click,text,NONE,NONE,NONE,NONE
copy the 1st text,copy,text,NONE,NONE,NONE,1st
scroll down to tab below the home,scroll,tab,NONE,below,home,NONE
tap link,tap,link,NONE,NONE,NONE,NONE
long-press icon to the left of the cart,long-press,icon,NONE,left_of,cart,NONE
scroll down to menu,scroll,menu,NONE,NONE,NONE,NONE
scroll down to the 2nd menu to the right of the menu,scroll,menu,NONE,right_of,menu,2nd
tap white icon next to the payment,tap,icon,white,next_to,payment,NONE
tap orange icon,tap,icon,orange,NONE,NONE,NONE
tap on the 2nd tab below the profile,tap,tab,NONE,below,profile,2nd
trash image to the left of the last item,delete,image,NONE,left_of,last item,NONE
copy text below the search,copy,text,NONE,below,search,NONE
launch the 3rd white link,open,link,white,NONE,NONE,3rd
paste text,paste,text,NONE,NONE,NONE,NONE
tap on icon,tap,icon,NONE,NONE,NONE,NONE
scroll down to tab above the payment,scroll,tab,NONE,above,payment,NONE
click the 2nd link,click,link,NONE,NONE,NONE,2nd
paste text above the search,paste,text,NONE,above,search,NONE
open icon below the profile,open,icon,NONE,below,profile,NONE
trash button,delete,button,NONE,NONE,NONE,NONE
long-press icon next to the search,long-press,icon,NONE,next_to,search,NONE
long-press the 1st icon,long-press,icon,NONE,NONE,NONE,1st
scroll to green menu above the home,scroll,menu,green,above,home,NONE
scroll down to menu next to the payment,scroll,menu,NONE,next_to,payment,NONE
launch menu,open,menu,NONE,NONE,NONE,NONE
tap switch,tap,switch,NONE,NONE,NONE,NONE
press and hold the 1st button next to the cart,long-press,button,NONE,next_to,cart,1st
paste text to the left of the wi-fi,paste,text,NONE,left_of,wi-fi,NONE
tap purple button to the right of the last item,tap,button,purple,right_of,last item,NONE
tap on the 3rd purple icon to the left of the settings,tap,icon,purple,left_of,settings,3rd
paste text below the address,paste,text,NONE,below,address,NONE
remove button,delete,button,NONE,NONE,NONE,NONE
scroll down to the 3rd yellow text next to the notifications,scroll,text,yellow,next_to,notifications,3rd
open the 3rd link,open,link,NONE,NONE,NONE,3rd
launch the 3rd yellow link,open,link,yellow,NONE,NONE,3rd
copy the 1st text next to the help,copy,text,NONE,next_to,help,1st
paste text to the right of the checkout,paste,text,NONE,right_of,checkout,NONE
trash button,delete,button,NONE,NONE,NONE,NONE
copy the last black text to the left of the login,copy,text,black,left_of,login,last
remove gray image,delete,image,gray,NONE,NONE,NONE
tap switch above the payment,tap,switch,NONE,above,payment,NONE
paste the 3rd pink text,paste,text,pink,NONE,NONE,3rd
copy text next to the cart,copy,text,NONE,next_to,cart,NONE
click on the 2nd button to the left of the help,click,button,NONE,left_of,help,2nd
delete image above the home,delete,image,NONE,above,home,NONE
tap on switch,tap,switch,NONE,NONE,NONE,NONE
remove button,delete,button,NONE,NONE,NONE,NONE
press the 1st icon below the wi-fi,click,icon,NONE,below,wi-fi,1st
scroll to menu above the home,scroll,menu,NONE,above,home,NONE
launch the 2nd icon below the payment,open,icon,NONE,below,payment,2nd
tap button,tap,button,NONE,NONE,NONE,NONE
paste text next to the wi-fi,paste,text,NONE,next_to,wi-fi,NONE
copy the last text to the right of the cart,copy,text,NONE,right_of,cart,last
open icon,open,icon,NONE,NONE,NONE,NONE
scroll down to tab next to the payment,scroll,tab,NONE,next_to,payment,NONE
select white switch above the checkout,click,switch,white,above,checkout,NONE
tap pink switch,tap,switch,pink,NONE,NONE,NONE
launch pink menu next to the search,open,menu,pink,next_to,search,NONE
select button,click,button,NONE,NONE,NONE,NONE
tap on tab,tap,tab,NONE,NONE,NONE,NONE
long-press the 2nd blue button,long-press,button,blue,NONE,NONE,2nd
copy text,copy,text,NONE,NONE,NONE,NONE
copy yellow text,copy,text,yellow,NONE,NONE,NONE
copy text,copy,text,NONE,NONE,NONE,NONE
open the 2nd icon,open,icon,NONE,NONE,NONE,2nd
trash red button below the notifications,delete,button,red,below,notifications,NONE
click on tab,click,tab,NONE,NONE,NONE,NONE
paste text next to the last item,paste,text,NONE,next_to,last item,NONE
scroll down to red tab,scroll,tab,red,NONE,NONE,NONE
paste white text above the first email,paste,text,white,above,first email,NONE
press and hold pink text to the left of the profile,long-press,text,pink,left_of,profile,NONE
click the 3rd tab to the right of the search,click,tab,NONE,right_of,search,3rd
paste the 2nd text below the home,paste,text,NONE,below,home,2nd
open menu above the profile,open,menu,NONE,above,profile,NONE
launch icon,open,icon,NONE,NONE,NONE,NONE
scroll down to yellow menu to the left of the profile,scroll,menu,yellow,left_of,profile,NONE
trash the 3rd orange button,delete,button,orange,NONE,NONE,3rd
tap on the 1st tab to the left of the first email,tap,tab,NONE,left_of,first email,1st
press gray button above the menu,click,button,gray,above,menu,NONE
remove text,delete,text,NONE,NONE,NONE,NONE
launch pink tab to the left of the help,open,tab,pink,left_of,help,NONE
press and hold the last red icon,long-press,icon,red,NONE,NONE,last
trash button below the settings,delete,button,NONE,below,settings,NONE
select blue icon next to the checkout,click,icon,blue,next_to,checkout,NONE
click on text to the left of the search,click,text,NONE,left_of,search,NONE
paste text to the right of the home,paste,text,NONE,right_of,home,NONE
long-press pink text to the left of the notifications,long-press,text,pink,left_of,notifications,NONE
long-press button,long-press,button,NONE,NONE,NONE,NONE
long-press icon,long-press,icon,NONE,NONE,NONE,NONE
paste green text,paste,text,green,NONE,NONE,NONE
long-press text to the left of the help,long-press,text,NONE,left_of,help,NONE
tap pink button,tap,button,pink,NONE,NONE,NONE
long-press orange text below the menu,long-press,text,orange,below,menu,NONE
press and hold icon,long-press,icon,NONE,NONE,NONE,NONE
tap on checkbox to the right of the help,tap,checkbox,NONE,right_of,help,NONE
long-press green text next to the checkout,long-press,text,green,next_to,checkout,NONE
click orange image next to the settings,click,image,orange,next_to,settings,NONE
long-press the 3rd icon to the right of the wi-fi,long-press,icon,NONE,right_of,wi-fi,3rd
press and hold the 3rd icon to the right of the settings,long-press,icon,NONE,right_of,settings,3rd
copy pink text to the right of the address,copy,text,pink,right_of,address,NONE
tap pink checkbox above the menu,tap,checkbox,pink,above,menu,NONE
paste text next to the settings,paste,text,NONE,next_to,settings,NONE
scroll down to the 3rd menu above the search,scroll,menu,NONE,above,search,3rd
paste the 3rd text to the right of the payment,paste,text,NONE,right_of,payment,3rd
paste the 1st text to the left of the home,paste,text,NONE,left_of,home,1st
copy the 2nd text,copy,text,NONE,NONE,NONE,2nd
open link,open,link,NONE,NONE,NONE,NONE
scroll down to the 1st tab below the home,scroll,tab,NONE,below,home,1st
tap on the last checkbox next to the wi-fi,tap,checkbox,NONE,next_to,wi-fi,last
scroll to tab below the last item,scroll,tab,NONE,below,last item,NONE
press and hold icon,long-press,icon,NONE,NONE,NONE,NONE
remove pink image,delete,image,pink,NONE,NONE,NONE
scroll to text,scroll,text,NONE,NONE,NONE,NONE
scroll to blue text to the left of the cart,scroll,text,blue,left_of,cart,NONE
scroll to the 1st text,scroll,text,NONE,NONE,NONE,1st
open icon above the home,open,icon,NONE,above,home,NONE
press and hold icon,long-press,icon,NONE,NONE,NONE,NONE
paste text,paste,text,NONE,NONE,NONE,NONE
paste the 3rd text below the menu,paste,text,NONE,below,menu,3rd
tap link above the profile,tap,link,NONE,above,profile,NONE
scroll down to gray tab,scroll,tab,gray,NONE,NONE,NONE
tap on switch below the last item,tap,switch,NONE,below,last item,NONE
press white link to the right of the menu,click,link,white,right_of,menu,NONE
tap on icon,tap,icon,NONE,NONE,NONE,NONE
copy black text,copy,text,black,NONE,NONE,NONE
delete image below the profile,delete,image,NONE,below,profile,NONE
scroll to menu to the right of the first email,scroll,menu,NONE,right_of,first email,NONE
open gray icon,open,icon,gray,NONE,NONE,NONE
open button,open,button,NONE,NONE,NONE,NONE
open red menu,open,menu,red,NONE,NONE,NONE
tap on tab,tap,tab,NONE,NONE,NONE,NONE
launch icon below the wi-fi,open,icon,NONE,below,wi-fi,NONE
scroll to menu,scroll,menu,NONE,NONE,NONE,NONE
copy the 2nd text,copy,text,NONE,NONE,NONE,2nd
paste the 1st text,paste,text,NONE,NONE,NONE,1st
copy white text to the left of the first email,copy,text,white,left_of,first email,NONE
delete black image,delete,image,black,NONE,NONE,NONE
paste white text above the first email,paste,text,white,above,first email,NONE
long-press button next to the menu,long-press,button,NONE,next_to,menu,NONE
select image,click,image,NONE,NONE,NONE,NONE
paste text next to the login,paste,text,NONE,next_to,login,NONE
scroll down to the 1st pink tab to the right of the settings,scroll,tab,pink,right_of,settings,1st
paste the 3rd blue text below the menu,paste,text,blue,below,menu,3rd
press the 1st link to the right of the settings,click,link,NONE,right_of,settings,1st
open red tab next to the login,open,tab,red,next_to,login,NONE
click on orange icon,click,icon,orange,NONE,NONE,NONE
open the last red icon,open,icon,red,NONE,NONE,last
click button below the address,click,button,NONE,below,address,NONE
paste white text to the right of the address,paste,text,white,right_of,address,NONE
remove image to the left of the menu,delete,image,NONE,left_of,menu,NONE
press and hold button,long-press,button,NONE,NONE,NONE,NONE
trash the 1st button next to the first email,delete,button,NONE,next_to,first email,1st
scroll down to the 1st menu,scroll,menu,NONE,NONE,NONE,1st
press the 2nd green image to the right of the settings,click,image,green,right_of,settings,2nd
trash the 3rd white button,delete,button,white,NONE,NONE,3rd
open blue icon next to the last item,open,icon,blue,next_to,last item,NONE
copy the 2nd purple text,copy,text,purple,NONE,NONE,2nd
tap on the last link to the left of the checkout,tap,link,NONE,left_of,checkout,last
launch icon next to the wi-fi,open,icon,NONE,next_to,wi-fi,NONE
paste orange text,paste,text,orange,NONE,NONE,NONE
delete the last green button next to the notifications,delete,button,green,next_to,notifications,last
remove text,delete,text,NONE,NONE,NONE,NONE
copy text to the right of the settings,copy,text,NONE,right_of,settings,NONE
copy the last yellow text,copy,text,yellow,NONE,NONE,last
remove pink text next to the menu,delete,text,pink,next_to,menu,NONE
delete button to the right of the payment,delete,button,NONE,right_of,payment,NONE
launch gray icon above the payment,open,icon,gray,above,payment,NONE
tap blue icon,tap,icon,blue,NONE,NONE,NONE
tap checkbox,tap,checkbox,NONE,NONE,NONE,NONE
paste gray text to the right of the profile,paste,text,gray,right_of,profile,NONE
copy text next to the help,copy,text,NONE,next_to,help,NONE
remove text,delete,text,NONE,NONE,NONE,NONE
remove text to the left of the search,delete,text,NONE,left_of,search,NONE
select orange image next to the help,click,image,orange,next_to,help,NONE
click the 3rd text to the right of the login,click,text,NONE,right_of,login,3rd
paste text to the right of the search,paste,text,NONE,right_of,search,NONE
select text to the left of the checkout,click,text,NONE,left_of,checkout,NONE
paste text below the help,paste,text,NONE,below,help,NONE
click the 1st icon,click,icon,NONE,NONE,NONE,1st
scroll to text,scroll,text,NONE,NONE,NONE,NONE
tap green checkbox to the left of the help,tap,checkbox,green,left_of,help,NONE
scroll down to text below the first email,scroll,text,NONE,below,first email,NONE
click yellow link,click,link,yellow,NONE,NONE,NONE
long-press text below the wi-fi,long-press,text,NONE,below,wi-fi,NONE
tap on the 3rd tab,tap,tab,NONE,NONE,NONE,3rd
delete text to the left of the login,delete,text,NONE,left_of,login,NONE
copy text to the right of the cart,copy,text,NONE,right_of,cart,NONE
remove orange image next to the wi-fi,delete,image,orange,next_to,wi-fi,NONE
scroll down to the 3rd text,scroll,text,NONE,NONE,NONE,3rd
trash text next to the last item,delete,text,NONE,next_to,last item,NONE
remove button,delete,button,NONE,NONE,NONE,NONE
press and hold red image,long-press,image,red,NONE,NONE,NONE
press and hold image to the left of the first email,long-press,image,NONE,left_of,first email,NONE
tap on the 1st checkbox above the profile,tap,checkbox,NONE,above,profile,1st
copy the 1st text,copy,text,NONE,NONE,NONE,1st
click switch below the first email,click,switch,NONE,below,first email,NONE
delete image next to the menu,delete,image,NONE,next_to,menu,NONE
press gray icon above the checkout,click,icon,gray,above,checkout,NONE
paste text below the menu,paste,text,NONE,below,menu,NONE
copy text to the right of the cart,copy,text,NONE,right_of,cart,NONE
press and hold purple image to the right of the home,long-press,image,purple,right_of,home,NONE
long-press gray text next to the first email,long-press,text,gray,next_to,first email,NONE
paste the 1st text,paste,text,NONE,NONE,NONE,1st
trash text to the left of the home,delete,text,NONE,left_of,home,NONE
scroll to menu,scroll,menu,NONE,NONE,NONE,NONE
remove button to the right of the first email,delete,button,NONE,right_of,first email,NONE
trash the 1st image,delete,image,NONE,NONE,NONE,1st
trash the 1st text,delete,text,NONE,NONE,NONE,1st
paste white text,paste,text,white,NONE,NONE,NONE
copy red text to the right of the notifications,copy,text,red,right_of,notifications,NONE
tap on black link,tap,link,black,NONE,NONE,NONE
scroll to the 2nd tab,scroll,tab,NONE,NONE,NONE,2nd
click on the last switch to the right of the notifications,click,switch,NONE,right_of,notifications,last
copy blue text to the left of the cart,copy,text,blue,left_of,cart,NONE
paste green text to the right of the home,paste,text,green,right_of,home,NONE
long-press pink button,long-press,button,pink,NONE,NONE,NONE
open tab below the help,open,tab,NONE,below,help,NONE
launch icon,open,icon,NONE,NONE,NONE,NONE
paste white text to the left of the wi-fi,paste,text,white,left_of,wi-fi,NONE
press and hold the 2nd yellow button to the left of the checkout,long-press,button,yellow,left_of,checkout,2nd
delete the last button,delete,button,NONE,NONE,NONE,last
delete image,delete,image,NONE,NONE,NONE,NONE
click the 2nd icon,click,icon,NONE,NONE,NONE,2nd
launch tab,open,tab,NONE,NONE,NONE,NONE
open the 2nd black button next to the first email,open,button,black,next_to,first email,2nd
press and hold the last red button above the checkout,long-press,button,red,above,checkout,last
delete button to the left of the help,delete,button,NONE,left_of,help,NONE
scroll to the 2nd menu,scroll,menu,NONE,NONE,NONE,2nd
launch gray link,open,link,gray,NONE,NONE,NONE
long-press white icon to the right of the cart,long-press,icon,white,right_of,cart,NONE
scroll down to the 1st menu to the left of the notifications,scroll,menu,NONE,left_of,notifications,1st
press blue button to the right of the payment,click,button,blue,right_of,payment,NONE
delete button above the cart,delete,button,NONE,above,cart,NONE
scroll down to black tab next to the address,scroll,tab,black,next_to,address,NONE
paste the 3rd text next to the home,paste,text,NONE,next_to,home,3rd
scroll to tab next to the payment,scroll,tab,NONE,next_to,payment,NONE
copy the 3rd text,copy,text,NONE,NONE,NONE,3rd
remove text below the first email,delete,text,NONE,below,first email,NONE
tap black switch next to the cart,tap,switch,black,next_to,cart,NONE
tap black checkbox next to the wi-fi,tap,checkbox,black,next_to,wi-fi,NONE
paste gray text above the payment,paste,text,gray,above,payment,NONE
paste the 1st text next to the address,paste,text,NONE,next_to,address,1st
trash text to the right of the last item,delete,text,NONE,right_of,last item,NONE
paste text to the left of the home,paste,text,NONE,left_of,home,NONE
press and hold the last icon,long-press,icon,NONE,NONE,NONE,last
trash image,delete,image,NONE,NONE,NONE,NONE
open menu,open,menu,NONE,NONE,NONE,NONE
scroll down to text above the menu,scroll,text,NONE,above,menu,NONE
tap on the last checkbox to the left of the address,tap,checkbox,NONE,left_of,address,last
launch the last button,open,button,NONE,NONE,NONE,last
press and hold text next to the profile,long-press,text,NONE,next_to,profile,NONE
remove button to the right of the login,delete,button,NONE,right_of,login,NONE
scroll down to gray tab to the left of the home,scroll,tab,gray,left_of,home,NONE
click checkbox,click,checkbox,NONE,NONE,NONE,NONE
select the last purple button to the left of the search,click,button,purple,left_of,search,last
press and hold red image to the right of the wi-fi,long-press,image,red,right_of,wi-fi,NONE
launch the last button to the right of the profile,open,button,NONE,right_of,profile,last
copy black text to the left of the address,copy,text,black,left_of,address,NONE
select orange button next to the menu,click,button,orange,next_to,menu,NONE
open black link above the login,open,link,black,above,login,NONE
select button above the settings,click,button,NONE,above,settings,NONE
launch menu to the right of the notifications,open,menu,NONE,right_of,notifications,NONE
tap the 2nd icon,tap,icon,NONE,NONE,NONE,2nd
open button,open,button,NONE,NONE,NONE,NONE
tap checkbox to the left of the wi-fi,tap,checkbox,NONE,left_of,wi-fi,NONE
remove text above the checkout,delete,text,NONE,above,checkout,NONE
trash button to the right of the first email,delete,button,NONE,right_of,first email,NONE
copy text below the search,copy,text,NONE,below,search,NONE
click on red checkbox below the profile,click,checkbox,red,below,profile,NONE
paste purple text,paste,text,purple,NONE,NONE,NONE
scroll down to the last tab,scroll,tab,NONE,NONE,NONE,last
copy purple text,copy,text,purple,NONE,NONE,NONE
paste blue text next to the home,paste,text,blue,next_to,home,NONE
select orange image,click,image,orange,NONE,NONE,NONE
copy orange text to the right of the last item,copy,text,orange,right_of,last item,NONE
paste pink text,paste,text,pink,NONE,NONE,NONE
select link,click,link,NONE,NONE,NONE,NONE
scroll to text,scroll,text,NONE,NONE,NONE,NONE
scroll to tab below the checkout,scroll,tab,NONE,below,checkout,NONE
copy text to the left of the last item,copy,text,NONE,left_of,last item,NONE
paste orange text,paste,text,orange,NONE,NONE,NONE
copy the 1st text,copy,text,NONE,NONE,NONE,1st
long-press the 3rd button,long-press,button,NONE,NONE,NONE,3rd
scroll to tab to the left of the address,scroll,tab,NONE,left_of,address,NONE
click the 3rd checkbox to the right of the checkout,click,checkbox,NONE,right_of,checkout,3rd
scroll to text below the checkout,scroll,text,NONE,below,checkout,NONE
launch the last menu above the profile,open,menu,NONE,above,profile,last
press and hold button below the checkout,long-press,button,NONE,below,checkout,NONE
select the 2nd image,click,image,NONE,NONE,NONE,2nd
copy green text to the left of the last item,copy,text,green,left_of,last item,NONE
scroll down to yellow text,scroll,text,yellow,NONE,NONE,NONE
scroll down to red text below the last item,scroll,text,red,below,last item,NONE
click on image to the right of the home,click,image,NONE,right_of,home,NONE
long-press the last pink button,long-press,button,pink,NONE,NONE,last
copy text to the left of the address,copy,text,NONE,left_of,address,NONE
long-press purple icon above the cart,long-press,icon,purple,above,cart,NONE
paste the 1st text above the address,paste,text,NONE,above,address,1st
open menu to the right of the last item,open,menu,NONE,right_of,last item,NONE
paste gray text next to the first email,paste,text,gray,next_to,first email,NONE
long-press yellow icon,long-press,icon,yellow,NONE,NONE,NONE
paste the 1st text above the last item,paste,text,NONE,above,last item,1st
scroll down to pink tab above the profile,scroll,tab,pink,above,profile,NONE
open pink menu above the help,open,menu,pink,above,help,NONE
tap the 3rd link,tap,link,NONE,NONE,NONE,3rd
open icon,open,icon,NONE,NONE,NONE,NONE
click on the 1st tab below the first email,click,tab,NONE,below,first email,1st
delete image next to the settings,delete,image,NONE,next_to,settings,NONE
paste text to the right of the help,paste,text,NONE,right_of,help,NONE
open button next to the help,open,button,NONE,next_to,help,NONE
launch button below the login,open,button,NONE,below,login,NONE
press purple text,click,text,purple,NONE,NONE,NONE
copy the 3rd text,copy,text,NONE,NONE,NONE,3rd
scroll down to the 2nd text,scroll,text,NONE,NONE,NONE,2nd
tap on icon,tap,icon,NONE,NONE,NONE,NONE
paste the last text above the login,paste,text,NONE,above,login,last
scroll down to black tab next to the login,scroll,tab,black,next_to,login,NONE
remove white button below the last item,delete,button,white,below,last item,NONE
remove the last image below the profile,delete,image,NONE,below,profile,last
trash button next to the profile,delete,button,NONE,next_to,profile,NONE
scroll to the 2nd menu,scroll,menu,NONE,NONE,NONE,2nd
click on purple tab below the checkout,click,tab,purple,below,checkout,NONE
scroll to orange tab below the home,scroll,tab,orange,below,home,NONE
trash button to the left of the notifications,delete,button,NONE,left_of,notifications,NONE
launch gray tab,open,tab,gray,NONE,NONE,NONE
paste text,paste,text,NONE,NONE,NONE,NONE
scroll to the 1st tab,scroll,tab,NONE,NONE,NONE,1st
copy black text,copy,text,black,NONE,NONE,NONE
press and hold the 1st purple button next to the address,long-press,button,purple,next_to,address,1st
copy text,copy,text,NONE,NONE,NONE,NONE
scroll down to pink text to the right of the settings,scroll,text,pink,right_of,settings,NONE
scroll down to text to the left of the menu,scroll,text,NONE,left_of,menu,NONE
select text below the home,click,text,NONE,below,home,NONE
copy the last orange text,copy,text,orange,NONE,NONE,last
copy text above the login,copy,text,NONE,above,login,NONE
tap on tab below the wi-fi,tap,tab,NONE,below,wi-fi,NONE
paste the last text below the settings,paste,text,NONE,below,settings,last
paste text,paste,text,NONE,NONE,NONE,NONE
remove the last text to the right of the settings,delete,text,NONE,right_of,settings,last
delete black button below the settings,delete,button,black,below,settings,NONE
paste text below the login,paste,text,NONE,below,login,NONE
copy the 1st text,copy,text,NONE,NONE,NONE,1st
long-press green button,long-press,button,green,NONE,NONE,NONE
copy text,copy,text,NONE,NONE,NONE,NONE
tap switch to the left of the last item,tap,switch,NONE,left_of,last item,NONE
copy text below the menu,copy,text,NONE,below,menu,NONE
press and hold text to the right of the cart,long-press,text,NONE,right_of,cart,NONE
copy the last text,copy,text,NONE,NONE,NONE,last
click tab below the address,click,tab,NONE,below,address,NONE
press and hold text to the left of the menu,long-press,text,NONE,left_of,menu,NONE
launch link above the last item,open,link,NONE,above,last item,NONE
paste text to the right of the last item,paste,text,NONE,right_of,last item,NONE
scroll to the 3rd orange tab,scroll,tab,orange,NONE,NONE,3rd
launch menu to the right of the login,open,menu,NONE,right_of,login,NONE
click the 1st switch,click,switch,NONE,NONE,NONE,1st
tap the 2nd switch to the left of the login,tap,switch,NONE,left_of,login,2nd
tap on switch,tap,switch,NONE,NONE,NONE,NONE
long-press the 1st image next to the first email,long-press,image,NONE,next_to,first email,1st
trash the last button next to the notifications,delete,button,NONE,next_to,notifications,last
launch menu to the right of the cart,open,menu,NONE,right_of,cart,NONE
scroll to gray menu,scroll,menu,gray,NONE,NONE,NONE
trash white text,delete,text,white,NONE,NONE,NONE
scroll down to tab above the address,scroll,tab,NONE,above,address,NONE
scroll to the 2nd blue text,scroll,text,blue,NONE,NONE,2nd
scroll to text above the home,scroll,text,NONE,above,home,NONE
press and hold button to the left of the help,long-press,button,NONE,left_of,help,NONE
select red link,click,link,red,NONE,NONE,NONE
launch yellow button,open,button,yellow,NONE,NONE,NONE
launch purple button next to the home,open,button,purple,next_to,home,NONE
scroll to yellow tab below the wi-fi,scroll,tab,yellow,below,wi-fi,NONE
press red button,click,button,red,NONE,NONE,NONE
copy pink text to the right of the home,copy,text,pink,right_of,home,NONE
launch black menu to the left of the help,open,menu,black,left_of,help,NONE
press pink tab to the right of the notifications,click,tab,pink,right_of,notifications,NONE
delete the 2nd image below the search,delete,image,NONE,below,search,2nd
launch the last red menu above the address,open,menu,red,above,address,last
tap on the 1st gray button below the login,tap,button,gray,below,login,1st
tap green link,tap,link,green,NONE,NONE,NONE
copy text to the left of the menu,copy,text,NONE,left_of,menu,NONE
click on image,click,image,NONE,NONE,NONE,NONE
trash the last white image next to the menu,delete,image,white,next_to,menu,last
remove text above the checkout,delete,text,NONE,above,checkout,NONE
scroll to the 1st text above the wi-fi,scroll,text,NONE,above,wi-fi,1st
copy text,copy,text,NONE,NONE,NONE,NONE
click on link below the checkout,click,link,NONE,below,checkout,NONE
paste text,paste,text,NONE,NONE,NONE,NONE
paste purple text below the address,paste,text,purple,below,address,NONE
click the 2nd image to the right of the payment,click,image,NONE,right_of,payment,2nd
scroll to red text to the left of the checkout,scroll,text,red,left_of,checkout,NONE
launch menu to the left of the login,open,menu,NONE,left_of,login,NONE
paste text next to the address,paste,text,NONE,next_to,address,NONE
open button below the menu,open,button,NONE,below,menu,NONE
long-press image to the right of the home,long-press,image,NONE,right_of,home,NONE
paste green text,paste,text,green,NONE,NONE,NONE
paste text,paste,text,NONE,NONE,NONE,NONE
press and hold button below the settings,long-press,button,NONE,below,settings,NONE
copy red text,copy,text,red,NONE,NONE,NONE
copy pink text,copy,text,pink,NONE,NONE,NONE
delete the 2nd image to the right of the profile,delete,image,NONE,right_of,profile,2nd
select the 1st button,click,button,NONE,NONE,NONE,1st
long-press the 1st button below the notifications,long-press,button,NONE,below,notifications,1st
scroll to menu to the right of the notifications,scroll,menu,NONE,right_of,notifications,NONE
select blue image above the search,click,image,blue,above,search,NONE
paste the 1st text next to the menu,paste,text,NONE,next_to,menu,1st
paste text to the right of the search,paste,text,NONE,right_of,search,NONE
click white text above the help,click,text,white,above,help,NONE
launch button,open,button,NONE,NONE,NONE,NONE
open orange tab to the left of the search,open,tab,orange,left_of,search,NONE
paste green text,paste,text,green,NONE,NONE,NONE
paste text to the right of the first email,paste,text,NONE,right_of,first email,NONE
paste pink text to the right of the help,paste,text,pink,right_of,help,NONE
paste text to the left of the cart,paste,text,NONE,left_of,cart,NONE
trash button,delete,button,NONE,NONE,NONE,NONE
open menu,open,menu,NONE,NONE,NONE,NONE
delete orange text,delete,text,orange,NONE,NONE,NONE
scroll down to text,scroll,text,NONE,NONE,NONE,NONE
tap tab above the settings,tap,tab,NONE,above,settings,NONE
launch icon below the login,open,icon,NONE,below,login,NONE
select tab above the checkout,click,tab,NONE,above,checkout,NONE
click blue link,click,link,blue,NONE,NONE,NONE
remove yellow image below the address,delete,image,yellow,below,address,NONE
tap green icon below the help,tap,icon,green,below,help,NONE
paste the 3rd purple text to the left of the first email,paste,text,purple,left_of,first email,3rd
open red tab,open,tab,red,NONE,NONE,NONE
launch the last menu to the right of the menu,open,menu,NONE,right_of,menu,last
launch black tab next to the search,open,tab,black,next_to,search,NONE
long-press the 3rd blue text,long-press,text,blue,NONE,NONE,3rd
copy text above the search,copy,text,NONE,above,search,NONE
tap link below the profile,tap,link,NONE,below,profile,NONE
copy text,copy,text,NONE,NONE,NONE,NONE
long-press text,long-press,text,NONE,NONE,NONE,NONE
select icon,click,icon,NONE,NONE,NONE,NONE
paste gray text next to the home,paste,text,gray,next_to,home,NONE
tap on the last yellow tab,tap,tab,yellow,NONE,NONE,last
select the last purple tab below the checkout,click,tab,purple,below,checkout,last
copy text,copy,text,NONE,NONE,NONE,NONE
tap link to the left of the address,tap,link,NONE,left_of,address,NONE
click link,click,link,NONE,NONE,NONE,NONE
launch menu next to the wi-fi,open,menu,NONE,next_to,wi-fi,NONE
launch button,open,button,NONE,NONE,NONE,NONE
select icon,click,icon,NONE,NONE,NONE,NONE
launch menu,open,menu,NONE,NONE,NONE,NONE
scroll to text to the right of the wi-fi,scroll,text,NONE,right_of,wi-fi,NONE
launch menu to the left of the last item,open,menu,NONE,left_of,last item,NONE
trash the 2nd green button below the payment,delete,button,green,below,payment,2nd
remove image to the left of the first email,delete,image,NONE,left_of,first email,NONE
open green tab,open,tab,green,NONE,NONE,NONE
remove button,delete,button,NONE,NONE,NONE,NONE
tap button,tap,button,NONE,NONE,NONE,NONE
tap checkbox above the profile,tap,checkbox,NONE,above,profile,NONE
open the 1st gray icon next to the menu,open,icon,gray,next_to,menu,1st
select tab,click,tab,NONE,NONE,NONE,NONE
press and hold icon below the home,long-press,icon,NONE,below,home,NONE
scroll to text to the left of the last item,scroll,text,NONE,left_of,last item,NONE
copy the last text below the menu,copy,text,NONE,below,menu,last
copy the 1st text to the left of the wi-fi,copy,text,NONE,left_of,wi-fi,1st
copy white text above the last item,copy,text,white,above,last item,NONE
tap the 3rd link next to the address,tap,link,NONE,next_to,address,3rd
paste pink text above the menu,paste,text,pink,above,menu,NONE
long-press white button to the left of the last item,long-press,button,white,left_of,last item,NONE
tap on blue button to the right of the cart,tap,button,blue,right_of,cart,NONE
delete yellow image next to the first email,delete,image,yellow,next_to,first email,NONE
remove the last text above the cart,delete,text,NONE,above,cart,last
click on pink link to the left of the payment,click,link,pink,left_of,payment,NONE
trash the 2nd button,delete,button,NONE,NONE,NONE,2nd
tap on red button next to the checkout,tap,button,red,next_to,checkout,NONE
tap orange link,tap,link,orange,NONE,NONE,NONE
remove pink text next to the settings,delete,text,pink,next_to,settings,NONE
tap on link,tap,link,NONE,NONE,NONE,NONE
paste text next to the notifications,paste,text,NONE,next_to,notifications,NONE
copy text,copy,text,NONE,NONE,NONE,NONE
open the 1st icon above the login,open,icon,NONE,above,login,1st
tap on link next to the profile,tap,link,NONE,next_to,profile,NONE
tap on checkbox,tap,checkbox,NONE,NONE,NONE,NONE
scroll to blue tab,scroll,tab,blue,NONE,NONE,NONE
long-press image,long-press,image,NONE,NONE,NONE,NONE
scroll down to text next to the help,scroll,text,NONE,next_to,help,NONE
tap yellow tab to the left of the menu,tap,tab,yellow,left_of,menu,NONE
click on tab below the login,click,tab,NONE,below,login,NONE
tap on the 2nd gray tab next to the notifications,tap,tab,gray,next_to,notifications,2nd
copy gray text to the right of the help,copy,text,gray,right_of,help,NONE
paste the last text next to the home,paste,text,NONE,next_to,home,last
copy text to the right of the settings,copy,text,NONE,right_of,settings,NONE
paste pink text below the last item,paste,text,pink,below,last item,NONE
paste text to the right of the first email,paste,text,NONE,right_of,first email,NONE
scroll down to the 2nd white tab above the wi-fi,scroll,tab,white,above,wi-fi,2nd
scroll down to red tab to the right of the last item,scroll,tab,red,right_of,last item,NONE
copy text to the right of the first email,copy,text,NONE,right_of,first email,NONE
tap on the 3rd yellow checkbox,tap,checkbox,yellow,NONE,NONE,3rd
long-press image to the right of the login,long-press,image,NONE,right_of,login,NONE
paste text,paste,text,NONE,NONE,NONE,NONE
paste yellow text,paste,text,yellow,NONE,NONE,NONE
delete button to the left of the wi-fi,delete,button,NONE,left_of,wi-fi,NONE
paste text,paste,text,NONE,NONE,NONE,NONE
tap on switch next to the notifications,tap,switch,NONE,next_to,notifications,NONE
click on image to the right of the help,click,image,NONE,right_of,help,NONE
copy blue text above the profile,copy,text,blue,above,profile,NONE
copy text,copy,text,NONE,NONE,NONE,NONE
scroll to tab above the menu,scroll,tab,NONE,above,menu,NONE
tap on button,tap,button,NONE,NONE,NONE,NONE
scroll down to the 3rd orange tab to the left of the last item,scroll,tab,orange,left_of,last item,3rd
paste text next to the notifications,paste,text,NONE,next_to,notifications,NONE
launch the 3rd purple icon,open,icon,purple,NONE,NONE,3rd
long-press button above the help,long-press,button,NONE,above,help,NONE
click on red text,click,text,red,NONE,NONE,NONE
tap green button below the home,tap,button,green,below,home,NONE
paste text below the search,paste,text,NONE,below,search,NONE
paste green text above the home,paste,text,green,above,home,NONE
paste text,paste,text,NONE,NONE,NONE,NONE
scroll down to menu to the left of the first email,scroll,menu,NONE,left_of,first email,NONE
copy the 3rd purple text to the right of the login,copy,text,purple,right_of,login,3rd
launch link below the home,open,link,NONE,below,home,NONE
trash text,delete,text,NONE,NONE,NONE,NONE
paste the 1st text,paste,text,NONE,NONE,NONE,1st
scroll to the 2nd text next to the checkout,scroll,text,NONE,next_to,checkout,2nd
tap on the 1st tab below the address,tap,tab,NONE,below,address,1st
paste text next to the address,paste,text,NONE,next_to,address,NONE
launch tab,open,tab,NONE,NONE,NONE,NONE
launch purple menu to the right of the notifications,open,menu,purple,right_of,notifications,NONE
paste text below the first email,paste,text,NONE,below,first email,NONE
scroll down to text to the right of the cart,scroll,text,NONE,right_of,cart,NONE
tap on yellow link,tap,link,yellow,NONE,NONE,NONE
copy text,copy,text,NONE,NONE,NONE,NONE
launch menu above the checkout,open,menu,NONE,above,checkout,NONE
long-press text to the left of the first email,long-press,text,NONE,left_of,first email,NONE
long-press black image to the left of the last item,long-press,image,black,left_of,last item,NONE
tap on checkbox next to the notifications,tap,checkbox,NONE,next_to,notifications,NONE
open button,open,button,NONE,NONE,NONE,NONE
scroll down to tab,scroll,tab,NONE,NONE,NONE,NONE
open tab next to the help,open,tab,NONE,next_to,help,NONE
trash gray text to the right of the menu,delete,text,gray,right_of,menu,NONE
select the 3rd orange image,click,image,orange,NONE,NONE,3rd
tap on button to the right of the search,tap,button,NONE,right_of,search,NONE
paste text below the notifications,paste,text,NONE,below,notifications,NONE
tap on pink icon,tap,icon,pink,NONE,NONE,NONE
scroll down to menu next to the notifications,scroll,menu,NONE,next_to,notifications,NONE
paste the 1st text above the checkout,paste,text,NONE,above,checkout,1st
long-press black icon to the right of the wi-fi,long-press,icon,black,right_of,wi-fi,NONE
paste text to the right of the wi-fi,paste,text,NONE,right_of,wi-fi,NONE
scroll down to the 3rd menu,scroll,menu,NONE,NONE,NONE,3rd
tap on gray icon below the home,tap,icon,gray,below,home,NONE
scroll to menu below the home,scroll,menu,NONE,below,home,NONE
paste text,paste,text,NONE,NONE,NONE,NONE
paste red text to the right of the home,paste,text,red,right_of,home,NONE
scroll down to pink text to the left of the search,scroll,text,pink,left_of,search,NONE
copy the 2nd orange text to the left of the last item,copy,text,orange,left_of,last item,2nd
copy the 2nd text,copy,text,NONE,NONE,NONE,2nd
tap checkbox to the left of the profile,tap,checkbox,NONE,left_of,profile,NONE
scroll down to yellow menu,scroll,menu,yellow,NONE,NONE,NONE
press the 2nd yellow text,click,text,yellow,NONE,NONE,2nd
scroll to tab next to the help,scroll,tab,NONE,next_to,help,NONE
launch tab,open,tab,NONE,NONE,NONE,NONE
press and hold button below the login,long-press,button,NONE,below,login,NONE
tap black checkbox next to the profile,tap,checkbox,black,next_to,profile,NONE
copy the 3rd text next to the profile,copy,text,NONE,next_to,profile,3rd
paste text next to the search,paste,text,NONE,next_to,search,NONE
press and hold image,long-press,image,NONE,NONE,NONE,NONE
click image below the checkout,click,image,NONE,below,checkout,NONE
long-press image to the right of the profile,long-press,image,NONE,right_of,profile,NONE
scroll to purple menu,scroll,menu,purple,NONE,NONE,NONE
click on text to the left of the first email,click,text,NONE,left_of,first email,NONE
press and hold icon to the left of the profile,long-press,icon,NONE,left_of,profile,NONE
paste text to the left of the address,paste,text,NONE,left_of,address,NONE
trash pink text below the wi-fi,delete,text,pink,below,wi-fi,NONE
remove image,delete,image,NONE,NONE,NONE,NONE
select checkbox next to the login,click,checkbox,NONE,next_to,login,NONE
click black text below the home,click,text,black,below,home,NONE
tap on purple checkbox to the right of the settings,tap,checkbox,purple,right_of,settings,NONE
copy text,copy,text,NONE,NONE,NONE,NONE
open the 2nd icon,open,icon,NONE,NONE,NONE,2nd
launch the 2nd tab to the left of the home,open,tab,NONE,left_of,home,2nd
press and hold white icon,long-press,icon,white,NONE,NONE,NONE
scroll to the 1st tab,scroll,tab,NONE,NONE,NONE,1st
paste text,paste,text,NONE,NONE,NONE,NONE
press and hold green button,long-press,button,green,NONE,NONE,NONE
select the 3rd button next to the notifications,click,button,NONE,next_to,notifications,3rd
scroll down to the 1st tab above the cart,scroll,tab,NONE,above,cart,1st
tap the 2nd purple checkbox,tap,checkbox,purple,NONE,NONE,2nd
tap on the 3rd green checkbox to the right of the cart,tap,checkbox,green,right_of,cart,3rd
paste text above the settings,paste,text,NONE,above,settings,NONE
trash image,delete,image,NONE,NONE,NONE,NONE
copy text above the address,copy,text,NONE,above,address,NONE
scroll down to the 1st black text next to the wi-fi,scroll,text,black,next_to,wi-fi,1st
press the 2nd purple button,click,button,purple,NONE,NONE,2nd
launch icon next to the last item,open,icon,NONE,next_to,last item,NONE
launch the 3rd green icon next to the settings,open,icon,green,next_to,settings,3rd
paste green text,paste,text,green,NONE,NONE,NONE
paste the last yellow text,paste,text,yellow,NONE,NONE,last
remove image,delete,image,NONE,NONE,NONE,NONE
copy gray text,copy,text,gray,NONE,NONE,NONE
select switch next to the settings,click,switch,NONE,next_to,settings,NONE
scroll down to text below the address,scroll,text,NONE,below,address,NONE
press and hold text to the right of the checkout,long-press,text,NONE,right_of,checkout,NONE
tap tab to the right of the first email,tap,tab,NONE,right_of,first email,NONE
scroll to pink text,scroll,text,pink,NONE,NONE,NONE
copy the last text,copy,text,NONE,NONE,NONE,last
delete image next to the first email,delete,image,NONE,next_to,first email,NONE
press and hold the 1st image to the left of the wi-fi,long-press,image,NONE,left_of,wi-fi,1st
click the 2nd text to the left of the search,click,text,NONE,left_of,search,2nd
copy text next to the menu,copy,text,NONE,next_to,menu,NONE
click button,click,button,NONE,NONE,NONE,NONE
scroll to yellow text,scroll,text,yellow,NONE,NONE,NONE
scroll down to menu above the settings,scroll,menu,NONE,above,settings,NONE
scroll to purple tab,scroll,tab,purple,NONE,NONE,NONE
select gray text,click,text,gray,NONE,NONE,NONE
launch button to the right of the payment,open,button,NONE,right_of,payment,NONE
open icon,open,icon,NONE,NONE,NONE,NONE
select the 3rd black checkbox to the left of the payment,click,checkbox,black,left_of,payment,3rd
launch tab to the right of the wi-fi,open,tab,NONE,right_of,wi-fi,NONE
copy text,copy,text,NONE,NONE,NONE,NONE
scroll to menu to the right of the search,scroll,menu,NONE,right_of,search,NONE
copy text above the wi-fi,copy,text,NONE,above,wi-fi,NONE
copy gray text,copy,text,gray,NONE,NONE,NONE
paste text,paste,text,NONE,NONE,NONE,NONE
launch the 1st link above the last item,open,link,NONE,above,last item,1st
tap on switch below the settings,tap,switch,NONE,below,settings,NONE
launch icon above the notifications,open,icon,NONE,above,notifications,NONE
press image,click,image,NONE,NONE,NONE,NONE
press and hold yellow image,long-press,image,yellow,NONE,NONE,NONE
tap checkbox,tap,checkbox,NONE,NONE,NONE,NONE
trash green text to the left of the login,delete,text,green,left_of,login,NONE
copy text,copy,text,NONE,NONE,NONE,NONE
click tab,click,tab,NONE,NONE,NONE,NONE
remove image above the checkout,delete,image,NONE,above,checkout,NONE
delete green image to the left of the notifications,delete,image,green,left_of,notifications,NONE
remove image to the right of the menu,delete,image,NONE,right_of,menu,NONE
copy text below the profile,copy,text,NONE,below,profile,NONE
long-press button next to the login,long-press,button,NONE,next_to,login,NONE
trash pink text above the payment,delete,text,pink,above,payment,NONE
launch white button,open,button,white,NONE,NONE,NONE
tap on icon,tap,icon,NONE,NONE,NONE,NONE
paste white text to the left of the menu,paste,text,white,left_of,menu,NONE
launch orange link,open,link,orange,NONE,NONE,NONE
scroll to the 3rd menu next to the search,scroll,menu,NONE,next_to,search,3rd
paste text,paste,text,NONE,NONE,NONE,NONE
tap the 1st green icon,tap,icon,green,NONE,NONE,1st
press the last gray image below the checkout,click,image,gray,below,checkout,last
scroll down to the 2nd orange menu,scroll,menu,orange,NONE,NONE,2nd
tap the last green button,tap,button,green,NONE,NONE,last
copy text next to the payment,copy,text,NONE,next_to,payment,NONE
paste purple text to the right of the last item,paste,text,purple,right_of,last item,NONE
scroll down to menu next to the home,scroll,menu,NONE,next_to,home,NONE
tap on checkbox above the payment,tap,checkbox,NONE,above,payment,NONE
remove gray button,delete,button,gray,NONE,NONE,NONE
click on the 1st image,click,image,NONE,NONE,NONE,1st
copy the 1st gray text above the settings,copy,text,gray,above,settings,1st
paste the 1st text next to the checkout,paste,text,NONE,next_to,checkout,1st
long-press text,long-press,text,NONE,NONE,NONE,NONE
press and hold blue button to the right of the home,long-press,button,blue,right_of,home,NONE
scroll down to tab,scroll,tab,NONE,NONE,NONE,NONE
scroll down to menu,scroll,menu,NONE,NONE,NONE,NONE
long-press icon next to the last item,long-press,icon,NONE,next_to,last item,NONE
long-press the 3rd text,long-press,text,NONE,NONE,NONE,3rd
long-press text,long-press,text,NONE,NONE,NONE,NONE
remove the 1st gray button next to the search,delete,button,gray,next_to,search,1st
delete the 3rd image to the right of the payment,delete,image,NONE,right_of,payment,3rd
delete purple image to the right of the menu,delete,image,purple,right_of,menu,NONE
tap on the 3rd button,tap,button,NONE,NONE,NONE,3rd
long-press the 3rd red button next to the cart,long-press,button,red,next_to,cart,3rd
paste yellow text,paste,text,yellow,NONE,NONE,NONE
copy text next to the payment,copy,text,NONE,next_to,payment,NONE
tap on the 2nd green tab to the left of the last item,tap,tab,green,left_of,last item,2nd
press and hold orange image to the left of the settings,long-press,image,orange,left_of,settings,NONE
select the last icon,click,icon,NONE,NONE,NONE,last
press red tab above the wi-fi,click,tab,red,above,wi-fi,NONE
launch the 2nd red button below the menu,open,button,red,below,menu,2nd
long-press image to the right of the settings,long-press,image,NONE,right_of,settings,NONE
press and hold black image,long-press,image,black,NONE,NONE,NONE
paste text to the right of the settings,paste,text,NONE,right_of,settings,NONE
trash the 1st red text to the left of the address,delete,text,red,left_of,address,1st
copy the 1st text next to the wi-fi,copy,text,NONE,next_to,wi-fi,1st
paste text,paste,text,NONE,NONE,NONE,NONE
long-press pink button above the last item,long-press,button,pink,above,last item,NONE
copy the 1st text,copy,text,NONE,NONE,NONE,1st
delete the last text,delete,text,NONE,NONE,NONE,last
delete pink button to the left of the address,delete,button,pink,left_of,address,NONE
open the 1st tab next to the checkout,open,tab,NONE,next_to,checkout,1st
open black tab to the left of the wi-fi,open,tab,black,left_of,wi-fi,NONE
scroll to menu to the left of the settings,scroll,menu,NONE,left_of,settings,NONE
remove orange button next to the notifications,delete,button,orange,next_to,notifications,NONE
press and hold image below the home,long-press,image,NONE,below,home,NONE
delete the 2nd button,delete,button,NONE,NONE,NONE,2nd
tap on icon,tap,icon,NONE,NONE,NONE,NONE
copy the 2nd text above the home,copy,text,NONE,above,home,2nd
paste text,paste,text,NONE,NONE,NONE,NONE
copy text to the left of the wi-fi,copy,text,NONE,left_of,wi-fi,NONE
long-press text below the search,long-press,text,NONE,below,search,NONE
copy red text below the help,copy,text,red,below,help,NONE
delete the 1st white text,delete,text,white,NONE,NONE,1st
remove orange button,delete,button,orange,NONE,NONE,NONE
long-press the 1st image,long-press,image,NONE,NONE,NONE,1st
launch the last menu to the right of the home,open,menu,NONE,right_of,home,last
scroll down to text to the left of the login,scroll,text,NONE,left_of,login,NONE
trash white image above the home,delete,image,white,above,home,NONE
paste blue text,paste,text,blue,NONE,NONE,NONE
press and hold button below the notifications,long-press,button,NONE,below,notifications,NONE
remove red image,delete,image,red,NONE,NONE,NONE
long-press text below the address,long-press,text,NONE,below,address,NONE
paste the 2nd green text to the right of the first email,paste,text,green,right_of,first email,2nd
delete the 3rd text next to the payment,delete,text,NONE,next_to,payment,3rd
copy the 1st purple text,copy,text,purple,NONE,NONE,1st
remove the 3rd blue image,delete,image,blue,NONE,NONE,3rd
copy text,copy,text,NONE,NONE,NONE,NONE
tap purple icon to the left of the login,tap,icon,purple,left_of,login,NONE
launch button next to the login,open,button,NONE,next_to,login,NONE
trash the 3rd gray image below the search,delete,image,gray,below,search,3rd
trash yellow text below the home,delete,text,yellow,below,home,NONE
press blue image next to the notifications,click,image,blue,next_to,notifications,NONE
launch menu below the help,open,menu,NONE,below,help,NONE
remove the 1st image to the right of the address,delete,image,NONE,right_of,address,1st
click on tab to the left of the checkout,click,tab,NONE,left_of,checkout,NONE
tap on the last button below the wi-fi,tap,button,NONE,below,wi-fi,last
copy the last text,copy,text,NONE,NONE,NONE,last
click on checkbox to the left of the login,click,checkbox,NONE,left_of,login,NONE
scroll to green menu,scroll,menu,green,NONE,NONE,NONE
scroll to the 1st tab next to the settings,scroll,tab,NONE,next_to,settings,1st
tap on pink checkbox,tap,checkbox,pink,NONE,NONE,NONE
paste the last red text,paste,text,red,NONE,NONE,last
paste text to the right of the first email,paste,text,NONE,right_of,first email,NONE
trash text,delete,text,NONE,NONE,NONE,NONE
scroll to menu,scroll,menu,NONE,NONE,NONE,NONE
press and hold the 1st button below the wi-fi,long-press,button,NONE,below,wi-fi,1st
remove button to the left of the notifications,delete,button,NONE,left_of,notifications,NONE
copy black text below the login,copy,text,black,below,login,NONE
scroll down to text,scroll,text,NONE,NONE,NONE,NONE
copy the last text,copy,text,NONE,NONE,NONE,last
launch gray button below the home,open,button,gray,below,home,NONE
scroll down to purple text above the help,scroll,text,purple,above,help,NONE
tap on icon to the right of the checkout,tap,icon,NONE,right_of,checkout,NONE
trash button to the right of the notifications,delete,button,NONE,right_of,notifications,NONE
click checkbox to the right of the checkout,click,checkbox,NONE,right_of,checkout,NONE
long-press image,long-press,image,NONE,NONE,NONE,NONE
tap button,tap,button,NONE,NONE,NONE,NONE
tap switch below the search,tap,switch,NONE,below,search,NONE
tap the 2nd button to the right of the wi-fi,tap,button,NONE,right_of,wi-fi,2nd
remove the 1st image below the payment,delete,image,NONE,below,payment,1st
trash red image,delete,image,red,NONE,NONE,NONE
open menu,open,menu,NONE,NONE,NONE,NONE
scroll down to text to the left of the settings,scroll,text,NONE,left_of,settings,NONE
scroll down to the 2nd tab to the right of the address,scroll,tab,NONE,right_of,address,2nd
scroll to menu next to the checkout,scroll,menu,NONE,next_to,checkout,NONE
scroll to white tab below the home,scroll,tab,white,below,home,NONE
scroll down to menu above the menu,scroll,menu,NONE,above,menu,NONE
paste the 3rd text below the profile,paste,text,NONE,below,profile,3rd
tap on the 2nd tab to the left of the help,tap,tab,NONE,left_of,help,2nd
trash the 1st image,delete,image,NONE,NONE,NONE,1st
click tab,click,tab,NONE,NONE,NONE,NONE
launch tab above the login,open,tab,NONE,above,login,NONE
copy text to the left of the search,copy,text,NONE,left_of,search,NONE
select button above the profile,click,button,NONE,above,profile,NONE
open tab,open,tab,NONE,NONE,NONE,NONE
scroll to tab to the left of the notifications,scroll,tab,NONE,left_of,notifications,NONE
select the last yellow switch to the right of the home,click,switch,yellow,right_of,home,last
press and hold blue image,long-press,image,blue,NONE,NONE,NONE
scroll down to the 2nd tab next to the last item,scroll,tab,NONE,next_to,last item,2nd
trash the 3rd text to the right of the payment,delete,text,NONE,right_of,payment,3rd
tap on button above the help,tap,button,NONE,above,help,NONE
paste text,paste,text,NONE,NONE,NONE,NONE
delete orange image,delete,image,orange,NONE,NONE,NONE
scroll down to the 1st black tab above the wi-fi,scroll,tab,black,above,wi-fi,1st
long-press text to the left of the help,long-press,text,NONE,left_of,help,NONE
open gray menu to the right of the profile,open,menu,gray,right_of,profile,NONE
open menu above the checkout,open,menu,NONE,above,checkout,NONE
click on text,click,text,NONE,NONE,NONE,NONE
click on link below the wi-fi,click,link,NONE,below,wi-fi,NONE
remove image below the home,delete,image,NONE,below,home,NONE
open gray button below the cart,open,button,gray,below,cart,NONE
paste text to the right of the last item,paste,text,NONE,right_of,last item,NONE
paste text,paste,text,NONE,NONE,NONE,NONE
paste text,paste,text,NONE,NONE,NONE,NONE
launch icon to the left of the first email,open,icon,NONE,left_of,first email,NONE
long-press yellow text below the checkout,long-press,text,yellow,below,checkout,NONE
scroll down to tab above the payment,scroll,tab,NONE,above,payment,NONE
click on the last checkbox,click,checkbox,NONE,NONE,NONE,last
press the 3rd yellow icon below the last item,click,icon,yellow,below,last item,3rd
tap on button above the cart,tap,button,NONE,above,cart,NONE
copy text below the help,copy,text,NONE,below,help,NONE
paste orange text,paste,text,orange,NONE,NONE,NONE
select button to the right of the profile,click,button,NONE,right_of,profile,NONE
press text to the left of the notifications,click,text,NONE,left_of,notifications,NONE
click tab to the right of the search,click,tab,NONE,right_of,search,NONE
scroll to black menu,scroll,menu,black,NONE,NONE,NONE
paste black text below the settings,paste,text,black,below,settings,NONE
tap on the 1st gray checkbox to the left of the menu,tap,checkbox,gray,left_of,menu,1st
open link next to the search,open,link,NONE,next_to,search,NONE
select text next to the checkout,click,text,NONE,next_to,checkout,NONE
select orange checkbox,click,checkbox,orange,NONE,NONE,NONE
paste gray text below the profile,paste,text,gray,below,profile,NONE
tap orange checkbox below the last item,tap,checkbox,orange,below,last item,NONE
press the 3rd link,click,link,NONE,NONE,NONE,3rd
remove gray image,delete,image,gray,NONE,NONE,NONE
delete image below the address,delete,image,NONE,below,address,NONE
paste the 3rd black text,paste,text,black,NONE,NONE,3rd
long-press white image,long-press,image,white,NONE,NONE,NONE
long-press the last red text next to the home,long-press,text,red,next_to,home,last
press pink tab next to the payment,click,tab,pink,next_to,payment,NONE
press and hold the 1st red image above the cart,long-press,image,red,above,cart,1st
trash text to the left of the menu,delete,text,NONE,left_of,menu,NONE
delete the 2nd button below the settings,delete,button,NONE,below,settings,2nd
copy the 3rd gray text to the right of the address,copy,text,gray,right_of,address,3rd
paste pink text below the home,paste,text,pink,below,home,NONE
delete pink text above the wi-fi,delete,text,pink,above,wi-fi,NONE
tap on checkbox below the profile,tap,checkbox,NONE,below,profile,NONE
click on the last image,click,image,NONE,NONE,NONE,last
press and hold button to the right of the home,long-press,button,NONE,right_of,home,NONE
copy the 2nd text below the menu,copy,text,NONE,below,menu,2nd
delete black text to the left of the help,delete,text,black,left_of,help,NONE
launch purple tab,open,tab,purple,NONE,NONE,NONE
open the 2nd button to the right of the payment,open,button,NONE,right_of,payment,2nd
paste text below the help,paste,text,NONE,below,help,NONE
copy the 1st text above the login,copy,text,NONE,above,login,1st
long-press the 1st image below the menu,long-press,image,NONE,below,menu,1st
scroll down to the 1st tab to the right of the home,scroll,tab,NONE,right_of,home,1st
copy yellow text,copy,text,yellow,NONE,NONE,NONE
click on icon,click,icon,NONE,NONE,NONE,NONE
scroll to menu,scroll,menu,NONE,NONE,NONE,NONE
paste pink text,paste,text,pink,NONE,NONE,NONE
launch the 3rd blue link to the right of the menu,open,link,blue,right_of,menu,3rd
scroll to text above the menu,scroll,text,NONE,above,menu,NONE
launch menu,open,menu,NONE,NONE,NONE,NONE
paste pink text,paste,text,pink,NONE,NONE,NONE
press and hold red button above the payment,long-press,button,red,above,payment,NONE
delete image,delete,image,NONE,NONE,NONE,NONE
press and hold black image above the notifications,long-press,image,black,above,notifications,NONE
copy the 3rd text to the right of the cart,copy,text,NONE,right_of,cart,3rd
long-press purple button to the right of the menu,long-press,button,purple,right_of,menu,NONE
scroll down to the 3rd tab,scroll,tab,NONE,NONE,NONE,3rd
tap on button above the notifications,tap,button,NONE,above,notifications,NONE
click gray button to the left of the last item,click,button,gray,left_of,last item,NONE
trash text to the right of the settings,delete,text,NONE,right_of,settings,NONE
remove the last red text to the left of the profile,delete,text,red,left_of,profile,last
scroll to menu,scroll,menu,NONE,NONE,NONE,NONE
trash the 1st text next to the payment,delete,text,NONE,next_to,payment,1st
open menu next to the menu,open,menu,NONE,next_to,menu,NONE
paste the 2nd yellow text next to the payment,paste,text,yellow,next_to,payment,2nd
tap on button above the checkout,tap,button,NONE,above,checkout,NONE
select green image next to the search,click,image,green,next_to,search,NONE
press and hold yellow text,long-press,text,yellow,NONE,NONE,NONE
paste purple text above the wi-fi,paste,text,purple,above,wi-fi,NONE
paste text to the right of the login,paste,text,NONE,right_of,login,NONE
tap button,tap,button,NONE,NONE,NONE,NONE
paste text to the left of the wi-fi,paste,text,NONE,left_of,wi-fi,NONE
trash text to the left of the cart,delete,text,NONE,left_of,cart,NONE
tap tab,tap,tab,NONE,NONE,NONE,NONE
tap on icon,tap,icon,NONE,NONE,NONE,NONE
paste text below the cart,paste,text,NONE,below,cart,NONE
copy text above the checkout,copy,text,NONE,above,checkout,NONE
tap white icon,tap,icon,white,NONE,NONE,NONE
remove button next to the address,delete,button,NONE,next_to,address,NONE
long-press the 2nd image below the cart,long-press,image,NONE,below,cart,2nd
scroll to tab next to the wi-fi,scroll,tab,NONE,next_to,wi-fi,NONE
select text above the help,click,text,NONE,above,help,NONE
select icon,click,icon,NONE,NONE,NONE,NONE
tap orange switch above the checkout,tap,switch,orange,above,checkout,NONE
click on button next to the checkout,click,button,NONE,next_to,checkout,NONE
open button above the login,open,button,NONE,above,login,NONE
scroll down to text above the wi-fi,scroll,text,NONE,above,wi-fi,NONE
tap on white switch to the right of the notifications,tap,switch,white,right_of,notifications,NONE
copy the 1st pink text to the right of the last item,copy,text,pink,right_of,last item,1st
scroll down to tab next to the login,scroll,tab,NONE,next_to,login,NONE
click the 3rd image to the left of the address,click,image,NONE,left_of,address,3rd
scroll to text to the right of the checkout,scroll,text,NONE,right_of,checkout,NONE
scroll to text,scroll,text,NONE,NONE,NONE,NONE
press and hold text,long-press,text,NONE,NONE,NONE,NONE
scroll to the 3rd purple tab below the settings,scroll,tab,purple,below,settings,3rd
tap on button,tap,button,NONE,NONE,NONE,NONE
scroll to menu to the left of the help,scroll,menu,NONE,left_of,help,NONE
tap on the last black link above the wi-fi,tap,link,black,above,wi-fi,last
tap on yellow link above the payment,tap,link,yellow,above,payment,NONE
open purple menu to the left of the wi-fi,open,menu,purple,left_of,wi-fi,NONE
long-press yellow text below the settings,long-press,text,yellow,below,settings,NONE
open icon above the search,open,icon,NONE,above,search,NONE
scroll down to purple tab above the home,scroll,tab,purple,above,home,NONE
delete the last red button above the search,delete,button,red,above,search,last
copy text next to the help,copy,text,NONE,next_to,help,NONE
scroll to menu,scroll,menu,NONE,NONE,NONE,NONE
copy black text below the notifications,copy,text,black,below,notifications,NONE
paste blue text to the left of the first email,paste,text,blue,left_of,first email,NONE
trash text above the profile,delete,text,NONE,above,profile,NONE
paste text below the first email,paste,text,NONE,below,first email,NONE
launch yellow menu,open,menu,yellow,NONE,NONE,NONE
copy green text,copy,text,green,NONE,NONE,NONE
scroll down to white text to the right of the login,scroll,text,white,right_of,login,NONE
remove the last button next to the cart,delete,button,NONE,next_to,cart,last
copy black text,copy,text,black,NONE,NONE,NONE
select checkbox below the settings,click,checkbox,NONE,below,settings,NONE
long-press blue text below the login,long-press,text,blue,below,login,NONE
paste text to the right of the notifications,paste,text,NONE,right_of,notifications,NONE
press the 1st yellow tab next to the last item,click,tab,yellow,next_to,last item,1st
press white text to the right of the login,click,text,white,right_of,login,NONE
open orange button above the wi-fi,open,button,orange,above,wi-fi,NONE
paste text,paste,text,NONE,NONE,NONE,NONE
click on checkbox next to the profile,click,checkbox,NONE,next_to,profile,NONE
press and hold icon to the right of the cart,long-press,icon,NONE,right_of,cart,NONE
paste the 1st black text next to the search,paste,text,black,next_to,search,1st
select red button above the profile,click,button,red,above,profile,NONE
paste text above the cart,paste,text,NONE,above,cart,NONE
copy the last text above the settings,copy,text,NONE,above,settings,last
paste green text,paste,text,green,NONE,NONE,NONE
tap checkbox next to the address,tap,checkbox,NONE,next_to,address,NONE
scroll down to text below the login,scroll,text,NONE,below,login,NONE
copy text below the checkout,copy,text,NONE,below,checkout,NONE
scroll to menu,scroll,menu,NONE,NONE,NONE,NONE
tap tab above the cart,tap,tab,NONE,above,cart,NONE
delete the last image to the left of the checkout,delete,image,NONE,left_of,checkout,last
paste red text to the left of the checkout,paste,text,red,left_of,checkout,NONE
scroll to tab to the left of the wi-fi,scroll,tab,NONE,left_of,wi-fi,NONE
select the 2nd purple button to the left of the home,click,button,purple,left_of,home,2nd
paste the last yellow text,paste,text,yellow,NONE,NONE,last
open white tab next to the search,open,tab,white,next_to,search,NONE
copy blue text to the left of the settings,copy,text,blue,left_of,settings,NONE
launch red link next to the profile,open,link,red,next_to,profile,NONE
copy the 2nd green text to the left of the address,copy,text,green,left_of,address,2nd
paste text,paste,text,NONE,NONE,NONE,NONE
tap link,tap,link,NONE,NONE,NONE,NONE
copy text to the right of the address,copy,text,NONE,right_of,address,NONE
tap link to the right of the first email,tap,link,NONE,right_of,first email,NONE
launch icon,open,icon,NONE,NONE,NONE,NONE
trash button,delete,button,NONE,NONE,NONE,NONE
press and hold the 1st icon,long-press,icon,NONE,NONE,NONE,1st
press and hold the last blue image below the notifications,long-press,image,blue,below,notifications,last
remove pink image below the checkout,delete,image,pink,below,checkout,NONE
paste the 1st text,paste,text,NONE,NONE,NONE,1st
long-press the last text next to the home,long-press,text,NONE,next_to,home,last
long-press white image next to the cart,long-press,image,white,next_to,cart,NONE
delete button next to the last item,delete,button,NONE,next_to,last item,NONE
paste gray text to the left of the last item,paste,text,gray,left_of,last item,NONE
paste text to the left of the first email,paste,text,NONE,left_of,first email,NONE
click on image,click,image,NONE,NONE,NONE,NONE
tap the 1st checkbox next to the payment,tap,checkbox,NONE,next_to,payment,1st
press button above the notifications,click,button,NONE,above,notifications,NONE
scroll down to the 2nd text next to the profile,scroll,text,NONE,next_to,profile,2nd
press and hold green image to the left of the checkout,long-press,image,green,left_of,checkout,NONE
paste text above the help,paste,text,NONE,above,help,NONE
trash text to the left of the checkout,delete,text,NONE,left_of,checkout,NONE
open the 3rd button to the left of the payment,open,button,NONE,left_of,payment,3rd
press and hold red icon below the first email,long-press,icon,red,below,first email,NONE
paste the 3rd text to the left of the help,paste,text,NONE,left_of,help,3rd
tap on tab to the left of the payment,tap,tab,NONE,left_of,payment,NONE
press black checkbox to the right of the home,click,checkbox,black,right_of,home,NONE
copy text to the left of the cart,copy,text,NONE,left_of,cart,NONE
tap on switch to the left of the notifications,tap,switch,NONE,left_of,notifications,NONE
paste text,paste,text,NONE,NONE,NONE,NONE
tap on link,tap,link,NONE,NONE,NONE,NONE
press button to the right of the wi-fi,click,button,NONE,right_of,wi-fi,NONE
paste text,paste,text,NONE,NONE,NONE,NONE
long-press image to the right of the menu,long-press,image,NONE,right_of,menu,NONE
open tab to the left of the help,open,tab,NONE,left_of,help,NONE
copy the 3rd orange text above the address,copy,text,orange,above,address,3rd
paste gray text,paste,text,gray,NONE,NONE,NONE
press and hold the last button above the cart,long-press,button,NONE,above,cart,last
scroll down to orange text to the right of the search,scroll,text,orange,right_of,search,NONE
delete button to the right of the first email,delete,button,NONE,right_of,first email,NONE
remove the 1st image to the right of the checkout,delete,image,NONE,right_of,checkout,1st
scroll to the 2nd yellow tab,scroll,tab,yellow,NONE,NONE,2nd
paste the 3rd yellow text below the notifications,paste,text,yellow,below,notifications,3rd
click the 3rd blue icon,click,icon,blue,NONE,NONE,3rd
copy text to the right of the search,copy,text,NONE,right_of,search,NONE
paste blue text,paste,text,blue,NONE,NONE,NONE
scroll to gray menu to the left of the checkout,scroll,menu,gray,left_of,checkout,NONE
tap the 1st link,tap,link,NONE,NONE,NONE,1st
press and hold the 2nd red button to the right of the notifications,long-press,button,red,right_of,notifications,2nd
tap switch above the profile,tap,switch,NONE,above,profile,NONE
tap on checkbox,tap,checkbox,NONE,NONE,NONE,NONE
delete the 1st button to the left of the search,delete,button,NONE,left_of,search,1st
remove image below the first email,delete,image,NONE,below,first email,NONE
trash button next to the cart,delete,button,NONE,next_to,cart,NONE
scroll down to text,scroll,text,NONE,NONE,NONE,NONE
tap checkbox to the right of the wi-fi,tap,checkbox,NONE,right_of,wi-fi,NONE
copy the last text,copy,text,NONE,NONE,NONE,last
paste text to the right of the menu,paste,text,NONE,right_of,menu,NONE
paste yellow text to the left of the search,paste,text,yellow,left_of,search,NONE
copy pink text above the menu,copy,text,pink,above,menu,NONE
tap the last green switch,tap,switch,green,NONE,NONE,last
select the 1st image above the profile,click,image,NONE,above,profile,1st
press and hold text,long-press,text,NONE,NONE,NONE,NONE
paste text,paste,text,NONE,NONE,NONE,NONE
paste yellow text next to the settings,paste,text,yellow,next_to,settings,NONE
long-press purple button above the menu,long-press,button,purple,above,menu,NONE
remove the 1st red text next to the cart,delete,text,red,next_to,cart,1st
paste text,paste,text,NONE,NONE,NONE,NONE
long-press the 1st text to the right of the address,long-press,text,NONE,right_of,address,1st
paste the 3rd text to the left of the home,paste,text,NONE,left_of,home,3rd
scroll down to blue tab,scroll,tab,blue,NONE,NONE,NONE
tap on the 2nd tab above the cart,tap,tab,NONE,above,cart,2nd
launch menu below the notifications,open,menu,NONE,below,notifications,NONE
launch tab,open,tab,NONE,NONE,NONE,NONE
scroll to the 3rd tab below the checkout,scroll,tab,NONE,below,checkout,3rd
copy the 3rd text below the notifications,copy,text,NONE,below,notifications,3rd
paste text,paste,text,NONE,NONE,NONE,NONE
press and hold the 2nd green text below the checkout,long-press,text,green,below,checkout,2nd
paste purple text,paste,text,purple,NONE,NONE,NONE
copy green text to the left of the help,copy,text,green,left_of,help,NONE
paste the 3rd text to the left of the profile,paste,text,NONE,left_of,profile,3rd
click on black text next to the checkout,click,text,black,next_to,checkout,NONE
scroll to the 2nd gray tab below the notifications,scroll,tab,gray,below,notifications,2nd
press and hold text,long-press,text,NONE,NONE,NONE,NONE
scroll to menu above the address,scroll,menu,NONE,above,address,NONE
copy red text,copy,text,red,NONE,NONE,NONE
launch button to the left of the help,open,button,NONE,left_of,help,NONE
paste the 2nd text,paste,text,NONE,NONE,NONE,2nd
launch the 1st icon below the cart,open,icon,NONE,below,cart,1st
copy text,copy,text,NONE,NONE,NONE,NONE
paste text,paste,text,NONE,NONE,NONE,NONE
scroll down to tab,scroll,tab,NONE,NONE,NONE,NONE
tap on checkbox above the notifications,tap,checkbox,NONE,above,notifications,NONE
paste text,paste,text,NONE,NONE,NONE,NONE
copy text,copy,text,NONE,NONE,NONE,NONE
delete button next to the settings,delete,button,NONE,next_to,settings,NONE
launch the 3rd link next to the cart,open,link,NONE,next_to,cart,3rd
scroll to tab to the left of the settings,scroll,tab,NONE,left_of,settings,NONE
delete the last button below the address,delete,button,NONE,below,address,last
copy text next to the checkout,copy,text,NONE,next_to,checkout,NONE
launch tab to the left of the last item,open,tab,NONE,left_of,last item,NONE
tap tab,tap,tab,NONE,NONE,NONE,NONE
click on the 2nd switch,click,switch,NONE,NONE,NONE,2nd
tap on the last checkbox to the left of the cart,tap,checkbox,NONE,left_of,cart,last
select black icon,click,icon,black,NONE,NONE,NONE
long-press icon,long-press,icon,NONE,NONE,NONE,NONE
scroll to text,scroll,text,NONE,NONE,NONE,NONE
long-press image below the menu,long-press,image,NONE,below,menu,NONE
tap checkbox above the menu,tap,checkbox,NONE,above,menu,NONE
copy text to the right of the first email,copy,text,NONE,right_of,first email,NONE
open gray tab next to the settings,open,tab,gray,next_to,settings,NONE
scroll to tab,scroll,tab,NONE,NONE,NONE,NONE
scroll to the last menu above the wi-fi,scroll,menu,NONE,above,wi-fi,last
paste green text above the settings,paste,text,green,above,settings,NONE
copy the 3rd text below the home,copy,text,NONE,below,home,3rd
launch button,open,button,NONE,NONE,NONE,NONE
tap on yellow tab,tap,tab,yellow,NONE,NONE,NONE
tap blue checkbox next to the payment,tap,checkbox,blue,next_to,payment,NONE
open red link above the address,open,link,red,above,address,NONE
copy the 1st blue text to the left of the login,copy,text,blue,left_of,login,1st
open icon below the menu,open,icon,NONE,below,menu,NONE
delete the last text to the left of the cart,delete,text,NONE,left_of,cart,last
scroll to tab,scroll,tab,NONE,NONE,NONE,NONE
scroll to tab,scroll,tab,NONE,NONE,NONE,NONE
tap on white tab next to the notifications,tap,tab,white,next_to,notifications,NONE
paste the 3rd pink text to the left of the profile,paste,text,pink,left_of,profile,3rd
paste orange text to the right of the home,paste,text,orange,right_of,home,NONE
tap switch,tap,switch,NONE,NONE,NONE,NONE
paste black text below the help,paste,text,black,below,help,NONE
press the last gray image next to the wi-fi,click,image,gray,next_to,wi-fi,last
paste text below the settings,paste,text,NONE,below,settings,NONE
open link,open,link,NONE,NONE,NONE,NONE
open white tab next to the help,open,tab,white,next_to,help,NONE
launch the 2nd tab to the left of the settings,open,tab,NONE,left_of,settings,2nd
open tab,open,tab,NONE,NONE,NONE,NONE
trash purple button,delete,button,purple,NONE,NONE,NONE
remove red text above the first email,delete,text,red,above,first email,NONE
open the 3rd menu below the cart,open,menu,NONE,below,cart,3rd
open the 1st button above the wi-fi,open,button,NONE,above,wi-fi,1st
open link to the left of the wi-fi,open,link,NONE,left_of,wi-fi,NONE
press and hold black image,long-press,image,black,NONE,NONE,NONE
press text to the left of the cart,click,text,NONE,left_of,cart,NONE
click the 2nd checkbox,click,checkbox,NONE,NONE,NONE,2nd
press and hold button,long-press,button,NONE,NONE,NONE,NONE
tap on the last switch to the right of the address,tap,switch,NONE,right_of,address,last
copy text to the left of the menu,copy,text,NONE,left_of,menu,NONE
open gray icon,open,icon,gray,NONE,NONE,NONE
tap checkbox to the right of the home,tap,checkbox,NONE,right_of,home,NONE
select red button,click,button,red,NONE,NONE,NONE
tap green link above the first email,tap,link,green,above,first email,NONE
select orange image,click,image,orange,NONE,NONE,NONE
click red image to the left of the settings,click,image,red,left_of,settings,NONE
remove text to the right of the notifications,delete,text,NONE,right_of,notifications,NONE
tap on switch to the right of the profile,tap,switch,NONE,right_of,profile,NONE
press and hold the 2nd text,long-press,text,NONE,NONE,NONE,2nd
paste text to the left of the wi-fi,paste,text,NONE,left_of,wi-fi,NONE
select switch,click,switch,NONE,NONE,NONE,NONE
launch icon above the menu,open,icon,NONE,above,menu,NONE
open the 1st tab,open,tab,NONE,NONE,NONE,1st
open menu,open,menu,NONE,NONE,NONE,NONE
scroll down to text next to the settings,scroll,text,NONE,next_to,settings,NONE
scroll to tab to the left of the help,scroll,tab,NONE,left_of,help,NONE
long-press black icon to the left of the notifications,long-press,icon,black,left_of,notifications,NONE
long-press image below the search,long-press,image,NONE,below,search,NONE
delete button,delete,button,NONE,NONE,NONE,NONE
click green checkbox,click,checkbox,green,NONE,NONE,NONE
select the 2nd purple image,click,image,purple,NONE,NONE,2nd
press and hold icon below the address,long-press,icon,NONE,below,address,NONE
copy blue text,copy,text,blue,NONE,NONE,NONE
long-press black button below the home,long-press,button,black,below,home,NONE
copy text to the right of the search,copy,text,NONE,right_of,search,NONE
long-press button,long-press,button,NONE,NONE,NONE,NONE
open orange tab to the right of the profile,open,tab,orange,right_of,profile,NONE
tap on the last red icon,tap,icon,red,NONE,NONE,last
delete the 2nd image to the right of the address,delete,image,NONE,right_of,address,2nd
long-press the 3rd button to the right of the profile,long-press,button,NONE,right_of,profile,3rd
long-press button below the login,long-press,button,NONE,below,login,NONE
long-press the 2nd icon below the payment,long-press,icon,NONE,below,payment,2nd
open the 3rd red button,open,button,red,NONE,NONE,3rd
launch blue button above the settings,open,button,blue,above,settings,NONE
scroll down to the 1st menu next to the payment,scroll,menu,NONE,next_to,payment,1st
paste text,paste,text,NONE,NONE,NONE,NONE
paste orange text above the home,paste,text,orange,above,home,NONE
press and hold the 1st text to the right of the home,long-press,text,NONE,right_of,home,1st
scroll to the 1st menu to the right of the login,scroll,menu,NONE,right_of,login,1st
tap checkbox,tap,checkbox,NONE,NONE,NONE,NONE
remove the 2nd text,delete,text,NONE,NONE,NONE,2nd
open pink tab,open,tab,pink,NONE,NONE,NONE
paste red text to the right of the search,paste,text,red,right_of,search,NONE
tap on tab above the settings,tap,tab,NONE,above,settings,NONE
paste the last text below the first email,paste,text,NONE,below,first email,last
click on white button,click,button,white,NONE,NONE,NONE
paste the 3rd orange text to the right of the home,paste,text,orange,right_of,home,3rd
scroll down to tab,scroll,tab,NONE,NONE,NONE,NONE
press and hold button,long-press,button,NONE,NONE,NONE,NONE
paste text,paste,text,NONE,NONE,NONE,NONE
copy the 1st text next to the payment,copy,text,NONE,next_to,payment,1st
launch the 2nd link,open,link,NONE,NONE,NONE,2nd
launch the 2nd menu to the left of the first email,open,menu,NONE,left_of,first email,2nd
launch the 2nd menu to the right of the menu,open,menu,NONE,right_of,menu,2nd
press the last orange link to the left of the home,click,link,orange,left_of,home,last
click icon next to the last item,click,icon,NONE,next_to,last item,NONE
scroll to white tab to the right of the profile,scroll,tab,white,right_of,profile,NONE
click on white image above the profile,click,image,white,above,profile,NONE
scroll down to the last menu below the notifications,scroll,menu,NONE,below,notifications,last
delete red text to the left of the search,delete,text,red,left_of,search,NONE
press and hold icon to the left of the wi-fi,long-press,icon,NONE,left_of,wi-fi,NONE
scroll to pink menu next to the checkout,scroll,menu,pink,next_to,checkout,NONE
scroll down to the 1st menu below the login,scroll,menu,NONE,below,login,1st
tap on icon next to the login,tap,icon,NONE,next_to,login,NONE
long-press the last button,long-press,button,NONE,NONE,NONE,last
long-press blue image,long-press,image,blue,NONE,NONE,NONE
delete the last image below the menu,delete,image,NONE,below,menu,last
copy text next to the last item,copy,text,NONE,next_to,last item,NONE
launch link,open,link,NONE,NONE,NONE,NONE
paste text below the last item,paste,text,NONE,below,last item,NONE
tap on yellow button,tap,button,yellow,NONE,NONE,NONE
scroll down to text next to the cart,scroll,text,NONE,next_to,cart,NONE
delete white button below the first email,delete,button,white,below,first email,NONE
press the 1st blue image next to the help,click,image,blue,next_to,help,1st
trash image to the right of the address,delete,image,NONE,right_of,address,NONE
scroll down to text,scroll,text,NONE,NONE,NONE,NONE
copy the 1st text,copy,text,NONE,NONE,NONE,1st
tap the 3rd tab,tap,tab,NONE,NONE,NONE,3rd
tap on blue icon next to the help,tap,icon,blue,next_to,help,NONE
click on the last icon below the last item,click,icon,NONE,below,last item,last
tap on purple button to the left of the login,tap,button,purple,left_of,login,NONE
tap the 2nd icon to the right of the menu,tap,icon,NONE,right_of,menu,2nd
delete green button,delete,button,green,NONE,NONE,NONE
trash image above the menu,delete,image,NONE,above,menu,NONE
paste green text to the right of the wi-fi,paste,text,green,right_of,wi-fi,NONE
tap on blue checkbox,tap,checkbox,blue,NONE,NONE,NONE
delete the 3rd image,delete,image,NONE,NONE,NONE,3rd
tap black button,tap,button,black,NONE,NONE,NONE
press and hold text to the left of the home,long-press,text,NONE,left_of,home,NONE
press and hold the 1st text next to the settings,long-press,text,NONE,next_to,settings,1st
delete blue image above the payment,delete,image,blue,above,payment,NONE
tap on black link,tap,link,black,NONE,NONE,NONE
paste black text to the left of the help,paste,text,black,left_of,help,NONE
press and hold image above the checkout,long-press,image,NONE,above,checkout,NONE
scroll down to the 2nd green menu next to the first email,scroll,menu,green,next_to,first email,2nd
paste the 3rd text,paste,text,NONE,NONE,NONE,3rd
click on checkbox above the login,click,checkbox,NONE,above,login,NONE
copy white text above the wi-fi,copy,text,white,above,wi-fi,NONE
scroll down to the last pink tab to the right of the home,scroll,tab,pink,right_of,home,last
tap on the 1st checkbox to the right of the login,tap,checkbox,NONE,right_of,login,1st
paste blue text to the right of the settings,paste,text,blue,right_of,settings,NONE
scroll to menu,scroll,menu,NONE,NONE,NONE,NONE
open the 3rd button,open,button,NONE,NONE,NONE,3rd
copy text,copy,text,NONE,NONE,NONE,NONE
press and hold text next to the checkout,long-press,text,NONE,next_to,checkout,NONE
scroll down to menu to the left of the first email,scroll,menu,NONE,left_of,first email,NONE
tap icon next to the checkout,tap,icon,NONE,next_to,checkout,NONE
trash gray button next to the checkout,delete,button,gray,next_to,checkout,NONE
launch link,open,link,NONE,NONE,NONE,NONE
open link below the payment,open,link,NONE,below,payment,NONE
tap link above the settings,tap,link,NONE,above,settings,NONE
trash button below the last item,delete,button,NONE,below,last item,NONE
scroll down to text below the cart,scroll,text,NONE,below,cart,NONE
select red switch to the left of the home,click,switch,red,left_of,home,NONE
scroll to the last yellow text to the right of the help,scroll,text,yellow,right_of,help,last
click text below the home,click,text,NONE,below,home,NONE
open purple menu,open,menu,purple,NONE,NONE,NONE
paste the 2nd text to the left of the first email,paste,text,NONE,left_of,first email,2nd
copy text,copy,text,NONE,NONE,NONE,NONE
open tab,open,tab,NONE,NONE,NONE,NONE
copy white text below the cart,copy,text,white,below,cart,NONE
click tab above the home,click,tab,NONE,above,home,NONE
tap the last button to the right of the first email,tap,button,NONE,right_of,first email,last
scroll down to tab to the left of the payment,scroll,tab,NONE,left_of,payment,NONE
paste text below the search,paste,text,NONE,below,search,NONE
tap on checkbox above the login,tap,checkbox,NONE,above,login,NONE
remove button,delete,button,NONE,NONE,NONE,NONE
press and hold green text next to the payment,long-press,text,green,next_to,payment,NONE
tap red switch to the left of the login,tap,switch,red,left_of,login,NONE
launch the 1st icon next to the settings,open,icon,NONE,next_to,settings,1st
delete green button below the payment,delete,button,green,below,payment,NONE
select yellow image next to the notifications,click,image,yellow,next_to,notifications,NONE
paste text to the left of the notifications,paste,text,NONE,left_of,notifications,NONE
tap link above the notifications,tap,link,NONE,above,notifications,NONE
paste the 3rd text,paste,text,NONE,NONE,NONE,3rd
remove image,delete,image,NONE,NONE,NONE,NONE
click on the 1st gray button above the notifications,click,button,gray,above,notifications,1st
delete the 2nd text,delete,text,NONE,NONE,NONE,2nd
tap on link above the checkout,tap,link,NONE,above,checkout,NONE
remove text above the search,delete,text,NONE,above,search,NONE
tap tab below the notifications,tap,tab,NONE,below,notifications,NONE
trash the last image above the cart,delete,image,NONE,above,cart,last
scroll down to menu below the wi-fi,scroll,menu,NONE,below,wi-fi,NONE
scroll to pink menu next to the wi-fi,scroll,menu,pink,next_to,wi-fi,NONE
paste the 2nd text to the right of the search,paste,text,NONE,right_of,search,2nd
press button,click,button,NONE,NONE,NONE,NONE
remove image,delete,image,NONE,NONE,NONE,NONE
paste text to the right of the settings,paste,text,NONE,right_of,settings,NONE
select the 3rd icon next to the settings,click,icon,NONE,next_to,settings,3rd
delete image to the right of the last item,delete,image,NONE,right_of,last item,NONE
remove the 3rd pink button to the left of the help,delete,button,pink,left_of,help,3rd
paste the 2nd text next to the last item,paste,text,NONE,next_to,last item,2nd
tap on link below the settings,tap,link,NONE,below,settings,NONE
paste the 3rd text to the right of the last item,paste,text,NONE,right_of,last item,3rd
paste yellow text to the left of the payment,paste,text,yellow,left_of,payment,NONE
scroll down to white tab to the right of the address,scroll,tab,white,right_of,address,NONE
launch the 1st menu above the settings,open,menu,NONE,above,settings,1st
press the 1st text to the left of the search,click,text,NONE,left_of,search,1st
tap on link,tap,link,NONE,NONE,NONE,NONE
open blue tab to the right of the first email,open,tab,blue,right_of,first email,NONE
scroll to menu to the left of the help,scroll,menu,NONE,left_of,help,NONE
remove the last text to the left of the profile,delete,text,NONE,left_of,profile,last
click black switch to the left of the login,click,switch,black,left_of,login,NONE
click on orange switch below the menu,click,switch,orange,below,menu,NONE
long-press text to the left of the search,long-press,text,NONE,left_of,search,NONE
click on image,click,image,NONE,NONE,NONE,NONE
trash blue image,delete,image,blue,NONE,NONE,NONE
scroll to tab next to the first email,scroll,tab,NONE,next_to,first email,NONE
tap on the 1st gray link above the notifications,tap,link,gray,above,notifications,1st
paste yellow text,paste,text,yellow,NONE,NONE,NONE
scroll to green menu,scroll,menu,green,NONE,NONE,NONE
press switch to the right of the first email,click,switch,NONE,right_of,first email,NONE
remove button,delete,button,NONE,NONE,NONE,NONE
trash the last text to the right of the address,delete,text,NONE,right_of,address,last
remove button,delete,button,NONE,NONE,NONE,NONE
trash text,delete,text,NONE,NONE,NONE,NONE
paste text to the right of the search,paste,text,NONE,right_of,search,NONE
click gray icon,click,icon,gray,NONE,NONE,NONE
scroll down to text above the help,scroll,text,NONE,above,help,NONE
open orange tab,open,tab,orange,NONE,NONE,NONE
copy orange text to the left of the settings,copy,text,orange,left_of,settings,NONE
scroll to tab to the right of the last item,scroll,tab,NONE,right_of,last item,NONE
scroll to red menu above the first email,scroll,menu,red,above,first email,NONE
scroll to black text to the right of the address,scroll,text,black,right_of,address,NONE
scroll to green menu to the right of the home,scroll,menu,green,right_of,home,NONE
tap the last green switch below the home,tap,switch,green,below,home,last
copy text to the left of the checkout,copy,text,NONE,left_of,checkout,NONE
paste text above the notifications,paste,text,NONE,above,notifications,NONE
copy text to the left of the first email,copy,text,NONE,left_of,first email,NONE
copy text,copy,text,NONE,NONE,NONE,NONE
tap tab,tap,tab,NONE,NONE,NONE,NONE
copy the last blue text to the left of the notifications,copy,text,blue,left_of,notifications,last
press and hold button,long-press,button,NONE,NONE,NONE,NONE
copy yellow text next to the login,copy,text,yellow,next_to,login,NONE
copy red text to the right of the wi-fi,copy,text,red,right_of,wi-fi,NONE
paste gray text to the left of the payment,paste,text,gray,left_of,payment,NONE
remove button above the search,delete,button,NONE,above,search,NONE
scroll to tab above the settings,scroll,tab,NONE,above,settings,NONE
paste text next to the home,paste,text,NONE,next_to,home,NONE
click on button next to the last item,click,button,NONE,next_to,last item,NONE
copy text next to the address,copy,text,NONE,next_to,address,NONE
paste text above the home,paste,text,NONE,above,home,NONE
trash button to the right of the cart,delete,button,NONE,right_of,cart,NONE
paste text to the left of the payment,paste,text,NONE,left_of,payment,NONE
remove the 1st button to the left of the menu,delete,button,NONE,left_of,menu,1st
scroll to the 2nd purple menu to the left of the help,scroll,menu,purple,left_of,help,2nd
click image above the cart,click,image,NONE,above,cart,NONE
click on switch above the payment,click,switch,NONE,above,payment,NONE
tap checkbox to the right of the notifications,tap,checkbox,NONE,right_of,notifications,NONE
long-press button,long-press,button,NONE,NONE,NONE,NONE
delete orange button to the left of the last item,delete,button,orange,left_of,last item,NONE
scroll to tab below the login,scroll,tab,NONE,below,login,NONE
paste text below the first email,paste,text,NONE,below,first email,NONE
open yellow tab below the wi-fi,open,tab,yellow,below,wi-fi,NONE
scroll to tab,scroll,tab,NONE,NONE,NONE,NONE
scroll to text to the right of the address,scroll,text,NONE,right_of,address,NONE
copy text,copy,text,NONE,NONE,NONE,NONE
paste the 1st gray text next to the wi-fi,paste,text,gray,next_to,wi-fi,1st
press and hold button,long-press,button,NONE,NONE,NONE,NONE
paste the 2nd text to the left of the menu,paste,text,NONE,left_of,menu,2nd
tap on blue switch above the settings,tap,switch,blue,above,settings,NONE
click button,click,button,NONE,NONE,NONE,NONE
press and hold button above the help,long-press,button,NONE,above,help,NONE
trash image below the cart,delete,image,NONE,below,cart,NONE
scroll to orange menu next to the settings,scroll,menu,orange,next_to,settings,NONE
copy the 3rd text,copy,text,NONE,NONE,NONE,3rd
launch link below the home,open,link,NONE,below,home,NONE
paste the 2nd text above the last item,paste,text,NONE,above,last item,2nd
press and hold orange image to the right of the home,long-press,image,orange,right_of,home,NONE
copy text below the address,copy,text,NONE,below,address,NONE
select text next to the home,click,text,NONE,next_to,home,NONE
copy the 2nd text below the payment,copy,text,NONE,below,payment,2nd
long-press text to the left of the checkout,long-press,text,NONE,left_of,checkout,NONE
launch icon next to the address,open,icon,NONE,next_to,address,NONE
tap the 1st switch next to the address,tap,switch,NONE,next_to,address,1st
delete black text to the left of the wi-fi,delete,text,black,left_of,wi-fi,NONE
press the last purple switch,click,switch,purple,NONE,NONE,last
remove text above the payment,delete,text,NONE,above,payment,NONE
remove black text to the right of the settings,delete,text,black,right_of,settings,NONE
click on text below the notifications,click,text,NONE,below,notifications,NONE
trash the 2nd black image,delete,image,black,NONE,NONE,2nd
select switch above the help,click,switch,NONE,above,help,NONE
long-press white icon next to the cart,long-press,icon,white,next_to,cart,NONE
select checkbox,click,checkbox,NONE,NONE,NONE,NONE
trash yellow text,delete,text,yellow,NONE,NONE,NONE
press and hold gray button,long-press,button,gray,NONE,NONE,NONE
scroll to menu,scroll,menu,NONE,NONE,NONE,NONE
copy text next to the menu,copy,text,NONE,next_to,menu,NONE
copy the 2nd text,copy,text,NONE,NONE,NONE,2nd
press purple icon above the login,click,icon,purple,above,login,NONE
delete image to the left of the address,delete,image,NONE,left_of,address,NONE
long-press the last image,long-press,image,NONE,NONE,NONE,last
long-press red image,long-press,image,red,NONE,NONE,NONE
long-press gray image to the right of the first email,long-press,image,gray,right_of,first email,NONE
tap pink switch above the payment,tap,switch,pink,above,payment,NONE
copy text below the help,copy,text,NONE,below,help,NONE
open the 3rd icon above the last item,open,icon,NONE,above,last item,3rd
click tab to the right of the first email,click,tab,NONE,right_of,first email,NONE
trash button,delete,button,NONE,NONE,NONE,NONE
open the last green icon to the right of the wi-fi,open,icon,green,right_of,wi-fi,last
tap checkbox to the left of the profile,tap,checkbox,NONE,left_of,profile,NONE
copy the last text to the left of the wi-fi,copy,text,NONE,left_of,wi-fi,last
copy text to the right of the notifications,copy,text,NONE,right_of,notifications,NONE
tap checkbox above the login,tap,checkbox,NONE,above,login,NONE
copy text next to the checkout,copy,text,NONE,next_to,checkout,NONE
click on the 1st button,click,button,NONE,NONE,NONE,1st
copy the last text below the cart,copy,text,NONE,below,cart,last
long-press text above the cart,long-press,text,NONE,above,cart,NONE
remove button,delete,button,NONE,NONE,NONE,NONE
tap the 3rd gray link next to the last item,tap,link,gray,next_to,last item,3rd
tap on pink switch below the address,tap,switch,pink,below,address,NONE
delete the 3rd text below the wi-fi,delete,text,NONE,below,wi-fi,3rd
copy text above the login,copy,text,NONE,above,login,NONE
copy the 2nd text,copy,text,NONE,NONE,NONE,2nd
open button,open,button,NONE,NONE,NONE,NONE
press and hold button to the left of the first email,long-press,button,NONE,left_of,first email,NONE
launch the 1st link to the left of the menu,open,link,NONE,left_of,menu,1st
click image to the right of the settings,click,image,NONE,right_of,settings,NONE
click on checkbox,click,checkbox,NONE,NONE,NONE,NONE
tap on icon,tap,icon,NONE,NONE,NONE,NONE
copy text below the payment,copy,text,NONE,below,payment,NONE
open the 2nd tab next to the help,open,tab,NONE,next_to,help,2nd
scroll down to menu to the right of the address,scroll,menu,NONE,right_of,address,NONE
paste the 1st text to the right of the last item,paste,text,NONE,right_of,last item,1st
scroll to green tab,scroll,tab,green,NONE,NONE,NONE
copy the 2nd yellow text,copy,text,yellow,NONE,NONE,2nd
paste red text to the left of the last item,paste,text,red,left_of,last item,NONE
long-press button above the login,long-press,button,NONE,above,login,NONE
open the last link,open,link,NONE,NONE,NONE,last
trash image,delete,image,NONE,NONE,NONE,NONE
tap on yellow icon,tap,icon,yellow,NONE,NONE,NONE
long-press the 3rd red icon,long-press,icon,red,NONE,NONE,3rd
tap on green tab,tap,tab,green,NONE,NONE,NONE
launch menu next to the notifications,open,menu,NONE,next_to,notifications,NONE
remove the 1st button to the left of the settings,delete,button,NONE,left_of,settings,1st
copy text to the left of the wi-fi,copy,text,NONE,left_of,wi-fi,NONE
copy text,copy,text,NONE,NONE,NONE,NONE
paste text to the left of the checkout,paste,text,NONE,left_of,checkout,NONE
trash button,delete,button,NONE,NONE,NONE,NONE
copy text to the right of the wi-fi,copy,text,NONE,right_of,wi-fi,NONE
copy the last text,copy,text,NONE,NONE,NONE,last
remove image to the right of the login,delete,image,NONE,right_of,login,NONE
scroll to tab below the help,scroll,tab,NONE,below,help,NONE
long-press image above the wi-fi,long-press,image,NONE,above,wi-fi,NONE
press purple checkbox next to the wi-fi,click,checkbox,purple,next_to,wi-fi,NONE
click tab,click,tab,NONE,NONE,NONE,NONE
tap yellow link,tap,link,yellow,NONE,NONE,NONE
long-press the 3rd image next to the first email,long-press,image,NONE,next_to,first email,3rd
copy the 2nd black text,copy,text,black,NONE,NONE,2nd
click gray checkbox next to the cart,click,checkbox,gray,next_to,cart,NONE
press checkbox,click,checkbox,NONE,NONE,NONE,NONE
copy the 2nd text below the settings,copy,text,NONE,below,settings,2nd
paste green text to the right of the settings,paste,text,green,right_of,settings,NONE
select the last purple text,click,text,purple,NONE,NONE,last
click on tab above the menu,click,tab,NONE,above,menu,NONE
launch white link to the right of the wi-fi,open,link,white,right_of,wi-fi,NONE
press and hold the 1st button,long-press,button,NONE,NONE,NONE,1st
long-press text next to the checkout,long-press,text,NONE,next_to,checkout,NONE
click on the 2nd pink icon below the first email,click,icon,pink,below,first email,2nd
long-press button above the settings,long-press,button,NONE,above,settings,NONE
copy the 3rd orange text,copy,text,orange,NONE,NONE,3rd
paste text,paste,text,NONE,NONE,NONE,NONE
tap on purple link,tap,link,purple,NONE,NONE,NONE
copy text above the cart,copy,text,NONE,above,cart,NONE
select purple image above the profile,click,image,purple,above,profile,NONE
delete text to the right of the cart,delete,text,NONE,right_of,cart,NONE
copy text to the left of the payment,copy,text,NONE,left_of,payment,NONE
press and hold the 1st pink image above the payment,long-press,image,pink,above,payment,1st
delete image next to the checkout,delete,image,NONE,next_to,checkout,NONE
remove pink button next to the wi-fi,delete,button,pink,next_to,wi-fi,NONE
trash image next to the menu,delete,image,NONE,next_to,menu,NONE
press yellow switch,click,switch,yellow,NONE,NONE,NONE
copy pink text,copy,text,pink,NONE,NONE,NONE
copy the 2nd yellow text,copy,text,yellow,NONE,NONE,2nd
copy text to the right of the address,copy,text,NONE,right_of,address,NONE
tap button,tap,button,NONE,NONE,NONE,NONE
tap on the 2nd black switch,tap,switch,black,NONE,NONE,2nd
copy orange text to the right of the payment,copy,text,orange,right_of,payment,NONE
click red switch,click,switch,red,NONE,NONE,NONE
copy text above the last item,copy,text,NONE,above,last item,NONE
open button to the left of the payment,open,button,NONE,left_of,payment,NONE
copy green text below the home,copy,text,green,below,home,NONE
copy text,copy,text,NONE,NONE,NONE,NONE
tap on the 2nd button below the help,tap,button,NONE,below,help,2nd
click the 1st image next to the profile,click,image,NONE,next_to,profile,1st
paste text above the checkout,paste,text,NONE,above,checkout,NONE
long-press orange icon,long-press,icon,orange,NONE,NONE,NONE
tap the 3rd yellow tab to the left of the profile,tap,tab,yellow,left_of,profile,3rd
scroll down to purple menu next to the payment,scroll,menu,purple,next_to,payment,NONE
copy the last white text next to the notifications,copy,text,white,next_to,notifications,last
tap on checkbox to the right of the notifications,tap,checkbox,NONE,right_of,notifications,NONE
click gray switch to the right of the payment,click,switch,gray,right_of,payment,NONE
paste the 3rd text,paste,text,NONE,NONE,NONE,3rd
paste the 1st text,paste,text,NONE,NONE,NONE,1st
press link to the right of the payment,click,link,NONE,right_of,payment,NONE
remove the 3rd text next to the last item,delete,text,NONE,next_to,last item,3rd
delete the 2nd purple image,delete,image,purple,NONE,NONE,2nd
trash button below the wi-fi,delete,button,NONE,below,wi-fi,NONE
press and hold icon to the right of the search,long-press,icon,NONE,right_of,search,NONE
tap the 2nd button to the right of the checkout,tap,button,NONE,right_of,checkout,2nd
tap gray link next to the cart,tap,link,gray,next_to,cart,NONE
press and hold text,long-press,text,NONE,NONE,NONE,NONE
copy purple text,copy,text,purple,NONE,NONE,NONE
paste purple text,paste,text,purple,NONE,NONE,NONE
paste yellow text,paste,text,yellow,NONE,NONE,NONE
trash image next to the help,delete,image,NONE,next_to,help,NONE
paste the 1st text next to the home,paste,text,NONE,next_to,home,1st
scroll to the 3rd menu,scroll,menu,NONE,NONE,NONE,3rd
scroll to menu below the login,scroll,menu,NONE,below,login,NONE
tap on icon,tap,icon,NONE,NONE,NONE,NONE
paste the 3rd text to the right of the menu,paste,text,NONE,right_of,menu,3rd
launch menu to the right of the help,open,menu,NONE,right_of,help,NONE
open the 2nd tab next to the settings,open,tab,NONE,next_to,settings,2nd
select tab to the right of the payment,click,tab,NONE,right_of,payment,NONE
launch tab above the checkout,open,tab,NONE,above,checkout,NONE
tap the last tab above the settings,tap,tab,NONE,above,settings,last
delete the 1st text,delete,text,NONE,NONE,NONE,1st
paste text next to the help,paste,text,NONE,next_to,help,NONE
tap on the 1st tab above the profile,tap,tab,NONE,above,profile,1st
press and hold the 3rd yellow icon to the right of the first email,long-press,icon,yellow,right_of,first email,3rd
launch link next to the address,open,link,NONE,next_to,address,NONE
scroll down to the 3rd tab,scroll,tab,NONE,NONE,NONE,3rd
scroll down to orange menu next to the search,scroll,menu,orange,next_to,search,NONE
open the 3rd icon,open,icon,NONE,NONE,NONE,3rd
scroll to pink menu,scroll,menu,pink,NONE,NONE,NONE
trash image,delete,image,NONE,NONE,NONE,NONE
paste text to the right of the menu,paste,text,NONE,right_of,menu,NONE
paste the 2nd text above the payment,paste,text,NONE,above,payment,2nd
tap the 2nd button below the login,tap,button,NONE,below,login,2nd
scroll down to menu to the right of the checkout,scroll,menu,NONE,right_of,checkout,NONE
tap the 2nd blue switch to the right of the first email,tap,switch,blue,right_of,first email,2nd
paste text,paste,text,NONE,NONE,NONE,NONE
delete red image to the right of the login,delete,image,red,right_of,login,NONE
scroll to tab above the search,scroll,tab,NONE,above,search,NONE
paste text,paste,text,NONE,NONE,NONE,NONE
open pink button above the help,open,button,pink,above,help,NONE
press the last link,click,link,NONE,NONE,NONE,last
trash button below the login,delete,button,NONE,below,login,NONE
tap on switch to the left of the address,tap,switch,NONE,left_of,address,NONE
paste text above the notifications,paste,text,NONE,above,notifications,NONE
open icon,open,icon,NONE,NONE,NONE,NONE
copy text,copy,text,NONE,NONE,NONE,NONE
select the 1st blue text to the right of the menu,click,text,blue,right_of,menu,1st
delete the 2nd button above the search,delete,button,NONE,above,search,2nd
open purple tab,open,tab,purple,NONE,NONE,NONE
paste text above the help,paste,text,NONE,above,help,NONE
long-press button,long-press,button,NONE,NONE,NONE,NONE
remove the 3rd orange image to the right of the login,delete,image,orange,right_of,login,3rd
press and hold image,long-press,image,NONE,NONE,NONE,NONE
tap the 3rd switch to the right of the first email,tap,switch,NONE,right_of,first email,3rd
paste text to the right of the settings,paste,text,NONE,right_of,settings,NONE
tap on button,tap,button,NONE,NONE,NONE,NONE
open white link next to the search,open,link,white,next_to,search,NONE
paste text to the left of the first email,paste,text,NONE,left_of,first email,NONE
launch button,open,button,NONE,NONE,NONE,NONE
scroll down to the last text,scroll,text,NONE,NONE,NONE,last
tap white link to the right of the wi-fi,tap,link,white,right_of,wi-fi,NONE
click on red switch above the address,click,switch,red,above,address,NONE
tap on tab,tap,tab,NONE,NONE,NONE,NONE
tap on the 3rd checkbox to the right of the help,tap,checkbox,NONE,right_of,help,3rd
press and hold the 3rd icon,long-press,icon,NONE,NONE,NONE,3rd
tap the 3rd switch,tap,switch,NONE,NONE,NONE,3rd
scroll down to tab to the left of the last item,scroll,tab,NONE,left_of,last item,NONE
remove text next to the home,delete,text,NONE,next_to,home,NONE
long-press image below the notifications,long-press,image,NONE,below,notifications,NONE
press icon below the search,click,icon,NONE,below,search,NONE
tap tab,tap,tab,NONE,NONE,NONE,NONE
launch button,open,button,NONE,NONE,NONE,NONE
tap the 2nd orange tab to the left of the search,tap,tab,orange,left_of,search,2nd
copy white text below the search,copy,text,white,below,search,NONE
copy text next to the menu,copy,text,NONE,next_to,menu,NONE
press the 3rd tab,click,tab,NONE,NONE,NONE,3rd
paste the 1st text to the left of the notifications,paste,text,NONE,left_of,notifications,1st
paste pink text,paste,text,pink,NONE,NONE,NONE
trash image to the right of the home,delete,image,NONE,right_of,home,NONE
scroll to tab to the right of the first email,scroll,tab,NONE,right_of,first email,NONE
delete the 1st text,delete,text,NONE,NONE,NONE,1st
tap gray tab to the right of the help,tap,tab,gray,right_of,help,NONE
copy text,copy,text,NONE,NONE,NONE,NONE
trash the 2nd image next to the wi-fi,delete,image,NONE,next_to,wi-fi,2nd
long-press text to the left of the login,long-press,text,NONE,left_of,login,NONE
paste the 3rd gray text,paste,text,gray,NONE,NONE,3rd
trash text above the notifications,delete,text,NONE,above,notifications,NONE
click link next to the first email,click,link,NONE,next_to,first email,NONE
launch the last menu,open,menu,NONE,NONE,NONE,last
press the 3rd image,click,image,NONE,NONE,NONE,3rd
tap checkbox next to the home,tap,checkbox,NONE,next_to,home,NONE
scroll down to the 1st menu to the right of the notifications,scroll,menu,NONE,right_of,notifications,1st
scroll to text to the left of the cart,scroll,text,NONE,left_of,cart,NONE
scroll down to text above the search,scroll,text,NONE,above,search,NONE
tap on the 3rd white button next to the settings,tap,button,white,next_to,settings,3rd
delete white image above the search,delete,image,white,above,search,NONE
paste blue text below the settings,paste,text,blue,below,settings,NONE
tap icon,tap,icon,NONE,NONE,NONE,NONE
click on white text,click,text,white,NONE,NONE,NONE
launch the 2nd menu to the left of the login,open,menu,NONE,left_of,login,2nd
trash image,delete,image,NONE,NONE,NONE,NONE
paste text,paste,text,NONE,NONE,NONE,NONE
remove text above the first email,delete,text,NONE,above,first email,NONE
paste white text next to the cart,paste,text,white,next_to,cart,NONE
press and hold the 2nd icon to the left of the login,long-press,icon,NONE,left_of,login,2nd
tap green switch next to the wi-fi,tap,switch,green,next_to,wi-fi,NONE
paste purple text,paste,text,purple,NONE,NONE,NONE
press and hold button to the right of the settings,long-press,button,NONE,right_of,settings,NONE
copy the 1st text,copy,text,NONE,NONE,NONE,1st
open the 1st tab above the payment,open,tab,NONE,above,payment,1st
launch icon next to the checkout,open,icon,NONE,next_to,checkout,NONE
launch link to the left of the notifications,open,link,NONE,left_of,notifications,NONE
launch menu,open,menu,NONE,NONE,NONE,NONE
long-press the 2nd text,long-press,text,NONE,NONE,NONE,2nd
click on the last blue link below the cart,click,link,blue,below,cart,last
copy text above the last item,copy,text,NONE,above,last item,NONE
remove the 1st image above the settings,delete,image,NONE,above,settings,1st
trash gray button below the notifications,delete,button,gray,below,notifications,NONE
copy pink text next to the wi-fi,copy,text,pink,next_to,wi-fi,NONE
scroll to the 3rd menu above the address,scroll,menu,NONE,above,address,3rd
copy text to the right of the payment,copy,text,NONE,right_of,payment,NONE
remove image,delete,image,NONE,NONE,NONE,NONE
press the 2nd image,click,image,NONE,NONE,NONE,2nd
trash button next to the help,delete,button,NONE,next_to,help,NONE
tap checkbox,tap,checkbox,NONE,NONE,NONE,NONE
scroll down to yellow tab below the checkout,scroll,tab,yellow,below,checkout,NONE
click on the last green tab to the right of the settings,click,tab,green,right_of,settings,last
long-press the 2nd button to the left of the settings,long-press,button,NONE,left_of,settings,2nd
press and hold text below the address,long-press,text,NONE,below,address,NONE
press and hold gray button,long-press,button,gray,NONE,NONE,NONE
remove the 2nd black button above the menu,delete,button,black,above,menu,2nd
scroll to menu,scroll,menu,NONE,NONE,NONE,NONE
copy orange text above the notifications,copy,text,orange,above,notifications,NONE
delete text to the right of the menu,delete,text,NONE,right_of,menu,NONE
copy the 2nd text,copy,text,NONE,NONE,NONE,2nd
press and hold the 2nd pink button next to the menu,long-press,button,pink,next_to,menu,2nd
scroll to menu,scroll,menu,NONE,NONE,NONE,NONE
scroll to white tab,scroll,tab,white,NONE,NONE,NONE
press and hold yellow icon above the search,long-press,icon,yellow,above,search,NONE
launch tab to the right of the cart,open,tab,NONE,right_of,cart,NONE
tap the 1st button to the right of the home,tap,button,NONE,right_of,home,1st
paste purple text below the home,paste,text,purple,below,home,NONE
paste red text to the left of the home,paste,text,red,left_of,home,NONE
select the last gray link to the right of the payment,click,link,gray,right_of,payment,last
delete the 2nd red image,delete,image,red,NONE,NONE,2nd
press and hold image,long-press,image,NONE,NONE,NONE,NONE
copy text,copy,text,NONE,NONE,NONE,NONE
paste white text to the right of the checkout,paste,text,white,right_of,checkout,NONE
copy text to the left of the help,copy,text,NONE,left_of,help,NONE
launch the last link next to the cart,open,link,NONE,next_to,cart,last
press and hold the 3rd pink text,long-press,text,pink,NONE,NONE,3rd
copy text below the home,copy,text,NONE,below,home,NONE
paste the 1st purple text,paste,text,purple,NONE,NONE,1st
click on checkbox above the last item,click,checkbox,NONE,above,last item,NONE
press and hold the last yellow text to the right of the wi-fi,long-press,text,yellow,right_of,wi-fi,last
scroll down to the 1st tab,scroll,tab,NONE,NONE,NONE,1st
tap on yellow tab,tap,tab,yellow,NONE,NONE,NONE
launch blue tab,open,tab,blue,NONE,NONE,NONE
trash button,delete,button,NONE,NONE,NONE,NONE
long-press orange button next to the checkout,long-press,button,orange,next_to,checkout,NONE
press checkbox,click,checkbox,NONE,NONE,NONE,NONE
press tab to the right of the payment,click,tab,NONE,right_of,payment,NONE
launch the 2nd blue menu next to the notifications,open,menu,blue,next_to,notifications,2nd
open the 2nd icon to the left of the payment,open,icon,NONE,left_of,payment,2nd
select the 2nd yellow switch next to the checkout,click,switch,yellow,next_to,checkout,2nd
paste the 1st text to the right of the notifications,paste,text,NONE,right_of,notifications,1st
scroll down to the 3rd red text above the notifications,scroll,text,red,above,notifications,3rd
trash image,delete,image,NONE,NONE,NONE,NONE
launch white icon below the payment,open,icon,white,below,payment,NONE
click on link below the notifications,click,link,NONE,below,notifications,NONE
tap checkbox,tap,checkbox,NONE,NONE,NONE,NONE
long-press the 3rd black text,long-press,text,black,NONE,NONE,3rd
click image,click,image,NONE,NONE,NONE,NONE
paste text below the search,paste,text,NONE,below,search,NONE
press and hold the 1st gray image,long-press,image,gray,NONE,NONE,1st
scroll down to tab,scroll,tab,NONE,NONE,NONE,NONE
tap on checkbox,tap,checkbox,NONE,NONE,NONE,NONE
tap red tab above the settings,tap,tab,red,above,settings,NONE
delete blue button next to the first email,delete,button,blue,next_to,first email,NONE
tap on switch to the left of the settings,tap,switch,NONE,left_of,settings,NONE
tap on white checkbox,tap,checkbox,white,NONE,NONE,NONE
copy the last text to the right of the home,copy,text,NONE,right_of,home,last
remove button,delete,button,NONE,NONE,NONE,NONE
remove orange image next to the notifications,delete,image,orange,next_to,notifications,NONE
remove button,delete,button,NONE,NONE,NONE,NONE
scroll to menu above the wi-fi,scroll,menu,NONE,above,wi-fi,NONE
tap checkbox,tap,checkbox,NONE,NONE,NONE,NONE
paste the 1st black text above the last item,paste,text,black,above,last item,1st
copy text next to the login,copy,text,NONE,next_to,login,NONE
press and hold blue icon below the first email,long-press,icon,blue,below,first email,NONE
press and hold button,long-press,button,NONE,NONE,NONE,NONE
select red text to the right of the notifications,click,text,red,right_of,notifications,NONE
long-press purple button next to the profile,long-press,button,purple,next_to,profile,NONE
paste black text below the last item,paste,text,black,below,last item,NONE
remove white image to the right of the last item,delete,image,white,right_of,last item,NONE
delete text to the right of the menu,delete,text,NONE,right_of,menu,NONE
copy the 3rd text to the left of the search,copy,text,NONE,left_of,search,3rd
copy the 3rd text below the address,copy,text,NONE,below,address,3rd
click on checkbox above the help,click,checkbox,NONE,above,help,NONE
scroll down to menu above the profile,scroll,menu,NONE,above,profile,NONE
paste text to the right of the home,paste,text,NONE,right_of,home,NONE
copy the last gray text to the right of the cart,copy,text,gray,right_of,cart,last
long-press image to the right of the wi-fi,long-press,image,NONE,right_of,wi-fi,NONE
delete button below the help,delete,button,NONE,below,help,NONE
press and hold image above the address,long-press,image,NONE,above,address,NONE
copy text below the profile,copy,text,NONE,below,profile,NONE
scroll to tab,scroll,tab,NONE,NONE,NONE,NONE
trash red button,delete,button,red,NONE,NONE,NONE
press and hold orange icon to the left of the help,long-press,icon,orange,left_of,help,NONE
click pink link,click,link,pink,NONE,NONE,NONE
scroll down to tab below the home,scroll,tab,NONE,below,home,NONE
copy text,copy,text,NONE,NONE,NONE,NONE
click on the 1st icon to the right of the settings,click,icon,NONE,right_of,settings,1st
trash image above the wi-fi,delete,image,NONE,above,wi-fi,NONE
press and hold the 2nd icon,long-press,icon,NONE,NONE,NONE,2nd
click green button above the settings,click,button,green,above,settings,NONE
click on link next to the checkout,click,link,NONE,next_to,checkout,NONE
tap checkbox,tap,checkbox,NONE,NONE,NONE,NONE
open yellow tab,open,tab,yellow,NONE,NONE,NONE
open purple button above the checkout,open,button,purple,above,checkout,NONE
copy red text,copy,text,red,NONE,NONE,NONE
tap the 3rd tab,tap,tab,NONE,NONE,NONE,3rd
tap tab next to the search,tap,tab,NONE,next_to,search,NONE
paste text above the home,paste,text,NONE,above,home,NONE
open black tab to the right of the payment,open,tab,black,right_of,payment,NONE
scroll to green text,scroll,text,green,NONE,NONE,NONE
tap on yellow button above the wi-fi,tap,button,yellow,above,wi-fi,NONE
remove image next to the home,delete,image,NONE,next_to,home,NONE
click on switch below the settings,click,switch,NONE,below,settings,NONE
press and hold orange button to the left of the menu,long-press,button,orange,left_of,menu,NONE
open pink tab below the cart,open,tab,pink,below,cart,NONE
launch button next to the address,open,button,NONE,next_to,address,NONE
copy text to the left of the notifications,copy,text,NONE,left_of,notifications,NONE
trash text,delete,text,NONE,NONE,NONE,NONE
paste blue text above the home,paste,text,blue,above,home,NONE
copy text,copy,text,NONE,NONE,NONE,NONE
launch purple link next to the first email,open,link,purple,next_to,first email,NONE
delete text to the left of the wi-fi,delete,text,NONE,left_of,wi-fi,NONE
press the 3rd button to the right of the checkout,click,button,NONE,right_of,checkout,3rd
select image above the cart,click,image,NONE,above,cart,NONE
paste red text to the left of the first email,paste,text,red,left_of,first email,NONE
click on tab to the left of the payment,click,tab,NONE,left_of,payment,NONE
tap purple tab,tap,tab,purple,NONE,NONE,NONE
paste the last text,paste,text,NONE,NONE,NONE,last
delete blue image next to the home,delete,image,blue,next_to,home,NONE
scroll down to tab to the left of the first email,scroll,tab,NONE,left_of,first email,NONE
open icon next to the first email,open,icon,NONE,next_to,first email,NONE
tap link above the home,tap,link,NONE,above,home,NONE
click image to the left of the profile,click,image,NONE,left_of,profile,NONE
scroll to the 3rd menu above the menu,scroll,menu,NONE,above,menu,3rd
launch button next to the address,open,button,NONE,next_to,address,NONE
tap on the 1st checkbox below the profile,tap,checkbox,NONE,below,profile,1st
click on pink icon to the right of the payment,click,icon,pink,right_of,payment,NONE
scroll down to tab next to the wi-fi,scroll,tab,NONE,next_to,wi-fi,NONE
launch icon below the login,open,icon,NONE,below,login,NONE
delete blue image next to the checkout,delete,image,blue,next_to,checkout,NONE
tap on link,tap,link,NONE,NONE,NONE,NONE
delete image,delete,image,NONE,NONE,NONE,NONE
tap on checkbox below the first email,tap,checkbox,NONE,below,first email,NONE
tap icon to the left of the home,tap,icon,NONE,left_of,home,NONE
select image to the right of the wi-fi,click,image,NONE,right_of,wi-fi,NONE
long-press gray icon,long-press,icon,gray,NONE,NONE,NONE
scroll down to text,scroll,text,NONE,NONE,NONE,NONE
paste purple text below the wi-fi,paste,text,purple,below,wi-fi,NONE
click on switch next to the login,click,switch,NONE,next_to,login,NONE
tap on the 2nd button,tap,button,NONE,NONE,NONE,2nd
press and hold pink image,long-press,image,pink,NONE,NONE,NONE
scroll down to purple text,scroll,text,purple,NONE,NONE,NONE
press the 3rd switch next to the login,click,switch,NONE,next_to,login,3rd
click purple link above the home,click,link,purple,above,home,NONE
tap gray button next to the settings,tap,button,gray,next_to,settings,NONE
click tab,click,tab,NONE,NONE,NONE,NONE
scroll down to menu below the login,scroll,menu,NONE,below,login,NONE
tap on icon next to the last item,tap,icon,NONE,next_to,last item,NONE
scroll down to text,scroll,text,NONE,NONE,NONE,NONE
paste white text,paste,text,white,NONE,NONE,NONE
open the 2nd button above the first email,open,button,NONE,above,first email,2nd
paste text next to the first email,paste,text,NONE,next_to,first email,NONE
open red menu,open,menu,red,NONE,NONE,NONE
copy the 2nd text,copy,text,NONE,NONE,NONE,2nd
trash text,delete,text,NONE,NONE,NONE,NONE
launch the 2nd button above the first email,open,button,NONE,above,first email,2nd
click on tab,click,tab,NONE,NONE,NONE,NONE
press link,click,link,NONE,NONE,NONE,NONE
copy the last text next to the profile,copy,text,NONE,next_to,profile,last
long-press green button,long-press,button,green,NONE,NONE,NONE
paste green text,paste,text,green,NONE,NONE,NONE
scroll to menu below the notifications,scroll,menu,NONE,below,notifications,NONE
paste text,paste,text,NONE,NONE,NONE,NONE
paste text,paste,text,NONE,NONE,NONE,NONE
scroll to the 2nd blue tab,scroll,tab,blue,NONE,NONE,2nd
scroll down to the last menu,scroll,menu,NONE,NONE,NONE,last
select button to the right of the home,click,button,NONE,right_of,home,NONE
paste white text next to the profile,paste,text,white,next_to,profile,NONE
launch icon to the right of the wi-fi,open,icon,NONE,right_of,wi-fi,NONE
long-press button above the checkout,long-press,button,NONE,above,checkout,NONE
tap on orange icon to the left of the payment,tap,icon,orange,left_of,payment,NONE
trash the last button above the login,delete,button,NONE,above,login,last
copy black text below the menu,copy,text,black,below,menu,NONE
select the 1st blue switch above the cart,click,switch,blue,above,cart,1st
paste the last text above the last item,paste,text,NONE,above,last item,last
scroll to the 3rd text,scroll,text,NONE,NONE,NONE,3rd
copy the last white text to the left of the search,copy,text,white,left_of,search,last
copy blue text next to the profile,copy,text,blue,next_to,profile,NONE
remove orange text to the right of the profile,delete,text,orange,right_of,profile,NONE
press and hold gray image,long-press,image,gray,NONE,NONE,NONE
tap the 3rd button,tap,button,NONE,NONE,NONE,3rd
launch menu above the menu,open,menu,NONE,above,menu,NONE
click tab above the payment,click,tab,NONE,above,payment,NONE
scroll to blue text,scroll,text,blue,NONE,NONE,NONE
tap the last icon,tap,icon,NONE,NONE,NONE,last
remove button to the left of the help,delete,button,NONE,left_of,help,NONE
trash the 2nd button,delete,button,NONE,NONE,NONE,2nd
scroll to text,scroll,text,NONE,NONE,NONE,NONE
delete orange text next to the notifications,delete,text,orange,next_to,notifications,NONE
trash orange text above the search,delete,text,orange,above,search,NONE
open pink link below the menu,open,link,pink,below,menu,NONE
launch button,open,button,NONE,NONE,NONE,NONE
press black link,click,link,black,NONE,NONE,NONE
click link above the menu,click,link,NONE,above,menu,NONE
tap on the 3rd green link,tap,link,green,NONE,NONE,3rd
scroll to the 3rd menu to the right of the payment,scroll,menu,NONE,right_of,payment,3rd
open the 3rd pink icon below the login,open,icon,pink,below,login,3rd
select the 3rd switch,click,switch,NONE,NONE,NONE,3rd
launch button above the profile,open,button,NONE,above,profile,NONE
paste text next to the profile,paste,text,NONE,next_to,profile,NONE
copy text,copy,text,NONE,NONE,NONE,NONE
trash the last image,delete,image,NONE,NONE,NONE,last
open the 1st button next to the payment,open,button,NONE,next_to,payment,1st
copy text to the left of the checkout,copy,text,NONE,left_of,checkout,NONE
scroll down to tab to the left of the payment,scroll,tab,NONE,left_of,payment,NONE
scroll down to text above the last item,scroll,text,NONE,above,last item,NONE
tap orange link to the left of the login,tap,link,orange,left_of,login,NONE
copy red text above the checkout,copy,text,red,above,checkout,NONE
press text to the left of the wi-fi,click,text,NONE,left_of,wi-fi,NONE
copy red text next to the menu,copy,text,red,next_to,menu,NONE
paste text above the checkout,paste,text,NONE,above,checkout,NONE
tap on icon,tap,icon,NONE,NONE,NONE,NONE
launch link above the settings,open,link,NONE,above,settings,NONE
press and hold the 3rd text,long-press,text,NONE,NONE,NONE,3rd
tap black icon above the checkout,tap,icon,black,above,checkout,NONE
remove red button above the menu,delete,button,red,above,menu,NONE
copy text,copy,text,NONE,NONE,NONE,NONE
scroll down to text above the first email,scroll,text,NONE,above,first email,NONE
launch the last tab above the login,open,tab,NONE,above,login,last
long-press text below the notifications,long-press,text,NONE,below,notifications,NONE
click on red text to the right of the search,click,text,red,right_of,search,NONE
open tab next to the cart,open,tab,NONE,next_to,cart,NONE
copy black text,copy,text,black,NONE,NONE,NONE
press and hold image next to the checkout,long-press,image,NONE,next_to,checkout,NONE
scroll to red text,scroll,text,red,NONE,NONE,NONE
launch icon below the checkout,open,icon,NONE,below,checkout,NONE
paste black text below the notifications,paste,text,black,below,notifications,NONE
click the 3rd switch above the payment,click,switch,NONE,above,payment,3rd
press pink button above the help,click,button,pink,above,help,NONE
paste text next to the profile,paste,text,NONE,next_to,profile,NONE
delete purple image to the right of the wi-fi,delete,image,purple,right_of,wi-fi,NONE
paste pink text below the login,paste,text,pink,below,login,NONE
press and hold white icon below the settings,long-press,icon,white,below,settings,NONE
long-press image next to the login,long-press,image,NONE,next_to,login,NONE
launch link to the left of the last item,open,link,NONE,left_of,last item,NONE
tap green icon to the right of the last item,tap,icon,green,right_of,last item,NONE
paste text above the address,paste,text,NONE,above,address,NONE
scroll to the 3rd tab above the wi-fi,scroll,tab,NONE,above,wi-fi,3rd
copy red text to the left of the payment,copy,text,red,left_of,payment,NONE
tap on link below the profile,tap,link,NONE,below,profile,NONE
click on red switch to the left of the profile,click,switch,red,left_of,profile,NONE
trash the 1st white text,delete,text,white,NONE,NONE,1st
scroll down to the 3rd orange tab next to the payment,scroll,tab,orange,next_to,payment,3rd
select link to the left of the profile,click,link,NONE,left_of,profile,NONE
remove button next to the cart,delete,button,NONE,next_to,cart,NONE
click link to the right of the search,click,link,NONE,right_of,search,NONE
paste text,paste,text,NONE,NONE,NONE,NONE
trash image to the left of the home,delete,image,NONE,left_of,home,NONE
copy the 1st yellow text,copy,text,yellow,NONE,NONE,1st
tap icon,tap,icon,NONE,NONE,NONE,NONE
open purple tab,open,tab,purple,NONE,NONE,NONE
click on pink button above the menu,click,button,pink,above,menu,NONE
press and hold image,long-press,image,NONE,NONE,NONE,NONE
long-press text next to the help,long-press,text,NONE,next_to,help,NONE
copy text above the address,copy,text,NONE,above,address,NONE
scroll to gray tab next to the profile,scroll,tab,gray,next_to,profile,NONE
scroll to menu next to the first email,scroll,menu,NONE,next_to,first email,NONE
launch the 3rd menu,open,menu,NONE,NONE,NONE,3rd
long-press the 3rd icon below the wi-fi,long-press,icon,NONE,below,wi-fi,3rd
tap on switch next to the cart,tap,switch,NONE,next_to,cart,NONE
launch the 1st menu next to the profile,open,menu,NONE,next_to,profile,1st
scroll to the 2nd text,scroll,text,NONE,NONE,NONE,2nd
delete image above the help,delete,image,NONE,above,help,NONE
press and hold white button to the right of the cart,long-press,button,white,right_of,cart,NONE
scroll to purple tab,scroll,tab,purple,NONE,NONE,NONE
paste the 2nd text to the right of the last item,paste,text,NONE,right_of,last item,2nd
click on link to the left of the payment,click,link,NONE,left_of,payment,NONE
delete image,delete,image,NONE,NONE,NONE,NONE
open icon,open,icon,NONE,NONE,NONE,NONE
select text,click,text,NONE,NONE,NONE,NONE
paste text,paste,text,NONE,NONE,NONE,NONE
delete the 1st green text to the left of the wi-fi,delete,text,green,left_of,wi-fi,1st
long-press button to the left of the menu,long-press,button,NONE,left_of,menu,NONE
scroll down to red menu,scroll,menu,red,NONE,NONE,NONE
open green tab,open,tab,green,NONE,NONE,NONE
click on gray link,click,link,gray,NONE,NONE,NONE
open white menu next to the search,open,menu,white,next_to,search,NONE
copy text to the left of the last item,copy,text,NONE,left_of,last item,NONE
tap the 3rd purple button above the checkout,tap,button,purple,above,checkout,3rd
copy red text to the left of the settings,copy,text,red,left_of,settings,NONE
tap link next to the login,tap,link,NONE,next_to,login,NONE
open button,open,button,NONE,NONE,NONE,NONE
paste the 2nd gray text,paste,text,gray,NONE,NONE,2nd
long-press icon below the profile,long-press,icon,NONE,below,profile,NONE
tap on the 2nd red tab to the left of the settings,tap,tab,red,left_of,settings,2nd
long-press icon next to the login,long-press,icon,NONE,next_to,login,NONE
launch pink button,open,button,pink,NONE,NONE,NONE
scroll to menu,scroll,menu,NONE,NONE,NONE,NONE
tap green button to the right of the wi-fi,tap,button,green,right_of,wi-fi,NONE
copy text,copy,text,NONE,NONE,NONE,NONE
scroll down to menu,scroll,menu,NONE,NONE,NONE,NONE
paste blue text below the search,paste,text,blue,below,search,NONE
click on text above the payment,click,text,NONE,above,payment,NONE
copy the 2nd text above the notifications,copy,text,NONE,above,notifications,2nd
delete image,delete,image,NONE,NONE,NONE,NONE
tap the last button,tap,button,NONE,NONE,NONE,last
press orange switch,click,switch,orange,NONE,NONE,NONE
open icon,open,icon,NONE,NONE,NONE,NONE
launch orange link,open,link,orange,NONE,NONE,NONE
scroll to white menu,scroll,menu,white,NONE,NONE,NONE
paste text,paste,text,NONE,NONE,NONE,NONE
tap link to the left of the search,tap,link,NONE,left_of,search,NONE
paste text next to the profile,paste,text,NONE,next_to,profile,NONE
remove orange button to the right of the payment,delete,button,orange,right_of,payment,NONE
press and hold button,long-press,button,NONE,NONE,NONE,NONE
copy red text next to the search,copy,text,red,next_to,search,NONE
scroll down to text,scroll,text,NONE,NONE,NONE,NONE
click the last image above the profile,click,image,NONE,above,profile,last
paste text next to the settings,paste,text,NONE,next_to,settings,NONE
click on link to the right of the home,click,link,NONE,right_of,home,NONE
scroll down to tab,scroll,tab,NONE,NONE,NONE,NONE
copy red text to the left of the checkout,copy,text,red,left_of,checkout,NONE
press yellow tab,click,tab,yellow,NONE,NONE,NONE
tap on link,tap,link,NONE,NONE,NONE,NONE
scroll down to tab,scroll,tab,NONE,NONE,NONE,NONE
press and hold black text next to the help,long-press,text,black,next_to,help,NONE
copy text,copy,text,NONE,NONE,NONE,NONE
paste purple text below the address,paste,text,purple,below,address,NONE
scroll to menu,scroll,menu,NONE,NONE,NONE,NONE
trash text,delete,text,NONE,NONE,NONE,NONE
tap on orange link above the first email,tap,link,orange,above,first email,NONE
paste orange text,paste,text,orange,NONE,NONE,NONE
trash the 2nd white text below the search,delete,text,white,below,search,2nd
tap on the 2nd white link to the right of the login,tap,link,white,right_of,login,2nd
press and hold image below the home,long-press,image,NONE,below,home,NONE
launch tab above the home,open,tab,NONE,above,home,NONE
select the 3rd switch to the left of the home,click,switch,NONE,left_of,home,3rd
launch icon to the right of the address,open,icon,NONE,right_of,address,NONE
copy black text,copy,text,black,NONE,NONE,NONE
tap the last link above the home,tap,link,NONE,above,home,last
long-press black button to the left of the address,long-press,button,black,left_of,address,NONE
click on image above the profile,click,image,NONE,above,profile,NONE
long-press yellow text next to the first email,long-press,text,yellow,next_to,first email,NONE
press tab to the left of the payment,click,tab,NONE,left_of,payment,NONE
paste text to the left of the search,paste,text,NONE,left_of,search,NONE
press and hold the last text,long-press,text,NONE,NONE,NONE,last
delete black button below the checkout,delete,button,black,below,checkout,NONE
launch menu to the left of the payment,open,menu,NONE,left_of,payment,NONE
copy purple text,copy,text,purple,NONE,NONE,NONE
tap the 2nd checkbox to the right of the profile,tap,checkbox,NONE,right_of,profile,2nd
paste the last text,paste,text,NONE,NONE,NONE,last
copy the last text to the left of the login,copy,text,NONE,left_of,login,last
launch the 2nd red link above the first email,open,link,red,above,first email,2nd
tap icon,tap,icon,NONE,NONE,NONE,NONE
copy text to the left of the profile,copy,text,NONE,left_of,profile,NONE
press and hold the last yellow icon to the left of the home,long-press,icon,yellow,left_of,home,last
remove image,delete,image,NONE,NONE,NONE,NONE
copy the 3rd text,copy,text,NONE,NONE,NONE,3rd
press and hold image next to the home,long-press,image,NONE,next_to,home,NONE
remove button,delete,button,NONE,NONE,NONE,NONE
press and hold button,long-press,button,NONE,NONE,NONE,NONE
long-press icon,long-press,icon,NONE,NONE,NONE,NONE
scroll to the 1st tab,scroll,tab,NONE,NONE,NONE,1st
paste the 3rd green text,paste,text,green,NONE,NONE,3rd
scroll to blue menu above the first email,scroll,menu,blue,above,first email,NONE
trash the 2nd button below the checkout,delete,button,NONE,below,checkout,2nd
launch the last gray link next to the first email,open,link,gray,next_to,first email,last
press and hold the 2nd gray icon to the left of the cart,long-press,icon,gray,left_of,cart,2nd
copy text,copy,text,NONE,NONE,NONE,NONE
press and hold image,long-press,image,NONE,NONE,NONE,NONE
scroll down to text next to the menu,scroll,text,NONE,next_to,menu,NONE
open purple menu to the left of the last item,open,menu,purple,left_of,last item,NONE
paste text below the notifications,paste,text,NONE,below,notifications,NONE
copy text to the left of the last item,copy,text,NONE,left_of,last item,NONE
long-press image,long-press,image,NONE,NONE,NONE,NONE
delete gray image,delete,image,gray,NONE,NONE,NONE
scroll to the 2nd tab,scroll,tab,NONE,NONE,NONE,2nd
open purple button,open,button,purple,NONE,NONE,NONE
open the 3rd icon to the right of the address,open,icon,NONE,right_of,address,3rd
delete the last green text to the left of the home,delete,text,green,left_of,home,last
select the 2nd tab above the wi-fi,click,tab,NONE,above,wi-fi,2nd
copy orange text to the right of the profile,copy,text,orange,right_of,profile,NONE
press and hold the 3rd text,long-press,text,NONE,NONE,NONE,3rd
copy text below the notifications,copy,text,NONE,below,notifications,NONE
launch icon next to the settings,open,icon,NONE,next_to,settings,NONE
press and hold yellow text next to the last item,long-press,text,yellow,next_to,last item,NONE
remove the 3rd text below the login,delete,text,NONE,below,login,3rd
copy text,copy,text,NONE,NONE,NONE,NONE
paste the 1st text to the right of the wi-fi,paste,text,NONE,right_of,wi-fi,1st
tap pink switch to the left of the last item,tap,switch,pink,left_of,last item,NONE
select button to the right of the search,click,button,NONE,right_of,search,NONE
scroll down to menu below the help,scroll,menu,NONE,below,help,NONE
click on the last text below the profile,click,text,NONE,below,profile,last
select the 2nd text,click,text,NONE,NONE,NONE,2nd
long-press image below the checkout,long-press,image,NONE,below,checkout,NONE
tap button to the left of the help,tap,button,NONE,left_of,help,NONE
select image to the right of the payment,click,image,NONE,right_of,payment,NONE
delete text below the address,delete,text,NONE,below,address,NONE
long-press button next to the search,long-press,button,NONE,next_to,search,NONE
tap switch to the right of the settings,tap,switch,NONE,right_of,settings,NONE
remove the 3rd red image next to the address,delete,image,red,next_to,address,3rd
delete text,delete,text,NONE,NONE,NONE,NONE
open link,open,link,NONE,NONE,NONE,NONE
press and hold text below the help,long-press,text,NONE,below,help,NONE
tap on the 2nd orange icon to the right of the first email,tap,icon,orange,right_of,first email,2nd
paste pink text to the left of the cart,paste,text,pink,left_of,cart,NONE
tap on tab to the right of the notifications,tap,tab,NONE,right_of,notifications,NONE
launch pink link to the left of the address,open,link,pink,left_of,address,NONE
tap on the 3rd icon to the left of the menu,tap,icon,NONE,left_of,menu,3rd
press the 2nd green button next to the payment,click,button,green,next_to,payment,2nd
copy the 3rd blue text,copy,text,blue,NONE,NONE,3rd
delete text,delete,text,NONE,NONE,NONE,NONE
tap the 3rd tab next to the checkout,tap,tab,NONE,next_to,checkout,3rd
long-press text,long-press,text,NONE,NONE,NONE,NONE
paste white text next to the menu,paste,text,white,next_to,menu,NONE
trash image to the left of the help,delete,image,NONE,left_of,help,NONE
paste text below the last item,paste,text,NONE,below,last item,NONE
select blue checkbox to the right of the home,click,checkbox,blue,right_of,home,NONE
long-press the 3rd button below the login,long-press,button,NONE,below,login,3rd
open the 3rd button to the left of the cart,open,button,NONE,left_of,cart,3rd
press and hold the 2nd black button next to the login,long-press,button,black,next_to,login,2nd
paste the 1st text,paste,text,NONE,NONE,NONE,1st
delete the 3rd red button next to the settings,delete,button,red,next_to,settings,3rd
paste text below the help,paste,text,NONE,below,help,NONE
open icon,open,icon,NONE,NONE,NONE,NONE
paste text below the last item,paste,text,NONE,below,last item,NONE
click checkbox next to the search,click,checkbox,NONE,next_to,search,NONE
trash text below the search,delete,text,NONE,below,search,NONE
trash the 2nd image next to the search,delete,image,NONE,next_to,search,2nd
press and hold the 1st purple image,long-press,image,purple,NONE,NONE,1st
paste text,paste,text,NONE,NONE,NONE,NONE
copy the last gray text,copy,text,gray,NONE,NONE,last
click on tab next to the menu,click,tab,NONE,next_to,menu,NONE
remove button,delete,button,NONE,NONE,NONE,NONE
click the last tab above the notifications,click,tab,NONE,above,notifications,last
delete white text next to the cart,delete,text,white,next_to,cart,NONE
tap on the 2nd green switch,tap,switch,green,NONE,NONE,2nd
select pink image next to the notifications,click,image,pink,next_to,notifications,NONE
open orange menu,open,menu,orange,NONE,NONE,NONE
launch orange link,open,link,orange,NONE,NONE,NONE
scroll to the 3rd menu below the checkout,scroll,menu,NONE,below,checkout,3rd
select the last white tab above the menu,click,tab,white,above,menu,last
paste text above the login,paste,text,NONE,above,login,NONE
scroll down to tab next to the first email,scroll,tab,NONE,next_to,first email,NONE
scroll to the last text,scroll,text,NONE,NONE,NONE,last
long-press the last text,long-press,text,NONE,NONE,NONE,last
scroll down to the 3rd text next to the payment,scroll,text,NONE,next_to,payment,3rd
launch red button,open,button,red,NONE,NONE,NONE
paste the 3rd text,paste,text,NONE,NONE,NONE,3rd
scroll to the 1st tab,scroll,tab,NONE,NONE,NONE,1st
click switch,click,switch,NONE,NONE,NONE,NONE
remove the 3rd button,delete,button,NONE,NONE,NONE,3rd
tap red switch to the right of the wi-fi,tap,switch,red,right_of,wi-fi,NONE
trash gray button next to the first email,delete,button,gray,next_to,first email,NONE
remove yellow text next to the cart,delete,text,yellow,next_to,cart,NONE
paste text to the right of the menu,paste,text,NONE,right_of,menu,NONE
scroll to red text,scroll,text,red,NONE,NONE,NONE
long-press the 1st icon,long-press,icon,NONE,NONE,NONE,1st
scroll down to purple text to the left of the checkout,scroll,text,purple,left_of,checkout,NONE
copy text,copy,text,NONE,NONE,NONE,NONE
press and hold button below the login,long-press,button,NONE,below,login,NONE
tap tab to the right of the address,tap,tab,NONE,right_of,address,NONE
launch white tab to the right of the home,open,tab,white,right_of,home,NONE
launch blue tab to the left of the checkout,open,tab,blue,left_of,checkout,NONE
long-press image above the payment,long-press,image,NONE,above,payment,NONE
copy the 3rd text to the left of the address,copy,text,NONE,left_of,address,3rd
tap on the 1st yellow button,tap,button,yellow,NONE,NONE,1st
long-press the 3rd green image next to the login,long-press,image,green,next_to,login,3rd
click blue text,click,text,blue,NONE,NONE,NONE
remove red button to the right of the cart,delete,button,red,right_of,cart,NONE
long-press the 3rd button,long-press,button,NONE,NONE,NONE,3rd
delete the last image next to the checkout,delete,image,NONE,next_to,checkout,last
remove text,delete,text,NONE,NONE,NONE,NONE
copy red text above the login,copy,text,red,above,login,NONE
tap switch to the right of the checkout,tap,switch,NONE,right_of,checkout,NONE
click text below the notifications,click,text,NONE,below,notifications,NONE
copy text,copy,text,NONE,NONE,NONE,NONE
trash black image to the right of the menu,delete,image,black,right_of,menu,NONE
scroll to menu above the profile,scroll,menu,NONE,above,profile,NONE
press and hold button to the left of the checkout,long-press,button,NONE,left_of,checkout,NONE
scroll to pink menu below the payment,scroll,menu,pink,below,payment,NONE
select the 2nd button,click,button,NONE,NONE,NONE,2nd
trash image,delete,image,NONE,NONE,NONE,NONE
trash text above the address,delete,text,NONE,above,address,NONE
paste text to the left of the search,paste,text,NONE,left_of,search,NONE
tap on checkbox,tap,checkbox,NONE,NONE,NONE,NONE
press green switch to the right of the profile,click,switch,green,right_of,profile,NONE
scroll to tab to the right of the cart,scroll,tab,NONE,right_of,cart,NONE
tap on icon next to the notifications,tap,icon,NONE,next_to,notifications,NONE
launch the 3rd gray button,open,button,gray,NONE,NONE,3rd
tap the 3rd button next to the search,tap,button,NONE,next_to,search,3rd
scroll to tab next to the login,scroll,tab,NONE,next_to,login,NONE
select link,click,link,NONE,NONE,NONE,NONE
select image next to the menu,click,image,NONE,next_to,menu,NONE
tap blue switch,tap,switch,blue,NONE,NONE,NONE
remove image,delete,image,NONE,NONE,NONE,NONE
scroll down to tab to the left of the search,scroll,tab,NONE,left_of,search,NONE
paste red text below the notifications,paste,text,red,below,notifications,NONE
select the last checkbox,click,checkbox,NONE,NONE,NONE,last
tap on icon below the cart,tap,icon,NONE,below,cart,NONE
launch tab below the search,open,tab,NONE,below,search,NONE
scroll down to menu,scroll,menu,NONE,NONE,NONE,NONE
delete image next to the home,delete,image,NONE,next_to,home,NONE
open button above the home,open,button,NONE,above,home,NONE
scroll to the last text next to the first email,scroll,text,NONE,next_to,first email,last
press and hold black text above the menu,long-press,text,black,above,menu,NONE
press button,click,button,NONE,NONE,NONE,NONE
launch the last menu next to the address,open,menu,NONE,next_to,address,last
copy the 3rd white text to the left of the search,copy,text,white,left_of,search,3rd
open yellow link to the left of the home,open,link,yellow,left_of,home,NONE
press the last purple switch,click,switch,purple,NONE,NONE,last
trash image next to the profile,delete,image,NONE,next_to,profile,NONE
remove image to the right of the first email,delete,image,NONE,right_of,first email,NONE
scroll to menu to the left of the search,scroll,menu,NONE,left_of,search,NONE
press the 3rd checkbox,click,checkbox,NONE,NONE,NONE,3rd
trash button below the wi-fi,delete,button,NONE,below,wi-fi,NONE
copy text to the right of the menu,copy,text,NONE,right_of,menu,NONE
scroll to the 1st gray text,scroll,text,gray,NONE,NONE,1st
launch gray button below the payment,open,button,gray,below,payment,NONE
copy white text,copy,text,white,NONE,NONE,NONE
delete button to the right of the checkout,delete,button,NONE,right_of,checkout,NONE
remove the 3rd text to the left of the first email,delete,text,NONE,left_of,first email,3rd
trash image below the address,delete,image,NONE,below,address,NONE
paste red text next to the settings,paste,text,red,next_to,settings,NONE
paste the last orange text,paste,text,orange,NONE,NONE,last
copy orange text to the right of the search,copy,text,orange,right_of,search,NONE
copy text next to the address,copy,text,NONE,next_to,address,NONE
tap the 1st button,tap,button,NONE,NONE,NONE,1st
delete the last yellow text to the right of the cart,delete,text,yellow,right_of,cart,last
paste the 3rd gray text above the payment,paste,text,gray,above,payment,3rd
launch the 3rd red button to the left of the checkout,open,button,red,left_of,checkout,3rd
scroll down to yellow tab next to the payment,scroll,tab,yellow,next_to,payment,NONE
remove image,delete,image,NONE,NONE,NONE,NONE
copy black text,copy,text,black,NONE,NONE,NONE
open the 1st tab to the right of the wi-fi,open,tab,NONE,right_of,wi-fi,1st
tap icon,tap,icon,NONE,NONE,NONE,NONE
copy the last text,copy,text,NONE,NONE,NONE,last
press and hold icon above the menu,long-press,icon,NONE,above,menu,NONE
press and hold image,long-press,image,NONE,NONE,NONE,NONE
delete gray button,delete,button,gray,NONE,NONE,NONE
delete text above the help,delete,text,NONE,above,help,NONE
copy the 1st text,copy,text,NONE,NONE,NONE,1st
launch button above the payment,open,button,NONE,above,payment,NONE
tap yellow checkbox,tap,checkbox,yellow,NONE,NONE,NONE
tap on switch to the left of the search,tap,switch,NONE,left_of,search,NONE
press and hold the last icon to the right of the address,long-press,icon,NONE,right_of,address,last
scroll to menu next to the settings,scroll,menu,NONE,next_to,settings,NONE
remove pink image,delete,image,pink,NONE,NONE,NONE
copy black text,copy,text,black,NONE,NONE,NONE
copy text,copy,text,NONE,NONE,NONE,NONE
delete the last image,delete,image,NONE,NONE,NONE,last
paste text to the left of the wi-fi,paste,text,NONE,left_of,wi-fi,NONE
tap on the 1st link,tap,link,NONE,NONE,NONE,1st
copy text to the right of the address,copy,text,NONE,right_of,address,NONE
copy text,copy,text,NONE,NONE,NONE,NONE
copy text,copy,text,NONE,NONE,NONE,NONE
copy red text below the settings,copy,text,red,below,settings,NONE
copy text above the cart,copy,text,NONE,above,cart,NONE
long-press image above the wi-fi,long-press,image,NONE,above,wi-fi,NONE
long-press button to the left of the home,long-press,button,NONE,left_of,home,NONE
copy text below the wi-fi,copy,text,NONE,below,wi-fi,NONE
paste text below the last item,paste,text,NONE,below,last item,NONE
launch black icon above the last item,open,icon,black,above,last item,NONE
copy the last text to the left of the wi-fi,copy,text,NONE,left_of,wi-fi,last
click purple tab below the help,click,tab,purple,below,help,NONE
long-press image,long-press,image,NONE,NONE,NONE,NONE
tap white icon next to the payment,tap,icon,white,next_to,payment,NONE
tap on red link next to the menu,tap,link,red,next_to,menu,NONE
paste green text below the profile,paste,text,green,below,profile,NONE
tap on the 2nd switch below the login,tap,switch,NONE,below,login,2nd
select switch next to the notifications,click,switch,NONE,next_to,notifications,NONE
launch the 2nd menu above the notifications,open,menu,NONE,above,notifications,2nd
copy gray text below the wi-fi,copy,text,gray,below,wi-fi,NONE
press icon,click,icon,NONE,NONE,NONE,NONE
launch icon to the left of the address,open,icon,NONE,left_of,address,NONE
remove image to the left of the menu,delete,image,NONE,left_of,menu,NONE
press the 3rd image to the right of the checkout,click,image,NONE,right_of,checkout,3rd
scroll down to the 2nd text,scroll,text,NONE,NONE,NONE,2nd
tap on icon below the settings,tap,icon,NONE,below,settings,NONE
copy red text above the cart,copy,text,red,above,cart,NONE
tap on icon to the left of the address,tap,icon,NONE,left_of,address,NONE
select the 1st white icon above the login,click,icon,white,above,login,1st
scroll down to orange tab,scroll,tab,orange,NONE,NONE,NONE
delete green image above the help,delete,image,green,above,help,NONE
copy the 3rd text,copy,text,NONE,NONE,NONE,3rd
remove image,delete,image,NONE,NONE,NONE,NONE
press the 3rd white link,click,link,white,NONE,NONE,3rd
paste the 2nd text to the right of the settings,paste,text,NONE,right_of,settings,2nd
tap the 1st icon next to the notifications,tap,icon,NONE,next_to,notifications,1st
trash orange image,delete,image,orange,NONE,NONE,NONE
click on white text,click,text,white,NONE,NONE,NONE
long-press the 1st red icon,long-press,icon,red,NONE,NONE,1st
scroll down to yellow tab to the right of the help,scroll,tab,yellow,right_of,help,NONE
copy green text to the left of the menu,copy,text,green,left_of,menu,NONE
paste the last text above the home,paste,text,NONE,above,home,last
scroll down to the 1st black tab to the right of the home,scroll,tab,black,right_of,home,1st
press and hold icon to the right of the home,long-press,icon,NONE,right_of,home,NONE
paste text,paste,text,NONE,NONE,NONE,NONE
press and hold button below the settings,long-press,button,NONE,below,settings,NONE
remove button to the left of the search,delete,button,NONE,left_of,search,NONE
paste white text above the last item,paste,text,white,above,last item,NONE
scroll down to the 1st tab next to the profile,scroll,tab,NONE,next_to,profile,1st
scroll to menu above the help,scroll,menu,NONE,above,help,NONE
paste text above the help,paste,text,NONE,above,help,NONE
click on green tab,click,tab,green,NONE,NONE,NONE
scroll to text to the right of the settings,scroll,text,NONE,right_of,settings,NONE
long-press image above the wi-fi,long-press,image,NONE,above,wi-fi,NONE
remove pink button next to the search,delete,button,pink,next_to,search,NONE
copy text below the home,copy,text,NONE,below,home,NONE
tap blue checkbox,tap,checkbox,blue,NONE,NONE,NONE
paste text next to the search,paste,text,NONE,next_to,search,NONE
scroll to pink tab,scroll,tab,pink,NONE,NONE,NONE
tap on the last checkbox above the checkout,tap,checkbox,NONE,above,checkout,last
delete red button to the left of the menu,delete,button,red,left_of,menu,NONE
paste the 2nd gray text,paste,text,gray,NONE,NONE,2nd
press tab,click,tab,NONE,NONE,NONE,NONE
press the 3rd image next to the settings,click,image,NONE,next_to,settings,3rd
copy the 2nd text to the left of the wi-fi,copy,text,NONE,left_of,wi-fi,2nd
copy the 1st text to the right of the search,copy,text,NONE,right_of,search,1st
trash the last button next to the notifications,delete,button,NONE,next_to,notifications,last
long-press the last black button,long-press,button,black,NONE,NONE,last
launch link next to the login,open,link,NONE,next_to,login,NONE
copy text next to the payment,copy,text,NONE,next_to,payment,NONE
tap on the last blue link to the right of the cart,tap,link,blue,right_of,cart,last
scroll down to tab to the left of the settings,scroll,tab,NONE,left_of,settings,NONE
tap on link next to the profile,tap,link,NONE,next_to,profile,NONE
scroll to menu above the checkout,scroll,menu,NONE,above,checkout,NONE
long-press the 1st button,long-press,button,NONE,NONE,NONE,1st
copy the 1st text below the notifications,copy,text,NONE,below,notifications,1st
paste text,paste,text,NONE,NONE,NONE,NONE
copy text to the left of the search,copy,text,NONE,left_of,search,NONE
scroll down to the 2nd tab,scroll,tab,NONE,NONE,NONE,2nd
trash text to the left of the wi-fi,delete,text,NONE,left_of,wi-fi,NONE
long-press the 2nd purple icon below the login,long-press,icon,purple,below,login,2nd
delete the last text to the right of the login,delete,text,NONE,right_of,login,last
tap the 1st icon above the profile,tap,icon,NONE,above,profile,1st
scroll to gray menu above the wi-fi,scroll,menu,gray,above,wi-fi,NONE
long-press green icon,long-press,icon,green,NONE,NONE,NONE
scroll to gray menu to the left of the search,scroll,menu,gray,left_of,search,NONE
trash green image next to the menu,delete,image,green,next_to,menu,NONE
open green link,open,link,green,NONE,NONE,NONE
delete the 2nd red image,delete,image,red,NONE,NONE,2nd
click on the 3rd icon,click,icon,NONE,NONE,NONE,3rd
paste purple text next to the home,paste,text,purple,next_to,home,NONE
scroll down to the last yellow text to the right of the cart,scroll,text,yellow,right_of,cart,last
select the last image to the right of the notifications,click,image,NONE,right_of,notifications,last
trash black button to the left of the wi-fi,delete,button,black,left_of,wi-fi,NONE
trash image to the right of the last item,delete,image,NONE,right_of,last item,NONE
tap on the last tab below the notifications,tap,tab,NONE,below,notifications,last
open the 2nd orange icon,open,icon,orange,NONE,NONE,2nd
press text,click,text,NONE,NONE,NONE,NONE
click on icon below the payment,click,icon,NONE,below,payment,NONE
delete image to the left of the home,delete,image,NONE,left_of,home,NONE
copy the 2nd black text to the left of the help,copy,text,black,left_of,help,2nd
press black link to the left of the last item,click,link,black,left_of,last item,NONE
select gray checkbox above the settings,click,checkbox,gray,above,settings,NONE
remove image next to the payment,delete,image,NONE,next_to,payment,NONE
paste text next to the settings,paste,text,NONE,next_to,settings,NONE
click green checkbox above the first email,click,checkbox,green,above,first email,NONE
copy the last text above the cart,copy,text,NONE,above,cart,last
tap the 2nd blue link,tap,link,blue,NONE,NONE,2nd
click button below the settings,click,button,NONE,below,settings,NONE
remove red image to the left of the notifications,delete,image,red,left_of,notifications,NONE
tap the 3rd red icon to the right of the notifications,tap,icon,red,right_of,notifications,3rd
tap the 1st icon,tap,icon,NONE,NONE,NONE,1st
remove image below the login,delete,image,NONE,below,login,NONE
tap on pink checkbox above the menu,tap,checkbox,pink,above,menu,NONE
tap button,tap,button,NONE,NONE,NONE,NONE
long-press the 3rd image to the left of the home,long-press,image,NONE,left_of,home,3rd
tap white tab below the home,tap,tab,white,below,home,NONE
paste text next to the settings,paste,text,NONE,next_to,settings,NONE
copy the 2nd text,copy,text,NONE,NONE,NONE,2nd
copy the last text to the left of the checkout,copy,text,NONE,left_of,checkout,last
scroll down to menu above the help,scroll,menu,NONE,above,help,NONE
scroll down to the 2nd menu to the right of the wi-fi,scroll,menu,NONE,right_of,wi-fi,2nd
long-press the last orange button,long-press,button,orange,NONE,NONE,last
copy text above the search,copy,text,NONE,above,search,NONE
trash image to the right of the help,delete,image,NONE,right_of,help,NONE
launch link next to the help,open,link,NONE,next_to,help,NONE
copy text,copy,text,NONE,NONE,NONE,NONE
remove red button,delete,button,red,NONE,NONE,NONE
select the 3rd orange checkbox to the right of the profile,click,checkbox,orange,right_of,profile,3rd
scroll down to the last menu to the right of the search,scroll,menu,NONE,right_of,search,last
open white menu,open,menu,white,NONE,NONE,NONE
press and hold text next to the home,long-press,text,NONE,next_to,home,NONE
paste text to the left of the search,paste,text,NONE,left_of,search,NONE
tap button below the notifications,tap,button,NONE,below,notifications,NONE
press and hold button,long-press,button,NONE,NONE,NONE,NONE
remove the 3rd yellow text,delete,text,yellow,NONE,NONE,3rd
long-press the 3rd black icon next to the last item,long-press,icon,black,next_to,last item,3rd
trash image,delete,image,NONE,NONE,NONE,NONE
paste the 1st text to the right of the checkout,paste,text,NONE,right_of,checkout,1st
press and hold the 3rd pink text,long-press,text,pink,NONE,NONE,3rd
scroll down to menu above the notifications,scroll,menu,NONE,above,notifications,NONE
tap the 1st icon,tap,icon,NONE,NONE,NONE,1st
scroll to black tab,scroll,tab,black,NONE,NONE,NONE
paste text above the notifications,paste,text,NONE,above,notifications,NONE
trash the 3rd text,delete,text,NONE,NONE,NONE,3rd
scroll to menu above the settings,scroll,menu,NONE,above,settings,NONE
tap orange tab,tap,tab,orange,NONE,NONE,NONE
copy the 1st orange text,copy,text,orange,NONE,NONE,1st
copy text to the right of the profile,copy,text,NONE,right_of,profile,NONE
click on image to the right of the settings,click,image,NONE,right_of,settings,NONE
scroll down to the 2nd purple menu to the right of the menu,scroll,menu,purple,right_of,menu,2nd
launch blue menu below the notifications,open,menu,blue,below,notifications,NONE
launch button,open,button,NONE,NONE,NONE,NONE
copy black text,copy,text,black,NONE,NONE,NONE
open yellow icon to the right of the home,open,icon,yellow,right_of,home,NONE
scroll down to text,scroll,text,NONE,NONE,NONE,NONE
launch the last icon,open,icon,NONE,NONE,NONE,last
scroll to menu,scroll,menu,NONE,NONE,NONE,NONE
paste the last text to the right of the cart,paste,text,NONE,right_of,cart,last
click on the last gray link,click,link,gray,NONE,NONE,last
click text above the home,click,text,NONE,above,home,NONE
paste red text to the left of the login,paste,text,red,left_of,login,NONE
paste text below the search,paste,text,NONE,below,search,NONE
paste text above the first email,paste,text,NONE,above,first email,NONE
press and hold black text above the address,long-press,text,black,above,address,NONE
press pink checkbox to the left of the login,click,checkbox,pink,left_of,login,NONE
scroll to tab,scroll,tab,NONE,NONE,NONE,NONE
trash orange text,delete,text,orange,NONE,NONE,NONE
copy the 3rd text to the left of the settings,copy,text,NONE,left_of,settings,3rd
long-press the 3rd purple image above the checkout,long-press,image,purple,above,checkout,3rd
open the 1st yellow tab to the left of the address,open,tab,yellow,left_of,address,1st
open tab above the wi-fi,open,tab,NONE,above,wi-fi,NONE
launch white menu to the right of the cart,open,menu,white,right_of,cart,NONE
open the last green menu to the left of the payment,open,menu,green,left_of,payment,last
copy yellow text to the left of the help,copy,text,yellow,left_of,help,NONE
copy the 3rd red text to the left of the first email,copy,text,red,left_of,first email,3rd
press and hold button to the left of the wi-fi,long-press,button,NONE,left_of,wi-fi,NONE
launch tab next to the profile,open,tab,NONE,next_to,profile,NONE
paste the 3rd yellow text next to the login,paste,text,yellow,next_to,login,3rd
scroll to orange text,scroll,text,orange,NONE,NONE,NONE
launch pink button next to the notifications,open,button,pink,next_to,notifications,NONE
copy purple text to the left of the search,copy,text,purple,left_of,search,NONE
open the 1st blue menu to the right of the login,open,menu,blue,right_of,login,1st
long-press button to the left of the help,long-press,button,NONE,left_of,help,NONE
open the 1st link next to the menu,open,link,NONE,next_to,menu,1st
press and hold button,long-press,button,NONE,NONE,NONE,NONE
paste the 2nd gray text,paste,text,gray,NONE,NONE,2nd
tap on tab,tap,tab,NONE,NONE,NONE,NONE
remove button below the home,delete,button,NONE,below,home,NONE
scroll down to text to the left of the search,scroll,text,NONE,left_of,search,NONE
press and hold the 2nd button next to the menu,long-press,button,NONE,next_to,menu,2nd
launch icon to the right of the checkout,open,icon,NONE,right_of,checkout,NONE
press and hold green image next to the home,long-press,image,green,next_to,home,NONE
long-press image to the left of the wi-fi,long-press,image,NONE,left_of,wi-fi,NONE
press black icon,click,icon,black,NONE,NONE,NONE
long-press image,long-press,image,NONE,NONE,NONE,NONE
tap on orange tab above the payment,tap,tab,orange,above,payment,NONE
trash text to the right of the cart,delete,text,NONE,right_of,cart,NONE
press and hold the last icon below the address,long-press,icon,NONE,below,address,last
paste text above the login,paste,text,NONE,above,login,NONE
long-press green text next to the cart,long-press,text,green,next_to,cart,NONE
trash button to the left of the payment,delete,button,NONE,left_of,payment,NONE
long-press icon,long-press,icon,NONE,NONE,NONE,NONE
press link to the right of the profile,click,link,NONE,right_of,profile,NONE
launch the 3rd menu,open,menu,NONE,NONE,NONE,3rd
scroll down to text below the profile,scroll,text,NONE,below,profile,NONE
paste text,paste,text,NONE,NONE,NONE,NONE
tap link,tap,link,NONE,NONE,NONE,NONE
select blue link,click,link,blue,NONE,NONE,NONE
long-press the 1st text,long-press,text,NONE,NONE,NONE,1st
press link to the left of the payment,click,link,NONE,left_of,payment,NONE
paste text,paste,text,NONE,NONE,NONE,NONE
paste text below the search,paste,text,NONE,below,search,NONE
paste text to the left of the menu,paste,text,NONE,left_of,menu,NONE
copy text above the first email,copy,text,NONE,above,first email,NONE
scroll to the 3rd gray tab to the left of the payment,scroll,tab,gray,left_of,payment,3rd
select icon next to the cart,click,icon,NONE,next_to,cart,NONE
tap purple link above the first email,tap,link,purple,above,first email,NONE
launch the 3rd link,open,link,NONE,NONE,NONE,3rd
press and hold icon below the first email,long-press,icon,NONE,below,first email,NONE
paste text next to the help,paste,text,NONE,next_to,help,NONE
tap gray button below the notifications,tap,button,gray,below,notifications,NONE
press and hold orange image,long-press,image,orange,NONE,NONE,NONE
paste text,paste,text,NONE,NONE,NONE,NONE
scroll down to the last menu to the right of the help,scroll,menu,NONE,right_of,help,last
copy text to the right of the home,copy,text,NONE,right_of,home,NONE
long-press the last text to the left of the cart,long-press,text,NONE,left_of,cart,last
scroll to gray text next to the help,scroll,text,gray,next_to,help,NONE
scroll down to text below the cart,scroll,text,NONE,below,cart,NONE
select checkbox below the cart,click,checkbox,NONE,below,cart,NONE
scroll down to gray menu,scroll,menu,gray,NONE,NONE,NONE
scroll down to red menu below the search,scroll,menu,red,below,search,NONE
copy the 3rd text below the address,copy,text,NONE,below,address,3rd
tap on switch next to the login,tap,switch,NONE,next_to,login,NONE
press and hold icon next to the home,long-press,icon,NONE,next_to,home,NONE
click the 1st checkbox,click,checkbox,NONE,NONE,NONE,1st
paste the 3rd text to the right of the notifications,paste,text,NONE,right_of,notifications,3rd
click on tab,click,tab,NONE,NONE,NONE,NONE
long-press the last icon,long-press,icon,NONE,NONE,NONE,last
tap yellow tab next to the login,tap,tab,yellow,next_to,login,NONE
copy text,copy,text,NONE,NONE,NONE,NONE
long-press green icon,long-press,icon,green,NONE,NONE,NONE
scroll to tab to the right of the login,scroll,tab,NONE,right_of,login,NONE
long-press the 1st icon to the left of the home,long-press,icon,NONE,left_of,home,1st
paste the 3rd yellow text,paste,text,yellow,NONE,NONE,3rd
tap on the last link above the help,tap,link,NONE,above,help,last
click on text to the left of the login,click,text,NONE,left_of,login,NONE
copy text below the notifications,copy,text,NONE,below,notifications,NONE
launch green link,open,link,green,NONE,NONE,NONE
open link,open,link,NONE,NONE,NONE,NONE
delete image,delete,image,NONE,NONE,NONE,NONE
remove yellow image to the right of the last item,delete,image,yellow,right_of,last item,NONE
scroll down to tab next to the checkout,scroll,tab,NONE,next_to,checkout,NONE
click link,click,link,NONE,NONE,NONE,NONE
press tab to the left of the help,click,tab,NONE,left_of,help,NONE
long-press white button,long-press,button,white,NONE,NONE,NONE
remove image above the home,delete,image,NONE,above,home,NONE
paste white text,paste,text,white,NONE,NONE,NONE
tap on gray tab,tap,tab,gray,NONE,NONE,NONE
scroll down to text to the left of the payment,scroll,text,NONE,left_of,payment,NONE
copy black text to the left of the login,copy,text,black,left_of,login,NONE
open menu next to the checkout,open,menu,NONE,next_to,checkout,NONE
tap on gray link,tap,link,gray,NONE,NONE,NONE
scroll to yellow tab to the right of the login,scroll,tab,yellow,right_of,login,NONE
launch icon to the right of the payment,open,icon,NONE,right_of,payment,NONE
press and hold button to the right of the search,long-press,button,NONE,right_of,search,NONE
trash red button to the right of the first email,delete,button,red,right_of,first email,NONE
click the last orange switch below the search,click,switch,orange,below,search,last
trash text,delete,text,NONE,NONE,NONE,NONE
scroll to the 2nd menu above the address,scroll,menu,NONE,above,address,2nd
copy the 3rd text to the right of the wi-fi,copy,text,NONE,right_of,wi-fi,3rd
remove red button to the right of the profile,delete,button,red,right_of,profile,NONE
scroll to menu,scroll,menu,NONE,NONE,NONE,NONE
delete text,delete,text,NONE,NONE,NONE,NONE
long-press text,long-press,text,NONE,NONE,NONE,NONE
launch menu below the help,open,menu,NONE,below,help,NONE
tap checkbox next to the search,tap,checkbox,NONE,next_to,search,NONE
scroll down to pink tab to the left of the last item,scroll,tab,pink,left_of,last item,NONE
open the 1st link,open,link,NONE,NONE,NONE,1st
copy the 1st text to the left of the address,copy,text,NONE,left_of,address,1st
scroll down to the 1st red tab to the left of the search,scroll,tab,red,left_of,search,1st
long-press icon,long-press,icon,NONE,NONE,NONE,NONE
paste yellow text above the settings,paste,text,yellow,above,settings,NONE
press and hold image below the first email,long-press,image,NONE,below,first email,NONE
click checkbox,click,checkbox,NONE,NONE,NONE,NONE
tap on the 3rd link,tap,link,NONE,NONE,NONE,3rd
long-press white icon,long-press,icon,white,NONE,NONE,NONE
paste purple text below the wi-fi,paste,text,purple,below,wi-fi,NONE
copy orange text below the profile,copy,text,orange,below,profile,NONE
paste the 2nd purple text above the notifications,paste,text,purple,above,notifications,2nd
open the last button,open,button,NONE,NONE,NONE,last
remove button above the menu,delete,button,NONE,above,menu,NONE
open the 3rd blue menu next to the login,open,menu,blue,next_to,login,3rd
launch yellow tab next to the search,open,tab,yellow,next_to,search,NONE
paste text to the right of the profile,paste,text,NONE,right_of,profile,NONE
copy text,copy,text,NONE,NONE,NONE,NONE
paste text,paste,text,NONE,NONE,NONE,NONE
copy text,copy,text,NONE,NONE,NONE,NONE
click on switch above the help,click,switch,NONE,above,help,NONE
remove purple image below the menu,delete,image,purple,below,menu,NONE
press and hold text above the first email,long-press,text,NONE,above,first email,NONE
copy the 2nd text,copy,text,NONE,NONE,NONE,2nd
select checkbox to the right of the home,click,checkbox,NONE,right_of,home,NONE
copy orange text to the left of the help,copy,text,orange,left_of,help,NONE
paste the 3rd text,paste,text,NONE,NONE,NONE,3rd
select text to the right of the address,click,text,NONE,right_of,address,NONE
tap icon next to the first email,tap,icon,NONE,next_to,first email,NONE
copy purple text,copy,text,purple,NONE,NONE,NONE
copy text,copy,text,NONE,NONE,NONE,NONE
long-press text to the right of the address,long-press,text,NONE,right_of,address,NONE
open black menu to the right of the cart,open,menu,black,right_of,cart,NONE
long-press yellow text next to the notifications,long-press,text,yellow,next_to,notifications,NONE
click switch to the right of the first email,click,switch,NONE,right_of,first email,NONE
trash orange text next to the login,delete,text,orange,next_to,login,NONE
remove button above the cart,delete,button,NONE,above,cart,NONE
paste yellow text,paste,text,yellow,NONE,NONE,NONE
long-press text next to the cart,long-press,text,NONE,next_to,cart,NONE
scroll down to orange menu,scroll,menu,orange,NONE,NONE,NONE
launch menu to the left of the last item,open,menu,NONE,left_of,last item,NONE
trash button next to the cart,delete,button,NONE,next_to,cart,NONE
scroll down to text,scroll,text,NONE,NONE,NONE,NONE
launch the last white link above the cart,open,link,white,above,cart,last
copy text,copy,text,NONE,NONE,NONE,NONE
paste the 1st text,paste,text,NONE,NONE,NONE,1st
remove text to the left of the address,delete,text,NONE,left_of,address,NONE
paste text above the home,paste,text,NONE,above,home,NONE
copy text,copy,text,NONE,NONE,NONE,NONE
copy the 1st blue text,copy,text,blue,NONE,NONE,1st
open tab next to the last item,open,tab,NONE,next_to,last item,NONE
tap on button below the profile,tap,button,NONE,below,profile,NONE
tap on blue switch,tap,switch,blue,NONE,NONE,NONE
press and hold blue icon,long-press,icon,blue,NONE,NONE,NONE
open the last button to the right of the wi-fi,open,button,NONE,right_of,wi-fi,last
copy text to the left of the cart,copy,text,NONE,left_of,cart,NONE
launch the 2nd menu,open,menu,NONE,NONE,NONE,2nd
long-press image to the left of the menu,long-press,image,NONE,left_of,menu,NONE
copy text,copy,text,NONE,NONE,NONE,NONE
scroll down to menu next to the payment,scroll,menu,NONE,next_to,payment,NONE
paste green text to the right of the search,paste,text,green,right_of,search,NONE
click on icon,click,icon,NONE,NONE,NONE,NONE
trash button to the left of the help,delete,button,NONE,left_of,help,NONE
long-press blue button,long-press,button,blue,NONE,NONE,NONE
tap checkbox,tap,checkbox,NONE,NONE,NONE,NONE
tap link next to the checkout,tap,link,NONE,next_to,checkout,NONE
paste the last text,paste,text,NONE,NONE,NONE,last
scroll down to tab next to the payment,scroll,tab,NONE,next_to,payment,NONE
tap on checkbox below the login,tap,checkbox,NONE,below,login,NONE
open menu to the right of the search,open,menu,NONE,right_of,search,NONE
click on the 2nd pink image next to the checkout,click,image,pink,next_to,checkout,2nd
tap tab,tap,tab,NONE,NONE,NONE,NONE
scroll to text,scroll,text,NONE,NONE,NONE,NONE
scroll to text,scroll,text,NONE,NONE,NONE,NONE
copy text below the home,copy,text,NONE,below,home,NONE
press and hold orange image,long-press,image,orange,NONE,NONE,NONE
trash pink text below the help,delete,text,pink,below,help,NONE
paste the last blue text,paste,text,blue,NONE,NONE,last
long-press text above the first email,long-press,text,NONE,above,first email,NONE
trash the 1st text above the login,delete,text,NONE,above,login,1st
click on switch to the left of the home,click,switch,NONE,left_of,home,NONE
remove blue button next to the login,delete,button,blue,next_to,login,NONE
paste text to the right of the last item,paste,text,NONE,right_of,last item,NONE
tap the 3rd button to the left of the wi-fi,tap,button,NONE,left_of,wi-fi,3rd
paste the last black text above the first email,paste,text,black,above,first email,last
open menu above the settings,open,menu,NONE,above,settings,NONE
trash the last text to the right of the wi-fi,delete,text,NONE,right_of,wi-fi,last
launch link to the left of the help,open,link,NONE,left_of,help,NONE
copy text next to the settings,copy,text,NONE,next_to,settings,NONE
press and hold text,long-press,text,NONE,NONE,NONE,NONE
long-press white text above the login,long-press,text,white,above,login,NONE
press switch to the right of the last item,click,switch,NONE,right_of,last item,NONE
scroll down to yellow menu above the address,scroll,menu,yellow,above,address,NONE
tap red button to the right of the checkout,tap,button,red,right_of,checkout,NONE
paste white text above the cart,paste,text,white,above,cart,NONE
paste the 3rd white text next to the checkout,paste,text,white,next_to,checkout,3rd
delete the 2nd text,delete,text,NONE,NONE,NONE,2nd
paste purple text,paste,text,purple,NONE,NONE,NONE
scroll down to the 3rd text to the right of the last item,scroll,text,NONE,right_of,last item,3rd
copy the 2nd pink text to the right of the address,copy,text,pink,right_of,address,2nd
copy gray text,copy,text,gray,NONE,NONE,NONE
trash image next to the payment,delete,image,NONE,next_to,payment,NONE
scroll to green tab to the left of the notifications,scroll,tab,green,left_of,notifications,NONE
copy text below the help,copy,text,NONE,below,help,NONE
scroll down to the 3rd tab below the last item,scroll,tab,NONE,below,last item,3rd
paste text,paste,text,NONE,NONE,NONE,NONE
remove purple image,delete,image,purple,NONE,NONE,NONE
scroll down to the last tab to the left of the notifications,scroll,tab,NONE,left_of,notifications,last
scroll to tab,scroll,tab,NONE,NONE,NONE,NONE
copy yellow text to the left of the cart,copy,text,yellow,left_of,cart,NONE
scroll to the 1st tab,scroll,tab,NONE,NONE,NONE,1st
scroll to gray text below the payment,scroll,text,gray,below,payment,NONE
remove image to the right of the profile,delete,image,NONE,right_of,profile,NONE
paste text next to the wi-fi,paste,text,NONE,next_to,wi-fi,NONE
scroll down to the 2nd tab,scroll,tab,NONE,NONE,NONE,2nd
tap tab,tap,tab,NONE,NONE,NONE,NONE
copy the 1st gray text,copy,text,gray,NONE,NONE,1st
copy text above the first email,copy,text,NONE,above,first email,NONE
scroll down to white text,scroll,text,white,NONE,NONE,NONE
copy red text above the notifications,copy,text,red,above,notifications,NONE
tap the 3rd checkbox,tap,checkbox,NONE,NONE,NONE,3rd
press and hold the last image next to the address,long-press,image,NONE,next_to,address,last
copy text next to the settings,copy,text,NONE,next_to,settings,NONE
paste text,paste,text,NONE,NONE,NONE,NONE
scroll down to orange menu next to the search,scroll,menu,orange,next_to,search,NONE
copy text,copy,text,NONE,NONE,NONE,NONE
press and hold green text to the left of the menu,long-press,text,green,left_of,menu,NONE
press green icon to the left of the first email,click,icon,green,left_of,first email,NONE
click on the last checkbox above the payment,click,checkbox,NONE,above,payment,last
remove the last red image,delete,image,red,NONE,NONE,last
tap on green checkbox above the settings,tap,checkbox,green,above,settings,NONE
paste purple text below the notifications,paste,text,purple,below,notifications,NONE
press and hold blue text next to the login,long-press,text,blue,next_to,login,NONE
press button next to the help,click,button,NONE,next_to,help,NONE
press pink checkbox below the home,click,checkbox,pink,below,home,NONE
long-press pink image to the left of the payment,long-press,image,pink,left_of,payment,NONE
paste blue text above the payment,paste,text,blue,above,payment,NONE
paste gray text next to the settings,paste,text,gray,next_to,settings,NONE
select the 2nd switch below the first email,click,switch,NONE,below,first email,2nd
select text next to the profile,click,text,NONE,next_to,profile,NONE
tap link below the payment,tap,link,NONE,below,payment,NONE
click on tab,click,tab,NONE,NONE,NONE,NONE
press and hold black icon to the left of the cart,long-press,icon,black,left_of,cart,NONE
scroll to purple tab below the home,scroll,tab,purple,below,home,NONE
paste gray text,paste,text,gray,NONE,NONE,NONE
long-press the 1st image to the right of the home,long-press,image,NONE,right_of,home,1st
tap the 3rd switch next to the menu,tap,switch,NONE,next_to,menu,3rd
open the 1st red icon,open,icon,red,NONE,NONE,1st
select blue button,click,button,blue,NONE,NONE,NONE
trash the 1st button below the checkout,delete,button,NONE,below,checkout,1st
click on text,click,text,NONE,NONE,NONE,NONE
press and hold icon next to the notifications,long-press,icon,NONE,next_to,notifications,NONE
tap on orange checkbox next to the cart,tap,checkbox,orange,next_to,cart,NONE
tap on the last orange button above the settings,tap,button,orange,above,settings,last
open the last menu,open,menu,NONE,NONE,NONE,last
tap the last link,tap,link,NONE,NONE,NONE,last
copy the 2nd text above the cart,copy,text,NONE,above,cart,2nd
copy the last blue text to the left of the cart,copy,text,blue,left_of,cart,last
copy text below the profile,copy,text,NONE,below,profile,NONE
tap on icon next to the help,tap,icon,NONE,next_to,help,NONE
copy text,copy,text,NONE,NONE,NONE,NONE
press and hold icon,long-press,icon,NONE,NONE,NONE,NONE
click text,click,text,NONE,NONE,NONE,NONE
open the 3rd menu below the wi-fi,open,menu,NONE,below,wi-fi,3rd
copy gray text above the search,copy,text,gray,above,search,NONE
remove text below the checkout,delete,text,NONE,below,checkout,NONE
press and hold button,long-press,button,NONE,NONE,NONE,NONE
scroll down to yellow text below the settings,scroll,text,yellow,below,settings,NONE
open the 2nd tab next to the last item,open,tab,NONE,next_to,last item,2nd
press and hold the 2nd button below the settings,long-press,button,NONE,below,settings,2nd
copy text below the home,copy,text,NONE,below,home,NONE
remove white button next to the wi-fi,delete,button,white,next_to,wi-fi,NONE
paste the 1st purple text next to the menu,paste,text,purple,next_to,menu,1st
long-press button,long-press,button,NONE,NONE,NONE,NONE
tap icon next to the first email,tap,icon,NONE,next_to,first email,NONE
launch the 2nd link below the address,open,link,NONE,below,address,2nd
long-press white icon,long-press,icon,white,NONE,NONE,NONE
open icon,open,icon,NONE,NONE,NONE,NONE
paste the 3rd text next to the home,paste,text,NONE,next_to,home,3rd
tap icon to the right of the search,tap,icon,NONE,right_of,search,NONE
copy the last text next to the last item,copy,text,NONE,next_to,last item,last
scroll down to the 1st tab,scroll,tab,NONE,NONE,NONE,1st
click black tab,click,tab,black,NONE,NONE,NONE
tap orange tab,tap,tab,orange,NONE,NONE,NONE
tap on black checkbox,tap,checkbox,black,NONE,NONE,NONE
open gray tab,open,tab,gray,NONE,NONE,NONE
copy text to the right of the settings,copy,text,NONE,right_of,settings,NONE
delete blue text,delete,text,blue,NONE,NONE,NONE
trash the 1st image,delete,image,NONE,NONE,NONE,1st
tap tab to the right of the address,tap,tab,NONE,right_of,address,NONE
scroll to tab to the left of the checkout,scroll,tab,NONE,left_of,checkout,NONE
open button below the checkout,open,button,NONE,below,checkout,NONE
open icon to the left of the profile,open,icon,NONE,left_of,profile,NONE
select the 1st gray checkbox to the right of the login,click,checkbox,gray,right_of,login,1st
launch the 2nd link below the address,open,link,NONE,below,address,2nd
trash button next to the first email,delete,button,NONE,next_to,first email,NONE
long-press pink image,long-press,image,pink,NONE,NONE,NONE
delete the 3rd button,delete,button,NONE,NONE,NONE,3rd
paste text,paste,text,NONE,NONE,NONE,NONE
tap on the 1st switch next to the notifications,tap,switch,NONE,next_to,notifications,1st
launch the 1st blue button to the left of the menu,open,button,blue,left_of,menu,1st
open tab next to the help,open,tab,NONE,next_to,help,NONE
delete button,delete,button,NONE,NONE,NONE,NONE
click on checkbox above the notifications,click,checkbox,NONE,above,notifications,NONE
scroll down to pink text,scroll,text,pink,NONE,NONE,NONE
launch tab above the notifications,open,tab,NONE,above,notifications,NONE
launch the last icon to the right of the login,open,icon,NONE,right_of,login,last
open link to the left of the search,open,link,NONE,left_of,search,NONE
launch blue menu next to the profile,open,menu,blue,next_to,profile,NONE
long-press text to the right of the menu,long-press,text,NONE,right_of,menu,NONE
trash the 2nd image above the profile,delete,image,NONE,above,profile,2nd
tap on gray switch next to the settings,tap,switch,gray,next_to,settings,NONE
scroll to green menu to the right of the menu,scroll,menu,green,right_of,menu,NONE
copy red text to the right of the settings,copy,text,red,right_of,settings,NONE
tap tab,tap,tab,NONE,NONE,NONE,NONE
trash text,delete,text,NONE,NONE,NONE,NONE
copy white text next to the search,copy,text,white,next_to,search,NONE
tap on checkbox to the left of the last item,tap,checkbox,NONE,left_of,last item,NONE
paste yellow text to the right of the help,paste,text,yellow,right_of,help,NONE
open menu below the notifications,open,menu,NONE,below,notifications,NONE
click checkbox above the login,click,checkbox,NONE,above,login,NONE
press and hold red icon below the notifications,long-press,icon,red,below,notifications,NONE
paste text below the wi-fi,paste,text,NONE,below,wi-fi,NONE
scroll to tab next to the address,scroll,tab,NONE,next_to,address,NONE
tap on switch to the left of the notifications,tap,switch,NONE,left_of,notifications,NONE
press and hold yellow image,long-press,image,yellow,NONE,NONE,NONE
press and hold image above the profile,long-press,image,NONE,above,profile,NONE
trash button to the left of the settings,delete,button,NONE,left_of,settings,NONE
open black icon,open,icon,black,NONE,NONE,NONE
remove yellow image,delete,image,yellow,NONE,NONE,NONE
scroll down to tab to the left of the payment,scroll,tab,NONE,left_of,payment,NONE
copy text,copy,text,NONE,NONE,NONE,NONE
paste text above the checkout,paste,text,NONE,above,checkout,NONE
open the 3rd menu next to the help,open,menu,NONE,next_to,help,3rd
tap on yellow button to the right of the checkout,tap,button,yellow,right_of,checkout,NONE
trash gray text to the left of the cart,delete,text,gray,left_of,cart,NONE
scroll down to text next to the settings,scroll,text,NONE,next_to,settings,NONE
paste text to the right of the profile,paste,text,NONE,right_of,profile,NONE
paste the 3rd text to the left of the cart,paste,text,NONE,left_of,cart,3rd
delete yellow text to the right of the cart,delete,text,yellow,right_of,cart,NONE
copy pink text to the right of the login,copy,text,pink,right_of,login,NONE
click on switch to the right of the address,click,switch,NONE,right_of,address,NONE
paste text above the cart,paste,text,NONE,above,cart,NONE
copy the 3rd gray text next to the profile,copy,text,gray,next_to,profile,3rd
click on link to the left of the help,click,link,NONE,left_of,help,NONE
click the last red switch above the last item,click,switch,red,above,last item,last
scroll down to the 2nd tab to the left of the wi-fi,scroll,tab,NONE,left_of,wi-fi,2nd
launch menu,open,menu,NONE,NONE,NONE,NONE
click on button,click,button,NONE,NONE,NONE,NONE
copy the 1st text,copy,text,NONE,NONE,NONE,1st
copy the last black text to the left of the first email,copy,text,black,left_of,first email,last
copy text,copy,text,NONE,NONE,NONE,NONE
remove text above the login,delete,text,NONE,above,login,NONE
press and hold button to the left of the profile,long-press,button,NONE,left_of,profile,NONE
click on the 2nd yellow icon to the right of the checkout,click,icon,yellow,right_of,checkout,2nd
launch the 3rd tab to the right of the first email,open,tab,NONE,right_of,first email,3rd
scroll down to white tab below the first email,scroll,tab,white,below,first email,NONE
copy the 1st black text next to the cart,copy,text,black,next_to,cart,1st
click on image below the payment,click,image,NONE,below,payment,NONE
paste green text below the wi-fi,paste,text,green,below,wi-fi,NONE
paste blue text,paste,text,blue,NONE,NONE,NONE
tap white icon next to the first email,tap,icon,white,next_to,first email,NONE
copy text,copy,text,NONE,NONE,NONE,NONE
long-press the last icon,long-press,icon,NONE,NONE,NONE,last
click on green switch,click,switch,green,NONE,NONE,NONE
paste text,paste,text,NONE,NONE,NONE,NONE
scroll to text next to the menu,scroll,text,NONE,next_to,menu,NONE
paste text below the menu,paste,text,NONE,below,menu,NONE
open the 1st purple icon below the login,open,icon,purple,below,login,1st
click on purple icon next to the last item,click,icon,purple,next_to,last item,NONE
trash the last button,delete,button,NONE,NONE,NONE,last
trash the 3rd blue text below the address,delete,text,blue,below,address,3rd
paste text above the checkout,paste,text,NONE,above,checkout,NONE
long-press button,long-press,button,NONE,NONE,NONE,NONE
long-press text to the right of the address,long-press,text,NONE,right_of,address,NONE
select black tab next to the checkout,click,tab,black,next_to,checkout,NONE
copy the 3rd text,copy,text,NONE,NONE,NONE,3rd
press text to the left of the help,click,text,NONE,left_of,help,NONE
tap on link below the checkout,tap,link,NONE,below,checkout,NONE
long-press button,long-press,button,NONE,NONE,NONE,NONE
delete image below the checkout,delete,image,NONE,below,checkout,NONE
trash image,delete,image,NONE,NONE,NONE,NONE
copy yellow text next to the first email,copy,text,yellow,next_to,first email,NONE
paste text to the left of the cart,paste,text,NONE,left_of,cart,NONE
select switch,click,switch,NONE,NONE,NONE,NONE
paste text,paste,text,NONE,NONE,NONE,NONE
tap icon next to the address,tap,icon,NONE,next_to,address,NONE
copy text,copy,text,NONE,NONE,NONE,NONE
remove the 2nd blue image below the search,delete,image,blue,below,search,2nd
long-press the 3rd text to the left of the help,long-press,text,NONE,left_of,help,3rd
tap icon,tap,icon,NONE,NONE,NONE,NONE
click switch next to the checkout,click,switch,NONE,next_to,checkout,NONE
launch tab to the left of the settings,open,tab,NONE,left_of,settings,NONE
scroll to the 1st orange tab,scroll,tab,orange,NONE,NONE,1st
copy text,copy,text,NONE,NONE,NONE,NONE
scroll to the 1st tab above the payment,scroll,tab,NONE,above,payment,1st
launch the 3rd tab below the home,open,tab,NONE,below,home,3rd
launch the last menu above the profile,open,menu,NONE,above,profile,last
scroll to the 2nd text below the home,scroll,text,NONE,below,home,2nd
tap on the last tab next to the profile,tap,tab,NONE,next_to,profile,last
scroll to menu,scroll,menu,NONE,NONE,NONE,NONE
select switch to the right of the wi-fi,click,switch,NONE,right_of,wi-fi,NONE
paste red text below the home,paste,text,red,below,home,NONE
delete text below the payment,delete,text,NONE,below,payment,NONE
delete image,delete,image,NONE,NONE,NONE,NONE
open black link,open,link,black,NONE,NONE,NONE
copy the 3rd text below the wi-fi,copy,text,NONE,below,wi-fi,3rd
paste the 2nd purple text above the payment,paste,text,purple,above,payment,2nd
tap on white tab,tap,tab,white,NONE,NONE,NONE
scroll down to purple menu next to the first email,scroll,menu,purple,next_to,first email,NONE
click on checkbox above the menu,click,checkbox,NONE,above,menu,NONE
scroll down to the 3rd orange menu to the right of the help,scroll,menu,orange,right_of,help,3rd
long-press button above the address,long-press,button,NONE,above,address,NONE
paste text,paste,text,NONE,NONE,NONE,NONE
copy the 3rd text,copy,text,NONE,NONE,NONE,3rd
launch the 2nd button to the right of the login,open,button,NONE,right_of,login,2nd
scroll to tab to the left of the first email,scroll,tab,NONE,left_of,first email,NONE
tap button below the last item,tap,button,NONE,below,last item,NONE
paste black text to the left of the cart,paste,text,black,left_of,cart,NONE
tap the 1st button,tap,button,NONE,NONE,NONE,1st
launch menu to the left of the home,open,menu,NONE,left_of,home,NONE
paste text below the settings,paste,text,NONE,below,settings,NONE
remove the last text to the left of the first email,delete,text,NONE,left_of,first email,last
press and hold blue button to the right of the checkout,long-press,button,blue,right_of,checkout,NONE
long-press the 1st text next to the settings,long-press,text,NONE,next_to,settings,1st
click on blue link to the left of the help,click,link,blue,left_of,help,NONE
press and hold pink button to the right of the payment,long-press,button,pink,right_of,payment,NONE
scroll to tab to the left of the profile,scroll,tab,NONE,left_of,profile,NONE
open the 3rd orange link below the login,open,link,orange,below,login,3rd
launch the 1st link to the right of the settings,open,link,NONE,right_of,settings,1st
copy the 3rd text to the right of the menu,copy,text,NONE,right_of,menu,3rd
tap on link below the wi-fi,tap,link,NONE,below,wi-fi,NONE
paste text,paste,text,NONE,NONE,NONE,NONE
copy text next to the notifications,copy,text,NONE,next_to,notifications,NONE
copy the 2nd text below the login,copy,text,NONE,below,login,2nd
tap button below the settings,tap,button,NONE,below,settings,NONE
tap checkbox,tap,checkbox,NONE,NONE,NONE,NONE
copy pink text to the right of the checkout,copy,text,pink,right_of,checkout,NONE
tap button to the left of the address,tap,button,NONE,left_of,address,NONE
press and hold image below the settings,long-press,image,NONE,below,settings,NONE
paste the 2nd green text above the wi-fi,paste,text,green,above,wi-fi,2nd
long-press text,long-press,text,NONE,NONE,NONE,NONE
press and hold button to the left of the payment,long-press,button,NONE,left_of,payment,NONE
delete purple image,delete,image,purple,NONE,NONE,NONE
long-press the 2nd icon to the right of the wi-fi,long-press,icon,NONE,right_of,wi-fi,2nd
remove image next to the home,delete,image,NONE,next_to,home,NONE
remove image below the profile,delete,image,NONE,below,profile,NONE
press and hold icon to the right of the help,long-press,icon,NONE,right_of,help,NONE
press and hold purple image,long-press,image,purple,NONE,NONE,NONE
scroll down to the 3rd green text,scroll,text,green,NONE,NONE,3rd
tap black button below the help,tap,button,black,below,help,NONE
select the last checkbox,click,checkbox,NONE,NONE,NONE,last
press and hold text above the search,long-press,text,NONE,above,search,NONE
press and hold image to the left of the profile,long-press,image,NONE,left_of,profile,NONE
long-press pink text above the profile,long-press,text,pink,above,profile,NONE
paste text to the right of the cart,paste,text,NONE,right_of,cart,NONE
scroll down to blue menu,scroll,menu,blue,NONE,NONE,NONE
open the last pink link above the home,open,link,pink,above,home,last
launch pink menu,open,menu,pink,NONE,NONE,NONE
long-press blue icon above the payment,long-press,icon,blue,above,payment,NONE
open gray menu to the left of the last item,open,menu,gray,left_of,last item,NONE
trash the 1st image,delete,image,NONE,NONE,NONE,1st
press the last blue checkbox below the menu,click,checkbox,blue,below,menu,last
open the 3rd menu to the left of the help,open,menu,NONE,left_of,help,3rd
click text,click,text,NONE,NONE,NONE,NONE
open icon next to the checkout,open,icon,NONE,next_to,checkout,NONE
tap the 3rd switch next to the profile,tap,switch,NONE,next_to,profile,3rd
tap the 2nd link below the last item,tap,link,NONE,below,last item,2nd
long-press text,long-press,text,NONE,NONE,NONE,NONE
select text,click,text,NONE,NONE,NONE,NONE
copy green text next to the notifications,copy,text,green,next_to,notifications,NONE
press checkbox next to the settings,click,checkbox,NONE,next_to,settings,NONE
copy text to the right of the address,copy,text,NONE,right_of,address,NONE
tap on button,tap,button,NONE,NONE,NONE,NONE
trash the 1st text to the right of the first email,delete,text,NONE,right_of,first email,1st
press and hold button next to the first email,long-press,button,NONE,next_to,first email,NONE
select the 2nd image above the search,click,image,NONE,above,search,2nd
press the 3rd icon to the right of the search,click,icon,NONE,right_of,search,3rd
tap icon,tap,icon,NONE,NONE,NONE,NONE
remove image to the right of the cart,delete,image,NONE,right_of,cart,NONE
scroll down to orange text to the right of the cart,scroll,text,orange,right_of,cart,NONE
launch link above the home,open,link,NONE,above,home,NONE
launch red link next to the address,open,link,red,next_to,address,NONE
scroll down to the 1st menu,scroll,menu,NONE,NONE,NONE,1st
launch tab,open,tab,NONE,NONE,NONE,NONE
copy text to the left of the help,copy,text,NONE,left_of,help,NONE
long-press the last white button to the left of the checkout,long-press,button,white,left_of,checkout,last
select link above the profile,click,link,NONE,above,profile,NONE
paste text to the right of the profile,paste,text,NONE,right_of,profile,NONE
tap link,tap,link,NONE,NONE,NONE,NONE
long-press gray text to the left of the help,long-press,text,gray,left_of,help,NONE
scroll to tab to the right of the home,scroll,tab,NONE,right_of,home,NONE
click the 2nd blue image to the left of the payment,click,image,blue,left_of,payment,2nd
copy pink text to the left of the first email,copy,text,pink,left_of,first email,NONE
open orange tab below the checkout,open,tab,orange,below,checkout,NONE
press gray link,click,link,gray,NONE,NONE,NONE
paste the 1st text below the wi-fi,paste,text,NONE,below,wi-fi,1st
press image,click,image,NONE,NONE,NONE,NONE
tap gray tab,tap,tab,gray,NONE,NONE,NONE
tap black switch below the notifications,tap,switch,black,below,notifications,NONE
press red checkbox,click,checkbox,red,NONE,NONE,NONE
click on black button to the left of the profile,click,button,black,left_of,profile,NONE
copy the 2nd text,copy,text,NONE,NONE,NONE,2nd
long-press icon,long-press,icon,NONE,NONE,NONE,NONE
open link to the left of the first email,open,link,NONE,left_of,first email,NONE
press and hold image above the settings,long-press,image,NONE,above,settings,NONE
long-press yellow text to the right of the first email,long-press,text,yellow,right_of,first email,NONE
launch the 1st red menu above the menu,open,menu,red,above,menu,1st
click text next to the cart,click,text,NONE,next_to,cart,NONE
paste text,paste,text,NONE,NONE,NONE,NONE
tap gray checkbox,tap,checkbox,gray,NONE,NONE,NONE
press and hold the last red text,long-press,text,red,NONE,NONE,last
click on the 3rd gray image next to the first email,click,image,gray,next_to,first email,3rd
select orange icon next to the menu,click,icon,orange,next_to,menu,NONE
open green button,open,button,green,NONE,NONE,NONE
press and hold white icon above the menu,long-press,icon,white,above,menu,NONE
scroll to the 2nd gray tab,scroll,tab,gray,NONE,NONE,2nd
paste text above the address,paste,text,NONE,above,address,NONE
press and hold the 1st icon to the right of the search,long-press,icon,NONE,right_of,search,1st
launch menu to the right of the wi-fi,open,menu,NONE,right_of,wi-fi,NONE
open the 2nd icon,open,icon,NONE,NONE,NONE,2nd
press and hold the last text below the address,long-press,text,NONE,below,address,last
scroll down to the last menu to the left of the checkout,scroll,menu,NONE,left_of,checkout,last
launch link to the left of the notifications,open,link,NONE,left_of,notifications,NONE
remove image to the left of the home,delete,image,NONE,left_of,home,NONE
tap icon,tap,icon,NONE,NONE,NONE,NONE
press and hold the 3rd button,long-press,button,NONE,NONE,NONE,3rd
tap button,tap,button,NONE,NONE,NONE,NONE
press and hold the 3rd text,long-press,text,NONE,NONE,NONE,3rd
press and hold button next to the login,long-press,button,NONE,next_to,login,NONE
paste text above the search,paste,text,NONE,above,search,NONE
tap switch to the right of the address,tap,switch,NONE,right_of,address,NONE
open the 1st menu,open,menu,NONE,NONE,NONE,1st
scroll to the 3rd text,scroll,text,NONE,NONE,NONE,3rd
press switch next to the search,click,switch,NONE,next_to,search,NONE
trash gray text below the checkout,delete,text,gray,below,checkout,NONE
remove image,delete,image,NONE,NONE,NONE,NONE
copy text,copy,text,NONE,NONE,NONE,NONE
delete button next to the first email,delete,button,NONE,next_to,first email,NONE
copy text next to the settings,copy,text,NONE,next_to,settings,NONE
select purple image to the left of the search,click,image,purple,left_of,search,NONE
copy the last text,copy,text,NONE,NONE,NONE,last
copy yellow text,copy,text,yellow,NONE,NONE,NONE
tap yellow icon next to the wi-fi,tap,icon,yellow,next_to,wi-fi,NONE
copy black text,copy,text,black,NONE,NONE,NONE
scroll down to tab,scroll,tab,NONE,NONE,NONE,NONE
click the 1st button,click,button,NONE,NONE,NONE,1st
scroll to the last purple menu to the right of the first email,scroll,menu,purple,right_of,first email,last
select the 1st link to the right of the first email,click,link,NONE,right_of,first email,1st
tap on pink link below the help,tap,link,pink,below,help,NONE
open the 3rd white menu,open,menu,white,NONE,NONE,3rd
scroll to the 3rd green text to the left of the settings,scroll,text,green,left_of,settings,3rd
tap on switch,tap,switch,NONE,NONE,NONE,NONE
tap icon,tap,icon,NONE,NONE,NONE,NONE
scroll to text next to the first email,scroll,text,NONE,next_to,first email,NONE
tap the 2nd switch,tap,switch,NONE,NONE,NONE,2nd
tap on button,tap,button,NONE,NONE,NONE,NONE
trash button to the right of the profile,delete,button,NONE,right_of,profile,NONE
trash button,delete,button,NONE,NONE,NONE,NONE
scroll down to menu,scroll,menu,NONE,NONE,NONE,NONE
copy text,copy,text,NONE,NONE,NONE,NONE
paste blue text,paste,text,blue,NONE,NONE,NONE
tap switch above the cart,tap,switch,NONE,above,cart,NONE
scroll down to text,scroll,text,NONE,NONE,NONE,NONE
scroll down to the last menu below the address,scroll,menu,NONE,below,address,last
long-press icon,long-press,icon,NONE,NONE,NONE,NONE
trash white text to the right of the help,delete,text,white,right_of,help,NONE
press and hold icon to the left of the login,long-press,icon,NONE,left_of,login,NONE
press and hold the 2nd button,long-press,button,NONE,NONE,NONE,2nd
scroll to the 3rd tab next to the search,scroll,tab,NONE,next_to,search,3rd
open icon below the search,open,icon,NONE,below,search,NONE
long-press black text,long-press,text,black,NONE,NONE,NONE
remove button to the right of the checkout,delete,button,NONE,right_of,checkout,NONE
tap the 3rd black button to the left of the checkout,tap,button,black,left_of,checkout,3rd
press and hold text above the help,long-press,text,NONE,above,help,NONE
tap icon below the payment,tap,icon,NONE,below,payment,NONE
press and hold text below the payment,long-press,text,NONE,below,payment,NONE
click switch below the menu,click,switch,NONE,below,menu,NONE
paste text below the first email,paste,text,NONE,below,first email,NONE
scroll to the 2nd menu above the settings,scroll,menu,NONE,above,settings,2nd
press and hold button,long-press,button,NONE,NONE,NONE,NONE
tap on the 2nd switch to the right of the home,tap,switch,NONE,right_of,home,2nd
launch the 3rd black menu below the cart,open,menu,black,below,cart,3rd
press tab next to the last item,click,tab,NONE,next_to,last item,NONE
copy the 3rd text next to the search,copy,text,NONE,next_to,search,3rd
tap orange tab,tap,tab,orange,NONE,NONE,NONE
scroll to the 3rd text below the profile,scroll,text,NONE,below,profile,3rd
click black tab to the left of the search,click,tab,black,left_of,search,NONE
paste the 1st text,paste,text,NONE,NONE,NONE,1st
tap link above the first email,tap,link,NONE,above,first email,NONE
click the 3rd tab above the help,click,tab,NONE,above,help,3rd
select the 2nd orange link to the right of the profile,click,link,orange,right_of,profile,2nd
copy text,copy,text,NONE,NONE,NONE,NONE
press and hold button next to the help,long-press,button,NONE,next_to,help,NONE
tap on checkbox to the right of the wi-fi,tap,checkbox,NONE,right_of,wi-fi,NONE
launch button next to the wi-fi,open,button,NONE,next_to,wi-fi,NONE
open button to the left of the first email,open,button,NONE,left_of,first email,NONE
scroll down to white tab to the right of the wi-fi,scroll,tab,white,right_of,wi-fi,NONE
copy orange text,copy,text,orange,NONE,NONE,NONE
copy the last text to the left of the profile,copy,text,NONE,left_of,profile,last
tap orange switch,tap,switch,orange,NONE,NONE,NONE
trash image above the cart,delete,image,NONE,above,cart,NONE
scroll down to white menu,scroll,menu,white,NONE,NONE,NONE
long-press text to the right of the settings,long-press,text,NONE,right_of,settings,NONE
remove text to the left of the search,delete,text,NONE,left_of,search,NONE
select red checkbox,click,checkbox,red,NONE,NONE,NONE
long-press the 2nd icon,long-press,icon,NONE,NONE,NONE,2nd
paste text next to the help,paste,text,NONE,next_to,help,NONE
select text to the left of the help,click,text,NONE,left_of,help,NONE
scroll to menu above the wi-fi,scroll,menu,NONE,above,wi-fi,NONE
copy text,copy,text,NONE,NONE,NONE,NONE
press image,click,image,NONE,NONE,NONE,NONE
paste gray text to the right of the payment,paste,text,gray,right_of,payment,NONE
long-press button,long-press,button,NONE,NONE,NONE,NONE
tap on switch below the wi-fi,tap,switch,NONE,below,wi-fi,NONE
tap green button to the right of the search,tap,button,green,right_of,search,NONE
tap gray button,tap,button,gray,NONE,NONE,NONE
copy text below the login,copy,text,NONE,below,login,NONE
paste text next to the notifications,paste,text,NONE,next_to,notifications,NONE
click on switch to the left of the profile,click,switch,NONE,left_of,profile,NONE
copy text,copy,text,NONE,NONE,NONE,NONE
copy text,copy,text,NONE,NONE,NONE,NONE
long-press text to the left of the notifications,long-press,text,NONE,left_of,notifications,NONE
scroll down to text,scroll,text,NONE,NONE,NONE,NONE
trash the 3rd blue text to the right of the notifications,delete,text,blue,right_of,notifications,3rd
press and hold the 3rd icon above the cart,long-press,icon,NONE,above,cart,3rd
paste orange text,paste,text,orange,NONE,NONE,NONE
copy red text next to the address,copy,text,red,next_to,address,NONE
launch blue button to the left of the help,open,button,blue,left_of,help,NONE
paste the 2nd text to the right of the profile,paste,text,NONE,right_of,profile,2nd
copy text above the wi-fi,copy,text,NONE,above,wi-fi,NONE
press and hold blue icon above the address,long-press,icon,blue,above,address,NONE
press tab,click,tab,NONE,NONE,NONE,NONE
open link,open,link,NONE,NONE,NONE,NONE
copy text to the right of the search,copy,text,NONE,right_of,search,NONE
paste text to the left of the cart,paste,text,NONE,left_of,cart,NONE
scroll to tab above the menu,scroll,tab,NONE,above,menu,NONE
delete text above the home,delete,text,NONE,above,home,NONE
copy the 3rd text below the wi-fi,copy,text,NONE,below,wi-fi,3rd
click the 2nd tab above the first email,click,tab,NONE,above,first email,2nd
long-press icon to the left of the settings,long-press,icon,NONE,left_of,settings,NONE
paste the 2nd text below the notifications,paste,text,NONE,below,notifications,2nd
open tab to the right of the settings,open,tab,NONE,right_of,settings,NONE
copy text,copy,text,NONE,NONE,NONE,NONE
paste text,paste,text,NONE,NONE,NONE,NONE
click on the 3rd button,click,button,NONE,NONE,NONE,3rd
scroll to orange text next to the first email,scroll,text,orange,next_to,first email,NONE
copy orange text,copy,text,orange,NONE,NONE,NONE
tap on pink switch to the right of the help,tap,switch,pink,right_of,help,NONE
copy the 3rd text below the wi-fi,copy,text,NONE,below,wi-fi,3rd
press and hold the 1st white icon,long-press,icon,white,NONE,NONE,1st
delete the 2nd blue text to the right of the settings,delete,text,blue,right_of,settings,2nd
remove yellow image to the right of the address,delete,image,yellow,right_of,address,NONE
press the 1st image,click,image,NONE,NONE,NONE,1st
tap on icon,tap,icon,NONE,NONE,NONE,NONE
scroll to menu below the checkout,scroll,menu,NONE,below,checkout,NONE
scroll to menu,scroll,menu,NONE,NONE,NONE,NONE
press red image,click,image,red,NONE,NONE,NONE
copy text below the search,copy,text,NONE,below,search,NONE
paste the 1st red text below the login,paste,text,red,below,login,1st
tap switch to the right of the wi-fi,tap,switch,NONE,right_of,wi-fi,NONE
launch green tab,open,tab,green,NONE,NONE,NONE
tap on yellow icon next to the wi-fi,tap,icon,yellow,next_to,wi-fi,NONE
long-press the 3rd text below the menu,long-press,text,NONE,below,menu,3rd
paste orange text to the left of the profile,paste,text,orange,left_of,profile,NONE
long-press white icon,long-press,icon,white,NONE,NONE,NONE
copy text to the right of the address,copy,text,NONE,right_of,address,NONE
trash image,delete,image,NONE,NONE,NONE,NONE
tap the 1st switch,tap,switch,NONE,NONE,NONE,1st
delete image,delete,image,NONE,NONE,NONE,NONE
press and hold the 2nd icon next to the cart,long-press,icon,NONE,next_to,cart,2nd
click on the last pink text,click,text,pink,NONE,NONE,last
paste text to the right of the login,paste,text,NONE,right_of,login,NONE
paste orange text above the first email,paste,text,orange,above,first email,NONE
copy text,copy,text,NONE,NONE,NONE,NONE
trash green text below the settings,delete,text,green,below,settings,NONE
paste black text,paste,text,black,NONE,NONE,NONE
scroll to text,scroll,text,NONE,NONE,NONE,NONE
scroll to white text above the wi-fi,scroll,text,white,above,wi-fi,NONE
press the 1st icon to the left of the last item,click,icon,NONE,left_of,last item,1st
copy text,copy,text,NONE,NONE,NONE,NONE
tap the last tab above the checkout,tap,tab,NONE,above,checkout,last
scroll to menu,scroll,menu,NONE,NONE,NONE,NONE
copy the 2nd text below the search,copy,text,NONE,below,search,2nd
open orange tab above the address,open,tab,orange,above,address,NONE
tap on tab to the right of the profile,tap,tab,NONE,right_of,profile,NONE
click switch to the right of the last item,click,switch,NONE,right_of,last item,NONE
long-press text to the right of the cart,long-press,text,NONE,right_of,cart,NONE
press and hold the 1st image next to the checkout,long-press,image,NONE,next_to,checkout,1st
scroll to the last text,scroll,text,NONE,NONE,NONE,last
scroll down to pink text,scroll,text,pink,NONE,NONE,NONE
press and hold the last icon below the last item,long-press,icon,NONE,below,last item,last
open button,open,button,NONE,NONE,NONE,NONE
long-press icon below the wi-fi,long-press,icon,NONE,below,wi-fi,NONE
tap on button next to the checkout,tap,button,NONE,next_to,checkout,NONE
remove text above the help,delete,text,NONE,above,help,NONE
click text to the left of the settings,click,text,NONE,left_of,settings,NONE
tap icon,tap,icon,NONE,NONE,NONE,NONE
select green icon above the first email,click,icon,green,above,first email,NONE
scroll down to blue tab,scroll,tab,blue,NONE,NONE,NONE
launch tab to the right of the notifications,open,tab,NONE,right_of,notifications,NONE
copy text next to the notifications,copy,text,NONE,next_to,notifications,NONE
scroll to black tab above the home,scroll,tab,black,above,home,NONE
click on image,click,image,NONE,NONE,NONE,NONE
tap on yellow icon,tap,icon,yellow,NONE,NONE,NONE
copy red text,copy,text,red,NONE,NONE,NONE
trash the 2nd image next to the search,delete,image,NONE,next_to,search,2nd
press and hold yellow image to the left of the address,long-press,image,yellow,left_of,address,NONE
copy the 3rd text next to the wi-fi,copy,text,NONE,next_to,wi-fi,3rd
press the 2nd icon,click,icon,NONE,NONE,NONE,2nd
paste blue text to the left of the profile,paste,text,blue,left_of,profile,NONE
remove white button,delete,button,white,NONE,NONE,NONE
copy pink text to the left of the search,copy,text,pink,left_of,search,NONE
open the 3rd green menu above the cart,open,menu,green,above,cart,3rd
copy the 2nd green text,copy,text,green,NONE,NONE,2nd
paste pink text below the login,paste,text,pink,below,login,NONE
scroll down to the 3rd red menu below the home,scroll,menu,red,below,home,3rd
scroll to gray tab above the profile,scroll,tab,gray,above,profile,NONE
launch the 3rd link to the left of the cart,open,link,NONE,left_of,cart,3rd
tap red switch next to the checkout,tap,switch,red,next_to,checkout,NONE
click the 2nd image,click,image,NONE,NONE,NONE,2nd
click the 2nd tab below the login,click,tab,NONE,below,login,2nd
delete text to the right of the settings,delete,text,NONE,right_of,settings,NONE
tap on white link next to the notifications,tap,link,white,next_to,notifications,NONE
remove gray button below the profile,delete,button,gray,below,profile,NONE
open icon,open,icon,NONE,NONE,NONE,NONE
select text,click,text,NONE,NONE,NONE,NONE
tap button below the wi-fi,tap,button,NONE,below,wi-fi,NONE
copy the last purple text to the right of the notifications,copy,text,purple,right_of,notifications,last
paste the 2nd pink text,paste,text,pink,NONE,NONE,2nd
paste the 1st purple text to the left of the address,paste,text,purple,left_of,address,1st
long-press pink icon,long-press,icon,pink,NONE,NONE,NONE
tap on red link,tap,link,red,NONE,NONE,NONE
paste text below the search,paste,text,NONE,below,search,NONE
tap link to the right of the help,tap,link,NONE,right_of,help,NONE
tap button,tap,button,NONE,NONE,NONE,NONE
long-press icon next to the last item,long-press,icon,NONE,next_to,last item,NONE
paste orange text to the right of the last item,paste,text,orange,right_of,last item,NONE
scroll down to text,scroll,text,NONE,NONE,NONE,NONE
launch menu below the profile,open,menu,NONE,below,profile,NONE
paste text to the left of the address,paste,text,NONE,left_of,address,NONE
copy text to the right of the home,copy,text,NONE,right_of,home,NONE
scroll down to black text below the profile,scroll,text,black,below,profile,NONE
remove gray image,delete,image,gray,NONE,NONE,NONE
press button above the help,click,button,NONE,above,help,NONE
copy text below the login,copy,text,NONE,below,login,NONE
scroll to blue text to the left of the search,scroll,text,blue,left_of,search,NONE
tap on the 2nd red button,tap,button,red,NONE,NONE,2nd
press gray tab,click,tab,gray,NONE,NONE,NONE
scroll to blue menu to the left of the address,scroll,menu,blue,left_of,address,NONE
press and hold the last button above the last item,long-press,button,NONE,above,last item,last
click on white button above the cart,click,button,white,above,cart,NONE
scroll to black tab,scroll,tab,black,NONE,NONE,NONE
click orange image below the profile,click,image,orange,below,profile,NONE
long-press the 3rd button below the notifications,long-press,button,NONE,below,notifications,3rd
open black link above the search,open,link,black,above,search,NONE
scroll to red text,scroll,text,red,NONE,NONE,NONE
remove the 2nd button to the right of the search,delete,button,NONE,right_of,search,2nd
paste text next to the first email,paste,text,NONE,next_to,first email,NONE
tap red switch below the login,tap,switch,red,below,login,NONE
select the last checkbox,click,checkbox,NONE,NONE,NONE,last
trash purple image,delete,image,purple,NONE,NONE,NONE
long-press icon below the checkout,long-press,icon,NONE,below,checkout,NONE
copy text,copy,text,NONE,NONE,NONE,NONE
paste the 2nd text next to the menu,paste,text,NONE,next_to,menu,2nd
delete blue image,delete,image,blue,NONE,NONE,NONE
scroll down to tab,scroll,tab,NONE,NONE,NONE,NONE
launch pink link to the left of the address,open,link,pink,left_of,address,NONE
paste text to the right of the first email,paste,text,NONE,right_of,first email,NONE
scroll down to text,scroll,text,NONE,NONE,NONE,NONE
open blue icon next to the search,open,icon,blue,next_to,search,NONE
launch gray tab,open,tab,gray,NONE,NONE,NONE
press and hold the 3rd pink icon,long-press,icon,pink,NONE,NONE,3rd
click the last green text to the left of the wi-fi,click,text,green,left_of,wi-fi,last
long-press icon,long-press,icon,NONE,NONE,NONE,NONE
tap the 3rd checkbox to the right of the home,tap,checkbox,NONE,right_of,home,3rd
trash the 1st image next to the notifications,delete,image,NONE,next_to,notifications,1st
paste the 3rd gray text to the left of the settings,paste,text,gray,left_of,settings,3rd
launch white button to the left of the menu,open,button,white,left_of,menu,NONE
open blue icon above the address,open,icon,blue,above,address,NONE
tap link above the payment,tap,link,NONE,above,payment,NONE
long-press text,long-press,text,NONE,NONE,NONE,NONE
press and hold the last text,long-press,text,NONE,NONE,NONE,last
copy gray text to the left of the last item,copy,text,gray,left_of,last item,NONE
remove text,delete,text,NONE,NONE,NONE,NONE
launch link below the settings,open,link,NONE,below,settings,NONE
long-press button above the notifications,long-press,button,NONE,above,notifications,NONE
press and hold button to the right of the cart,long-press,button,NONE,right_of,cart,NONE
paste text,paste,text,NONE,NONE,NONE,NONE
press the 1st button below the menu,click,button,NONE,below,menu,1st
click on image,click,image,NONE,NONE,NONE,NONE
long-press yellow image below the payment,long-press,image,yellow,below,payment,NONE
open red link,open,link,red,NONE,NONE,NONE
tap gray link to the right of the home,tap,link,gray,right_of,home,NONE
launch red button,open,button,red,NONE,NONE,NONE
scroll to the 3rd menu to the left of the payment,scroll,menu,NONE,left_of,payment,3rd
delete text above the notifications,delete,text,NONE,above,notifications,NONE
tap on the last tab,tap,tab,NONE,NONE,NONE,last
copy text above the last item,copy,text,NONE,above,last item,NONE
long-press icon next to the first email,long-press,icon,NONE,next_to,first email,NONE
copy text below the notifications,copy,text,NONE,below,notifications,NONE
press and hold the 2nd pink icon,long-press,icon,pink,NONE,NONE,2nd
paste the 1st text above the first email,paste,text,NONE,above,first email,1st
paste text,paste,text,NONE,NONE,NONE,NONE
press and hold button to the left of the notifications,long-press,button,NONE,left_of,notifications,NONE
tap on button,tap,button,NONE,NONE,NONE,NONE
launch menu above the login,open,menu,NONE,above,login,NONE
click on text,click,text,NONE,NONE,NONE,NONE
paste text,paste,text,NONE,NONE,NONE,NONE
tap checkbox to the right of the settings,tap,checkbox,NONE,right_of,settings,NONE
open green icon,open,icon,green,NONE,NONE,NONE
launch link below the search,open,link,NONE,below,search,NONE
delete text,delete,text,NONE,NONE,NONE,NONE
tap on icon,tap,icon,NONE,NONE,NONE,NONE
tap red link,tap,link,red,NONE,NONE,NONE
long-press the 3rd icon,long-press,icon,NONE,NONE,NONE,3rd
paste gray text,paste,text,gray,NONE,NONE,NONE
click on switch,click,switch,NONE,NONE,NONE,NONE
remove button next to the profile,delete,button,NONE,next_to,profile,NONE
click the 3rd link next to the search,click,link,NONE,next_to,search,3rd
tap on the 3rd checkbox,tap,checkbox,NONE,NONE,NONE,3rd
scroll down to text below the profile,scroll,text,NONE,below,profile,NONE
paste green text above the menu,paste,text,green,above,menu,NONE
click checkbox next to the login,click,checkbox,NONE,next_to,login,NONE
launch the last tab,open,tab,NONE,NONE,NONE,last
copy the 2nd text,copy,text,NONE,NONE,NONE,2nd
scroll down to menu above the last item,scroll,menu,NONE,above,last item,NONE
copy the 2nd purple text below the payment,copy,text,purple,below,payment,2nd
copy text to the right of the wi-fi,copy,text,NONE,right_of,wi-fi,NONE
launch icon above the cart,open,icon,NONE,above,cart,NONE
copy the 1st text,copy,text,NONE,NONE,NONE,1st
copy text above the settings,copy,text,NONE,above,settings,NONE
press and hold the last icon below the search,long-press,icon,NONE,below,search,last
delete the 1st button above the cart,delete,button,NONE,above,cart,1st
long-press button,long-press,button,NONE,NONE,NONE,NONE
long-press the 2nd image next to the checkout,long-press,image,NONE,next_to,checkout,2nd
delete red image above the notifications,delete,image,red,above,notifications,NONE
click on the 1st red icon,click,icon,red,NONE,NONE,1st
scroll to text,scroll,text,NONE,NONE,NONE,NONE
scroll down to the last text,scroll,text,NONE,NONE,NONE,last
delete the 3rd text next to the last item,delete,text,NONE,next_to,last item,3rd
scroll down to tab above the first email,scroll,tab,NONE,above,first email,NONE
copy text next to the notifications,copy,text,NONE,next_to,notifications,NONE
tap on red tab below the last item,tap,tab,red,below,last item,NONE
remove text to the right of the first email,delete,text,NONE,right_of,first email,NONE
press and hold green button to the right of the payment,long-press,button,green,right_of,payment,NONE
scroll to text to the right of the search,scroll,text,NONE,right_of,search,NONE
scroll to the 3rd text,scroll,text,NONE,NONE,NONE,3rd
click on gray image,click,image,gray,NONE,NONE,NONE
copy the 1st text above the cart,copy,text,NONE,above,cart,1st
paste text,paste,text,NONE,NONE,NONE,NONE
tap on link above the profile,tap,link,NONE,above,profile,NONE
tap on the last white button to the left of the cart,tap,button,white,left_of,cart,last
paste text,paste,text,NONE,NONE,NONE,NONE
scroll down to tab next to the menu,scroll,tab,NONE,next_to,menu,NONE
trash text to the right of the payment,delete,text,NONE,right_of,payment,NONE
trash white image below the last item,delete,image,white,below,last item,NONE
click on switch to the right of the login,click,switch,NONE,right_of,login,NONE
paste text below the wi-fi,paste,text,NONE,below,wi-fi,NONE
scroll down to menu,scroll,menu,NONE,NONE,NONE,NONE
trash red button,delete,button,red,NONE,NONE,NONE
scroll down to tab to the right of the checkout,scroll,tab,NONE,right_of,checkout,NONE
paste the 2nd text below the home,paste,text,NONE,below,home,2nd
copy the last gray text next to the search,copy,text,gray,next_to,search,last
tap orange tab to the left of the last item,tap,tab,orange,left_of,last item,NONE
press and hold button,long-press,button,NONE,NONE,NONE,NONE
click the 2nd text above the login,click,text,NONE,above,login,2nd
launch purple button,open,button,purple,NONE,NONE,NONE
paste text above the settings,paste,text,NONE,above,settings,NONE
open menu below the checkout,open,menu,NONE,below,checkout,NONE
scroll down to the 1st green text,scroll,text,green,NONE,NONE,1st
scroll to the last black menu,scroll,menu,black,NONE,NONE,last
tap on checkbox to the left of the home,tap,checkbox,NONE,left_of,home,NONE
press and hold the last white text next to the help,long-press,text,white,next_to,help,last
long-press text,long-press,text,NONE,NONE,NONE,NONE
launch the 1st white tab to the right of the settings,open,tab,white,right_of,settings,1st
long-press button to the right of the menu,long-press,button,NONE,right_of,menu,NONE
scroll to the 1st tab above the menu,scroll,tab,NONE,above,menu,1st
scroll down to menu to the right of the wi-fi,scroll,menu,NONE,right_of,wi-fi,NONE
open link next to the checkout,open,link,NONE,next_to,checkout,NONE
select blue button above the payment,click,button,blue,above,payment,NONE
press and hold the 1st orange text,long-press,text,orange,NONE,NONE,1st
scroll to the 2nd menu to the left of the login,scroll,menu,NONE,left_of,login,2nd
launch purple tab below the cart,open,tab,purple,below,cart,NONE
scroll down to tab to the left of the login,scroll,tab,NONE,left_of,login,NONE
click switch to the left of the notifications,click,switch,NONE,left_of,notifications,NONE
open the 3rd green link,open,link,green,NONE,NONE,3rd
click switch,click,switch,NONE,NONE,NONE,NONE
press and hold text next to the settings,long-press,text,NONE,next_to,settings,NONE
copy text below the login,copy,text,NONE,below,login,NONE
tap the 1st checkbox next to the address,tap,checkbox,NONE,next_to,address,1st
press and hold white text,long-press,text,white,NONE,NONE,NONE
long-press image to the left of the wi-fi,long-press,image,NONE,left_of,wi-fi,NONE
launch pink menu,open,menu,pink,NONE,NONE,NONE
click icon next to the profile,click,icon,NONE,next_to,profile,NONE
delete pink text to the right of the address,delete,text,pink,right_of,address,NONE
copy the 3rd text,copy,text,NONE,NONE,NONE,3rd
tap link below the notifications,tap,link,NONE,below,notifications,NONE
copy the 3rd text to the left of the profile,copy,text,NONE,left_of,profile,3rd
copy text,copy,text,NONE,NONE,NONE,NONE
scroll down to red menu below the profile,scroll,menu,red,below,profile,NONE
long-press the 1st blue text below the first email,long-press,text,blue,below,first email,1st
long-press black icon,long-press,icon,black,NONE,NONE,NONE
delete button,delete,button,NONE,NONE,NONE,NONE
paste the last orange text next to the address,paste,text,orange,next_to,address,last
paste the 1st text to the left of the settings,paste,text,NONE,left_of,settings,1st
press switch next to the home,click,switch,NONE,next_to,home,NONE
press and hold the 1st text,long-press,text,NONE,NONE,NONE,1st
launch link below the checkout,open,link,NONE,below,checkout,NONE
select the 2nd link,click,link,NONE,NONE,NONE,2nd
long-press button,long-press,button,NONE,NONE,NONE,NONE
copy black text,copy,text,black,NONE,NONE,NONE
scroll to the 1st orange menu to the right of the profile,scroll,menu,orange,right_of,profile,1st
scroll to the 2nd green tab,scroll,tab,green,NONE,NONE,2nd
tap on link to the right of the search,tap,link,NONE,right_of,search,NONE
long-press image above the notifications,long-press,image,NONE,above,notifications,NONE
copy red text to the right of the last item,copy,text,red,right_of,last item,NONE
trash the last button next to the login,delete,button,NONE,next_to,login,last
paste text next to the help,paste,text,NONE,next_to,help,NONE
scroll down to tab,scroll,tab,NONE,NONE,NONE,NONE
scroll to menu,scroll,menu,NONE,NONE,NONE,NONE
delete button,delete,button,NONE,NONE,NONE,NONE
long-press the 2nd icon to the right of the cart,long-press,icon,NONE,right_of,cart,2nd
copy the 2nd text,copy,text,NONE,NONE,NONE,2nd
long-press icon below the last item,long-press,icon,NONE,below,last item,NONE
paste white text,paste,text,white,NONE,NONE,NONE
trash image below the notifications,delete,image,NONE,below,notifications,NONE
copy the 1st text to the right of the wi-fi,copy,text,NONE,right_of,wi-fi,1st
tap on the last button to the right of the help,tap,button,NONE,right_of,help,last
copy red text to the right of the checkout,copy,text,red,right_of,checkout,NONE
press and hold the 1st text below the checkout,long-press,text,NONE,below,checkout,1st
paste the 2nd text,paste,text,NONE,NONE,NONE,2nd
select the 3rd text to the left of the home,click,text,NONE,left_of,home,3rd
copy text next to the cart,copy,text,NONE,next_to,cart,NONE
open the 3rd link to the left of the last item,open,link,NONE,left_of,last item,3rd
press the last checkbox,click,checkbox,NONE,NONE,NONE,last
scroll down to menu next to the help,scroll,menu,NONE,next_to,help,NONE
scroll to white tab below the login,scroll,tab,white,below,login,NONE
launch purple button above the checkout,open,button,purple,above,checkout,NONE
open link below the wi-fi,open,link,NONE,below,wi-fi,NONE
tap on the 2nd link to the left of the cart,tap,link,NONE,left_of,cart,2nd
long-press icon to the right of the login,long-press,icon,NONE,right_of,login,NONE
copy the 1st text,copy,text,NONE,NONE,NONE,1st
open the last icon,open,icon,NONE,NONE,NONE,last
open the 2nd tab,open,tab,NONE,NONE,NONE,2nd
tap on the last link,tap,link,NONE,NONE,NONE,last
click the last orange text,click,text,orange,NONE,NONE,last
copy orange text to the right of the wi-fi,copy,text,orange,right_of,wi-fi,NONE
paste text,paste,text,NONE,NONE,NONE,NONE
trash button,delete,button,NONE,NONE,NONE,NONE
tap on the last pink link next to the cart,tap,link,pink,next_to,cart,last
paste black text next to the notifications,paste,text,black,next_to,notifications,NONE
paste text to the right of the cart,paste,text,NONE,right_of,cart,NONE
long-press button,long-press,button,NONE,NONE,NONE,NONE
click on orange icon,click,icon,orange,NONE,NONE,NONE
tap tab below the first email,tap,tab,NONE,below,first email,NONE
scroll to menu next to the profile,scroll,menu,NONE,next_to,profile,NONE
paste text next to the cart,paste,text,NONE,next_to,cart,NONE
paste text,paste,text,NONE,NONE,NONE,NONE
launch the last tab below the profile,open,tab,NONE,below,profile,last
long-press text to the right of the home,long-press,text,NONE,right_of,home,NONE
long-press the 1st green icon,long-press,icon,green,NONE,NONE,1st
click link,click,link,NONE,NONE,NONE,NONE
scroll down to text,scroll,text,NONE,NONE,NONE,NONE
paste the 3rd black text next to the checkout,paste,text,black,next_to,checkout,3rd
paste text,paste,text,NONE,NONE,NONE,NONE
scroll to the last black tab,scroll,tab,black,NONE,NONE,last
paste the last text below the wi-fi,paste,text,NONE,below,wi-fi,last
delete text next to the search,delete,text,NONE,next_to,search,NONE
copy text,copy,text,NONE,NONE,NONE,NONE
click switch below the menu,click,switch,NONE,below,menu,NONE
trash the 3rd button next to the login,delete,button,NONE,next_to,login,3rd
open the last icon to the right of the home,open,icon,NONE,right_of,home,last
scroll down to tab below the notifications,scroll,tab,NONE,below,notifications,NONE
scroll down to pink tab to the left of the checkout,scroll,tab,pink,left_of,checkout,NONE
scroll to menu to the right of the login,scroll,menu,NONE,right_of,login,NONE
scroll to text to the left of the payment,scroll,text,NONE,left_of,payment,NONE
scroll down to menu to the right of the login,scroll,menu,NONE,right_of,login,NONE
scroll down to the 2nd tab,scroll,tab,NONE,NONE,NONE,2nd
click on blue link to the right of the wi-fi,click,link,blue,right_of,wi-fi,NONE
launch green button,open,button,green,NONE,NONE,NONE
copy red text,copy,text,red,NONE,NONE,NONE
copy the 3rd text,copy,text,NONE,NONE,NONE,3rd
scroll to menu to the left of the first email,scroll,menu,NONE,left_of,first email,NONE
scroll down to text below the profile,scroll,text,NONE,below,profile,NONE
tap tab above the address,tap,tab,NONE,above,address,NONE
tap on black checkbox,tap,checkbox,black,NONE,NONE,NONE
open tab next to the settings,open,tab,NONE,next_to,settings,NONE
copy text above the first email,copy,text,NONE,above,first email,NONE
scroll down to the last tab above the payment,scroll,tab,NONE,above,payment,last
click on the 2nd image,click,image,NONE,NONE,NONE,2nd
remove button next to the home,delete,button,NONE,next_to,home,NONE
click the 2nd green switch,click,switch,green,NONE,NONE,2nd
click on checkbox above the last item,click,checkbox,NONE,above,last item,NONE
tap on button above the address,tap,button,NONE,above,address,NONE
press and hold the 2nd red button below the address,long-press,button,red,below,address,2nd
press red link below the payment,click,link,red,below,payment,NONE
scroll down to text next to the settings,scroll,text,NONE,next_to,settings,NONE
long-press the 1st button,long-press,button,NONE,NONE,NONE,1st
copy text below the home,copy,text,NONE,below,home,NONE
tap switch next to the notifications,tap,switch,NONE,next_to,notifications,NONE
long-press button,long-press,button,NONE,NONE,NONE,NONE
tap pink link to the right of the home,tap,link,pink,right_of,home,NONE
paste green text to the left of the search,paste,text,green,left_of,search,NONE
paste the 3rd text,paste,text,NONE,NONE,NONE,3rd
press the 1st red text below the search,click,text,red,below,search,1st
tap on button next to the settings,tap,button,NONE,next_to,settings,NONE
open button,open,button,NONE,NONE,NONE,NONE
launch tab to the left of the first email,open,tab,NONE,left_of,first email,NONE
press and hold image to the left of the search,long-press,image,NONE,left_of,search,NONE
tap on switch next to the last item,tap,switch,NONE,next_to,last item,NONE
paste green text to the right of the payment,paste,text,green,right_of,payment,NONE
open black tab,open,tab,black,NONE,NONE,NONE
scroll down to tab above the first email,scroll,tab,NONE,above,first email,NONE
scroll to the 1st black menu above the menu,scroll,menu,black,above,menu,1st
select the 1st image,click,image,NONE,NONE,NONE,1st
launch gray link next to the search,open,link,gray,next_to,search,NONE
paste gray text next to the profile,paste,text,gray,next_to,profile,NONE
tap the 2nd icon to the right of the home,tap,icon,NONE,right_of,home,2nd
press and hold image to the right of the profile,long-press,image,NONE,right_of,profile,NONE
copy text to the right of the help,copy,text,NONE,right_of,help,NONE
long-press the 1st image,long-press,image,NONE,NONE,NONE,1st
open tab next to the help,open,tab,NONE,next_to,help,NONE
scroll down to menu,scroll,menu,NONE,NONE,NONE,NONE
long-press button,long-press,button,NONE,NONE,NONE,NONE
copy white text next to the search,copy,text,white,next_to,search,NONE
remove image below the cart,delete,image,NONE,below,cart,NONE
copy text,copy,text,NONE,NONE,NONE,NONE
press white tab next to the address,click,tab,white,next_to,address,NONE
press and hold icon to the left of the cart,long-press,icon,NONE,left_of,cart,NONE
copy text above the first email,copy,text,NONE,above,first email,NONE
paste text to the left of the home,paste,text,NONE,left_of,home,NONE
copy yellow text below the address,copy,text,yellow,below,address,NONE
remove the 1st image to the left of the notifications,delete,image,NONE,left_of,notifications,1st
copy green text,copy,text,green,NONE,NONE,NONE
paste the 3rd text,paste,text,NONE,NONE,NONE,3rd
trash text to the right of the home,delete,text,NONE,right_of,home,NONE
press and hold text above the profile,long-press,text,NONE,above,profile,NONE
open button,open,button,NONE,NONE,NONE,NONE
remove purple button,delete,button,purple,NONE,NONE,NONE
delete text above the login,delete,text,NONE,above,login,NONE
press and hold icon below the checkout,long-press,icon,NONE,below,checkout,NONE
launch yellow button,open,button,yellow,NONE,NONE,NONE
copy the last text to the left of the profile,copy,text,NONE,left_of,profile,last
trash button next to the menu,delete,button,NONE,next_to,menu,NONE
launch icon above the login,open,icon,NONE,above,login,NONE
copy the 1st white text next to the home,copy,text,white,next_to,home,1st
tap gray button to the left of the login,tap,button,gray,left_of,login,NONE
copy text next to the last item,copy,text,NONE,next_to,last item,NONE
paste text to the left of the profile,paste,text,NONE,left_of,profile,NONE
paste black text to the right of the last item,paste,text,black,right_of,last item,NONE
copy text,copy,text,NONE,NONE,NONE,NONE
click the 1st icon to the left of the cart,click,icon,NONE,left_of,cart,1st
press the last button,click,button,NONE,NONE,NONE,last
trash image below the first email,delete,image,NONE,below,first email,NONE
delete image to the right of the cart,delete,image,NONE,right_of,cart,NONE
click on text above the login,click,text,NONE,above,login,NONE
remove the last image next to the settings,delete,image,NONE,next_to,settings,last
remove the 2nd text,delete,text,NONE,NONE,NONE,2nd
copy text above the settings,copy,text,NONE,above,settings,NONE
scroll to text,scroll,text,NONE,NONE,NONE,NONE
select red icon to the left of the address,click,icon,red,left_of,address,NONE
scroll down to green tab below the first email,scroll,tab,green,below,first email,NONE
remove the 3rd button above the payment,delete,button,NONE,above,payment,3rd
paste text,paste,text,NONE,NONE,NONE,NONE
click on red checkbox,click,checkbox,red,NONE,NONE,NONE
select switch,click,switch,NONE,NONE,NONE,NONE
tap tab to the right of the first email,tap,tab,NONE,right_of,first email,NONE
scroll to purple text to the right of the first email,scroll,text,purple,right_of,first email,NONE
scroll down to the 3rd tab next to the checkout,scroll,tab,NONE,next_to,checkout,3rd
copy yellow text to the left of the address,copy,text,yellow,left_of,address,NONE
paste the 2nd orange text to the left of the menu,paste,text,orange,left_of,menu,2nd
tap green checkbox,tap,checkbox,green,NONE,NONE,NONE
tap button to the right of the last item,tap,button,NONE,right_of,last item,NONE
launch the 3rd white tab,open,tab,white,NONE,NONE,3rd
trash button above the address,delete,button,NONE,above,address,NONE
tap on pink link next to the first email,tap,link,pink,next_to,first email,NONE
click link below the home,click,link,NONE,below,home,NONE
scroll down to tab to the left of the address,scroll,tab,NONE,left_of,address,NONE
open tab above the help,open,tab,NONE,above,help,NONE
paste text below the profile,paste,text,NONE,below,profile,NONE
long-press image to the right of the login,long-press,image,NONE,right_of,login,NONE
copy text next to the profile,copy,text,NONE,next_to,profile,NONE
tap link to the left of the checkout,tap,link,NONE,left_of,checkout,NONE
paste text below the help,paste,text,NONE,below,help,NONE
paste white text to the right of the last item,paste,text,white,right_of,last item,NONE
long-press button to the left of the first email,long-press,button,NONE,left_of,first email,NONE
press and hold icon,long-press,icon,NONE,NONE,NONE,NONE
long-press icon above the menu,long-press,icon,NONE,above,menu,NONE
launch the 3rd button,open,button,NONE,NONE,NONE,3rd
tap on switch,tap,switch,NONE,NONE,NONE,NONE
scroll to menu,scroll,menu,NONE,NONE,NONE,NONE
launch the 3rd icon above the notifications,open,icon,NONE,above,notifications,3rd
click switch above the profile,click,switch,NONE,above,profile,NONE
open button below the help,open,button,NONE,below,help,NONE
press green icon to the right of the help,click,icon,green,right_of,help,NONE
tap on button to the right of the settings,tap,button,NONE,right_of,settings,NONE
tap on button to the right of the help,tap,button,NONE,right_of,help,NONE
launch yellow link above the cart,open,link,yellow,above,cart,NONE
copy text above the notifications,copy,text,NONE,above,notifications,NONE
long-press black text to the left of the address,long-press,text,black,left_of,address,NONE
remove button above the settings,delete,button,NONE,above,settings,NONE
remove image to the right of the search,delete,image,NONE,right_of,search,NONE
scroll down to black tab,scroll,tab,black,NONE,NONE,NONE
press and hold the 3rd icon to the right of the menu,long-press,icon,NONE,right_of,menu,3rd
delete green button to the left of the settings,delete,button,green,left_of,settings,NONE
launch tab,open,tab,NONE,NONE,NONE,NONE
click purple icon,click,icon,purple,NONE,NONE,NONE
tap the 2nd checkbox,tap,checkbox,NONE,NONE,NONE,2nd
copy text,copy,text,NONE,NONE,NONE,NONE
scroll to the 2nd gray tab to the right of the last item,scroll,tab,gray,right_of,last item,2nd
copy pink text above the help,copy,text,pink,above,help,NONE
copy text below the search,copy,text,NONE,below,search,NONE
copy text to the right of the wi-fi,copy,text,NONE,right_of,wi-fi,NONE
scroll to pink menu above the payment,scroll,menu,pink,above,payment,NONE
open white link,open,link,white,NONE,NONE,NONE
copy text,copy,text,NONE,NONE,NONE,NONE
copy the 3rd purple text,copy,text,purple,NONE,NONE,3rd
click checkbox,click,checkbox,NONE,NONE,NONE,NONE
paste gray text,paste,text,gray,NONE,NONE,NONE
tap on checkbox,tap,checkbox,NONE,NONE,NONE,NONE
paste text,paste,text,NONE,NONE,NONE,NONE
trash button above the help,delete,button,NONE,above,help,NONE
copy the 2nd text below the wi-fi,copy,text,NONE,below,wi-fi,2nd
delete the 1st red image,delete,image,red,NONE,NONE,1st
tap link,tap,link,NONE,NONE,NONE,NONE
copy text,copy,text,NONE,NONE,NONE,NONE
trash the 2nd text above the profile,delete,text,NONE,above,profile,2nd
trash the 3rd button,delete,button,NONE,NONE,NONE,3rd
remove the 3rd image,delete,image,NONE,NONE,NONE,3rd
copy the 1st purple text,copy,text,purple,NONE,NONE,1st
press the 1st purple image,click,image,purple,NONE,NONE,1st
paste the 1st text to the right of the help,paste,text,NONE,right_of,help,1st
paste text next to the checkout,paste,text,NONE,next_to,checkout,NONE
open yellow icon below the search,open,icon,yellow,below,search,NONE
open pink button below the notifications,open,button,pink,below,notifications,NONE
delete the 1st button to the left of the help,delete,button,NONE,left_of,help,1st
scroll down to tab,scroll,tab,NONE,NONE,NONE,NONE
scroll to menu to the right of the login,scroll,menu,NONE,right_of,login,NONE
launch icon,open,icon,NONE,NONE,NONE,NONE
press and hold icon,long-press,icon,NONE,NONE,NONE,NONE
long-press pink image next to the payment,long-press,image,pink,next_to,payment,NONE
open menu to the left of the settings,open,menu,NONE,left_of,settings,NONE
launch button,open,button,NONE,NONE,NONE,NONE
copy text to the left of the payment,copy,text,NONE,left_of,payment,NONE
remove the 2nd image to the left of the settings,delete,image,NONE,left_of,settings,2nd
paste orange text,paste,text,orange,NONE,NONE,NONE
scroll down to the 3rd orange menu above the home,scroll,menu,orange,above,home,3rd
trash red image above the notifications,delete,image,red,above,notifications,NONE
launch menu,open,menu,NONE,NONE,NONE,NONE
scroll down to blue menu to the right of the address,scroll,menu,blue,right_of,address,NONE
launch button,open,button,NONE,NONE,NONE,NONE
press checkbox below the notifications,click,checkbox,NONE,below,notifications,NONE
copy the 3rd text,copy,text,NONE,NONE,NONE,3rd
copy text above the notifications,copy,text,NONE,above,notifications,NONE
delete image below the wi-fi,delete,image,NONE,below,wi-fi,NONE
launch the 3rd gray button to the right of the settings,open,button,gray,right_of,settings,3rd
paste the 3rd text next to the settings,paste,text,NONE,next_to,settings,3rd
launch the last tab to the right of the settings,open,tab,NONE,right_of,settings,last
launch the 3rd link,open,link,NONE,NONE,NONE,3rd
open tab,open,tab,NONE,NONE,NONE,NONE
trash the 1st gray text above the help,delete,text,gray,above,help,1st
paste text below the profile,paste,text,NONE,below,profile,NONE
open purple tab,open,tab,purple,NONE,NONE,NONE
tap on red button,tap,button,red,NONE,NONE,NONE
launch tab,open,tab,NONE,NONE,NONE,NONE
tap on link to the left of the settings,tap,link,NONE,left_of,settings,NONE
press and hold icon above the checkout,long-press,icon,NONE,above,checkout,NONE
scroll to text to the left of the menu,scroll,text,NONE,left_of,menu,NONE
copy blue text,copy,text,blue,NONE,NONE,NONE
click the 2nd orange switch,click,switch,orange,NONE,NONE,2nd
select the 1st green text to the left of the wi-fi,click,text,green,left_of,wi-fi,1st
click on the 3rd green link to the right of the wi-fi,click,link,green,right_of,wi-fi,3rd
trash gray text,delete,text,gray,NONE,NONE,NONE
remove text to the left of the wi-fi,delete,text,NONE,left_of,wi-fi,NONE
scroll down to the last gray text,scroll,text,gray,NONE,NONE,last
press and hold gray button above the menu,long-press,button,gray,above,menu,NONE
tap on purple button to the left of the settings,tap,button,purple,left_of,settings,NONE
long-press button above the cart,long-press,button,NONE,above,cart,NONE
press and hold purple text,long-press,text,purple,NONE,NONE,NONE
tap the 1st purple switch above the notifications,tap,switch,purple,above,notifications,1st
scroll to the 3rd gray tab below the menu,scroll,tab,gray,below,menu,3rd
press and hold blue image,long-press,image,blue,NONE,NONE,NONE
click switch to the left of the wi-fi,click,switch,NONE,left_of,wi-fi,NONE
paste the 2nd text above the notifications,paste,text,NONE,above,notifications,2nd
paste white text above the profile,paste,text,white,above,profile,NONE
open icon next to the cart,open,icon,NONE,next_to,cart,NONE
click link,click,link,NONE,NONE,NONE,NONE
click text,click,text,NONE,NONE,NONE,NONE
remove image to the left of the cart,delete,image,NONE,left_of,cart,NONE
click the 2nd black text,click,text,black,NONE,NONE,2nd
scroll down to white text below the cart,scroll,text,white,below,cart,NONE
paste text below the last item,paste,text,NONE,below,last item,NONE
tap link,tap,link,NONE,NONE,NONE,NONE
open menu to the left of the wi-fi,open,menu,NONE,left_of,wi-fi,NONE
tap button to the right of the checkout,tap,button,NONE,right_of,checkout,NONE
scroll down to pink tab to the left of the payment,scroll,tab,pink,left_of,payment,NONE
launch link above the home,open,link,NONE,above,home,NONE
copy the 3rd orange text to the left of the notifications,copy,text,orange,left_of,notifications,3rd
remove gray button to the right of the last item,delete,button,gray,right_of,last item,NONE
scroll to the 2nd text below the last item,scroll,text,NONE,below,last item,2nd
press and hold image,long-press,image,NONE,NONE,NONE,NONE
open the 2nd menu,open,menu,NONE,NONE,NONE,2nd
scroll down to the last menu to the left of the wi-fi,scroll,menu,NONE,left_of,wi-fi,last
scroll to gray menu to the right of the help,scroll,menu,gray,right_of,help,NONE
open white tab to the right of the address,open,tab,white,right_of,address,NONE
paste text above the home,paste,text,NONE,above,home,NONE
scroll to menu,scroll,menu,NONE,NONE,NONE,NONE
remove button,delete,button,NONE,NONE,NONE,NONE
tap on the 2nd checkbox,tap,checkbox,NONE,NONE,NONE,2nd
tap on pink link below the first email,tap,link,pink,below,first email,NONE
long-press yellow button next to the settings,long-press,button,yellow,next_to,settings,NONE
press and hold the 1st button to the left of the first email,long-press,button,NONE,left_of,first email,1st
scroll to orange text to the left of the login,scroll,text,orange,left_of,login,NONE
press image to the left of the cart,click,image,NONE,left_of,cart,NONE
launch menu,open,menu,NONE,NONE,NONE,NONE
click on switch above the help,click,switch,NONE,above,help,NONE
scroll down to black text next to the settings,scroll,text,black,next_to,settings,NONE
tap tab below the checkout,tap,tab,NONE,below,checkout,NONE
tap on blue switch to the right of the checkout,tap,switch,blue,right_of,checkout,NONE
scroll to menu to the right of the menu,scroll,menu,NONE,right_of,menu,NONE
scroll down to black text next to the last item,scroll,text,black,next_to,last item,NONE
open the last red button above the home,open,button,red,above,home,last
open pink tab above the last item,open,tab,pink,above,last item,NONE
delete the 1st image to the left of the help,delete,image,NONE,left_of,help,1st
paste text,paste,text,NONE,NONE,NONE,NONE
trash text below the settings,delete,text,NONE,below,settings,NONE
copy text below the checkout,copy,text,NONE,below,checkout,NONE
tap on icon,tap,icon,NONE,NONE,NONE,NONE
remove button next to the payment,delete,button,NONE,next_to,payment,NONE
scroll down to the 3rd purple text next to the profile,scroll,text,purple,next_to,profile,3rd
press and hold orange image next to the address,long-press,image,orange,next_to,address,NONE
remove gray button to the right of the notifications,delete,button,gray,right_of,notifications,NONE
click on tab next to the search,click,tab,NONE,next_to,search,NONE
remove text,delete,text,NONE,NONE,NONE,NONE
copy the last text,copy,text,NONE,NONE,NONE,last
copy the 2nd text below the address,copy,text,NONE,below,address,2nd
tap blue checkbox to the left of the home,tap,checkbox,blue,left_of,home,NONE
launch gray button,open,button,gray,NONE,NONE,NONE
tap switch above the settings,tap,switch,NONE,above,settings,NONE
delete button,delete,button,NONE,NONE,NONE,NONE
delete black image,delete,image,black,NONE,NONE,NONE
tap white checkbox below the wi-fi,tap,checkbox,white,below,wi-fi,NONE
press and hold pink button,long-press,button,pink,NONE,NONE,NONE
launch icon above the wi-fi,open,icon,NONE,above,wi-fi,NONE
tap on the 2nd switch next to the payment,tap,switch,NONE,next_to,payment,2nd
launch the 1st tab to the left of the settings,open,tab,NONE,left_of,settings,1st
click green icon below the first email,click,icon,green,below,first email,NONE
paste text,paste,text,NONE,NONE,NONE,NONE
click on link to the right of the profile,click,link,NONE,right_of,profile,NONE
scroll down to the 1st text to the right of the cart,scroll,text,NONE,right_of,cart,1st
press and hold button,long-press,button,NONE,NONE,NONE,NONE
open button to the right of the first email,open,button,NONE,right_of,first email,NONE
paste text,paste,text,NONE,NONE,NONE,NONE
copy text to the left of the cart,copy,text,NONE,left_of,cart,NONE
tap on red switch,tap,switch,red,NONE,NONE,NONE
launch black tab next to the settings,open,tab,black,next_to,settings,NONE
remove text,delete,text,NONE,NONE,NONE,NONE
paste text to the left of the profile,paste,text,NONE,left_of,profile,NONE
select the 1st tab,click,tab,NONE,NONE,NONE,1st
scroll to pink text,scroll,text,pink,NONE,NONE,NONE
scroll down to menu,scroll,menu,NONE,NONE,NONE,NONE
delete the last image above the first email,delete,image,NONE,above,first email,last
copy text,copy,text,NONE,NONE,NONE,NONE
delete text,delete,text,NONE,NONE,NONE,NONE
paste text to the left of the payment,paste,text,NONE,left_of,payment,NONE
copy text to the left of the wi-fi,copy,text,NONE,left_of,wi-fi,NONE
copy text to the left of the login,copy,text,NONE,left_of,login,NONE
scroll to menu below the wi-fi,scroll,menu,NONE,below,wi-fi,NONE
click on link to the right of the profile,click,link,NONE,right_of,profile,NONE
launch the 1st icon above the home,open,icon,NONE,above,home,1st
press and hold image to the right of the home,long-press,image,NONE,right_of,home,NONE
tap checkbox,tap,checkbox,NONE,NONE,NONE,NONE
scroll to yellow tab to the right of the profile,scroll,tab,yellow,right_of,profile,NONE
copy text,copy,text,NONE,NONE,NONE,NONE
launch orange icon,open,icon,orange,NONE,NONE,NONE
paste text,paste,text,NONE,NONE,NONE,NONE
press and hold yellow icon below the help,long-press,icon,yellow,below,help,NONE
paste green text to the right of the search,paste,text,green,right_of,search,NONE
delete yellow image to the left of the menu,delete,image,yellow,left_of,menu,NONE
select gray switch,click,switch,gray,NONE,NONE,NONE
tap on the 1st red switch next to the menu,tap,switch,red,next_to,menu,1st
delete the last button,delete,button,NONE,NONE,NONE,last
tap link below the menu,tap,link,NONE,below,menu,NONE
copy text to the left of the help,copy,text,NONE,left_of,help,NONE
copy the 3rd red text next to the home,copy,text,red,next_to,home,3rd
open the 2nd icon below the settings,open,icon,NONE,below,settings,2nd
scroll down to yellow text to the right of the wi-fi,scroll,text,yellow,right_of,wi-fi,NONE
select blue link,click,link,blue,NONE,NONE,NONE
scroll to gray menu below the checkout,scroll,menu,gray,below,checkout,NONE
click the 2nd button to the right of the payment,click,button,NONE,right_of,payment,2nd
paste text below the wi-fi,paste,text,NONE,below,wi-fi,NONE
trash button below the menu,delete,button,NONE,below,menu,NONE
paste text above the payment,paste,text,NONE,above,payment,NONE
open button,open,button,NONE,NONE,NONE,NONE
tap tab to the left of the address,tap,tab,NONE,left_of,address,NONE
tap the 2nd button to the left of the login,tap,button,NONE,left_of,login,2nd
copy the 3rd text,copy,text,NONE,NONE,NONE,3rd
tap the 1st link above the help,tap,link,NONE,above,help,1st
click red image above the login,click,image,red,above,login,NONE
press and hold button to the right of the address,long-press,button,NONE,right_of,address,NONE
delete button,delete,button,NONE,NONE,NONE,NONE
scroll down to text,scroll,text,NONE,NONE,NONE,NONE
tap the 3rd switch below the settings,tap,switch,NONE,below,settings,3rd
trash the 3rd green text above the first email,delete,text,green,above,first email,3rd
scroll down to black tab to the left of the checkout,scroll,tab,black,left_of,checkout,NONE
paste orange text to the left of the first email,paste,text,orange,left_of,first email,NONE
launch pink link above the first email,open,link,pink,above,first email,NONE
copy text,copy,text,NONE,NONE,NONE,NONE
copy the 2nd orange text below the search,copy,text,orange,below,search,2nd
tap the 2nd checkbox next to the cart,tap,checkbox,NONE,next_to,cart,2nd
scroll down to the last orange menu,scroll,menu,orange,NONE,NONE,last
scroll to white menu to the left of the notifications,scroll,menu,white,left_of,notifications,NONE
tap checkbox below the settings,tap,checkbox,NONE,below,settings,NONE
click black text below the last item,click,text,black,below,last item,NONE
remove red image,delete,image,red,NONE,NONE,NONE
open the 1st orange link next to the checkout,open,link,orange,next_to,checkout,1st
tap switch,tap,switch,NONE,NONE,NONE,NONE
click tab next to the address,click,tab,NONE,next_to,address,NONE
press text to the left of the settings,click,text,NONE,left_of,settings,NONE
trash the last button,delete,button,NONE,NONE,NONE,last
remove text,delete,text,NONE,NONE,NONE,NONE
paste text to the left of the login,paste,text,NONE,left_of,login,NONE
copy text,copy,text,NONE,NONE,NONE,NONE
tap gray switch to the right of the checkout,tap,switch,gray,right_of,checkout,NONE
paste the last yellow text above the settings,paste,text,yellow,above,settings,last
open icon below the notifications,open,icon,NONE,below,notifications,NONE
paste text,paste,text,NONE,NONE,NONE,NONE
tap checkbox below the home,tap,checkbox,NONE,below,home,NONE
scroll down to tab above the home,scroll,tab,NONE,above,home,NONE
trash the last image,delete,image,NONE,NONE,NONE,last
tap checkbox to the right of the profile,tap,checkbox,NONE,right_of,profile,NONE
press and hold purple text,long-press,text,purple,NONE,NONE,NONE
long-press image,long-press,image,NONE,NONE,NONE,NONE
paste text to the right of the notifications,paste,text,NONE,right_of,notifications,NONE
click on gray tab,click,tab,gray,NONE,NONE,NONE
trash button to the left of the wi-fi,delete,button,NONE,left_of,wi-fi,NONE
copy the 2nd text to the left of the help,copy,text,NONE,left_of,help,2nd
press orange switch below the last item,click,switch,orange,below,last item,NONE
long-press text next to the last item,long-press,text,NONE,next_to,last item,NONE
launch tab below the address,open,tab,NONE,below,address,NONE
delete purple button to the left of the checkout,delete,button,purple,left_of,checkout,NONE
paste text next to the help,paste,text,NONE,next_to,help,NONE
press icon to the right of the wi-fi,click,icon,NONE,right_of,wi-fi,NONE
copy text to the left of the menu,copy,text,NONE,left_of,menu,NONE
paste text,paste,text,NONE,NONE,NONE,NONE
press and hold image,long-press,image,NONE,NONE,NONE,NONE
trash image to the right of the menu,delete,image,NONE,right_of,menu,NONE
paste orange text,paste,text,orange,NONE,NONE,NONE
copy text to the right of the help,copy,text,NONE,right_of,help,NONE
tap the 1st button,tap,button,NONE,NONE,NONE,1st
copy text below the address,copy,text,NONE,below,address,NONE
press and hold white image to the left of the help,long-press,image,white,left_of,help,NONE
tap on black checkbox,tap,checkbox,black,NONE,NONE,NONE
delete text,delete,text,NONE,NONE,NONE,NONE
remove green button,delete,button,green,NONE,NONE,NONE
long-press icon to the right of the menu,long-press,icon,NONE,right_of,menu,NONE
open the 3rd purple button to the left of the help,open,button,purple,left_of,help,3rd
paste the 2nd yellow text to the left of the wi-fi,paste,text,yellow,left_of,wi-fi,2nd
scroll down to white text to the left of the settings,scroll,text,white,left_of,settings,NONE
long-press button to the right of the payment,long-press,button,NONE,right_of,payment,NONE
launch menu above the menu,open,menu,NONE,above,menu,NONE
copy green text above the payment,copy,text,green,above,payment,NONE
press and hold the last green image,long-press,image,green,NONE,NONE,last
launch orange button,open,button,orange,NONE,NONE,NONE
paste text below the settings,paste,text,NONE,below,settings,NONE
click black switch,click,switch,black,NONE,NONE,NONE
copy the 1st gray text below the checkout,copy,text,gray,below,checkout,1st
scroll down to text above the checkout,scroll,text,NONE,above,checkout,NONE
trash green text above the last item,delete,text,green,above,last item,NONE
scroll down to the 3rd menu,scroll,menu,NONE,NONE,NONE,3rd
trash the last black text next to the notifications,delete,text,black,next_to,notifications,last
trash text,delete,text,NONE,NONE,NONE,NONE
copy white text below the address,copy,text,white,below,address,NONE
long-press image,long-press,image,NONE,NONE,NONE,NONE
open blue menu,open,menu,blue,NONE,NONE,NONE
copy green text below the payment,copy,text,green,below,payment,NONE
press the 3rd gray icon above the help,click,icon,gray,above,help,3rd
scroll down to white text,scroll,text,white,NONE,NONE,NONE
copy text,copy,text,NONE,NONE,NONE,NONE
delete gray image to the right of the profile,delete,image,gray,right_of,profile,NONE
press purple checkbox below the help,click,checkbox,purple,below,help,NONE
press orange link above the help,click,link,orange,above,help,NONE
press and hold the 1st yellow image,long-press,image,yellow,NONE,NONE,1st
paste the 3rd text next to the search,paste,text,NONE,next_to,search,3rd
tap on the 3rd checkbox,tap,checkbox,NONE,NONE,NONE,3rd
delete green image,delete,image,green,NONE,NONE,NONE
launch the 2nd black tab to the left of the cart,open,tab,black,left_of,cart,2nd
remove purple image,delete,image,purple,NONE,NONE,NONE
launch menu above the search,open,menu,NONE,above,search,NONE
click the 1st pink link to the left of the menu,click,link,pink,left_of,menu,1st
paste text,paste,text,NONE,NONE,NONE,NONE
press and hold the last image below the payment,long-press,image,NONE,below,payment,last
tap link,tap,link,NONE,NONE,NONE,NONE
copy text next to the settings,copy,text,NONE,next_to,settings,NONE
long-press text,long-press,text,NONE,NONE,NONE,NONE
scroll to menu,scroll,menu,NONE,NONE,NONE,NONE
long-press icon,long-press,icon,NONE,NONE,NONE,NONE
open link next to the address,open,link,NONE,next_to,address,NONE
open the last purple menu next to the last item,open,menu,purple,next_to,last item,last
long-press button above the home,long-press,button,NONE,above,home,NONE
paste text above the settings,paste,text,NONE,above,settings,NONE
open pink icon next to the last item,open,icon,pink,next_to,last item,NONE
scroll down to text,scroll,text,NONE,NONE,NONE,NONE
click on tab to the right of the payment,click,tab,NONE,right_of,payment,NONE
click on black checkbox to the right of the cart,click,checkbox,black,right_of,cart,NONE
click on blue link to the right of the payment,click,link,blue,right_of,payment,NONE
scroll down to menu below the menu,scroll,menu,NONE,below,menu,NONE
click on pink button above the notifications,click,button,pink,above,notifications,NONE
tap on checkbox,tap,checkbox,NONE,NONE,NONE,NONE
remove button next to the last item,delete,button,NONE,next_to,last item,NONE
paste red text above the settings,paste,text,red,above,settings,NONE
click the last icon,click,icon,NONE,NONE,NONE,last
long-press the 1st button to the right of the checkout,long-press,button,NONE,right_of,checkout,1st
press and hold gray image,long-press,image,gray,NONE,NONE,NONE
paste the last text next to the profile,paste,text,NONE,next_to,profile,last
scroll to the 1st text below the menu,scroll,text,NONE,below,menu,1st
press and hold the last text,long-press,text,NONE,NONE,NONE,last
paste text above the cart,paste,text,NONE,above,cart,NONE
trash the 1st image above the address,delete,image,NONE,above,address,1st
launch the 3rd menu below the checkout,open,menu,NONE,below,checkout,3rd
select yellow checkbox next to the checkout,click,checkbox,yellow,next_to,checkout,NONE
launch tab above the payment,open,tab,NONE,above,payment,NONE
delete the last pink text,delete,text,pink,NONE,NONE,last
click on switch below the payment,click,switch,NONE,below,payment,NONE
scroll to purple menu,scroll,menu,purple,NONE,NONE,NONE
scroll to the 1st purple text next to the settings,scroll,text,purple,next_to,settings,1st
click yellow tab to the left of the checkout,click,tab,yellow,left_of,checkout,NONE
remove image,delete,image,NONE,NONE,NONE,NONE
copy text,copy,text,NONE,NONE,NONE,NONE
tap on link next to the home,tap,link,NONE,next_to,home,NONE
trash green text next to the checkout,delete,text,green,next_to,checkout,NONE
click blue icon above the first email,click,icon,blue,above,first email,NONE
tap on checkbox,tap,checkbox,NONE,NONE,NONE,NONE
copy text,copy,text,NONE,NONE,NONE,NONE
tap the 1st link,tap,link,NONE,NONE,NONE,1st
paste text below the address,paste,text,NONE,below,address,NONE
paste red text to the right of the checkout,paste,text,red,right_of,checkout,NONE
tap tab to the right of the help,tap,tab,NONE,right_of,help,NONE
long-press image,long-press,image,NONE,NONE,NONE,NONE
click orange switch below the checkout,click,switch,orange,below,checkout,NONE
copy text above the settings,copy,text,NONE,above,settings,NONE
copy text below the wi-fi,copy,text,NONE,below,wi-fi,NONE
click button above the address,click,button,NONE,above,address,NONE
copy white text,copy,text,white,NONE,NONE,NONE
select link to the left of the login,click,link,NONE,left_of,login,NONE
tap the last blue icon above the login,tap,icon,blue,above,login,last
copy the 2nd text,copy,text,NONE,NONE,NONE,2nd
long-press button,long-press,button,NONE,NONE,NONE,NONE
copy purple text,copy,text,purple,NONE,NONE,NONE
scroll to text to the right of the login,scroll,text,NONE,right_of,login,NONE
paste purple text to the right of the address,paste,text,purple,right_of,address,NONE
copy text below the payment,copy,text,NONE,below,payment,NONE
delete image above the help,delete,image,NONE,above,help,NONE
press gray text,click,text,gray,NONE,NONE,NONE
paste the 3rd text to the right of the help,paste,text,NONE,right_of,help,3rd
copy text to the right of the first email,copy,text,NONE,right_of,first email,NONE
paste the 3rd text,paste,text,NONE,NONE,NONE,3rd
scroll to the 3rd tab to the left of the checkout,scroll,tab,NONE,left_of,checkout,3rd
remove orange image,delete,image,orange,NONE,NONE,NONE
open the 1st tab,open,tab,NONE,NONE,NONE,1st
long-press the 1st orange text next to the notifications,long-press,text,orange,next_to,notifications,1st
paste purple text to the left of the cart,paste,text,purple,left_of,cart,NONE
copy black text to the right of the settings,copy,text,black,right_of,settings,NONE
copy the last white text to the right of the notifications,copy,text,white,right_of,notifications,last
copy the 3rd pink text above the last item,copy,text,pink,above,last item,3rd
tap black button to the left of the last item,tap,button,black,left_of,last item,NONE
press and hold icon,long-press,icon,NONE,NONE,NONE,NONE
copy red text above the home,copy,text,red,above,home,NONE
scroll down to text below the wi-fi,scroll,text,NONE,below,wi-fi,NONE
scroll down to tab,scroll,tab,NONE,NONE,NONE,NONE
select blue switch,click,switch,blue,NONE,NONE,NONE
click checkbox,click,checkbox,NONE,NONE,NONE,NONE
paste text,paste,text,NONE,NONE,NONE,NONE
scroll down to the 2nd menu,scroll,menu,NONE,NONE,NONE,2nd
paste black text,paste,text,black,NONE,NONE,NONE
press the 3rd tab,click,tab,NONE,NONE,NONE,3rd
tap on the last tab,tap,tab,NONE,NONE,NONE,last
tap on switch,tap,switch,NONE,NONE,NONE,NONE
tap the last button above the wi-fi,tap,button,NONE,above,wi-fi,last
remove white image next to the last item,delete,image,white,next_to,last item,NONE
scroll down to the 3rd text above the profile,scroll,text,NONE,above,profile,3rd
open tab to the right of the wi-fi,open,tab,NONE,right_of,wi-fi,NONE
select the 2nd text to the right of the home,click,text,NONE,right_of,home,2nd
select icon,click,icon,NONE,NONE,NONE,NONE
tap icon to the right of the wi-fi,tap,icon,NONE,right_of,wi-fi,NONE
copy text,copy,text,NONE,NONE,NONE,NONE
tap on button above the last item,tap,button,NONE,above,last item,NONE
paste text to the right of the wi-fi,paste,text,NONE,right_of,wi-fi,NONE
open menu,open,menu,NONE,NONE,NONE,NONE
tap the 2nd blue icon,tap,icon,blue,NONE,NONE,2nd
paste text above the help,paste,text,NONE,above,help,NONE
long-press the 1st text above the address,long-press,text,NONE,above,address,1st
remove white text to the right of the cart,delete,text,white,right_of,cart,NONE
launch the last tab,open,tab,NONE,NONE,NONE,last
paste text next to the last item,paste,text,NONE,next_to,last item,NONE
press switch,click,switch,NONE,NONE,NONE,NONE
paste the 1st text,paste,text,NONE,NONE,NONE,1st
tap on red switch,tap,switch,red,NONE,NONE,NONE
tap on button,tap,button,NONE,NONE,NONE,NONE
select button,click,button,NONE,NONE,NONE,NONE
tap checkbox above the address,tap,checkbox,NONE,above,address,NONE
open yellow menu,open,menu,yellow,NONE,NONE,NONE
remove gray button,delete,button,gray,NONE,NONE,NONE
remove yellow button next to the last item,delete,button,yellow,next_to,last item,NONE
scroll down to pink text,scroll,text,pink,NONE,NONE,NONE
tap on icon to the left of the wi-fi,tap,icon,NONE,left_of,wi-fi,NONE
press and hold button above the notifications,long-press,button,NONE,above,notifications,NONE
copy text below the notifications,copy,text,NONE,below,notifications,NONE
click on black button to the left of the address,click,button,black,left_of,address,NONE
press icon to the left of the checkout,click,icon,NONE,left_of,checkout,NONE
scroll to purple tab to the left of the search,scroll,tab,purple,left_of,search,NONE
press and hold the last text below the settings,long-press,text,NONE,below,settings,last
paste the 3rd text to the right of the profile,paste,text,NONE,right_of,profile,3rd
open the 2nd icon to the right of the cart,open,icon,NONE,right_of,cart,2nd
copy text next to the settings,copy,text,NONE,next_to,settings,NONE
paste text to the right of the settings,paste,text,NONE,right_of,settings,NONE
copy orange text above the login,copy,text,orange,above,login,NONE
remove text to the left of the login,delete,text,NONE,left_of,login,NONE
copy the 2nd text below the profile,copy,text,NONE,below,profile,2nd
copy the last text,copy,text,NONE,NONE,NONE,last
open pink tab to the right of the search,open,tab,pink,right_of,search,NONE
click the 2nd icon,click,icon,NONE,NONE,NONE,2nd
scroll to text next to the first email,scroll,text,NONE,next_to,first email,NONE
paste purple text next to the help,paste,text,purple,next_to,help,NONE
paste the last text to the right of the search,paste,text,NONE,right_of,search,last
trash text above the first email,delete,text,NONE,above,first email,NONE
paste the 3rd blue text,paste,text,blue,NONE,NONE,3rd
scroll to text,scroll,text,NONE,NONE,NONE,NONE
long-press the last blue image to the left of the wi-fi,long-press,image,blue,left_of,wi-fi,last
delete image next to the checkout,delete,image,NONE,next_to,checkout,NONE
tap on link to the right of the payment,tap,link,NONE,right_of,payment,NONE
launch menu next to the payment,open,menu,NONE,next_to,payment,NONE
open black button,open,button,black,NONE,NONE,NONE
tap on icon below the last item,tap,icon,NONE,below,last item,NONE
tap link below the checkout,tap,link,NONE,below,checkout,NONE
tap white checkbox to the right of the menu,tap,checkbox,white,right_of,menu,NONE
press and hold text,long-press,text,NONE,NONE,NONE,NONE
scroll to pink tab next to the help,scroll,tab,pink,next_to,help,NONE
open link next to the last item,open,link,NONE,next_to,last item,NONE
tap on blue switch to the left of the checkout,tap,switch,blue,left_of,checkout,NONE
trash the 3rd text to the left of the checkout,delete,text,NONE,left_of,checkout,3rd
paste text,paste,text,NONE,NONE,NONE,NONE
delete button to the left of the help,delete,button,NONE,left_of,help,NONE
copy the 1st orange text,copy,text,orange,NONE,NONE,1st
press and hold icon,long-press,icon,NONE,NONE,NONE,NONE
long-press the 3rd orange text next to the cart,long-press,text,orange,next_to,cart,3rd
copy the 2nd text to the right of the login,copy,text,NONE,right_of,login,2nd
select the 1st red tab below the first email,click,tab,red,below,first email,1st
copy text above the payment,copy,text,NONE,above,payment,NONE
open red tab,open,tab,red,NONE,NONE,NONE
copy text next to the login,copy,text,NONE,next_to,login,NONE
trash button to the right of the notifications,delete,button,NONE,right_of,notifications,NONE
click on the last orange switch to the left of the home,click,switch,orange,left_of,home,last
click the 2nd checkbox to the right of the wi-fi,click,checkbox,NONE,right_of,wi-fi,2nd
scroll down to pink tab to the right of the address,scroll,tab,pink,right_of,address,NONE
scroll to text below the first email,scroll,text,NONE,below,first email,NONE
paste the 1st black text,paste,text,black,NONE,NONE,1st
trash button next to the wi-fi,delete,button,NONE,next_to,wi-fi,NONE
paste text above the home,paste,text,NONE,above,home,NONE
scroll to text,scroll,text,NONE,NONE,NONE,NONE
long-press button below the address,long-press,button,NONE,below,address,NONE
press and hold the 1st text,long-press,text,NONE,NONE,NONE,1st
press and hold the 2nd purple text,long-press,text,purple,NONE,NONE,2nd
copy text to the left of the profile,copy,text,NONE,left_of,profile,NONE
copy text,copy,text,NONE,NONE,NONE,NONE
select purple text,click,text,purple,NONE,NONE,NONE
press the 1st icon to the left of the notifications,click,icon,NONE,left_of,notifications,1st
delete the 3rd black button above the last item,delete,button,black,above,last item,3rd
tap on red button next to the settings,tap,button,red,next_to,settings,NONE
paste gray text below the search,paste,text,gray,below,search,NONE
long-press the 1st white button to the right of the search,long-press,button,white,right_of,search,1st
tap on tab to the left of the payment,tap,tab,NONE,left_of,payment,NONE
remove button,delete,button,NONE,NONE,NONE,NONE
copy text below the wi-fi,copy,text,NONE,below,wi-fi,NONE
copy red text next to the first email,copy,text,red,next_to,first email,NONE
tap switch to the left of the last item,tap,switch,NONE,left_of,last item,NONE
copy text below the notifications,copy,text,NONE,below,notifications,NONE
launch green link below the wi-fi,open,link,green,below,wi-fi,NONE
click the 1st orange switch,click,switch,orange,NONE,NONE,1st
copy text,copy,text,NONE,NONE,NONE,NONE
tap on switch,tap,switch,NONE,NONE,NONE,NONE
select checkbox below the profile,click,checkbox,NONE,below,profile,NONE
tap on yellow checkbox next to the payment,tap,checkbox,yellow,next_to,payment,NONE
tap on switch to the left of the first email,tap,switch,NONE,left_of,first email,NONE
tap on the 3rd button,tap,button,NONE,NONE,NONE,3rd
select red text,click,text,red,NONE,NONE,NONE
click orange text,click,text,orange,NONE,NONE,NONE
trash button to the right of the payment,delete,button,NONE,right_of,payment,NONE
long-press orange text to the left of the payment,long-press,text,orange,left_of,payment,NONE
scroll to orange tab to the right of the checkout,scroll,tab,orange,right_of,checkout,NONE
tap on link,tap,link,NONE,NONE,NONE,NONE
press link next to the menu,click,link,NONE,next_to,menu,NONE
press text,click,text,NONE,NONE,NONE,NONE
paste red text to the right of the home,paste,text,red,right_of,home,NONE
paste text to the right of the notifications,paste,text,NONE,right_of,notifications,NONE
copy purple text to the left of the settings,copy,text,purple,left_of,settings,NONE
paste gray text above the payment,paste,text,gray,above,payment,NONE
click on green checkbox,click,checkbox,green,NONE,NONE,NONE
launch icon,open,icon,NONE,NONE,NONE,NONE
paste the 2nd text above the cart,paste,text,NONE,above,cart,2nd
paste the 3rd pink text above the cart,paste,text,pink,above,cart,3rd
press and hold the last button,long-press,button,NONE,NONE,NONE,last
open link to the left of the search,open,link,NONE,left_of,search,NONE
tap tab,tap,tab,NONE,NONE,NONE,NONE
trash text,delete,text,NONE,NONE,NONE,NONE
tap switch below the menu,tap,switch,NONE,below,menu,NONE
open pink tab to the right of the payment,open,tab,pink,right_of,payment,NONE
copy orange text next to the checkout,copy,text,orange,next_to,checkout,NONE
delete the 3rd gray text,delete,text,gray,NONE,NONE,3rd
copy orange text below the checkout,copy,text,orange,below,checkout,NONE
copy text next to the login,copy,text,NONE,next_to,login,NONE
tap on link above the notifications,tap,link,NONE,above,notifications,NONE
click on text,click,text,NONE,NONE,NONE,NONE
open menu next to the cart,open,menu,NONE,next_to,cart,NONE
tap on orange icon to the left of the menu,tap,icon,orange,left_of,menu,NONE
tap on the 1st tab next to the login,tap,tab,NONE,next_to,login,1st
launch the 3rd gray menu,open,menu,gray,NONE,NONE,3rd
press button,click,button,NONE,NONE,NONE,NONE
scroll to menu above the address,scroll,menu,NONE,above,address,NONE
open button,open,button,NONE,NONE,NONE,NONE
remove button,delete,button,NONE,NONE,NONE,NONE
tap on the 1st black button below the payment,tap,button,black,below,payment,1st
scroll down to purple menu to the right of the last item,scroll,menu,purple,right_of,last item,NONE
copy text below the first email,copy,text,NONE,below,first email,NONE
copy pink text,copy,text,pink,NONE,NONE,NONE
trash text above the settings,delete,text,NONE,above,settings,NONE
scroll down to tab to the left of the login,scroll,tab,NONE,left_of,login,NONE
tap checkbox,tap,checkbox,NONE,NONE,NONE,NONE
paste the 3rd text to the left of the notifications,paste,text,NONE,left_of,notifications,3rd
scroll to the 1st orange menu,scroll,menu,orange,NONE,NONE,1st
select text to the right of the first email,click,text,NONE,right_of,first email,NONE
long-press orange icon,long-press,icon,orange,NONE,NONE,NONE
click on the 3rd text to the left of the search,click,text,NONE,left_of,search,3rd
delete button,delete,button,NONE,NONE,NONE,NONE
select white tab next to the help,click,tab,white,next_to,help,NONE
open the 1st button next to the search,open,button,NONE,next_to,search,1st
press tab to the right of the notifications,click,tab,NONE,right_of,notifications,NONE
trash image below the wi-fi,delete,image,NONE,below,wi-fi,NONE
press and hold the 3rd button,long-press,button,NONE,NONE,NONE,3rd
press and hold red icon above the address,long-press,icon,red,above,address,NONE
press blue switch to the left of the menu,click,switch,blue,left_of,menu,NONE
scroll to text,scroll,text,NONE,NONE,NONE,NONE
copy the 2nd red text,copy,text,red,NONE,NONE,2nd
trash button,delete,button,NONE,NONE,NONE,NONE
trash text below the settings,delete,text,NONE,below,settings,NONE
select tab below the profile,click,tab,NONE,below,profile,NONE
scroll down to menu,scroll,menu,NONE,NONE,NONE,NONE
paste text,paste,text,NONE,NONE,NONE,NONE
scroll down to the 1st tab to the left of the login,scroll,tab,NONE,left_of,login,1st
scroll to tab to the right of the menu,scroll,tab,NONE,right_of,menu,NONE
launch button to the right of the menu,open,button,NONE,right_of,menu,NONE
launch the 1st button to the right of the login,open,button,NONE,right_of,login,1st
tap checkbox above the address,tap,checkbox,NONE,above,address,NONE
trash text,delete,text,NONE,NONE,NONE,NONE
scroll to tab above the address,scroll,tab,NONE,above,address,NONE
copy yellow text,copy,text,yellow,NONE,NONE,NONE
press and hold pink text,long-press,text,pink,NONE,NONE,NONE
long-press button,long-press,button,NONE,NONE,NONE,NONE
copy text above the payment,copy,text,NONE,above,payment,NONE
open purple menu next to the last item,open,menu,purple,next_to,last item,NONE
tap the 2nd orange switch above the payment,tap,switch,orange,above,payment,2nd
long-press the 2nd text,long-press,text,NONE,NONE,NONE,2nd
tap on switch,tap,switch,NONE,NONE,NONE,NONE
paste text below the home,paste,text,NONE,below,home,NONE
remove the 2nd green button,delete,button,green,NONE,NONE,2nd
tap on the last switch below the address,tap,switch,NONE,below,address,last
press and hold icon,long-press,icon,NONE,NONE,NONE,NONE
copy the 1st purple text,copy,text,purple,NONE,NONE,1st
long-press white icon above the settings,long-press,icon,white,above,settings,NONE
press and hold the 3rd button,long-press,button,NONE,NONE,NONE,3rd
click on gray text below the first email,click,text,gray,below,first email,NONE
scroll down to the last purple menu,scroll,menu,purple,NONE,NONE,last
remove the last button next to the home,delete,button,NONE,next_to,home,last
select the last link above the wi-fi,click,link,NONE,above,wi-fi,last
press and hold the 3rd icon to the right of the notifications,long-press,icon,NONE,right_of,notifications,3rd
scroll down to text below the home,scroll,text,NONE,below,home,NONE
tap the 3rd black icon above the wi-fi,tap,icon,black,above,wi-fi,3rd
trash image above the address,delete,image,NONE,above,address,NONE
remove button,delete,button,NONE,NONE,NONE,NONE
delete button to the left of the wi-fi,delete,button,NONE,left_of,wi-fi,NONE
tap on link,tap,link,NONE,NONE,NONE,NONE
copy text to the right of the payment,copy,text,NONE,right_of,payment,NONE
long-press button,long-press,button,NONE,NONE,NONE,NONE
long-press the 2nd red icon above the help,long-press,icon,red,above,help,2nd
scroll to purple text,scroll,text,purple,NONE,NONE,NONE
long-press black text above the last item,long-press,text,black,above,last item,NONE
copy text to the right of the address,copy,text,NONE,right_of,address,NONE
paste text,paste,text,NONE,NONE,NONE,NONE
tap on pink icon above the notifications,tap,icon,pink,above,notifications,NONE
tap the 2nd blue checkbox,tap,checkbox,blue,NONE,NONE,2nd
launch the 3rd button above the wi-fi,open,button,NONE,above,wi-fi,3rd
click button to the left of the notifications,click,button,NONE,left_of,notifications,NONE
press the 2nd text,click,text,NONE,NONE,NONE,2nd
paste text below the first email,paste,text,NONE,below,first email,NONE
press the 3rd image,click,image,NONE,NONE,NONE,3rd
tap icon to the left of the help,tap,icon,NONE,left_of,help,NONE
copy text to the left of the help,copy,text,NONE,left_of,help,NONE
delete white image next to the payment,delete,image,white,next_to,payment,NONE
press and hold purple text to the right of the menu,long-press,text,purple,right_of,menu,NONE
paste text next to the address,paste,text,NONE,next_to,address,NONE
open menu above the address,open,menu,NONE,above,address,NONE
remove button below the address,delete,button,NONE,below,address,NONE
press and hold text above the notifications,long-press,text,NONE,above,notifications,NONE
remove button to the left of the payment,delete,button,NONE,left_of,payment,NONE
open the 2nd yellow link,open,link,yellow,NONE,NONE,2nd
copy the last yellow text next to the search,copy,text,yellow,next_to,search,last
paste text next to the profile,paste,text,NONE,next_to,profile,NONE
tap on red icon above the cart,tap,icon,red,above,cart,NONE
remove image below the notifications,delete,image,NONE,below,notifications,NONE
tap icon,tap,icon,NONE,NONE,NONE,NONE
press and hold the last white text,long-press,text,white,NONE,NONE,last
delete the 2nd black image next to the help,delete,image,black,next_to,help,2nd
press and hold button,long-press,button,NONE,NONE,NONE,NONE
copy text next to the search,copy,text,NONE,next_to,search,NONE
delete the 1st button,delete,button,NONE,NONE,NONE,1st
paste the 2nd text to the right of the login,paste,text,NONE,right_of,login,2nd
scroll to yellow menu,scroll,menu,yellow,NONE,NONE,NONE
copy text,copy,text,NONE,NONE,NONE,NONE
paste text,paste,text,NONE,NONE,NONE,NONE
press pink tab,click,tab,pink,NONE,NONE,NONE
copy gray text to the right of the first email,copy,text,gray,right_of,first email,NONE
press and hold yellow text next to the payment,long-press,text,yellow,next_to,payment,NONE
tap checkbox below the search,tap,checkbox,NONE,below,search,NONE
remove text to the left of the last item,delete,text,NONE,left_of,last item,NONE
scroll to the 3rd purple tab to the left of the first email,scroll,tab,purple,left_of,first email,3rd
long-press button next to the cart,long-press,button,NONE,next_to,cart,NONE
click on the 3rd image next to the address,click,image,NONE,next_to,address,3rd
trash red text,delete,text,red,NONE,NONE,NONE
tap on tab,tap,tab,NONE,NONE,NONE,NONE
copy purple text to the right of the payment,copy,text,purple,right_of,payment,NONE
scroll to white text next to the login,scroll,text,white,next_to,login,NONE
paste text,paste,text,NONE,NONE,NONE,NONE
scroll to the 1st black menu,scroll,menu,black,NONE,NONE,1st
copy text below the home,copy,text,NONE,below,home,NONE
press and hold pink text to the left of the payment,long-press,text,pink,left_of,payment,NONE
copy the 3rd text,copy,text,NONE,NONE,NONE,3rd
press and hold the 2nd text to the left of the cart,long-press,text,NONE,left_of,cart,2nd
paste text below the help,paste,text,NONE,below,help,NONE
click purple link to the left of the login,click,link,purple,left_of,login,NONE
select blue checkbox to the left of the help,click,checkbox,blue,left_of,help,NONE
copy text to the right of the payment,copy,text,NONE,right_of,payment,NONE
copy the 3rd orange text,copy,text,orange,NONE,NONE,3rd
copy text next to the search,copy,text,NONE,next_to,search,NONE
select yellow switch,click,switch,yellow,NONE,NONE,NONE
click button,click,button,NONE,NONE,NONE,NONE
scroll down to tab to the left of the menu,scroll,tab,NONE,left_of,menu,NONE
select pink checkbox,click,checkbox,pink,NONE,NONE,NONE
launch button next to the home,open,button,NONE,next_to,home,NONE
tap on switch below the settings,tap,switch,NONE,below,settings,NONE
click on white switch next to the payment,click,switch,white,next_to,payment,NONE
scroll to the 2nd menu above the login,scroll,menu,NONE,above,login,2nd
scroll to menu above the home,scroll,menu,NONE,above,home,NONE
copy black text,copy,text,black,NONE,NONE,NONE
long-press text,long-press,text,NONE,NONE,NONE,NONE
copy the 3rd yellow text,copy,text,yellow,NONE,NONE,3rd
paste the last red text above the payment,paste,text,red,above,payment,last
open the 2nd purple button,open,button,purple,NONE,NONE,2nd
scroll to text,scroll,text,NONE,NONE,NONE,NONE
copy text,copy,text,NONE,NONE,NONE,NONE
click button below the search,click,button,NONE,below,search,NONE
remove red button,delete,button,red,NONE,NONE,NONE
open the 2nd gray menu next to the first email,open,menu,gray,next_to,first email,2nd
paste blue text,paste,text,blue,NONE,NONE,NONE
long-press pink image,long-press,image,pink,NONE,NONE,NONE
scroll to blue tab above the login,scroll,tab,blue,above,login,NONE
open the last button to the left of the help,open,button,NONE,left_of,help,last
select purple button below the login,click,button,purple,below,login,NONE
paste text,paste,text,NONE,NONE,NONE,NONE
open the 3rd icon to the left of the search,open,icon,NONE,left_of,search,3rd
open link below the notifications,open,link,NONE,below,notifications,NONE
open menu to the left of the help,open,menu,NONE,left_of,help,NONE
remove the last purple image,delete,image,purple,NONE,NONE,last
copy the 2nd white text,copy,text,white,NONE,NONE,2nd
click on image,click,image,NONE,NONE,NONE,NONE
copy orange text above the help,copy,text,orange,above,help,NONE
press and hold the last text above the home,long-press,text,NONE,above,home,last
launch green menu,open,menu,green,NONE,NONE,NONE
open the 2nd icon above the menu,open,icon,NONE,above,menu,2nd
paste text to the right of the login,paste,text,NONE,right_of,login,NONE
tap on link,tap,link,NONE,NONE,NONE,NONE
open the 2nd link,open,link,NONE,NONE,NONE,2nd
paste black text above the payment,paste,text,black,above,payment,NONE
launch menu below the home,open,menu,NONE,below,home,NONE
press white text,click,text,white,NONE,NONE,NONE
copy gray text next to the home,copy,text,gray,next_to,home,NONE
copy the 3rd green text,copy,text,green,NONE,NONE,3rd
paste the 2nd text,paste,text,NONE,NONE,NONE,2nd
select the 3rd checkbox below the last item,click,checkbox,NONE,below,last item,3rd
click black tab below the search,click,tab,black,below,search,NONE
press and hold button to the right of the home,long-press,button,NONE,right_of,home,NONE
paste text,paste,text,NONE,NONE,NONE,NONE
click the 2nd text to the right of the profile,click,text,NONE,right_of,profile,2nd
scroll down to the last text,scroll,text,NONE,NONE,NONE,last
trash the last text below the last item,delete,text,NONE,below,last item,last
click on checkbox next to the menu,click,checkbox,NONE,next_to,menu,NONE
click icon above the wi-fi,click,icon,NONE,above,wi-fi,NONE
press switch,click,switch,NONE,NONE,NONE,NONE
paste the 2nd text,paste,text,NONE,NONE,NONE,2nd
copy text,copy,text,NONE,NONE,NONE,NONE
open link,open,link,NONE,NONE,NONE,NONE
tap icon,tap,icon,NONE,NONE,NONE,NONE
copy text,copy,text,NONE,NONE,NONE,NONE
trash button next to the search,delete,button,NONE,next_to,search,NONE
tap on link,tap,link,NONE,NONE,NONE,NONE
scroll to red tab above the profile,scroll,tab,red,above,profile,NONE
open button to the right of the checkout,open,button,NONE,right_of,checkout,NONE
press the 2nd image below the notifications,click,image,NONE,below,notifications,2nd
paste text,paste,text,NONE,NONE,NONE,NONE
paste the last text above the first email,paste,text,NONE,above,first email,last
long-press image above the payment,long-press,image,NONE,above,payment,NONE
press the last icon,click,icon,NONE,NONE,NONE,last
press and hold the last image above the notifications,long-press,image,NONE,above,notifications,last
trash text to the right of the search,delete,text,NONE,right_of,search,NONE
tap tab,tap,tab,NONE,NONE,NONE,NONE
remove the 2nd yellow text below the payment,delete,text,yellow,below,payment,2nd
paste the last text,paste,text,NONE,NONE,NONE,last
copy the last yellow text below the settings,copy,text,yellow,below,settings,last
select link next to the settings,click,link,NONE,next_to,settings,NONE
paste the last text,paste,text,NONE,NONE,NONE,last
scroll down to menu above the payment,scroll,menu,NONE,above,payment,NONE
copy the last text below the first email,copy,text,NONE,below,first email,last
scroll down to pink tab to the right of the settings,scroll,tab,pink,right_of,settings,NONE
scroll down to text to the right of the checkout,scroll,text,NONE,right_of,checkout,NONE
trash button next to the notifications,delete,button,NONE,next_to,notifications,NONE
paste text,paste,text,NONE,NONE,NONE,NONE
paste black text below the first email,paste,text,black,below,first email,NONE
scroll to the 2nd black tab to the left of the login,scroll,tab,black,left_of,login,2nd
tap on switch,tap,switch,NONE,NONE,NONE,NONE
paste the 3rd text,paste,text,NONE,NONE,NONE,3rd
select yellow text below the home,click,text,yellow,below,home,NONE
paste text to the left of the notifications,paste,text,NONE,left_of,notifications,NONE
click on image to the left of the settings,click,image,NONE,left_of,settings,NONE
delete pink text above the settings,delete,text,pink,above,settings,NONE
remove the 3rd text to the left of the first email,delete,text,NONE,left_of,first email,3rd
trash the last text above the checkout,delete,text,NONE,above,checkout,last
scroll down to the 2nd menu to the right of the search,scroll,menu,NONE,right_of,search,2nd
tap on tab next to the home,tap,tab,NONE,next_to,home,NONE
copy yellow text below the login,copy,text,yellow,below,login,NONE
launch gray icon to the left of the cart,open,icon,gray,left_of,cart,NONE
tap blue switch next to the notifications,tap,switch,blue,next_to,notifications,NONE
trash the last image above the payment,delete,image,NONE,above,payment,last
tap switch above the search,tap,switch,NONE,above,search,NONE
press the 1st gray button above the address,click,button,gray,above,address,1st
launch the 3rd gray tab next to the login,open,tab,gray,next_to,login,3rd
paste the 2nd green text,paste,text,green,NONE,NONE,2nd
press and hold image above the last item,long-press,image,NONE,above,last item,NONE
paste text to the right of the checkout,paste,text,NONE,right_of,checkout,NONE
paste red text,paste,text,red,NONE,NONE,NONE
open menu to the right of the address,open,menu,NONE,right_of,address,NONE
copy text next to the payment,copy,text,NONE,next_to,payment,NONE
paste orange text above the wi-fi,paste,text,orange,above,wi-fi,NONE
launch button to the right of the help,open,button,NONE,right_of,help,NONE
open blue menu to the left of the payment,open,menu,blue,left_of,payment,NONE
scroll to the 1st menu,scroll,menu,NONE,NONE,NONE,1st
long-press text to the left of the help,long-press,text,NONE,left_of,help,NONE
scroll down to text,scroll,text,NONE,NONE,NONE,NONE
launch link below the address,open,link,NONE,below,address,NONE
long-press black image next to the cart,long-press,image,black,next_to,cart,NONE
launch the 1st orange icon next to the notifications,open,icon,orange,next_to,notifications,1st
copy green text above the notifications,copy,text,green,above,notifications,NONE
long-press the 3rd black button next to the notifications,long-press,button,black,next_to,notifications,3rd
copy text above the payment,copy,text,NONE,above,payment,NONE
scroll to tab,scroll,tab,NONE,NONE,NONE,NONE
scroll down to tab to the left of the payment,scroll,tab,NONE,left_of,payment,NONE
tap on the 2nd link,tap,link,NONE,NONE,NONE,2nd
scroll to the 2nd orange tab to the right of the settings,scroll,tab,orange,right_of,settings,2nd
tap orange tab below the notifications,tap,tab,orange,below,notifications,NONE
press the 1st switch,click,switch,NONE,NONE,NONE,1st
press red text,click,text,red,NONE,NONE,NONE
long-press icon above the checkout,long-press,icon,NONE,above,checkout,NONE
paste text,paste,text,NONE,NONE,NONE,NONE
tap on button to the right of the cart,tap,button,NONE,right_of,cart,NONE
tap on the 2nd button above the cart,tap,button,NONE,above,cart,2nd
click purple text above the cart,click,text,purple,above,cart,NONE
copy text below the address,copy,text,NONE,below,address,NONE
tap on link,tap,link,NONE,NONE,NONE,NONE
launch gray menu to the right of the checkout,open,menu,gray,right_of,checkout,NONE
remove button to the left of the checkout,delete,button,NONE,left_of,checkout,NONE
paste text to the right of the home,paste,text,NONE,right_of,home,NONE
scroll down to text to the left of the menu,scroll,text,NONE,left_of,menu,NONE
paste the 2nd text below the wi-fi,paste,text,NONE,below,wi-fi,2nd
launch pink menu,open,menu,pink,NONE,NONE,NONE
scroll to menu next to the search,scroll,menu,NONE,next_to,search,NONE
press and hold the 2nd image,long-press,image,NONE,NONE,NONE,2nd
long-press the last image,long-press,image,NONE,NONE,NONE,last
press and hold icon to the right of the last item,long-press,icon,NONE,right_of,last item,NONE
launch link above the home,open,link,NONE,above,home,NONE
delete text to the left of the menu,delete,text,NONE,left_of,menu,NONE
scroll to gray menu to the right of the cart,scroll,menu,gray,right_of,cart,NONE
copy text,copy,text,NONE,NONE,NONE,NONE
press and hold image,long-press,image,NONE,NONE,NONE,NONE
tap the 1st checkbox to the right of the search,tap,checkbox,NONE,right_of,search,1st
press and hold icon next to the address,long-press,icon,NONE,next_to,address,NONE
scroll down to menu,scroll,menu,NONE,NONE,NONE,NONE
tap on white button to the left of the payment,tap,button,white,left_of,payment,NONE
long-press icon to the left of the payment,long-press,icon,NONE,left_of,payment,NONE
copy text below the address,copy,text,NONE,below,address,NONE
tap on the 3rd tab to the left of the home,tap,tab,NONE,left_of,home,3rd
scroll to blue tab below the payment,scroll,tab,blue,below,payment,NONE
paste the 2nd text above the profile,paste,text,NONE,above,profile,2nd
scroll down to the 1st red text next to the cart,scroll,text,red,next_to,cart,1st
trash image to the left of the settings,delete,image,NONE,left_of,settings,NONE
trash the 1st image below the notifications,delete,image,NONE,below,notifications,1st
tap checkbox,tap,checkbox,NONE,NONE,NONE,NONE
select gray checkbox to the right of the cart,click,checkbox,gray,right_of,cart,NONE
scroll to tab,scroll,tab,NONE,NONE,NONE,NONE
remove button,delete,button,NONE,NONE,NONE,NONE
scroll down to text to the left of the notifications,scroll,text,NONE,left_of,notifications,NONE
scroll to the 1st menu below the cart,scroll,menu,NONE,below,cart,1st
copy the 3rd text below the menu,copy,text,NONE,below,menu,3rd
tap on the 1st icon,tap,icon,NONE,NONE,NONE,1st
tap the 3rd purple checkbox to the right of the home,tap,checkbox,purple,right_of,home,3rd
long-press purple button below the notifications,long-press,button,purple,below,notifications,NONE
press and hold button next to the login,long-press,button,NONE,next_to,login,NONE
press and hold button below the address,long-press,button,NONE,below,address,NONE
tap checkbox to the left of the menu,tap,checkbox,NONE,left_of,menu,NONE
copy text,copy,text,NONE,NONE,NONE,NONE
press and hold green button,long-press,button,green,NONE,NONE,NONE
remove green button,delete,button,green,NONE,NONE,NONE
copy gray text above the login,copy,text,gray,above,login,NONE
click on the 3rd switch next to the checkout,click,switch,NONE,next_to,checkout,3rd
trash button,delete,button,NONE,NONE,NONE,NONE
scroll to the last menu to the right of the last item,scroll,menu,NONE,right_of,last item,last
paste yellow text to the right of the last item,paste,text,yellow,right_of,last item,NONE
long-press text below the checkout,long-press,text,NONE,below,checkout,NONE
paste green text,paste,text,green,NONE,NONE,NONE
scroll down to red menu to the right of the last item,scroll,menu,red,right_of,last item,NONE
press and hold the last text to the right of the login,long-press,text,NONE,right_of,login,last
paste text below the wi-fi,paste,text,NONE,below,wi-fi,NONE
tap the 3rd icon to the left of the address,tap,icon,NONE,left_of,address,3rd
remove the 3rd image,delete,image,NONE,NONE,NONE,3rd
press and hold gray icon,long-press,icon,gray,NONE,NONE,NONE
tap on the 2nd checkbox to the left of the help,tap,checkbox,NONE,left_of,help,2nd
trash image above the last item,delete,image,NONE,above,last item,NONE
launch orange icon next to the first email,open,icon,orange,next_to,first email,NONE
scroll to the 2nd white tab above the profile,scroll,tab,white,above,profile,2nd
paste purple text above the settings,paste,text,purple,above,settings,NONE
tap on icon to the left of the payment,tap,icon,NONE,left_of,payment,NONE
open tab to the right of the last item,open,tab,NONE,right_of,last item,NONE
scroll to blue text above the cart,scroll,text,blue,above,cart,NONE
launch icon,open,icon,NONE,NONE,NONE,NONE
paste the 3rd yellow text,paste,text,yellow,NONE,NONE,3rd
press the last checkbox next to the notifications,click,checkbox,NONE,next_to,notifications,last
paste purple text above the help,paste,text,purple,above,help,NONE
tap on checkbox,tap,checkbox,NONE,NONE,NONE,NONE
copy text to the right of the payment,copy,text,NONE,right_of,payment,NONE
tap on switch above the home,tap,switch,NONE,above,home,NONE
tap checkbox to the left of the notifications,tap,checkbox,NONE,left_of,notifications,NONE
press the 1st image below the home,click,image,NONE,below,home,1st
paste text below the notifications,paste,text,NONE,below,notifications,NONE
tap on orange link to the right of the settings,tap,link,orange,right_of,settings,NONE
tap on gray switch to the right of the cart,tap,switch,gray,right_of,cart,NONE
launch button,open,button,NONE,NONE,NONE,NONE
launch purple icon to the right of the payment,open,icon,purple,right_of,payment,NONE
paste the 1st text to the left of the cart,paste,text,NONE,left_of,cart,1st
click image above the home,click,image,NONE,above,home,NONE
press tab below the login,click,tab,NONE,below,login,NONE
scroll down to orange menu,scroll,menu,orange,NONE,NONE,NONE
copy blue text to the left of the profile,copy,text,blue,left_of,profile,NONE
paste green text next to the address,paste,text,green,next_to,address,NONE
launch link,open,link,NONE,NONE,NONE,NONE
long-press text to the left of the checkout,long-press,text,NONE,left_of,checkout,NONE
paste the last text above the first email,paste,text,NONE,above,first email,last
press tab to the right of the last item,click,tab,NONE,right_of,last item,NONE
trash the last yellow image,delete,image,yellow,NONE,NONE,last
tap the 1st tab to the right of the checkout,tap,tab,NONE,right_of,checkout,1st
scroll down to the 1st tab,scroll,tab,NONE,NONE,NONE,1st
copy text,copy,text,NONE,NONE,NONE,NONE
paste yellow text below the login,paste,text,yellow,below,login,NONE
launch button above the checkout,open,button,NONE,above,checkout,NONE
copy gray text above the first email,copy,text,gray,above,first email,NONE
select the 2nd image below the profile,click,image,NONE,below,profile,2nd
scroll to the 2nd tab below the search,scroll,tab,NONE,below,search,2nd
paste black text above the checkout,paste,text,black,above,checkout,NONE
paste purple text to the left of the login,paste,text,purple,left_of,login,NONE
paste text next to the first email,paste,text,NONE,next_to,first email,NONE
tap the 2nd yellow checkbox below the home,tap,checkbox,yellow,below,home,2nd
paste text,paste,text,NONE,NONE,NONE,NONE
paste text below the payment,paste,text,NONE,below,payment,NONE
tap yellow icon,tap,icon,yellow,NONE,NONE,NONE
paste text next to the notifications,paste,text,NONE,next_to,notifications,NONE
paste the 3rd orange text,paste,text,orange,NONE,NONE,3rd
trash text below the settings,delete,text,NONE,below,settings,NONE
scroll to yellow menu to the left of the settings,scroll,menu,yellow,left_of,settings,NONE
click text to the right of the settings,click,text,NONE,right_of,settings,NONE
launch menu above the search,open,menu,NONE,above,search,NONE
press and hold gray text next to the cart,long-press,text,gray,next_to,cart,NONE
tap on switch,tap,switch,NONE,NONE,NONE,NONE
tap tab to the right of the home,tap,tab,NONE,right_of,home,NONE
press and hold image to the left of the address,long-press,image,NONE,left_of,address,NONE
paste the last text next to the login,paste,text,NONE,next_to,login,last
tap link,tap,link,NONE,NONE,NONE,NONE
scroll down to tab to the right of the settings,scroll,tab,NONE,right_of,settings,NONE
open tab to the right of the profile,open,tab,NONE,right_of,profile,NONE
paste gray text to the right of the payment,paste,text,gray,right_of,payment,NONE
launch the 1st menu to the right of the home,open,menu,NONE,right_of,home,1st
open white tab,open,tab,white,NONE,NONE,NONE
open blue icon to the left of the checkout,open,icon,blue,left_of,checkout,NONE
remove the 3rd image to the right of the home,delete,image,NONE,right_of,home,3rd
paste red text to the right of the cart,paste,text,red,right_of,cart,NONE
long-press the 3rd white image below the profile,long-press,image,white,below,profile,3rd
remove image,delete,image,NONE,NONE,NONE,NONE
select the 2nd icon to the right of the home,click,icon,NONE,right_of,home,2nd
open icon to the right of the cart,open,icon,NONE,right_of,cart,NONE
delete image to the left of the last item,delete,image,NONE,left_of,last item,NONE
tap on link to the right of the address,tap,link,NONE,right_of,address,NONE
paste yellow text below the home,paste,text,yellow,below,home,NONE
open button,open,button,NONE,NONE,NONE,NONE
scroll to tab above the payment,scroll,tab,NONE,above,payment,NONE
click gray image to the left of the search,click,image,gray,left_of,search,NONE
copy white text to the left of the home,copy,text,white,left_of,home,NONE
scroll down to the 1st text next to the menu,scroll,text,NONE,next_to,menu,1st
open orange tab below the help,open,tab,orange,below,help,NONE
copy the 2nd text to the right of the login,copy,text,NONE,right_of,login,2nd
select blue link,click,link,blue,NONE,NONE,NONE
tap on green button to the right of the cart,tap,button,green,right_of,cart,NONE
paste text below the profile,paste,text,NONE,below,profile,NONE
scroll down to the 2nd tab above the wi-fi,scroll,tab,NONE,above,wi-fi,2nd
long-press black text above the help,long-press,text,black,above,help,NONE
copy text above the payment,copy,text,NONE,above,payment,NONE
tap purple icon below the home,tap,icon,purple,below,home,NONE
press and hold text next to the login,long-press,text,NONE,next_to,login,NONE
remove text to the right of the home,delete,text,NONE,right_of,home,NONE
long-press icon below the profile,long-press,icon,NONE,below,profile,NONE
click on link to the left of the menu,click,link,NONE,left_of,menu,NONE
scroll down to tab next to the payment,scroll,tab,NONE,next_to,payment,NONE
tap on the 1st red switch below the first email,tap,switch,red,below,first email,1st
scroll down to tab to the left of the cart,scroll,tab,NONE,left_of,cart,NONE
scroll down to orange text above the wi-fi,scroll,text,orange,above,wi-fi,NONE
scroll to red tab above the settings,scroll,tab,red,above,settings,NONE
tap on link below the login,tap,link,NONE,below,login,NONE
select link below the last item,click,link,NONE,below,last item,NONE
scroll to the 2nd menu next to the notifications,scroll,menu,NONE,next_to,notifications,2nd
trash the 3rd button next to the payment,delete,button,NONE,next_to,payment,3rd
tap the 1st checkbox,tap,checkbox,NONE,NONE,NONE,1st
scroll down to the last white menu next to the settings,scroll,menu,white,next_to,settings,last
press gray text,click,text,gray,NONE,NONE,NONE
trash black text to the right of the first email,delete,text,black,right_of,first email,NONE
press and hold image above the menu,long-press,image,NONE,above,menu,NONE
long-press the 2nd image,long-press,image,NONE,NONE,NONE,2nd
delete button,delete,button,NONE,NONE,NONE,NONE
scroll to menu below the payment,scroll,menu,NONE,below,payment,NONE
press tab above the checkout,click,tab,NONE,above,checkout,NONE
paste text next to the login,paste,text,NONE,next_to,login,NONE
remove image to the right of the wi-fi,delete,image,NONE,right_of,wi-fi,NONE
press text,click,text,NONE,NONE,NONE,NONE
tap on link below the first email,tap,link,NONE,below,first email,NONE
trash text,delete,text,NONE,NONE,NONE,NONE
open button,open,button,NONE,NONE,NONE,NONE
open button,open,button,NONE,NONE,NONE,NONE
scroll to text,scroll,text,NONE,NONE,NONE,NONE
paste text,paste,text,NONE,NONE,NONE,NONE
launch the 1st menu to the left of the last item,open,menu,NONE,left_of,last item,1st
tap on switch next to the last item,tap,switch,NONE,next_to,last item,NONE
paste text below the login,paste,text,NONE,below,login,NONE
copy gray text to the right of the first email,copy,text,gray,right_of,first email,NONE
tap on the 2nd pink link,tap,link,pink,NONE,NONE,2nd
press and hold icon next to the wi-fi,long-press,icon,NONE,next_to,wi-fi,NONE
launch the 3rd black link,open,link,black,NONE,NONE,3rd
open purple icon to the left of the cart,open,icon,purple,left_of,cart,NONE
tap the 2nd orange link next to the profile,tap,link,orange,next_to,profile,2nd
launch the last tab above the menu,open,tab,NONE,above,menu,last
copy the 1st orange text to the right of the help,copy,text,orange,right_of,help,1st
delete the last image below the home,delete,image,NONE,below,home,last
paste the last text next to the login,paste,text,NONE,next_to,login,last
copy text to the left of the home,copy,text,NONE,left_of,home,NONE
remove button,delete,button,NONE,NONE,NONE,NONE
scroll to the 1st tab to the right of the wi-fi,scroll,tab,NONE,right_of,wi-fi,1st
paste text to the left of the profile,paste,text,NONE,left_of,profile,NONE
press and hold black icon,long-press,icon,black,NONE,NONE,NONE
copy text next to the login,copy,text,NONE,next_to,login,NONE
launch the 3rd tab to the left of the menu,open,tab,NONE,left_of,menu,3rd
remove the 2nd image to the left of the checkout,delete,image,NONE,left_of,checkout,2nd
copy the 3rd red text above the search,copy,text,red,above,search,3rd
launch tab above the last item,open,tab,NONE,above,last item,NONE
tap on gray icon,tap,icon,gray,NONE,NONE,NONE
tap the 3rd tab next to the address,tap,tab,NONE,next_to,address,3rd
tap checkbox below the last item,tap,checkbox,NONE,below,last item,NONE
open pink button above the cart,open,button,pink,above,cart,NONE
scroll down to tab,scroll,tab,NONE,NONE,NONE,NONE
scroll down to the 2nd black tab to the left of the home,scroll,tab,black,left_of,home,2nd
copy text above the payment,copy,text,NONE,above,payment,NONE
open button,open,button,NONE,NONE,NONE,NONE
paste the 1st pink text,paste,text,pink,NONE,NONE,1st
paste text above the home,paste,text,NONE,above,home,NONE
copy text to the left of the login,copy,text,NONE,left_of,login,NONE
remove purple button above the settings,delete,button,purple,above,settings,NONE
remove text below the home,delete,text,NONE,below,home,NONE
scroll to text next to the settings,scroll,text,NONE,next_to,settings,NONE
scroll down to the 3rd red text to the left of the address,scroll,text,red,left_of,address,3rd
launch the 1st menu,open,menu,NONE,NONE,NONE,1st
remove text next to the login,delete,text,NONE,next_to,login,NONE
paste text,paste,text,NONE,NONE,NONE,NONE
remove the last image,delete,image,NONE,NONE,NONE,last
scroll down to text,scroll,text,NONE,NONE,NONE,NONE
paste the 1st text to the left of the first email,paste,text,NONE,left_of,first email,1st
press icon next to the settings,click,icon,NONE,next_to,settings,NONE
press green link to the right of the home,click,link,green,right_of,home,NONE
scroll down to the 2nd black tab next to the menu,scroll,tab,black,next_to,menu,2nd
tap the 3rd pink icon,tap,icon,pink,NONE,NONE,3rd
press and hold text below the menu,long-press,text,NONE,below,menu,NONE
launch blue link above the help,open,link,blue,above,help,NONE
press and hold the 3rd white image,long-press,image,white,NONE,NONE,3rd
scroll to the last text,scroll,text,NONE,NONE,NONE,last
tap on link below the checkout,tap,link,NONE,below,checkout,NONE
tap on link,tap,link,NONE,NONE,NONE,NONE
scroll to blue text to the right of the search,scroll,text,blue,right_of,search,NONE
click text next to the payment,click,text,NONE,next_to,payment,NONE
open yellow menu below the profile,open,menu,yellow,below,profile,NONE
paste white text,paste,text,white,NONE,NONE,NONE
paste gray text below the cart,paste,text,gray,below,cart,NONE
remove the last white text above the home,delete,text,white,above,home,last
scroll to the 2nd pink menu below the last item,scroll,menu,pink,below,last item,2nd
tap the 3rd red switch,tap,switch,red,NONE,NONE,3rd
paste red text below the home,paste,text,red,below,home,NONE
scroll down to menu,scroll,menu,NONE,NONE,NONE,NONE
paste text above the last item,paste,text,NONE,above,last item,NONE
press and hold image,long-press,image,NONE,NONE,NONE,NONE
paste blue text,paste,text,blue,NONE,NONE,NONE
remove the 3rd image next to the checkout,delete,image,NONE,next_to,checkout,3rd
open the 2nd icon to the right of the settings,open,icon,NONE,right_of,settings,2nd
long-press yellow image,long-press,image,yellow,NONE,NONE,NONE
paste the last text to the right of the home,paste,text,NONE,right_of,home,last
select yellow link,click,link,yellow,NONE,NONE,NONE
select orange switch to the right of the checkout,click,switch,orange,right_of,checkout,NONE
delete black text,delete,text,black,NONE,NONE,NONE
open green icon to the left of the notifications,open,icon,green,left_of,notifications,NONE
click on tab,click,tab,NONE,NONE,NONE,NONE
press and hold the 1st orange image above the first email,long-press,image,orange,above,first email,1st
paste text,paste,text,NONE,NONE,NONE,NONE
click on the 2nd icon below the help,click,icon,NONE,below,help,2nd
tap on pink tab below the first email,tap,tab,pink,below,first email,NONE
tap link to the left of the settings,tap,link,NONE,left_of,settings,NONE
long-press button to the right of the help,long-press,button,NONE,right_of,help,NONE
press and hold the 2nd image,long-press,image,NONE,NONE,NONE,2nd
remove yellow image,delete,image,yellow,NONE,NONE,NONE
tap the 2nd white link next to the checkout,tap,link,white,next_to,checkout,2nd
launch red button,open,button,red,NONE,NONE,NONE
scroll down to the 1st blue menu next to the search,scroll,menu,blue,next_to,search,1st
launch tab,open,tab,NONE,NONE,NONE,NONE
press and hold the 2nd pink button next to the cart,long-press,button,pink,next_to,cart,2nd
tap on gray icon to the right of the address,tap,icon,gray,right_of,address,NONE
delete image,delete,image,NONE,NONE,NONE,NONE
scroll down to black menu,scroll,menu,black,NONE,NONE,NONE
press and hold icon,long-press,icon,NONE,NONE,NONE,NONE
tap blue link,tap,link,blue,NONE,NONE,NONE
click on link below the settings,click,link,NONE,below,settings,NONE
remove the last pink button,delete,button,pink,NONE,NONE,last
long-press image to the right of the address,long-press,image,NONE,right_of,address,NONE
press gray button,click,button,gray,NONE,NONE,NONE
click on black icon next to the notifications,click,icon,black,next_to,notifications,NONE
tap on checkbox,tap,checkbox,NONE,NONE,NONE,NONE
copy the last gray text below the profile,copy,text,gray,below,profile,last
tap the 2nd icon to the right of the notifications,tap,icon,NONE,right_of,notifications,2nd
trash image to the right of the wi-fi,delete,image,NONE,right_of,wi-fi,NONE
press and hold image below the first email,long-press,image,NONE,below,first email,NONE
delete the last button,delete,button,NONE,NONE,NONE,last
tap switch above the settings,tap,switch,NONE,above,settings,NONE
press text,click,text,NONE,NONE,NONE,NONE
tap on the 3rd checkbox,tap,checkbox,NONE,NONE,NONE,3rd
click on link to the left of the menu,click,link,NONE,left_of,menu,NONE
copy text above the address,copy,text,NONE,above,address,NONE
tap the 2nd tab,tap,tab,NONE,NONE,NONE,2nd
paste text below the address,paste,text,NONE,below,address,NONE
open button below the search,open,button,NONE,below,search,NONE
trash text to the right of the search,delete,text,NONE,right_of,search,NONE
press and hold the 1st text,long-press,text,NONE,NONE,NONE,1st
launch icon to the right of the checkout,open,icon,NONE,right_of,checkout,NONE
tap on switch next to the first email,tap,switch,NONE,next_to,first email,NONE
click the 1st switch,click,switch,NONE,NONE,NONE,1st
long-press text to the left of the search,long-press,text,NONE,left_of,search,NONE
press checkbox below the address,click,checkbox,NONE,below,address,NONE
open pink tab above the wi-fi,open,tab,pink,above,wi-fi,NONE
tap the 2nd tab next to the notifications,tap,tab,NONE,next_to,notifications,2nd
click on icon,click,icon,NONE,NONE,NONE,NONE
trash the 3rd button below the settings,delete,button,NONE,below,settings,3rd
tap switch,tap,switch,NONE,NONE,NONE,NONE
launch icon next to the wi-fi,open,icon,NONE,next_to,wi-fi,NONE
scroll down to blue tab,scroll,tab,blue,NONE,NONE,NONE
open button next to the search,open,button,NONE,next_to,search,NONE
copy the 1st purple text to the left of the search,copy,text,purple,left_of,search,1st
delete the last button to the right of the login,delete,button,NONE,right_of,login,last
copy text,copy,text,NONE,NONE,NONE,NONE
launch orange icon,open,icon,orange,NONE,NONE,NONE
paste the 1st red text below the login,paste,text,red,below,login,1st
launch the last link above the wi-fi,open,link,NONE,above,wi-fi,last
long-press the 2nd image,long-press,image,NONE,NONE,NONE,2nd
trash image to the left of the settings,delete,image,NONE,left_of,settings,NONE
scroll to red text to the left of the first email,scroll,text,red,left_of,first email,NONE
paste the last text above the menu,paste,text,NONE,above,menu,last
paste text next to the notifications,paste,text,NONE,next_to,notifications,NONE
long-press image next to the checkout,long-press,image,NONE,next_to,checkout,NONE
copy text,copy,text,NONE,NONE,NONE,NONE
click black tab,click,tab,black,NONE,NONE,NONE
click on icon above the search,click,icon,NONE,above,search,NONE
delete image above the first email,delete,image,NONE,above,first email,NONE
paste text,paste,text,NONE,NONE,NONE,NONE
press and hold yellow icon,long-press,icon,yellow,NONE,NONE,NONE
remove the last image,delete,image,NONE,NONE,NONE,last
press and hold icon,long-press,icon,NONE,NONE,NONE,NONE
scroll to text,scroll,text,NONE,NONE,NONE,NONE
launch the last menu,open,menu,NONE,NONE,NONE,last
copy text next to the home,copy,text,NONE,next_to,home,NONE
paste text below the address,paste,text,NONE,below,address,NONE
tap switch below the profile,tap,switch,NONE,below,profile,NONE
tap pink icon,tap,icon,pink,NONE,NONE,NONE
copy green text above the first email,copy,text,green,above,first email,NONE
copy gray text to the left of the last item,copy,text,gray,left_of,last item,NONE
launch button to the right of the home,open,button,NONE,right_of,home,NONE
select the 3rd black image above the wi-fi,click,image,black,above,wi-fi,3rd
scroll to orange text above the last item,scroll,text,orange,above,last item,NONE
delete text below the search,delete,text,NONE,below,search,NONE
select button to the right of the checkout,click,button,NONE,right_of,checkout,NONE
paste the 1st orange text next to the checkout,paste,text,orange,next_to,checkout,1st
copy the 1st text to the left of the last item,copy,text,NONE,left_of,last item,1st
scroll to the last green menu,scroll,menu,green,NONE,NONE,last
launch blue menu to the left of the checkout,open,menu,blue,left_of,checkout,NONE
copy gray text next to the settings,copy,text,gray,next_to,settings,NONE
paste text,paste,text,NONE,NONE,NONE,NONE
long-press the 2nd red image to the right of the home,long-press,image,red,right_of,home,2nd
paste the 1st text below the first email,paste,text,NONE,below,first email,1st
paste black text to the left of the last item,paste,text,black,left_of,last item,NONE
tap on black button,tap,button,black,NONE,NONE,NONE
select switch,click,switch,NONE,NONE,NONE,NONE
press switch,click,switch,NONE,NONE,NONE,NONE
select tab,click,tab,NONE,NONE,NONE,NONE
open gray button below the profile,open,button,gray,below,profile,NONE
copy red text next to the first email,copy,text,red,next_to,first email,NONE
paste blue text,paste,text,blue,NONE,NONE,NONE
copy text,copy,text,NONE,NONE,NONE,NONE
copy text below the search,copy,text,NONE,below,search,NONE
delete green button next to the first email,delete,button,green,next_to,first email,NONE
paste the 1st yellow text above the last item,paste,text,yellow,above,last item,1st
remove blue text next to the cart,delete,text,blue,next_to,cart,NONE
trash button to the right of the help,delete,button,NONE,right_of,help,NONE
click on the 3rd tab above the address,click,tab,NONE,above,address,3rd
paste black text next to the notifications,paste,text,black,next_to,notifications,NONE
open orange link to the right of the search,open,link,orange,right_of,search,NONE
scroll down to blue menu to the left of the payment,scroll,menu,blue,left_of,payment,NONE
paste the last yellow text to the left of the cart,paste,text,yellow,left_of,cart,last
open the 1st icon next to the login,open,icon,NONE,next_to,login,1st
open the 1st icon,open,icon,NONE,NONE,NONE,1st
press and hold icon to the right of the notifications,long-press,icon,NONE,right_of,notifications,NONE
scroll down to the last text to the right of the help,scroll,text,NONE,right_of,help,last
paste text to the right of the wi-fi,paste,text,NONE,right_of,wi-fi,NONE
click green link to the right of the wi-fi,click,link,green,right_of,wi-fi,NONE
long-press the 3rd button,long-press,button,NONE,NONE,NONE,3rd
click green button next to the menu,click,button,green,next_to,menu,NONE
copy the 1st black text,copy,text,black,NONE,NONE,1st
press purple icon,click,icon,purple,NONE,NONE,NONE
scroll down to pink tab below the wi-fi,scroll,tab,pink,below,wi-fi,NONE
click white checkbox next to the wi-fi,click,checkbox,white,next_to,wi-fi,NONE
scroll down to the 2nd tab next to the checkout,scroll,tab,NONE,next_to,checkout,2nd
copy text to the left of the wi-fi,copy,text,NONE,left_of,wi-fi,NONE
scroll down to yellow tab to the right of the login,scroll,tab,yellow,right_of,login,NONE
launch icon next to the cart,open,icon,NONE,next_to,cart,NONE
long-press the 3rd icon above the login,long-press,icon,NONE,above,login,3rd
remove text,delete,text,NONE,NONE,NONE,NONE
paste text,paste,text,NONE,NONE,NONE,NONE
open icon to the right of the wi-fi,open,icon,NONE,right_of,wi-fi,NONE
select link above the payment,click,link,NONE,above,payment,NONE
click text to the left of the menu,click,text,NONE,left_of,menu,NONE
launch button above the home,open,button,NONE,above,home,NONE
launch the 2nd icon to the right of the notifications,open,icon,NONE,right_of,notifications,2nd
paste text,paste,text,NONE,NONE,NONE,NONE
paste green text next to the last item,paste,text,green,next_to,last item,NONE
tap on checkbox to the right of the login,tap,checkbox,NONE,right_of,login,NONE
press and hold text,long-press,text,NONE,NONE,NONE,NONE
paste text,paste,text,NONE,NONE,NONE,NONE
remove text above the profile,delete,text,NONE,above,profile,NONE
copy text,copy,text,NONE,NONE,NONE,NONE
remove yellow button next to the first email,delete,button,yellow,next_to,first email,NONE
copy text to the right of the home,copy,text,NONE,right_of,home,NONE
delete the 2nd black image,delete,image,black,NONE,NONE,2nd
scroll to gray menu below the checkout,scroll,menu,gray,below,checkout,NONE
launch black tab to the right of the notifications,open,tab,black,right_of,notifications,NONE
copy text,copy,text,NONE,NONE,NONE,NONE
copy the 2nd text next to the search,copy,text,NONE,next_to,search,2nd
scroll down to menu,scroll,menu,NONE,NONE,NONE,NONE
scroll down to menu to the left of the first email,scroll,menu,NONE,left_of,first email,NONE
remove text above the menu,delete,text,NONE,above,menu,NONE
long-press image to the left of the settings,long-press,image,NONE,left_of,settings,NONE
copy text to the left of the cart,copy,text,NONE,left_of,cart,NONE
remove button above the notifications,delete,button,NONE,above,notifications,NONE
click purple link next to the home,click,link,purple,next_to,home,NONE
long-press yellow button next to the cart,long-press,button,yellow,next_to,cart,NONE
tap on switch,tap,switch,NONE,NONE,NONE,NONE
press the 2nd icon,click,icon,NONE,NONE,NONE,2nd
tap the 2nd black switch to the left of the settings,tap,switch,black,left_of,settings,2nd
scroll down to tab,scroll,tab,NONE,NONE,NONE,NONE
long-press the 3rd image,long-press,image,NONE,NONE,NONE,3rd
press switch,click,switch,NONE,NONE,NONE,NONE
scroll to black tab,scroll,tab,black,NONE,NONE,NONE
copy the 1st green text,copy,text,green,NONE,NONE,1st
open tab,open,tab,NONE,NONE,NONE,NONE
select the last blue image next to the menu,click,image,blue,next_to,menu,last
tap on gray tab to the left of the profile,tap,tab,gray,left_of,profile,NONE
tap button below the search,tap,button,NONE,below,search,NONE
launch green menu to the left of the last item,open,menu,green,left_of,last item,NONE
long-press the 2nd gray image,long-press,image,gray,NONE,NONE,2nd
paste blue text,paste,text,blue,NONE,NONE,NONE
scroll down to white text below the settings,scroll,text,white,below,settings,NONE
trash the last orange button,delete,button,orange,NONE,NONE,last
open the 2nd tab above the help,open,tab,NONE,above,help,2nd
scroll down to menu,scroll,menu,NONE,NONE,NONE,NONE
launch white tab to the left of the checkout,open,tab,white,left_of,checkout,NONE
tap tab,tap,tab,NONE,NONE,NONE,NONE
click on the last button,click,button,NONE,NONE,NONE,last
click the 1st tab,click,tab,NONE,NONE,NONE,1st
select the 1st tab to the right of the profile,click,tab,NONE,right_of,profile,1st
copy text above the cart,copy,text,NONE,above,cart,NONE
tap the 2nd gray tab,tap,tab,gray,NONE,NONE,2nd
launch blue button,open,button,blue,NONE,NONE,NONE
tap on link to the right of the login,tap,link,NONE,right_of,login,NONE
open button below the checkout,open,button,NONE,below,checkout,NONE
copy text above the address,copy,text,NONE,above,address,NONE
open link,open,link,NONE,NONE,NONE,NONE
paste the 3rd black text below the payment,paste,text,black,below,payment,3rd
click on text to the right of the notifications,click,text,NONE,right_of,notifications,NONE
long-press image above the checkout,long-press,image,NONE,above,checkout,NONE
copy yellow text below the help,copy,text,yellow,below,help,NONE
launch black menu next to the notifications,open,menu,black,next_to,notifications,NONE
scroll to tab to the right of the profile,scroll,tab,NONE,right_of,profile,NONE
tap on tab to the right of the last item,tap,tab,NONE,right_of,last item,NONE
scroll to the 3rd menu,scroll,menu,NONE,NONE,NONE,3rd
delete image next to the address,delete,image,NONE,next_to,address,NONE
scroll to green text next to the last item,scroll,text,green,next_to,last item,NONE
paste black text,paste,text,black,NONE,NONE,NONE
scroll to tab to the right of the search,scroll,tab,NONE,right_of,search,NONE
click on orange checkbox,click,checkbox,orange,NONE,NONE,NONE
copy text next to the login,copy,text,NONE,next_to,login,NONE
long-press text,long-press,text,NONE,NONE,NONE,NONE
long-press the last orange button to the right of the checkout,long-press,button,orange,right_of,checkout,last
trash gray image to the left of the wi-fi,delete,image,gray,left_of,wi-fi,NONE
click button to the right of the settings,click,button,NONE,right_of,settings,NONE
remove the 3rd yellow image,delete,image,yellow,NONE,NONE,3rd
launch icon to the left of the notifications,open,icon,NONE,left_of,notifications,NONE
select yellow tab above the home,click,tab,yellow,above,home,NONE
long-press green image to the left of the help,long-press,image,green,left_of,help,NONE
launch icon to the left of the settings,open,icon,NONE,left_of,settings,NONE
scroll down to the last yellow text above the last item,scroll,text,yellow,above,last item,last
copy the 3rd text next to the menu,copy,text,NONE,next_to,menu,3rd
copy blue text to the left of the payment,copy,text,blue,left_of,payment,NONE
tap icon next to the login,tap,icon,NONE,next_to,login,NONE
scroll down to the last tab below the help,scroll,tab,NONE,below,help,last
copy text to the left of the wi-fi,copy,text,NONE,left_of,wi-fi,NONE
copy the 1st text to the right of the home,copy,text,NONE,right_of,home,1st
paste orange text,paste,text,orange,NONE,NONE,NONE
paste pink text above the last item,paste,text,pink,above,last item,NONE
long-press image next to the first email,long-press,image,NONE,next_to,first email,NONE
paste gray text to the right of the search,paste,text,gray,right_of,search,NONE
remove pink button below the notifications,delete,button,pink,below,notifications,NONE
scroll to menu to the right of the menu,scroll,menu,NONE,right_of,menu,NONE
click link above the menu,click,link,NONE,above,menu,NONE
open button,open,button,NONE,NONE,NONE,NONE
long-press button to the right of the cart,long-press,button,NONE,right_of,cart,NONE
click button above the settings,click,button,NONE,above,settings,NONE
press and hold the last purple text,long-press,text,purple,NONE,NONE,last
select the 2nd white switch,click,switch,white,NONE,NONE,2nd
select the 2nd white image,click,image,white,NONE,NONE,2nd
scroll down to menu to the left of the cart,scroll,menu,NONE,left_of,cart,NONE
copy white text to the right of the help,copy,text,white,right_of,help,NONE
press and hold the last icon above the first email,long-press,icon,NONE,above,first email,last
tap on the 3rd orange link to the right of the address,tap,link,orange,right_of,address,3rd
tap on checkbox to the left of the first email,tap,checkbox,NONE,left_of,first email,NONE
paste text next to the payment,paste,text,NONE,next_to,payment,NONE
paste the 2nd text,paste,text,NONE,NONE,NONE,2nd
tap button next to the login,tap,button,NONE,next_to,login,NONE
paste text next to the cart,paste,text,NONE,next_to,cart,NONE
scroll to the last text next to the home,scroll,text,NONE,next_to,home,last
long-press button to the right of the home,long-press,button,NONE,right_of,home,NONE
paste text,paste,text,NONE,NONE,NONE,NONE
delete pink button below the search,delete,button,pink,below,search,NONE
press and hold button to the left of the login,long-press,button,NONE,left_of,login,NONE
open tab next to the profile,open,tab,NONE,next_to,profile,NONE
tap tab next to the settings,tap,tab,NONE,next_to,settings,NONE
remove text above the login,delete,text,NONE,above,login,NONE
remove image,delete,image,NONE,NONE,NONE,NONE
click on checkbox next to the home,click,checkbox,NONE,next_to,home,NONE
press blue tab to the left of the cart,click,tab,blue,left_of,cart,NONE
remove text,delete,text,NONE,NONE,NONE,NONE
press and hold the 2nd black icon,long-press,icon,black,NONE,NONE,2nd
launch the last pink icon,open,icon,pink,NONE,NONE,last
press and hold green button next to the help,long-press,button,green,next_to,help,NONE
copy text next to the payment,copy,text,NONE,next_to,payment,NONE
scroll to red tab next to the help,scroll,tab,red,next_to,help,NONE
tap gray tab,tap,tab,gray,NONE,NONE,NONE
open black icon to the left of the profile,open,icon,black,left_of,profile,NONE
remove the 2nd white image,delete,image,white,NONE,NONE,2nd
tap on white checkbox,tap,checkbox,white,NONE,NONE,NONE
scroll down to tab,scroll,tab,NONE,NONE,NONE,NONE
press and hold image,long-press,image,NONE,NONE,NONE,NONE
paste blue text above the profile,paste,text,blue,above,profile,NONE
press and hold button,long-press,button,NONE,NONE,NONE,NONE
click the 3rd blue switch,click,switch,blue,NONE,NONE,3rd
tap button to the right of the profile,tap,button,NONE,right_of,profile,NONE
paste the 3rd text next to the address,paste,text,NONE,next_to,address,3rd
tap the 3rd blue switch,tap,switch,blue,NONE,NONE,3rd
launch link next to the help,open,link,NONE,next_to,help,NONE
delete white text above the first email,delete,text,white,above,first email,NONE
copy text below the checkout,copy,text,NONE,below,checkout,NONE
press and hold pink text,long-press,text,pink,NONE,NONE,NONE
delete text above the help,delete,text,NONE,above,help,NONE
copy the 1st text,copy,text,NONE,NONE,NONE,1st
paste text to the left of the login,paste,text,NONE,left_of,login,NONE
paste text to the right of the notifications,paste,text,NONE,right_of,notifications,NONE
tap tab to the left of the address,tap,tab,NONE,left_of,address,NONE
long-press text to the right of the notifications,long-press,text,NONE,right_of,notifications,NONE
select link next to the login,click,link,NONE,next_to,login,NONE
paste text to the left of the wi-fi,paste,text,NONE,left_of,wi-fi,NONE
tap on the 3rd black switch above the help,tap,switch,black,above,help,3rd
scroll to the last tab,scroll,tab,NONE,NONE,NONE,last
paste text next to the profile,paste,text,NONE,next_to,profile,NONE
tap the 2nd switch above the profile,tap,switch,NONE,above,profile,2nd
click text above the login,click,text,NONE,above,login,NONE
click on image to the right of the home,click,image,NONE,right_of,home,NONE
delete image,delete,image,NONE,NONE,NONE,NONE
remove the 2nd white button,delete,button,white,NONE,NONE,2nd
copy blue text to the left of the search,copy,text,blue,left_of,search,NONE
copy text next to the search,copy,text,NONE,next_to,search,NONE
paste text below the notifications,paste,text,NONE,below,notifications,NONE
copy text,copy,text,NONE,NONE,NONE,NONE
long-press the 1st gray icon above the checkout,long-press,icon,gray,above,checkout,1st
copy text next to the address,copy,text,NONE,next_to,address,NONE
paste the last green text,paste,text,green,NONE,NONE,last
paste the 2nd text to the left of the last item,paste,text,NONE,left_of,last item,2nd
select the 1st orange text,click,text,orange,NONE,NONE,1st
long-press button,long-press,button,NONE,NONE,NONE,NONE
scroll down to the 3rd menu to the right of the home,scroll,menu,NONE,right_of,home,3rd
select image next to the help,click,image,NONE,next_to,help,NONE
tap the 2nd checkbox above the help,tap,checkbox,NONE,above,help,2nd
scroll to tab above the search,scroll,tab,NONE,above,search,NONE
paste black text next to the payment,paste,text,black,next_to,payment,NONE
select blue button next to the profile,click,button,blue,next_to,profile,NONE
copy text above the last item,copy,text,NONE,above,last item,NONE
scroll to the 3rd tab below the address,scroll,tab,NONE,below,address,3rd
long-press the 1st button next to the first email,long-press,button,NONE,next_to,first email,1st
tap on the 1st tab to the left of the search,tap,tab,NONE,left_of,search,1st
scroll to gray text to the right of the first email,scroll,text,gray,right_of,first email,NONE
launch green icon to the left of the menu,open,icon,green,left_of,menu,NONE
delete orange text to the right of the last item,delete,text,orange,right_of,last item,NONE
scroll to tab above the settings,scroll,tab,NONE,above,settings,NONE
click on the last button to the right of the settings,click,button,NONE,right_of,settings,last
press and hold purple text to the right of the checkout,long-press,text,purple,right_of,checkout,NONE
paste text,paste,text,NONE,NONE,NONE,NONE
tap on the 3rd tab,tap,tab,NONE,NONE,NONE,3rd
press gray checkbox,click,checkbox,gray,NONE,NONE,NONE
scroll down to the 1st red menu next to the home,scroll,menu,red,next_to,home,1st
open blue menu to the left of the menu,open,menu,blue,left_of,menu,NONE
copy purple text,copy,text,purple,NONE,NONE,NONE
tap the 3rd black button next to the home,tap,button,black,next_to,home,3rd
tap switch,tap,switch,NONE,NONE,NONE,NONE
click black tab,click,tab,black,NONE,NONE,NONE
remove green text,delete,text,green,NONE,NONE,NONE
press and hold the 3rd image,long-press,image,NONE,NONE,NONE,3rd
press and hold button,long-press,button,NONE,NONE,NONE,NONE
tap on switch,tap,switch,NONE,NONE,NONE,NONE
launch the last link to the right of the profile,open,link,NONE,right_of,profile,last
long-press image to the left of the first email,long-press,image,NONE,left_of,first email,NONE
paste text to the right of the profile,paste,text,NONE,right_of,profile,NONE
click on yellow checkbox below the settings,click,checkbox,yellow,below,settings,NONE
scroll down to menu,scroll,menu,NONE,NONE,NONE,NONE
long-press pink icon next to the home,long-press,icon,pink,next_to,home,NONE
scroll to tab above the cart,scroll,tab,NONE,above,cart,NONE
tap purple switch,tap,switch,purple,NONE,NONE,NONE
press the 3rd image,click,image,NONE,NONE,NONE,3rd
open the 3rd tab to the left of the payment,open,tab,NONE,left_of,payment,3rd
press and hold black button,long-press,button,black,NONE,NONE,NONE
click on red tab,click,tab,red,NONE,NONE,NONE
click switch,click,switch,NONE,NONE,NONE,NONE
launch the last red menu above the login,open,menu,red,above,login,last
paste text,paste,text,NONE,NONE,NONE,NONE
launch yellow tab above the first email,open,tab,yellow,above,first email,NONE
delete image next to the wi-fi,delete,image,NONE,next_to,wi-fi,NONE
paste text above the profile,paste,text,NONE,above,profile,NONE
paste text,paste,text,NONE,NONE,NONE,NONE
scroll to the 2nd tab to the left of the profile,scroll,tab,NONE,left_of,profile,2nd
trash text,delete,text,NONE,NONE,NONE,NONE
tap on the 1st blue checkbox below the settings,tap,checkbox,blue,below,settings,1st
long-press button,long-press,button,NONE,NONE,NONE,NONE
delete the 1st text above the home,delete,text,NONE,above,home,1st
paste the 3rd text below the address,paste,text,NONE,below,address,3rd
press yellow switch below the notifications,click,switch,yellow,below,notifications,NONE
tap checkbox next to the last item,tap,checkbox,NONE,next_to,last item,NONE
launch the 3rd icon below the checkout,open,icon,NONE,below,checkout,3rd
trash text,delete,text,NONE,NONE,NONE,NONE
scroll down to the 1st yellow text to the left of the checkout,scroll,text,yellow,left_of,checkout,1st
scroll to text,scroll,text,NONE,NONE,NONE,NONE
scroll to the 2nd blue text to the right of the menu,scroll,text,blue,right_of,menu,2nd
press and hold image to the left of the cart,long-press,image,NONE,left_of,cart,NONE
open the 1st tab to the left of the wi-fi,open,tab,NONE,left_of,wi-fi,1st
long-press button below the profile,long-press,button,NONE,below,profile,NONE
press and hold the 1st button above the help,long-press,button,NONE,above,help,1st
tap icon next to the payment,tap,icon,NONE,next_to,payment,NONE
tap link to the left of the checkout,tap,link,NONE,left_of,checkout,NONE
press and hold image to the left of the notifications,long-press,image,NONE,left_of,notifications,NONE
remove the 3rd button to the right of the help,delete,button,NONE,right_of,help,3rd
scroll down to green menu,scroll,menu,green,NONE,NONE,NONE
open menu to the right of the help,open,menu,NONE,right_of,help,NONE
remove text,delete,text,NONE,NONE,NONE,NONE
copy pink text below the menu,copy,text,pink,below,menu,NONE
copy the 2nd gray text to the left of the wi-fi,copy,text,gray,left_of,wi-fi,2nd
press and hold button above the notifications,long-press,button,NONE,above,notifications,NONE
trash text,delete,text,NONE,NONE,NONE,NONE
copy text to the left of the home,copy,text,NONE,left_of,home,NONE
click icon to the left of the last item,click,icon,NONE,left_of,last item,NONE
copy text,copy,text,NONE,NONE,NONE,NONE
click red link next to the menu,click,link,red,next_to,menu,NONE
launch the last link,open,link,NONE,NONE,NONE,last
tap button above the last item,tap,button,NONE,above,last item,NONE
launch blue link below the search,open,link,blue,below,search,NONE
scroll down to tab to the right of the login,scroll,tab,NONE,right_of,login,NONE
scroll to pink menu to the left of the profile,scroll,menu,pink,left_of,profile,NONE
press and hold icon,long-press,icon,NONE,NONE,NONE,NONE
delete purple button below the first email,delete,button,purple,below,first email,NONE
select black checkbox,click,checkbox,black,NONE,NONE,NONE
paste the last text below the help,paste,text,NONE,below,help,last
long-press icon,long-press,icon,NONE,NONE,NONE,NONE
scroll to red text above the last item,scroll,text,red,above,last item,NONE
copy the 3rd text,copy,text,NONE,NONE,NONE,3rd
copy the last text,copy,text,NONE,NONE,NONE,last
press and hold the 2nd image below the address,long-press,image,NONE,below,address,2nd
tap on link to the left of the notifications,tap,link,NONE,left_of,notifications,NONE
open orange menu next to the notifications,open,menu,orange,next_to,notifications,NONE
open white link next to the first email,open,link,white,next_to,first email,NONE
copy the last text,copy,text,NONE,NONE,NONE,last
press link above the address,click,link,NONE,above,address,NONE
tap on the 2nd checkbox above the menu,tap,checkbox,NONE,above,menu,2nd
launch link above the last item,open,link,NONE,above,last item,NONE
open tab,open,tab,NONE,NONE,NONE,NONE
long-press the 2nd icon to the left of the search,long-press,icon,NONE,left_of,search,2nd
launch gray icon below the notifications,open,icon,gray,below,notifications,NONE
copy the 1st orange text below the menu,copy,text,orange,below,menu,1st
long-press icon below the profile,long-press,icon,NONE,below,profile,NONE
trash text,delete,text,NONE,NONE,NONE,NONE
press and hold red text below the menu,long-press,text,red,below,menu,NONE
tap on link,tap,link,NONE,NONE,NONE,NONE
tap tab to the left of the address,tap,tab,NONE,left_of,address,NONE
copy black text to the left of the settings,copy,text,black,left_of,settings,NONE
launch the 3rd yellow tab next to the last item,open,tab,yellow,next_to,last item,3rd
scroll to pink menu,scroll,menu,pink,NONE,NONE,NONE
press orange icon to the left of the payment,click,icon,orange,left_of,payment,NONE
scroll down to menu to the right of the settings,scroll,menu,NONE,right_of,settings,NONE
scroll to text,scroll,text,NONE,NONE,NONE,NONE
click on image,click,image,NONE,NONE,NONE,NONE
paste yellow text,paste,text,yellow,NONE,NONE,NONE
delete image next to the menu,delete,image,NONE,next_to,menu,NONE
long-press image next to the menu,long-press,image,NONE,next_to,menu,NONE
delete purple image below the login,delete,image,purple,below,login,NONE
open menu to the right of the checkout,open,menu,NONE,right_of,checkout,NONE
tap on icon to the right of the wi-fi,tap,icon,NONE,right_of,wi-fi,NONE
launch menu,open,menu,NONE,NONE,NONE,NONE
copy green text above the payment,copy,text,green,above,payment,NONE
launch menu below the checkout,open,menu,NONE,below,checkout,NONE
paste text above the checkout,paste,text,NONE,above,checkout,NONE
open icon to the left of the payment,open,icon,NONE,left_of,payment,NONE
press and hold black button,long-press,button,black,NONE,NONE,NONE
click on gray button next to the home,click,button,gray,next_to,home,NONE
trash button,delete,button,NONE,NONE,NONE,NONE
scroll to tab below the checkout,scroll,tab,NONE,below,checkout,NONE
scroll down to menu,scroll,menu,NONE,NONE,NONE,NONE
scroll down to red tab below the settings,scroll,tab,red,below,settings,NONE
copy the 1st text next to the search,copy,text,NONE,next_to,search,1st
click the 1st red image,click,image,red,NONE,NONE,1st
open icon,open,icon,NONE,NONE,NONE,NONE
long-press icon above the wi-fi,long-press,icon,NONE,above,wi-fi,NONE
tap on icon,tap,icon,NONE,NONE,NONE,NONE
tap the 3rd tab,tap,tab,NONE,NONE,NONE,3rd
tap on button above the menu,tap,button,NONE,above,menu,NONE
delete the 2nd red image,delete,image,red,NONE,NONE,2nd
tap the 3rd checkbox,tap,checkbox,NONE,NONE,NONE,3rd
paste white text to the left of the address,paste,text,white,left_of,address,NONE
tap on yellow tab,tap,tab,yellow,NONE,NONE,NONE
tap the 1st icon to the left of the profile,tap,icon,NONE,left_of,profile,1st
paste the 2nd text,paste,text,NONE,NONE,NONE,2nd
tap the 1st button to the left of the cart,tap,button,NONE,left_of,cart,1st
click button to the left of the help,click,button,NONE,left_of,help,NONE
press text,click,text,NONE,NONE,NONE,NONE
long-press orange image below the search,long-press,image,orange,below,search,NONE
copy the 1st text,copy,text,NONE,NONE,NONE,1st
trash button above the login,delete,button,NONE,above,login,NONE
copy text,copy,text,NONE,NONE,NONE,NONE
remove the last image,delete,image,NONE,NONE,NONE,last
trash gray button next to the address,delete,button,gray,next_to,address,NONE
select switch,click,switch,NONE,NONE,NONE,NONE
long-press the last icon,long-press,icon,NONE,NONE,NONE,last
delete image,delete,image,NONE,NONE,NONE,NONE
select white link,click,link,white,NONE,NONE,NONE
scroll down to the 1st text,scroll,text,NONE,NONE,NONE,1st
paste the 2nd text,paste,text,NONE,NONE,NONE,2nd
launch the 3rd green icon,open,icon,green,NONE,NONE,3rd
tap black checkbox,tap,checkbox,black,NONE,NONE,NONE
copy white text next to the help,copy,text,white,next_to,help,NONE
scroll down to orange tab to the left of the login,scroll,tab,orange,left_of,login,NONE
scroll to the last menu to the left of the last item,scroll,menu,NONE,left_of,last item,last
press and hold text,long-press,text,NONE,NONE,NONE,NONE
paste gray text,paste,text,gray,NONE,NONE,NONE
remove text above the cart,delete,text,NONE,above,cart,NONE
scroll to the 1st text to the left of the payment,scroll,text,NONE,left_of,payment,1st
delete the 1st pink image,delete,image,pink,NONE,NONE,1st
scroll down to menu to the right of the wi-fi,scroll,menu,NONE,right_of,wi-fi,NONE
tap the 1st yellow icon,tap,icon,yellow,NONE,NONE,1st
launch menu,open,menu,NONE,NONE,NONE,NONE
delete purple button,delete,button,purple,NONE,NONE,NONE
tap on green link to the right of the home,tap,link,green,right_of,home,NONE
paste blue text,paste,text,blue,NONE,NONE,NONE
open the last menu,open,menu,NONE,NONE,NONE,last
select the last text to the right of the settings,click,text,NONE,right_of,settings,last
scroll down to gray tab,scroll,tab,gray,NONE,NONE,NONE
tap on the 2nd black tab,tap,tab,black,NONE,NONE,2nd
paste the 1st red text,paste,text,red,NONE,NONE,1st
press checkbox,click,checkbox,NONE,NONE,NONE,NONE
copy black text below the login,copy,text,black,below,login,NONE
tap the 3rd switch,tap,switch,NONE,NONE,NONE,3rd
select link to the left of the address,click,link,NONE,left_of,address,NONE
copy the last text,copy,text,NONE,NONE,NONE,last
press and hold pink image below the menu,long-press,image,pink,below,menu,NONE
paste gray text to the right of the profile,paste,text,gray,right_of,profile,NONE
copy text,copy,text,NONE,NONE,NONE,NONE
tap on tab to the left of the search,tap,tab,NONE,left_of,search,NONE
paste the 1st text to the left of the home,paste,text,NONE,left_of,home,1st
paste pink text below the cart,paste,text,pink,below,cart,NONE
copy orange text below the search,copy,text,orange,below,search,NONE
tap the 3rd green tab,tap,tab,green,NONE,NONE,3rd
press image below the login,click,image,NONE,below,login,NONE
paste text,paste,text,NONE,NONE,NONE,NONE
copy the last red text to the left of the search,copy,text,red,left_of,search,last
paste text below the address,paste,text,NONE,below,address,NONE
tap on the last green tab below the address,tap,tab,green,below,address,last
click the last blue tab to the right of the wi-fi,click,tab,blue,right_of,wi-fi,last
paste text next to the profile,paste,text,NONE,next_to,profile,NONE
press and hold icon,long-press,icon,NONE,NONE,NONE,NONE
copy text to the left of the search,copy,text,NONE,left_of,search,NONE
click on checkbox,click,checkbox,NONE,NONE,NONE,NONE
paste blue text,paste,text,blue,NONE,NONE,NONE
remove image above the notifications,delete,image,NONE,above,notifications,NONE
paste the 3rd text,paste,text,NONE,NONE,NONE,3rd
paste the 2nd text to the left of the search,paste,text,NONE,left_of,search,2nd
paste text,paste,text,NONE,NONE,NONE,NONE
press and hold button next to the notifications,long-press,button,NONE,next_to,notifications,NONE
tap the 1st tab next to the wi-fi,tap,tab,NONE,next_to,wi-fi,1st
launch link below the profile,open,link,NONE,below,profile,NONE
click blue switch below the menu,click,switch,blue,below,menu,NONE
select icon above the first email,click,icon,NONE,above,first email,NONE
click on icon to the left of the cart,click,icon,NONE,left_of,cart,NONE
copy orange text to the right of the checkout,copy,text,orange,right_of,checkout,NONE
paste gray text above the address,paste,text,gray,above,address,NONE
long-press orange image next to the settings,long-press,image,orange,next_to,settings,NONE
copy text,copy,text,NONE,NONE,NONE,NONE
scroll to menu to the left of the settings,scroll,menu,NONE,left_of,settings,NONE
paste orange text,paste,text,orange,NONE,NONE,NONE
click the 3rd icon,click,icon,NONE,NONE,NONE,3rd
scroll down to the 3rd purple text to the left of the cart,scroll,text,purple,left_of,cart,3rd
copy text to the left of the home,copy,text,NONE,left_of,home,NONE
