command,intent,target_type,attribute,spatial_relation,spatial_reference,position,intent_id,target_type_id,attribute_id,spatial_relation_id,position_id
open the last menu,open,menu,NONE,NONE,NONE,last,5,6,0,0,4
copy text,copy,text,NONE,NONE,NONE,NONE,2,9,0,0,3
paste text,paste,text,NONE,NONE,NONE,NONE,6,9,0,0,3
click the 3rd gray tab,click,tab,gray,NONE,NONE,3rd,1,8,3,0,2
remove gray button,delete,button,gray,NONE,NONE,NONE,3,1,3,0,3
paste the 1st green text next to the notifications,paste,text,green,next_to,notifications,1st,6,9,4,4,0
launch tab above the menu,open,tab,NONE,above,menu,NONE,5,8,0,1,3
trash the 1st image next to the notifications,delete,image,NONE,next_to,notifications,1st,3,4,0,4,0
delete button to the left of the search,delete,button,NONE,left_of,search,NONE,3,1,0,3,3
select checkbox below the checkout,click,checkbox,NONE,below,checkout,NONE,1,2,0,2,3
open the 2nd link below the profile,open,link,NONE,below,profile,2nd,5,5,0,2,1
press and hold button,long-press,button,NONE,NONE,NONE,NONE,4,1,0,0,3
copy orange text below the first email,copy,text,orange,below,first email,NONE,2,9,5,2,3
scroll down to gray tab to the left of the menu,scroll,tab,gray,left_of,menu,NONE,7,8,3,3,3
click on the 2nd checkbox,click,checkbox,NONE,NONE,NONE,2nd,1,2,0,0,1
open link,open,link,NONE,NONE,NONE,NONE,5,5,0,0,3
paste the 3rd text above the last item,paste,text,NONE,above,last item,3rd,6,9,0,1,2
copy text below the search,copy,text,NONE,below,search,NONE,2,9,0,2,3
paste the 3rd text to the left of the profile,paste,text,NONE,left_of,profile,3rd,6,9,0,3,2
click on the last image to the right of the wi-fi,click,image,NONE,right_of,wi-fi,last,1,4,0,5,4
tap on the last button,tap,button,NONE,NONE,NONE,last,8,1,0,0,4
trash black image,delete,image,black,NONE,NONE,NONE,3,4,1,0,3
press and hold the 3rd text above the settings,long-press,text,NONE,above,settings,3rd,4,9,0,1,2
paste text to the left of the address,paste,text,NONE,left_of,address,NONE,6,9,0,3,3
copy the last text,copy,text,NONE,NONE,NONE,last,2,9,0,0,4
trash green text,delete,text,green,NONE,NONE,NONE,3,9,4,0,3
open the last menu,open,menu,NONE,NONE,NONE,last,5,6,0,0,4
open red link to the left of the home,open,link,red,left_of,home,NONE,5,5,8,3,3
paste red text,paste,text,red,NONE,NONE,NONE,6,9,8,0,3
copy gray text,copy,text,gray,NONE,NONE,NONE,2,9,3,0,3
delete the last image,delete,image,NONE,NONE,NONE,last,3,4,0,0,4
remove pink text to the right of the profile,delete,text,pink,right_of,profile,NONE,3,9,6,5,3
tap the last icon,tap,icon,NONE,NONE,NONE,last,8,3,0,0,4
open white link above the address,open,link,white,above,address,NONE,5,5,9,1,3
click green checkbox above the search,click,checkbox,green,above,search,NONE,1,2,4,1,3
click white checkbox,click,checkbox,white,NONE,NONE,NONE,1,2,9,0,3
tap checkbox,tap,checkbox,NONE,NONE,NONE,NONE,8,2,0,0,3
tap the last purple button to the left of the last item,tap,button,purple,left_of,last item,last,8,1,7,3,4
tap on the 3rd button next to the search,tap,button,NONE,next_to,search,3rd,8,1,0,4,2
delete green button,delete,button,green,NONE,NONE,NONE,3,1,4,0,3
scroll down to text to the right of the profile,scroll,text,NONE,right_of,profile,NONE,7,9,0,5,3
paste white text next to the wi-fi,paste,text,white,next_to,wi-fi,NONE,6,9,9,4,3
select tab above the help,click,tab,NONE,above,help,NONE,1,8,0,1,3
long-press text next to the last item,long-press,text,NONE,next_to,last item,NONE,4,9,0,4,3
launch the 1st tab to the right of the first email,open,tab,NONE,right_of,first email,1st,5,8,0,5,0
select the last icon below the address,click,icon,NONE,below,address,last,1,3,0,2,4
tap on button,tap,button,NONE,NONE,NONE,NONE,8,1,0,0,3
press and hold image,long-press,image,NONE,NONE,NONE,NONE,4,4,0,0,3
trash the 2nd green button above the home,delete,button,green,above,home,2nd,3,1,4,1,1
tap checkbox,tap,checkbox,NONE,NONE,NONE,NONE,8,2,0,0,3
delete image to the left of the first email,delete,image,NONE,left_of,first email,NONE,3,4,0,3,3
select the 3rd button next to the notifications,click,button,NONE,next_to,notifications,3rd,1,1,0,4,2
launch tab above the settings,open,tab,NONE,above,settings,NONE,5,8,0,1,3
paste text,paste,text,NONE,NONE,NONE,NONE,6,9,0,0,3
open the 1st gray menu,open,menu,gray,NONE,NONE,1st,5,6,3,0,0
scroll to menu to the right of the settings,scroll,menu,NONE,right_of,settings,NONE,7,6,0,5,3
remove orange text,delete,text,orange,NONE,NONE,NONE,3,9,5,0,3
copy blue text above the wi-fi,copy,text,blue,above,wi-fi,NONE,2,9,2,1,3
scroll down to green text to the left of the search,scroll,text,green,left_of,search,NONE,7,9,4,3,3
launch the 2nd tab,open,tab,NONE,NONE,NONE,2nd,5,8,0,0,1
copy text,copy,text,NONE,NONE,NONE,NONE,2,9,0,0,3
tap on checkbox to the left of the menu,tap,checkbox,NONE,left_of,menu,NONE,8,2,0,3,3
scroll down to tab to the left of the home,scroll,tab,NONE,left_of,home,NONE,7,8,0,3,3
open icon to the right of the home,open,icon,NONE,right_of,home,NONE,5,3,0,5,3
copy text to the right of the last item,copy,text,NONE,right_of,last item,NONE,2,9,0,5,3
paste text,paste,text,NONE,NONE,NONE,NONE,6,9,0,0,3
copy purple text,copy,text,purple,NONE,NONE,NONE,2,9,7,0,3
paste black text below the help,paste,text,black,below,help,NONE,6,9,1,2,3
remove image,delete,image,NONE,NONE,NONE,NONE,3,4,0,0,3
open button next to the last item,open,button,NONE,next_to,last item,NONE,5,1,0,4,3
open gray button below the address,open,button,gray,below,address,NONE,5,1,3,2,3
launch icon,open,icon,NONE,NONE,NONE,NONE,5,3,0,0,3
tap red link above the settings,tap,link,red,above,settings,NONE,8,5,8,1,3
scroll down to tab,scroll,tab,NONE,NONE,NONE,NONE,7,8,0,0,3
long-press the 3rd purple icon to the right of the home,long-press,icon,purple,right_of,home,3rd,4,3,7,5,2
press and hold the last red image,long-press,image,red,NONE,NONE,last,4,4,8,0,4
trash text,delete,text,NONE,NONE,NONE,NONE,3,9,0,0,3
press and hold yellow button,long-press,button,yellow,NONE,NONE,NONE,4,1,10,0,3
launch button,open,button,NONE,NONE,NONE,NONE,5,1,0,0,3
trash red image below the first email,delete,image,red,below,first email,NONE,3,4,8,2,3
click on orange icon below the cart,click,icon,orange,below,cart,NONE,1,3,5,2,3
select white checkbox,click,checkbox,white,NONE,NONE,NONE,1,2,9,0,3
scroll to menu below the notifications,scroll,menu,NONE,below,notifications,NONE,7,6,0,2,3
remove text,delete,text,NONE,NONE,NONE,NONE,3,9,0,0,3
paste the 1st yellow text,paste,text,yellow,NONE,NONE,1st,6,9,10,0,0
paste orange text,paste,text,orange,NONE,NONE,NONE,6,9,5,0,3
copy text to the right of the notifications,copy,text,NONE,right_of,notifications,NONE,2,9,0,5,3
click on button next to the cart,click,button,NONE,next_to,cart,NONE,1,1,0,4,3
copy text next to the first email,copy,text,NONE,next_to,first email,NONE,2,9,0,4,3
launch red menu,open,menu,red,NONE,NONE,NONE,5,6,8,0,3
click image,click,image,NONE,NONE,NONE,NONE,1,4,0,0,3
paste text above the notifications,paste,text,NONE,above,notifications,NONE,6,9,0,1,3
tap button,tap,button,NONE,NONE,NONE,NONE,8,1,0,0,3
remove green image next to the address,delete,image,green,next_to,address,NONE,3,4,4,4,3
click the last switch next to the wi-fi,click,switch,NONE,next_to,wi-fi,last,1,7,0,4,4
scroll to blue tab,scroll,tab,blue,NONE,NONE,NONE,7,8,2,0,3
remove gray text above the first email,delete,text,gray,above,first email,NONE,3,9,3,1,3
launch button to the right of the checkout,open,button,NONE,right_of,checkout,NONE,5,1,0,5,3
scroll to the 3rd menu next to the search,scroll,menu,NONE,next_to,search,3rd,7,6,0,4,2
click on link,click,link,NONE,NONE,NONE,NONE,1,5,0,0,3
tap on the 3rd yellow checkbox,tap,checkbox,yellow,NONE,NONE,3rd,8,2,10,0,2
open link to the left of the cart,open,link,NONE,left_of,cart,NONE,5,5,0,3,3
copy the 1st green text,copy,text,green,NONE,NONE,1st,2,9,4,0,0
long-press the 1st image to the left of the search,long-press,image,NONE,left_of,search,1st,4,4,0,3,0
paste text,paste,text,NONE,NONE,NONE,NONE,6,9,0,0,3
tap on tab above the profile,tap,tab,NONE,above,profile,NONE,8,8,0,1,3
click on the 3rd link above the help,click,link,NONE,above,help,3rd,1,5,0,1,2
copy the 3rd black text next to the search,copy,text,black,next_to,search,3rd,2,9,1,4,2
scroll down to the 2nd text below the wi-fi,scroll,text,NONE,below,wi-fi,2nd,7,9,0,2,1
select switch below the first email,click,switch,NONE,below,first email,NONE,1,7,0,2,3
long-press orange image,long-press,image,orange,NONE,NONE,NONE,4,4,5,0,3
paste text to the left of the home,paste,text,NONE,left_of,home,NONE,6,9,0,3,3
click the 1st link to the left of the address,click,link,NONE,left_of,address,1st,1,5,0,3,0
launch the last menu below the checkout,open,menu,NONE,below,checkout,last,5,6,0,2,4
scroll to text below the first email,scroll,text,NONE,below,first email,NONE,7,9,0,2,3
press the 3rd yellow text to the right of the login,click,text,yellow,right_of,login,3rd,1,9,10,5,2
open pink tab below the login,open,tab,pink,below,login,NONE,5,8,6,2,3
copy the 1st pink text,copy,text,pink,NONE,NONE,1st,2,9,6,0,0
click red button below the login,click,button,red,below,login,NONE,1,1,8,2,3
delete the 1st green button next to the login,delete,button,green,next_to,login,1st,3,1,4,4,0
select black switch to the left of the wi-fi,click,switch,black,left_of,wi-fi,NONE,1,7,1,3,3
press and hold orange image above the notifications,long-press,image,orange,above,notifications,NONE,4,4,5,1,3
launch the 1st tab next to the checkout,open,tab,NONE,next_to,checkout,1st,5,8,0,4,0
copy text below the notifications,copy,text,NONE,below,notifications,NONE,2,9,0,2,3
copy the 2nd pink text to the left of the address,copy,text,pink,left_of,address,2nd,2,9,6,3,1
tap gray checkbox to the left of the home,tap,checkbox,gray,left_of,home,NONE,8,2,3,3,3
open the 1st purple icon to the left of the wi-fi,open,icon,purple,left_of,wi-fi,1st,5,3,7,3,0
remove text below the first email,delete,text,NONE,below,first email,NONE,3,9,0,2,3
press the 2nd icon,click,icon,NONE,NONE,NONE,2nd,1,3,0,0,1
remove orange image above the help,delete,image,orange,above,help,NONE,3,4,5,1,3
trash pink button next to the address,delete,button,pink,next_to,address,NONE,3,1,6,4,3
long-press white icon below the address,long-press,icon,white,below,address,NONE,4,3,9,2,3
long-press the last icon,long-press,icon,NONE,NONE,NONE,last,4,3,0,0,4
open tab above the login,open,tab,NONE,above,login,NONE,5,8,0,1,3
scroll down to black text,scroll,text,black,NONE,NONE,NONE,7,9,1,0,3
click on blue link next to the search,click,link,blue,next_to,search,NONE,1,5,2,4,3
delete text next to the last item,delete,text,NONE,next_to,last item,NONE,3,9,0,4,3
paste text to the left of the payment,paste,text,NONE,left_of,payment,NONE,6,9,0,3,3
open link,open,link,NONE,NONE,NONE,NONE,5,5,0,0,3
copy the last text,copy,text,NONE,NONE,NONE,last,2,9,0,0,4
launch icon above the help,open,icon,NONE,above,help,NONE,5,3,0,1,3
tap the 1st button,tap,button,NONE,NONE,NONE,1st,8,1,0,0,0
open blue icon next to the last item,open,icon,blue,next_to,last item,NONE,5,3,2,4,3
long-press the 1st yellow icon,long-press,icon,yellow,NONE,NONE,1st,4,3,10,0,0
paste purple text to the left of the search,paste,text,purple,left_of,search,NONE,6,9,7,3,3
paste the 1st text,paste,text,NONE,NONE,NONE,1st,6,9,0,0,0
tap on link to the left of the help,tap,link,NONE,left_of,help,NONE,8,5,0,3,3
paste gray text above the login,paste,text,gray,above,login,NONE,6,9,3,1,3
launch button above the search,open,button,NONE,above,search,NONE,5,1,0,1,3
scroll down to tab above the checkout,scroll,tab,NONE,above,checkout,NONE,7,8,0,1,3
paste the last pink text to the left of the notifications,paste,text,pink,left_of,notifications,last,6,9,6,3,4
paste the last gray text to the left of the checkout,paste,text,gray,left_of,checkout,last,6,9,3,3,4
paste the 1st text to the left of the address,paste,text,NONE,left_of,address,1st,6,9,0,3,0
press and hold text below the help,long-press,text,NONE,below,help,NONE,4,9,0,2,3
tap on checkbox above the cart,tap,checkbox,NONE,above,cart,NONE,8,2,0,1,3
tap checkbox,tap,checkbox,NONE,NONE,NONE,NONE,8,2,0,0,3
copy text to the right of the checkout,copy,text,NONE,right_of,checkout,NONE,2,9,0,5,3
copy the last text to the left of the help,copy,text,NONE,left_of,help,last,2,9,0,3,4
paste the 1st text next to the last item,paste,text,NONE,next_to,last item,1st,6,9,0,4,0
launch the 3rd yellow menu below the home,open,menu,yellow,below,home,3rd,5,6,10,2,2
long-press pink icon next to the login,long-press,icon,pink,next_to,login,NONE,4,3,6,4,3
paste text,paste,text,NONE,NONE,NONE,NONE,6,9,0,0,3
paste green text next to the first email,paste,text,green,next_to,first email,NONE,6,9,4,4,3
remove yellow button next to the search,delete,button,yellow,next_to,search,NONE,3,1,10,4,3
click on the 3rd button above the notifications,click,button,NONE,above,notifications,3rd,1,1,0,1,2
copy gray text above the wi-fi,copy,text,gray,above,wi-fi,NONE,2,9,3,1,3
long-press yellow icon to the left of the checkout,long-press,icon,yellow,left_of,checkout,NONE,4,3,10,3,3
press switch below the notifications,click,switch,NONE,below,notifications,NONE,1,7,0,2,3
delete button to the right of the help,delete,button,NONE,right_of,help,NONE,3,1,0,5,3
remove the 3rd image to the left of the menu,delete,image,NONE,left_of,menu,3rd,3,4,0,3,2
open black menu below the first email,open,menu,black,below,first email,NONE,5,6,1,2,3
click red checkbox,click,checkbox,red,NONE,NONE,NONE,1,2,8,0,3
launch tab below the login,open,tab,NONE,below,login,NONE,5,8,0,2,3
open tab to the left of the help,open,tab,NONE,left_of,help,NONE,5,8,0,3,3
tap button below the wi-fi,tap,button,NONE,below,wi-fi,NONE,8,1,0,2,3
paste the 2nd text,paste,text,NONE,NONE,NONE,2nd,6,9,0,0,1
copy text to the right of the notifications,copy,text,NONE,right_of,notifications,NONE,2,9,0,5,3
delete yellow button to the right of the first email,delete,button,yellow,right_of,first email,NONE,3,1,10,5,3
click white icon to the left of the profile,click,icon,white,left_of,profile,NONE,1,3,9,3,3
click image next to the checkout,click,image,NONE,next_to,checkout,NONE,1,4,0,4,3
trash the 3rd pink image above the profile,delete,image,pink,above,profile,3rd,3,4,6,1,2
paste the last text,paste,text,NONE,NONE,NONE,last,6,9,0,0,4
tap yellow link below the payment,tap,link,yellow,below,payment,NONE,8,5,10,2,3
tap on tab above the wi-fi,tap,tab,NONE,above,wi-fi,NONE,8,8,0,1,3
long-press the 2nd button above the help,long-press,button,NONE,above,help,2nd,4,1,0,1,1
launch tab,open,tab,NONE,NONE,NONE,NONE,5,8,0,0,3
copy text to the left of the search,copy,text,NONE,left_of,search,NONE,2,9,0,3,3
open button to the right of the search,open,button,NONE,right_of,search,NONE,5,1,0,5,3
paste text to the right of the first email,paste,text,NONE,right_of,first email,NONE,6,9,0,5,3
press and hold the last button,long-press,button,NONE,NONE,NONE,last,4,1,0,0,4
press icon next to the checkout,click,icon,NONE,next_to,checkout,NONE,1,3,0,4,3
scroll down to blue text below the help,scroll,text,blue,below,help,NONE,7,9,2,2,3
open the last icon below the notifications,open,icon,NONE,below,notifications,last,5,3,0,2,4
scroll to yellow menu to the left of the help,scroll,menu,yellow,left_of,help,NONE,7,6,10,3,3
copy text to the left of the home,copy,text,NONE,left_of,home,NONE,2,9,0,3,3
paste text,paste,text,NONE,NONE,NONE,NONE,6,9,0,0,3
press the last yellow switch,click,switch,yellow,NONE,NONE,last,1,7,10,0,4
paste text next to the login,paste,text,NONE,next_to,login,NONE,6,9,0,4,3
long-press image,long-press,image,NONE,NONE,NONE,NONE,4,4,0,0,3
tap switch to the right of the help,tap,switch,NONE,right_of,help,NONE,8,7,0,5,3
paste text below the profile,paste,text,NONE,below,profile,NONE,6,9,0,2,3
open tab,open,tab,NONE,NONE,NONE,NONE,5,8,0,0,3
tap switch next to the notifications,tap,switch,NONE,next_to,notifications,NONE,8,7,0,4,3
tap link,tap,link,NONE,NONE,NONE,NONE,8,5,0,0,3
open orange button next to the address,open,button,orange,next_to,address,NONE,5,1,5,4,3
copy text,copy,text,NONE,NONE,NONE,NONE,2,9,0,0,3
launch the 3rd gray button,open,button,gray,NONE,NONE,3rd,5,1,3,0,2
long-press button,long-press,button,NONE,NONE,NONE,NONE,4,1,0,0,3
paste the last text next to the address,paste,text,NONE,next_to,address,last,6,9,0,4,4
scroll down to tab below the home,scroll,tab,NONE,below,home,NONE,7,8,0,2,3
open link to the left of the last item,open,link,NONE,left_of,last item,NONE,5,5,0,3,3
launch red button to the right of the wi-fi,open,button,red,right_of,wi-fi,NONE,5,1,8,5,3
trash image below the help,delete,image,NONE,below,help,NONE,3,4,0,2,3
delete the last button above the settings,delete,button,NONE,above,settings,last,3,1,0,1,4
paste text above the profile,paste,text,NONE,above,profile,NONE,6,9,0,1,3
scroll down to menu,scroll,menu,NONE,NONE,NONE,NONE,7,6,0,0,3
tap on the 2nd switch to the right of the cart,tap,switch,NONE,right_of,cart,2nd,8,7,0,5,1
press and hold the 3rd white image to the left of the notifications,long-press,image,white,left_of,notifications,3rd,4,4,9,3,2
open the last link to the right of the address,open,link,NONE,right_of,address,last,5,5,0,5,4
paste the 3rd text next to the help,paste,text,NONE,next_to,help,3rd,6,9,0,4,2
press black image next to the payment,click,image,black,next_to,payment,NONE,1,4,1,4,3
tap icon below the wi-fi,tap,icon,NONE,below,wi-fi,NONE,8,3,0,2,3
long-press gray text,long-press,text,gray,NONE,NONE,NONE,4,9,3,0,3
delete the 2nd text below the cart,delete,text,NONE,below,cart,2nd,3,9,0,2,1
scroll to the 1st text,scroll,text,NONE,NONE,NONE,1st,7,9,0,0,0
press and hold gray button,long-press,button,gray,NONE,NONE,NONE,4,1,3,0,3
tap black tab to the left of the profile,tap,tab,black,left_of,profile,NONE,8,8,1,3,3
copy the 3rd text,copy,text,NONE,NONE,NONE,3rd,2,9,0,0,2
copy the last black text,copy,text,black,NONE,NONE,last,2,9,1,0,4
paste red text to the left of the menu,paste,text,red,left_of,menu,NONE,6,9,8,3,3
click red text,click,text,red,NONE,NONE,NONE,1,9,8,0,3
copy text next to the payment,copy,text,NONE,next_to,payment,NONE,2,9,0,4,3
copy text below the last item,copy,text,NONE,below,last item,NONE,2,9,0,2,3
scroll to text to the right of the address,scroll,text,NONE,right_of,address,NONE,7,9,0,5,3
launch green button to the right of the settings,open,button,green,right_of,settings,NONE,5,1,4,5,3
tap on switch,tap,switch,NONE,NONE,NONE,NONE,8,7,0,0,3
scroll down to the last yellow tab next to the last item,scroll,tab,yellow,next_to,last item,last,7,8,10,4,4
long-press the 3rd orange image below the first email,long-press,image,orange,below,first email,3rd,4,4,5,2,2
remove button above the settings,delete,button,NONE,above,settings,NONE,3,1,0,1,3
scroll to menu above the search,scroll,menu,NONE,above,search,NONE,7,6,0,1,3
scroll down to gray tab to the right of the first email,scroll,tab,gray,right_of,first email,NONE,7,8,3,5,3
trash gray button above the search,delete,button,gray,above,search,NONE,3,1,3,1,3
trash the 1st green button,delete,button,green,NONE,NONE,1st,3,1,4,0,0
scroll to text,scroll,text,NONE,NONE,NONE,NONE,7,9,0,0,3
paste the 1st text,paste,text,NONE,NONE,NONE,1st,6,9,0,0,0
tap on yellow link below the address,tap,link,yellow,below,address,NONE,8,5,10,2,3
tap on checkbox below the profile,tap,checkbox,NONE,below,profile,NONE,8,2,0,2,3
trash text to the right of the notifications,delete,text,NONE,right_of,notifications,NONE,3,9,0,5,3
open pink icon,open,icon,pink,NONE,NONE,NONE,5,3,6,0,3
paste text,paste,text,NONE,NONE,NONE,NONE,6,9,0,0,3
tap on checkbox,tap,checkbox,NONE,NONE,NONE,NONE,8,2,0,0,3
launch menu below the notifications,open,menu,NONE,below,notifications,NONE,5,6,0,2,3
paste the last pink text next to the address,paste,text,pink,next_to,address,last,6,9,6,4,4
scroll down to the last menu next to the last item,scroll,menu,NONE,next_to,last item,last,7,6,0,4,4
tap on gray checkbox,tap,checkbox,gray,NONE,NONE,NONE,8,2,3,0,3
remove text to the right of the cart,delete,text,NONE,right_of,cart,NONE,3,9,0,5,3
scroll to the 3rd text next to the help,scroll,text,NONE,next_to,help,3rd,7,9,0,4,2
paste pink text above the address,paste,text,pink,above,address,NONE,6,9,6,1,3
remove text below the cart,delete,text,NONE,below,cart,NONE,3,9,0,2,3
tap checkbox below the login,tap,checkbox,NONE,below,login,NONE,8,2,0,2,3
scroll to red menu to the right of the settings,scroll,menu,red,right_of,settings,NONE,7,6,8,5,3
press and hold image,long-press,image,NONE,NONE,NONE,NONE,4,4,0,0,3
tap red link to the left of the checkout,tap,link,red,left_of,checkout,NONE,8,5,8,3,3
copy red text to the left of the settings,copy,text,red,left_of,settings,NONE,2,9,8,3,3
launch the 2nd orange icon,open,icon,orange,NONE,NONE,2nd,5,3,5,0,1
click gray image above the notifications,click,image,gray,above,notifications,NONE,1,4,3,1,3
tap on pink link,tap,link,pink,NONE,NONE,NONE,8,5,6,0,3
open the last tab to the left of the notifications,open,tab,NONE,left_of,notifications,last,5,8,0,3,4
press link next to the first email,click,link,NONE,next_to,first email,NONE,1,5,0,4,3
open blue button above the home,open,button,blue,above,home,NONE,5,1,2,1,3
copy text to the left of the menu,copy,text,NONE,left_of,menu,NONE,2,9,0,3,3
trash the last yellow text,delete,text,yellow,NONE,NONE,last,3,9,10,0,4
copy green text below the search,copy,text,green,below,search,NONE,2,9,4,2,3
remove black text next to the checkout,delete,text,black,next_to,checkout,NONE,3,9,1,4,3
press link to the right of the address,click,link,NONE,right_of,address,NONE,1,5,0,5,3
select switch to the right of the search,click,switch,NONE,right_of,search,NONE,1,7,0,5,3
tap the 3rd tab,tap,tab,NONE,NONE,NONE,3rd,8,8,0,0,2
scroll to menu,scroll,menu,NONE,NONE,NONE,NONE,7,6,0,0,3
launch the 2nd button to the left of the settings,open,button,NONE,left_of,settings,2nd,5,1,0,3,1
copy text next to the cart,copy,text,NONE,next_to,cart,NONE,2,9,0,4,3
launch the 3rd tab to the right of the home,open,tab,NONE,right_of,home,3rd,5,8,0,5,2
click green tab below the settings,click,tab,green,below,settings,NONE,1,8,4,2,3
copy text above the home,copy,text,NONE,above,home,NONE,2,9,0,1,3
click on checkbox next to the address,click,checkbox,NONE,next_to,address,NONE,1,2,0,4,3
trash image,delete,image,NONE,NONE,NONE,NONE,3,4,0,0,3
open the 3rd link next to the notifications,open,link,NONE,next_to,notifications,3rd,5,5,0,4,2
press and hold button above the first email,long-press,button,NONE,above,first email,NONE,4,1,0,1,3
open the 3rd link,open,link,NONE,NONE,NONE,3rd,5,5,0,0,2
copy the 2nd orange text above the first email,copy,text,orange,above,first email,2nd,2,9,5,1,1
select text to the right of the checkout,click,text,NONE,right_of,checkout,NONE,1,9,0,5,3
long-press image to the left of the notifications,long-press,image,NONE,left_of,notifications,NONE,4,4,0,3,3
tap link,tap,link,NONE,NONE,NONE,NONE,8,5,0,0,3
press and hold yellow image next to the checkout,long-press,image,yellow,next_to,checkout,NONE,4,4,10,4,3
launch the 2nd button to the left of the address,open,button,NONE,left_of,address,2nd,5,1,0,3,1
copy purple text,copy,text,purple,NONE,NONE,NONE,2,9,7,0,3
copy text to the left of the wi-fi,copy,text,NONE,left_of,wi-fi,NONE,2,9,0,3,3
paste pink text,paste,text,pink,NONE,NONE,NONE,6,9,6,0,3
press the 3rd link to the right of the menu,click,link,NONE,right_of,menu,3rd,1,5,0,5,2
remove the 1st button next to the checkout,delete,button,NONE,next_to,checkout,1st,3,1,0,4,0
long-press button next to the help,long-press,button,NONE,next_to,help,NONE,4,1,0,4,3
copy orange text above the payment,copy,text,orange,above,payment,NONE,2,9,5,1,3
copy text,copy,text,NONE,NONE,NONE,NONE,2,9,0,0,3
press and hold image next to the help,long-press,image,NONE,next_to,help,NONE,4,4,0,4,3
open black link above the notifications,open,link,black,above,notifications,NONE,5,5,1,1,3
press and hold the 2nd icon to the left of the profile,long-press,icon,NONE,left_of,profile,2nd,4,3,0,3,1
trash text below the home,delete,text,NONE,below,home,NONE,3,9,0,2,3
trash image below the profile,delete,image,NONE,below,profile,NONE,3,4,0,2,3
copy text below the cart,copy,text,NONE,below,cart,NONE,2,9,0,2,3
press the 1st black link,click,link,black,NONE,NONE,1st,1,5,1,0,0
trash text to the left of the checkout,delete,text,NONE,left_of,checkout,NONE,3,9,0,3,3
paste the 2nd text to the right of the profile,paste,text,NONE,right_of,profile,2nd,6,9,0,5,1
click gray image above the help,click,image,gray,above,help,NONE,1,4,3,1,3
paste red text next to the home,paste,text,red,next_to,home,NONE,6,9,8,4,3
copy text to the left of the payment,copy,text,NONE,left_of,payment,NONE,2,9,0,3,3
open tab,open,tab,NONE,NONE,NONE,NONE,5,8,0,0,3
open menu next to the cart,open,menu,NONE,next_to,cart,NONE,5,6,0,4,3
open icon,open,icon,NONE,NONE,NONE,NONE,5,3,0,0,3
delete the 2nd gray text below the cart,delete,text,gray,below,cart,2nd,3,9,3,2,1
paste text above the notifications,paste,text,NONE,above,notifications,NONE,6,9,0,1,3
select the last blue image,click,image,blue,NONE,NONE,last,1,4,2,0,4
copy text above the checkout,copy,text,NONE,above,checkout,NONE,2,9,0,1,3
launch the 2nd button,open,button,NONE,NONE,NONE,2nd,5,1,0,0,1
trash purple image below the settings,delete,image,purple,below,settings,NONE,3,4,7,2,3
scroll to black text,scroll,text,black,NONE,NONE,NONE,7,9,1,0,3
press and hold button to the left of the search,long-press,button,NONE,left_of,search,NONE,4,1,0,3,3
scroll down to the 2nd green tab,scroll,tab,green,NONE,NONE,2nd,7,8,4,0,1
click on button to the left of the menu,click,button,NONE,left_of,menu,NONE,1,1,0,3,3
paste text next to the search,paste,text,NONE,next_to,search,NONE,6,9,0,4,3
tap white button,tap,button,white,NONE,NONE,NONE,8,1,9,0,3
scroll down to the last menu,scroll,menu,NONE,NONE,NONE,last,7,6,0,0,4
tap button to the right of the checkout,tap,button,NONE,right_of,checkout,NONE,8,1,0,5,3
launch red link below the notifications,open,link,red,below,notifications,NONE,5,5,8,2,3
scroll to text,scroll,text,NONE,NONE,NONE,NONE,7,9,0,0,3
press and hold red icon to the left of the last item,long-press,icon,red,left_of,last item,NONE,4,3,8,3,3
long-press the 3rd gray icon above the first email,long-press,icon,gray,above,first email,3rd,4,3,3,1,2
click on the 3rd blue button above the help,click,button,blue,above,help,3rd,1,1,2,1,2
press icon to the left of the help,click,icon,NONE,left_of,help,NONE,1,3,0,3,3
paste text to the left of the settings,paste,text,NONE,left_of,settings,NONE,6,9,0,3,3
copy orange text below the settings,copy,text,orange,below,settings,NONE,2,9,5,2,3
delete button to the right of the login,delete,button,NONE,right_of,login,NONE,3,1,0,5,3
paste gray text below the help,paste,text,gray,below,help,NONE,6,9,3,2,3
delete gray text above the address,delete,text,gray,above,address,NONE,3,9,3,1,3
click the 1st image to the left of the wi-fi,click,image,NONE,left_of,wi-fi,1st,1,4,0,3,0
select checkbox,click,checkbox,NONE,NONE,NONE,NONE,1,2,0,0,3
tap switch,tap,switch,NONE,NONE,NONE,NONE,8,7,0,0,3
scroll to menu,scroll,menu,NONE,NONE,NONE,NONE,7,6,0,0,3
copy text to the left of the cart,copy,text,NONE,left_of,cart,NONE,2,9,0,3,3
press blue image,click,image,blue,NONE,NONE,NONE,1,4,2,0,3
copy text below the address,copy,text,NONE,below,address,NONE,2,9,0,2,3
launch purple icon,open,icon,purple,NONE,NONE,NONE,5,3,7,0,3
paste text to the left of the notifications,paste,text,NONE,left_of,notifications,NONE,6,9,0,3,3
paste red text below the login,paste,text,red,below,login,NONE,6,9,8,2,3
paste text to the right of the address,paste,text,NONE,right_of,address,NONE,6,9,0,5,3
copy the 2nd purple text,copy,text,purple,NONE,NONE,2nd,2,9,7,0,1
paste text above the login,paste,text,NONE,above,login,NONE,6,9,0,1,3
copy text above the payment,copy,text,NONE,above,payment,NONE,2,9,0,1,3
long-press red button to the left of the checkout,long-press,button,red,left_of,checkout,NONE,4,1,8,3,3
tap button,tap,button,NONE,NONE,NONE,NONE,8,1,0,0,3
scroll down to the 1st text to the left of the first email,scroll,text,NONE,left_of,first email,1st,7,9,0,3,0
press and hold the 2nd pink icon to the left of the login,long-press,icon,pink,left_of,login,2nd,4,3,6,3,1
launch link,open,link,NONE,NONE,NONE,NONE,5,5,0,0,3
copy text below the checkout,copy,text,NONE,below,checkout,NONE,2,9,0,2,3
remove the last image next to the last item,delete,image,NONE,next_to,last item,last,3,4,0,4,4
tap on switch above the help,tap,switch,NONE,above,help,NONE,8,7,0,1,3
click on tab above the last item,click,tab,NONE,above,last item,NONE,1,8,0,1,3
long-press purple button to the right of the help,long-press,button,purple,right_of,help,NONE,4,1,7,5,3
press and hold yellow button below the wi-fi,long-press,button,yellow,below,wi-fi,NONE,4,1,10,2,3
long-press the 3rd button next to the cart,long-press,button,NONE,next_to,cart,3rd,4,1,0,4,2
scroll down to tab next to the settings,scroll,tab,NONE,next_to,settings,NONE,7,8,0,4,3
click on checkbox,click,checkbox,NONE,NONE,NONE,NONE,1,2,0,0,3
tap on green switch above the checkout,tap,switch,green,above,checkout,NONE,8,7,4,1,3
tap on switch,tap,switch,NONE,NONE,NONE,NONE,8,7,0,0,3
tap icon,tap,icon,NONE,NONE,NONE,NONE,8,3,0,0,3
long-press green icon above the settings,long-press,icon,green,above,settings,NONE,4,3,4,1,3
scroll to text next to the menu,scroll,text,NONE,next_to,menu,NONE,7,9,0,4,3
paste the last text,paste,text,NONE,NONE,NONE,last,6,9,0,0,4
delete purple button,delete,button,purple,NONE,NONE,NONE,3,1,7,0,3
long-press the 3rd image below the payment,long-press,image,NONE,below,payment,3rd,4,4,0,2,2
tap on the 1st button above the first email,tap,button,NONE,above,first email,1st,8,1,0,1,0
paste the 2nd pink text,paste,text,pink,NONE,NONE,2nd,6,9,6,0,1
click switch,click,switch,NONE,NONE,NONE,NONE,1,7,0,0,3
scroll to the last pink menu below the cart,scroll,menu,pink,below,cart,last,7,6,6,2,4
click on green tab,click,tab,green,NONE,NONE,NONE,1,8,4,0,3
copy text,copy,text,NONE,NONE,NONE,NONE,2,9,0,0,3
launch tab to the left of the notifications,open,tab,NONE,left_of,notifications,NONE,5,8,0,3,3
launch the last gray menu to the right of the menu,open,menu,gray,right_of,menu,last,5,6,3,5,4
press and hold icon below the cart,long-press,icon,NONE,below,cart,NONE,4,3,0,2,3
launch link to the right of the help,open,link,NONE,right_of,help,NONE,5,5,0,5,3
press and hold button,long-press,button,NONE,NONE,NONE,NONE,4,1,0,0,3
paste text to the left of the settings,paste,text,NONE,left_of,settings,NONE,6,9,0,3,3
trash yellow text,delete,text,yellow,NONE,NONE,NONE,3,9,10,0,3
press and hold the 2nd text above the first email,long-press,text,NONE,above,first email,2nd,4,9,0,1,1
scroll down to menu,scroll,menu,NONE,NONE,NONE,NONE,7,6,0,0,3
paste the last text to the right of the wi-fi,paste,text,NONE,right_of,wi-fi,last,6,9,0,5,4
click on image next to the profile,click,image,NONE,next_to,profile,NONE,1,4,0,4,3
paste red text,paste,text,red,NONE,NONE,NONE,6,9,8,0,3
click on link below the settings,click,link,NONE,below,settings,NONE,1,5,0,2,3
tap on the 1st link next to the checkout,tap,link,NONE,next_to,checkout,1st,8,5,0,4,0
press link,click,link,NONE,NONE,NONE,NONE,1,5,0,0,3
trash the last gray text above the login,delete,text,gray,above,login,last,3,9,3,1,4
press and hold the 3rd white text next to the settings,long-press,text,white,next_to,settings,3rd,4,9,9,4,2
long-press image above the settings,long-press,image,NONE,above,settings,NONE,4,4,0,1,3
paste yellow text to the left of the payment,paste,text,yellow,left_of,payment,NONE,6,9,10,3,3
tap on green link next to the notifications,tap,link,green,next_to,notifications,NONE,8,5,4,4,3
long-press blue button,long-press,button,blue,NONE,NONE,NONE,4,1,2,0,3
long-press the last icon below the notifications,long-press,icon,NONE,below,notifications,last,4,3,0,2,4
delete button to the right of the notifications,delete,button,NONE,right_of,notifications,NONE,3,1,0,5,3
tap on checkbox,tap,checkbox,NONE,NONE,NONE,NONE,8,2,0,0,3
tap the last green button to the left of the checkout,tap,button,green,left_of,checkout,last,8,1,4,3,4
scroll down to gray tab to the left of the help,scroll,tab,gray,left_of,help,NONE,7,8,3,3,3
long-press the 3rd icon above the address,long-press,icon,NONE,above,address,3rd,4,3,0,1,2
tap on black button next to the last item,tap,button,black,next_to,last item,NONE,8,1,1,4,3
copy text above the payment,copy,text,NONE,above,payment,NONE,2,9,0,1,3
paste text next to the checkout,paste,text,NONE,next_to,checkout,NONE,6,9,0,4,3
long-press black text,long-press,text,black,NONE,NONE,NONE,4,9,1,0,3
tap on tab to the right of the address,tap,tab,NONE,right_of,address,NONE,8,8,0,5,3
long-press gray icon above the menu,long-press,icon,gray,above,menu,NONE,4,3,3,1,3
copy text,copy,text,NONE,NONE,NONE,NONE,2,9,0,0,3
copy text,copy,text,NONE,NONE,NONE,NONE,2,9,0,0,3
paste yellow text,paste,text,yellow,NONE,NONE,NONE,6,9,10,0,3
press the 2nd red button next to the cart,click,button,red,next_to,cart,2nd,1,1,8,4,1
select text,click,text,NONE,NONE,NONE,NONE,1,9,0,0,3
paste text next to the payment,paste,text,NONE,next_to,payment,NONE,6,9,0,4,3
paste text,paste,text,NONE,NONE,NONE,NONE,6,9,0,0,3
long-press pink icon to the left of the first email,long-press,icon,pink,left_of,first email,NONE,4,3,6,3,3
trash image,delete,image,NONE,NONE,NONE,NONE,3,4,0,0,3
scroll to tab,scroll,tab,NONE,NONE,NONE,NONE,7,8,0,0,3
tap tab next to the menu,tap,tab,NONE,next_to,menu,NONE,8,8,0,4,3
press and hold button to the left of the checkout,long-press,button,NONE,left_of,checkout,NONE,4,1,0,3,3
remove text below the checkout,delete,text,NONE,below,checkout,NONE,3,9,0,2,3
paste orange text next to the notifications,paste,text,orange,next_to,notifications,NONE,6,9,5,4,3
paste the 1st purple text,paste,text,purple,NONE,NONE,1st,6,9,7,0,0
launch link next to the first email,open,link,NONE,next_to,first email,NONE,5,5,0,4,3
copy text to the left of the search,copy,text,NONE,left_of,search,NONE,2,9,0,3,3
select white link,click,link,white,NONE,NONE,NONE,1,5,9,0,3
scroll to the 1st menu,scroll,menu,NONE,NONE,NONE,1st,7,6,0,0,0
long-press the last icon above the search,long-press,icon,NONE,above,search,last,4,3,0,1,4
tap on the last purple tab,tap,tab,purple,NONE,NONE,last,8,8,7,0,4
scroll down to the 1st tab,scroll,tab,NONE,NONE,NONE,1st,7,8,0,0,0
remove the 1st black text below the first email,delete,text,black,below,first email,1st,3,9,1,2,0
long-press black image to the right of the cart,long-press,image,black,right_of,cart,NONE,4,4,1,5,3
open button next to the login,open,button,NONE,next_to,login,NONE,5,1,0,4,3
open menu below the notifications,open,menu,NONE,below,notifications,NONE,5,6,0,2,3
trash the 1st image,delete,image,NONE,NONE,NONE,1st,3,4,0,0,0
press and hold text to the right of the settings,long-press,text,NONE,right_of,settings,NONE,4,9,0,5,3
scroll to red tab next to the menu,scroll,tab,red,next_to,menu,NONE,7,8,8,4,3
copy the last text to the right of the address,copy,text,NONE,right_of,address,last,2,9,0,5,4
tap on tab below the payment,tap,tab,NONE,below,payment,NONE,8,8,0,2,3
scroll to text above the checkout,scroll,text,NONE,above,checkout,NONE,7,9,0,1,3
tap pink link next to the cart,tap,link,pink,next_to,cart,NONE,8,5,6,4,3
copy the last text,copy,text,NONE,NONE,NONE,last,2,9,0,0,4
tap on switch below the search,tap,switch,NONE,below,search,NONE,8,7,0,2,3
tap red icon,tap,icon,red,NONE,NONE,NONE,8,3,8,0,3
press the last orange tab to the left of the login,click,tab,orange,left_of,login,last,1,8,5,3,4
open the last tab above the payment,open,tab,NONE,above,payment,last,5,8,0,1,4
open the 2nd gray icon,open,icon,gray,NONE,NONE,2nd,5,3,3,0,1
long-press green icon next to the checkout,long-press,icon,green,next_to,checkout,NONE,4,3,4,4,3
remove button to the left of the first email,delete,button,NONE,left_of,first email,NONE,3,1,0,3,3
launch tab to the left of the menu,open,tab,NONE,left_of,menu,NONE,5,8,0,3,3
trash the last gray text,delete,text,gray,NONE,NONE,last,3,9,3,0,4
launch white button below the menu,open,button,white,below,menu,NONE,5,1,9,2,3
launch tab,open,tab,NONE,NONE,NONE,NONE,5,8,0,0,3
copy text,copy,text,NONE,NONE,NONE,NONE,2,9,0,0,3
paste the 3rd yellow text,paste,text,yellow,NONE,NONE,3rd,6,9,10,0,2
scroll to the 1st red text above the checkout,scroll,text,red,above,checkout,1st,7,9,8,1,0
click button to the left of the wi-fi,click,button,NONE,left_of,wi-fi,NONE,1,1,0,3,3
long-press black button,long-press,button,black,NONE,NONE,NONE,4,1,1,0,3
remove text,delete,text,NONE,NONE,NONE,NONE,3,9,0,0,3
scroll down to the last green tab,scroll,tab,green,NONE,NONE,last,7,8,4,0,4
copy the 1st gray text to the left of the search,copy,text,gray,left_of,search,1st,2,9,3,3,0
trash button above the checkout,delete,button,NONE,above,checkout,NONE,3,1,0,1,3
scroll down to yellow menu to the right of the address,scroll,menu,yellow,right_of,address,NONE,7,6,10,5,3
press and hold text next to the settings,long-press,text,NONE,next_to,settings,NONE,4,9,0,4,3
copy gray text,copy,text,gray,NONE,NONE,NONE,2,9,3,0,3
copy text to the left of the notifications,copy,text,NONE,left_of,notifications,NONE,2,9,0,3,3
click on purple icon above the settings,click,icon,purple,above,settings,NONE,1,3,7,1,3
scroll down to the 1st blue text below the last item,scroll,text,blue,below,last item,1st,7,9,2,2,0
long-press red image to the right of the payment,long-press,image,red,right_of,payment,NONE,4,4,8,5,3
open menu next to the first email,open,menu,NONE,next_to,first email,NONE,5,6,0,4,3
remove text,delete,text,NONE,NONE,NONE,NONE,3,9,0,0,3
delete gray text to the right of the cart,delete,text,gray,right_of,cart,NONE,3,9,3,5,3
remove button to the left of the settings,delete,button,NONE,left_of,settings,NONE,3,1,0,3,3
press and hold button,long-press,button,NONE,NONE,NONE,NONE,4,1,0,0,3
tap checkbox,tap,checkbox,NONE,NONE,NONE,NONE,8,2,0,0,3
copy the last text to the left of the address,copy,text,NONE,left_of,address,last,2,9,0,3,4
paste text below the home,paste,text,NONE,below,home,NONE,6,9,0,2,3
select the 1st black text,click,text,black,NONE,NONE,1st,1,9,1,0,0
paste the 3rd pink text to the left of the first email,paste,text,pink,left_of,first email,3rd,6,9,6,3,2
tap on button above the payment,tap,button,NONE,above,payment,NONE,8,1,0,1,3
tap link,tap,link,NONE,NONE,NONE,NONE,8,5,0,0,3
tap purple tab above the wi-fi,tap,tab,purple,above,wi-fi,NONE,8,8,7,1,3
scroll down to menu next to the home,scroll,menu,NONE,next_to,home,NONE,7,6,0,4,3
scroll to the last menu,scroll,menu,NONE,NONE,NONE,last,7,6,0,0,4
press and hold the last text,long-press,text,NONE,NONE,NONE,last,4,9,0,0,4
click switch to the left of the help,click,switch,NONE,left_of,help,NONE,1,7,0,3,3
tap the 2nd yellow link,tap,link,yellow,NONE,NONE,2nd,8,5,10,0,1
paste text below the search,paste,text,NONE,below,search,NONE,6,9,0,2,3
copy text next to the last item,copy,text,NONE,next_to,last item,NONE,2,9,0,4,3
remove green image,delete,image,green,NONE,NONE,NONE,3,4,4,0,3
press and hold the 2nd red text,long-press,text,red,NONE,NONE,2nd,4,9,8,0,1
copy text to the left of the first email,copy,text,NONE,left_of,first email,NONE,2,9,0,3,3
tap the 1st switch,tap,switch,NONE,NONE,NONE,1st,8,7,0,0,0
click on switch to the right of the login,click,switch,NONE,right_of,login,NONE,1,7,0,5,3
click image to the left of the cart,click,image,NONE,left_of,cart,NONE,1,4,0,3,3
press and hold orange text,long-press,text,orange,NONE,NONE,NONE,4,9,5,0,3
scroll down to tab next to the profile,scroll,tab,NONE,next_to,profile,NONE,7,8,0,4,3
scroll to tab,scroll,tab,NONE,NONE,NONE,NONE,7,8,0,0,3
copy pink text below the address,copy,text,pink,below,address,NONE,2,9,6,2,3
press the 3rd pink switch,click,switch,pink,NONE,NONE,3rd,1,7,6,0,2
tap on the 3rd red checkbox above the home,tap,checkbox,red,above,home,3rd,8,2,8,1,2
press and hold text to the left of the wi-fi,long-press,text,NONE,left_of,wi-fi,NONE,4,9,0,3,3
tap the 3rd link,tap,link,NONE,NONE,NONE,3rd,8,5,0,0,2
paste text below the wi-fi,paste,text,NONE,below,wi-fi,NONE,6,9,0,2,3
press and hold the last image,long-press,image,NONE,NONE,NONE,last,4,4,0,0,4
select purple checkbox next to the payment,click,checkbox,purple,next_to,payment,NONE,1,2,7,4,3
paste green text above the last item,paste,text,green,above,last item,NONE,6,9,4,1,3
remove image next to the settings,delete,image,NONE,next_to,settings,NONE,3,4,0,4,3
scroll down to the 2nd white tab to the left of the first email,scroll,tab,white,left_of,first email,2nd,7,8,9,3,1
trash the 2nd image to the left of the checkout,delete,image,NONE,left_of,checkout,2nd,3,4,0,3,1
scroll down to tab,scroll,tab,NONE,NONE,NONE,NONE,7,8,0,0,3
tap on icon to the left of the wi-fi,tap,icon,NONE,left_of,wi-fi,NONE,8,3,0,3,3
paste text to the right of the last item,paste,text,NONE,right_of,last item,NONE,6,9,0,5,3
launch the 1st button,open,button,NONE,NONE,NONE,1st,5,1,0,0,0
tap on link below the search,tap,link,NONE,below,search,NONE,8,5,0,2,3
scroll to menu to the left of the payment,scroll,menu,NONE,left_of,payment,NONE,7,6,0,3,3
launch menu,open,menu,NONE,NONE,NONE,NONE,5,6,0,0,3
click checkbox above the help,click,checkbox,NONE,above,help,NONE,1,2,0,1,3
scroll to the 3rd menu below the help,scroll,menu,NONE,below,help,3rd,7,6,0,2,2
press and hold the 1st blue icon below the cart,long-press,icon,blue,below,cart,1st,4,3,2,2,0
scroll down to red menu,scroll,menu,red,NONE,NONE,NONE,7,6,8,0,3
trash text below the search,delete,text,NONE,below,search,NONE,3,9,0,2,3
scroll down to text to the right of the notifications,scroll,text,NONE,right_of,notifications,NONE,7,9,0,5,3
press icon to the left of the settings,click,icon,NONE,left_of,settings,NONE,1,3,0,3,3
press and hold text to the right of the wi-fi,long-press,text,NONE,right_of,wi-fi,NONE,4,9,0,5,3
launch the last link above the help,open,link,NONE,above,help,last,5,5,0,1,4
scroll to black menu to the left of the settings,scroll,menu,black,left_of,settings,NONE,7,6,1,3,3
long-press button next to the first email,long-press,button,NONE,next_to,first email,NONE,4,1,0,4,3
copy the 1st text,copy,text,NONE,NONE,NONE,1st,2,9,0,0,0
click purple switch to the left of the wi-fi,click,switch,purple,left_of,wi-fi,NONE,1,7,7,3,3
paste text to the left of the last item,paste,text,NONE,left_of,last item,NONE,6,9,0,3,3
paste text,paste,text,NONE,NONE,NONE,NONE,6,9,0,0,3
tap on icon to the left of the address,tap,icon,NONE,left_of,address,NONE,8,3,0,3,3
launch button,open,button,NONE,NONE,NONE,NONE,5,1,0,0,3
press and hold text above the settings,long-press,text,NONE,above,settings,NONE,4,9,0,1,3
tap the 2nd link to the left of the address,tap,link,NONE,left_of,address,2nd,8,5,0,3,1
tap checkbox below the payment,tap,checkbox,NONE,below,payment,NONE,8,2,0,2,3
copy text to the left of the checkout,copy,text,NONE,left_of,checkout,NONE,2,9,0,3,3
press and hold icon below the help,long-press,icon,NONE,below,help,NONE,4,3,0,2,3
select icon to the right of the notifications,click,icon,NONE,right_of,notifications,NONE,1,3,0,5,3
delete button,delete,button,NONE,NONE,NONE,NONE,3,1,0,0,3
scroll to text next to the last item,scroll,text,NONE,next_to,last item,NONE,7,9,0,4,3
press and hold text below the help,long-press,text,NONE,below,help,NONE,4,9,0,2,3
scroll down to green menu above the home,scroll,menu,green,above,home,NONE,7,6,4,1,3
tap the 1st black button,tap,button,black,NONE,NONE,1st,8,1,1,0,0
scroll down to purple menu,scroll,menu,purple,NONE,NONE,NONE,7,6,7,0,3
copy white text,copy,text,white,NONE,NONE,NONE,2,9,9,0,3
remove button,delete,button,NONE,NONE,NONE,NONE,3,1,0,0,3
press text next to the wi-fi,click,text,NONE,next_to,wi-fi,NONE,1,9,0,4,3
scroll to tab to the right of the cart,scroll,tab,NONE,right_of,cart,NONE,7,8,0,5,3
launch button next to the settings,open,button,NONE,next_to,settings,NONE,5,1,0,4,3
scroll down to gray text above the settings,scroll,text,gray,above,settings,NONE,7,9,3,1,3
scroll down to text to the left of the help,scroll,text,NONE,left_of,help,NONE,7,9,0,3,3
copy text above the help,copy,text,NONE,above,help,NONE,2,9,0,1,3
trash black button,delete,button,black,NONE,NONE,NONE,3,1,1,0,3
open button below the notifications,open,button,NONE,below,notifications,NONE,5,1,0,2,3
tap the last link next to the last item,tap,link,NONE,next_to,last item,last,8,5,0,4,4
copy text,copy,text,NONE,NONE,NONE,NONE,2,9,0,0,3
open link to the right of the search,open,link,NONE,right_of,search,NONE,5,5,0,5,3
launch tab next to the help,open,tab,NONE,next_to,help,NONE,5,8,0,4,3
press and hold text next to the cart,long-press,text,NONE,next_to,cart,NONE,4,9,0,4,3
scroll to the 1st tab below the checkout,scroll,tab,NONE,below,checkout,1st,7,8,0,2,0
open the 3rd green menu,open,menu,green,NONE,NONE,3rd,5,6,4,0,2
tap tab next to the search,tap,tab,NONE,next_to,search,NONE,8,8,0,4,3
long-press the 2nd icon,long-press,icon,NONE,NONE,NONE,2nd,4,3,0,0,1
press and hold orange text to the right of the address,long-press,text,orange,right_of,address,NONE,4,9,5,5,3
launch link to the left of the last item,open,link,NONE,left_of,last item,NONE,5,5,0,3,3
paste white text next to the last item,paste,text,white,next_to,last item,NONE,6,9,9,4,3
press the 1st white checkbox to the left of the help,click,checkbox,white,left_of,help,1st,1,2,9,3,0
paste the 3rd orange text to the left of the home,paste,text,orange,left_of,home,3rd,6,9,5,3,2
scroll down to the 3rd pink text below the wi-fi,scroll,text,pink,below,wi-fi,3rd,7,9,6,2,2
press and hold button next to the menu,long-press,button,NONE,next_to,menu,NONE,4,1,0,4,3
launch icon next to the home,open,icon,NONE,next_to,home,NONE,5,3,0,4,3
press and hold the 2nd icon next to the wi-fi,long-press,icon,NONE,next_to,wi-fi,2nd,4,3,0,4,1
paste the 2nd text,paste,text,NONE,NONE,NONE,2nd,6,9,0,0,1
copy the 1st text above the search,copy,text,NONE,above,search,1st,2,9,0,1,0
remove the last text next to the help,delete,text,NONE,next_to,help,last,3,9,0,4,4
paste text next to the search,paste,text,NONE,next_to,search,NONE,6,9,0,4,3
paste text to the right of the notifications,paste,text,NONE,right_of,notifications,NONE,6,9,0,5,3
long-press the 3rd text above the settings,long-press,text,NONE,above,settings,3rd,4,9,0,1,2
paste text to the right of the checkout,paste,text,NONE,right_of,checkout,NONE,6,9,0,5,3
delete green button next to the notifications,delete,button,green,next_to,notifications,NONE,3,1,4,4,3
launch link next to the last item,open,link,NONE,next_to,last item,NONE,5,5,0,4,3
delete black text below the payment,delete,text,black,below,payment,NONE,3,9,1,2,3
scroll to the last tab,scroll,tab,NONE,NONE,NONE,last,7,8,0,0,4
copy text to the left of the home,copy,text,NONE,left_of,home,NONE,2,9,0,3,3
tap on the 2nd icon to the left of the home,tap,icon,NONE,left_of,home,2nd,8,3,0,3,1
paste orange text,paste,text,orange,NONE,NONE,NONE,6,9,5,0,3
open menu to the left of the cart,open,menu,NONE,left_of,cart,NONE,5,6,0,3,3
copy text above the help,copy,text,NONE,above,help,NONE,2,9,0,1,3
copy green text to the right of the notifications,copy,text,green,right_of,notifications,NONE,2,9,4,5,3
paste text,paste,text,NONE,NONE,NONE,NONE,6,9,0,0,3
click icon above the home,click,icon,NONE,above,home,NONE,1,3,0,1,3
scroll down to text next to the address,scroll,text,NONE,next_to,address,NONE,7,9,0,4,3
open pink icon,open,icon,pink,NONE,NONE,NONE,5,3,6,0,3
click on image,click,image,NONE,NONE,NONE,NONE,1,4,0,0,3
copy text above the address,copy,text,NONE,above,address,NONE,2,9,0,1,3
trash orange image above the first email,delete,image,orange,above,first email,NONE,3,4,5,1,3
click the last button below the notifications,click,button,NONE,below,notifications,last,1,1,0,2,4
copy the 1st text next to the settings,copy,text,NONE,next_to,settings,1st,2,9,0,4,0
open button to the right of the checkout,open,button,NONE,right_of,checkout,NONE,5,1,0,5,3
copy text to the right of the settings,copy,text,NONE,right_of,settings,NONE,2,9,0,5,3
remove image to the right of the home,delete,image,NONE,right_of,home,NONE,3,4,0,5,3
press and hold red icon below the checkout,long-press,icon,red,below,checkout,NONE,4,3,8,2,3
long-press text above the wi-fi,long-press,text,NONE,above,wi-fi,NONE,4,9,0,1,3
press and hold white button below the payment,long-press,button,white,below,payment,NONE,4,1,9,2,3
remove the last button below the settings,delete,button,NONE,below,settings,last,3,1,0,2,4
scroll down to pink tab next to the profile,scroll,tab,pink,next_to,profile,NONE,7,8,6,4,3
scroll to menu next to the home,scroll,menu,NONE,next_to,home,NONE,7,6,0,4,3
press and hold gray image,long-press,image,gray,NONE,NONE,NONE,4,4,3,0,3
remove text,delete,text,NONE,NONE,NONE,NONE,3,9,0,0,3
tap on tab to the right of the profile,tap,tab,NONE,right_of,profile,NONE,8,8,0,5,3
paste text next to the wi-fi,paste,text,NONE,next_to,wi-fi,NONE,6,9,0,4,3
click pink link next to the last item,click,link,pink,next_to,last item,NONE,1,5,6,4,3
open red menu above the wi-fi,open,menu,red,above,wi-fi,NONE,5,6,8,1,3
scroll down to green menu,scroll,menu,green,NONE,NONE,NONE,7,6,4,0,3
launch the 3rd icon,open,icon,NONE,NONE,NONE,3rd,5,3,0,0,2
scroll to text to the left of the menu,scroll,text,NONE,left_of,menu,NONE,7,9,0,3,3
click icon next to the home,click,icon,NONE,next_to,home,NONE,1,3,0,4,3
press and hold image next to the settings,long-press,image,NONE,next_to,settings,NONE,4,4,0,4,3
tap on switch to the left of the profile,tap,switch,NONE,left_of,profile,NONE,8,7,0,3,3
paste the 1st text below the notifications,paste,text,NONE,below,notifications,1st,6,9,0,2,0
tap the 1st purple checkbox,tap,checkbox,purple,NONE,NONE,1st,8,2,7,0,0
press and hold black icon next to the checkout,long-press,icon,black,next_to,checkout,NONE,4,3,1,4,3
remove yellow text below the profile,delete,text,yellow,below,profile,NONE,3,9,10,2,3
select black image to the right of the checkout,click,image,black,right_of,checkout,NONE,1,4,1,5,3
launch gray menu next to the profile,open,menu,gray,next_to,profile,NONE,5,6,3,4,3
scroll to green menu to the left of the first email,scroll,menu,green,left_of,first email,NONE,7,6,4,3,3
open green icon,open,icon,green,NONE,NONE,NONE,5,3,4,0,3
paste text to the left of the wi-fi,paste,text,NONE,left_of,wi-fi,NONE,6,9,0,3,3
paste text to the left of the cart,paste,text,NONE,left_of,cart,NONE,6,9,0,3,3
launch the 2nd icon to the right of the menu,open,icon,NONE,right_of,menu,2nd,5,3,0,5,1
scroll to pink tab below the cart,scroll,tab,pink,below,cart,NONE,7,8,6,2,3
long-press gray button,long-press,button,gray,NONE,NONE,NONE,4,1,3,0,3
paste text next to the profile,paste,text,NONE,next_to,profile,NONE,6,9,0,4,3
press and hold orange button,long-press,button,orange,NONE,NONE,NONE,4,1,5,0,3
remove purple text next to the first email,delete,text,purple,next_to,first email,NONE,3,9,7,4,3
scroll down to the 2nd red menu below the first email,scroll,menu,red,below,first email,2nd,7,6,8,2,1
long-press the 1st yellow image below the settings,long-press,image,yellow,below,settings,1st,4,4,10,2,0
scroll down to tab,scroll,tab,NONE,NONE,NONE,NONE,7,8,0,0,3
tap on the 1st tab,tap,tab,NONE,NONE,NONE,1st,8,8,0,0,0
scroll to the 2nd text next to the notifications,scroll,text,NONE,next_to,notifications,2nd,7,9,0,4,1
remove text,delete,text,NONE,NONE,NONE,NONE,3,9,0,0,3
press and hold icon to the left of the first email,long-press,icon,NONE,left_of,first email,NONE,4,3,0,3,3
launch menu,open,menu,NONE,NONE,NONE,NONE,5,6,0,0,3
remove text below the notifications,delete,text,NONE,below,notifications,NONE,3,9,0,2,3
long-press button,long-press,button,NONE,NONE,NONE,NONE,4,1,0,0,3
tap on tab to the right of the home,tap,tab,NONE,right_of,home,NONE,8,8,0,5,3
click on icon above the profile,click,icon,NONE,above,profile,NONE,1,3,0,1,3
tap on black link,tap,link,black,NONE,NONE,NONE,8,5,1,0,3
tap on tab,tap,tab,NONE,NONE,NONE,NONE,8,8,0,0,3
tap on tab to the right of the address,tap,tab,NONE,right_of,address,NONE,8,8,0,5,3
paste the 3rd text to the right of the home,paste,text,NONE,right_of,home,3rd,6,9,0,5,2
paste the 2nd text,paste,text,NONE,NONE,NONE,2nd,6,9,0,0,1
copy white text,copy,text,white,NONE,NONE,NONE,2,9,9,0,3
click yellow text below the help,click,text,yellow,below,help,NONE,1,9,10,2,3
copy text to the right of the first email,copy,text,NONE,right_of,first email,NONE,2,9,0,5,3
press and hold black button above the first email,long-press,button,black,above,first email,NONE,4,1,1,1,3
open menu to the left of the help,open,menu,NONE,left_of,help,NONE,5,6,0,3,3
launch the 2nd gray link,open,link,gray,NONE,NONE,2nd,5,5,3,0,1
tap on tab below the wi-fi,tap,tab,NONE,below,wi-fi,NONE,8,8,0,2,3
paste pink text below the help,paste,text,pink,below,help,NONE,6,9,6,2,3
press black text below the profile,click,text,black,below,profile,NONE,1,9,1,2,3
long-press the 2nd yellow icon below the address,long-press,icon,yellow,below,address,2nd,4,3,10,2,1
scroll down to tab,scroll,tab,NONE,NONE,NONE,NONE,7,8,0,0,3
copy gray text,copy,text,gray,NONE,NONE,NONE,2,9,3,0,3
scroll down to tab next to the home,scroll,tab,NONE,next_to,home,NONE,7,8,0,4,3
delete yellow image next to the wi-fi,delete,image,yellow,next_to,wi-fi,NONE,3,4,10,4,3
trash text to the right of the profile,delete,text,NONE,right_of,profile,NONE,3,9,0,5,3
tap on blue button,tap,button,blue,NONE,NONE,NONE,8,1,2,0,3
paste text,paste,text,NONE,NONE,NONE,NONE,6,9,0,0,3
delete button above the first email,delete,button,NONE,above,first email,NONE,3,1,0,1,3
press and hold the 3rd orange button below the cart,long-press,button,orange,below,cart,3rd,4,1,5,2,2
remove black text,delete,text,black,NONE,NONE,NONE,3,9,1,0,3
select switch next to the wi-fi,click,switch,NONE,next_to,wi-fi,NONE,1,7,0,4,3
long-press text,long-press,text,NONE,NONE,NONE,NONE,4,9,0,0,3
open white link,open,link,white,NONE,NONE,NONE,5,5,9,0,3
open link to the left of the payment,open,link,NONE,left_of,payment,NONE,5,5,0,3,3
scroll to text,scroll,text,NONE,NONE,NONE,NONE,7,9,0,0,3
remove black text to the right of the cart,delete,text,black,right_of,cart,NONE,3,9,1,5,3
tap on the 2nd link to the left of the help,tap,link,NONE,left_of,help,2nd,8,5,0,3,1
click on the 1st button below the home,click,button,NONE,below,home,1st,1,1,0,2,0
trash text,delete,text,NONE,NONE,NONE,NONE,3,9,0,0,3
open black link,open,link,black,NONE,NONE,NONE,5,5,1,0,3
tap the 2nd tab,tap,tab,NONE,NONE,NONE,2nd,8,8,0,0,1
press and hold the last white text below the address,long-press,text,white,below,address,last,4,9,9,2,4
remove gray text below the help,delete,text,gray,below,help,NONE,3,9,3,2,3
click purple switch to the right of the last item,click,switch,purple,right_of,last item,NONE,1,7,7,5,3
copy the 3rd text to the right of the notifications,copy,text,NONE,right_of,notifications,3rd,2,9,0,5,2
press and hold the 1st icon to the right of the first email,long-press,icon,NONE,right_of,first email,1st,4,3,0,5,0
delete button to the right of the last item,delete,button,NONE,right_of,last item,NONE,3,1,0,5,3
select link next to the profile,click,link,NONE,next_to,profile,NONE,1,5,0,4,3
copy gray text to the right of the checkout,copy,text,gray,right_of,checkout,NONE,2,9,3,5,3
trash image,delete,image,NONE,NONE,NONE,NONE,3,4,0,0,3
tap on the 1st checkbox to the left of the login,tap,checkbox,NONE,left_of,login,1st,8,2,0,3,0
select switch below the home,click,switch,NONE,below,home,NONE,1,7,0,2,3
tap on white link above the first email,tap,link,white,above,first email,NONE,8,5,9,1,3
long-press icon next to the checkout,long-press,icon,NONE,next_to,checkout,NONE,4,3,0,4,3
remove the last image,delete,image,NONE,NONE,NONE,last,3,4,0,0,4
copy purple text next to the payment,copy,text,purple,next_to,payment,NONE,2,9,7,4,3
paste the 2nd text to the right of the last item,paste,text,NONE,right_of,last item,2nd,6,9,0,5,1
paste text below the first email,paste,text,NONE,below,first email,NONE,6,9,0,2,3
open tab next to the home,open,tab,NONE,next_to,home,NONE,5,8,0,4,3
scroll down to the last green text above the notifications,scroll,text,green,above,notifications,last,7,9,4,1,4
copy the 3rd pink text next to the menu,copy,text,pink,next_to,menu,3rd,2,9,6,4,2
click on the last red button next to the help,click,button,red,next_to,help,last,1,1,8,4,4
click on the last icon next to the notifications,click,icon,NONE,next_to,notifications,last,1,3,0,4,4
copy black text to the left of the notifications,copy,text,black,left_of,notifications,NONE,2,9,1,3,3
remove pink image,delete,image,pink,NONE,NONE,NONE,3,4,6,0,3
trash text above the first email,delete,text,NONE,above,first email,NONE,3,9,0,1,3
trash purple button to the right of the address,delete,button,purple,right_of,address,NONE,3,1,7,5,3
open the 3rd white link above the payment,open,link,white,above,payment,3rd,5,5,9,1,2
press and hold icon above the login,long-press,icon,NONE,above,login,NONE,4,3,0,1,3
launch purple menu,open,menu,purple,NONE,NONE,NONE,5,6,7,0,3
paste pink text above the home,paste,text,pink,above,home,NONE,6,9,6,1,3
copy gray text next to the home,copy,text,gray,next_to,home,NONE,2,9,3,4,3
click the 1st orange icon,click,icon,orange,NONE,NONE,1st,1,3,5,0,0
long-press white button,long-press,button,white,NONE,NONE,NONE,4,1,9,0,3
delete green button to the left of the checkout,delete,button,green,left_of,checkout,NONE,3,1,4,3,3
tap pink switch,tap,switch,pink,NONE,NONE,NONE,8,7,6,0,3
trash white button next to the help,delete,button,white,next_to,help,NONE,3,1,9,4,3
select checkbox above the cart,click,checkbox,NONE,above,cart,NONE,1,2,0,1,3
copy text,copy,text,NONE,NONE,NONE,NONE,2,9,0,0,3
tap the 2nd link to the left of the help,tap,link,NONE,left_of,help,2nd,8,5,0,3,1
launch yellow link,open,link,yellow,NONE,NONE,NONE,5,5,10,0,3
scroll down to tab above the profile,scroll,tab,NONE,above,profile,NONE,7,8,0,1,3
paste red text next to the wi-fi,paste,text,red,next_to,wi-fi,NONE,6,9,8,4,3
copy text to the right of the settings,copy,text,NONE,right_of,settings,NONE,2,9,0,5,3
click on icon to the right of the checkout,click,icon,NONE,right_of,checkout,NONE,1,3,0,5,3
paste the last text next to the home,paste,text,NONE,next_to,home,last,6,9,0,4,4
copy the 2nd text,copy,text,NONE,NONE,NONE,2nd,2,9,0,0,1
press and hold the 2nd white text,long-press,text,white,NONE,NONE,2nd,4,9,9,0,1
launch the 2nd tab,open,tab,NONE,NONE,NONE,2nd,5,8,0,0,1
copy pink text,copy,text,pink,NONE,NONE,NONE,2,9,6,0,3
paste blue text below the profile,paste,text,blue,below,profile,NONE,6,9,2,2,3
open the 2nd link,open,link,NONE,NONE,NONE,2nd,5,5,0,0,1
scroll to menu,scroll,menu,NONE,NONE,NONE,NONE,7,6,0,0,3
click on yellow button,click,button,yellow,NONE,NONE,NONE,1,1,10,0,3
select tab,click,tab,NONE,NONE,NONE,NONE,1,8,0,0,3
copy text,copy,text,NONE,NONE,NONE,NONE,2,9,0,0,3
select checkbox,click,checkbox,NONE,NONE,NONE,NONE,1,2,0,0,3
click on button next to the first email,click,button,NONE,next_to,first email,NONE,1,1,0,4,3
remove text next to the search,delete,text,NONE,next_to,search,NONE,3,9,0,4,3
open pink link above the first email,open,link,pink,above,first email,NONE,5,5,6,1,3
click pink link above the wi-fi,click,link,pink,above,wi-fi,NONE,1,5,6,1,3
remove text above the search,delete,text,NONE,above,search,NONE,3,9,0,1,3
copy pink text to the right of the notifications,copy,text,pink,right_of,notifications,NONE,2,9,6,5,3
open link below the settings,open,link,NONE,below,settings,NONE,5,5,0,2,3
tap button below the profile,tap,button,NONE,below,profile,NONE,8,1,0,2,3
scroll down to text to the left of the first email,scroll,text,NONE,left_of,first email,NONE,7,9,0,3,3
long-press purple image below the menu,long-press,image,purple,below,menu,NONE,4,4,7,2,3
delete pink text to the right of the last item,delete,text,pink,right_of,last item,NONE,3,9,6,5,3
tap on button,tap,button,NONE,NONE,NONE,NONE,8,1,0,0,3
long-press image to the left of the search,long-press,image,NONE,left_of,search,NONE,4,4,0,3,3
press and hold the last gray icon to the left of the home,long-press,icon,gray,left_of,home,last,4,3,3,3,4
launch menu below the menu,open,menu,NONE,below,menu,NONE,5,6,0,2,3
press checkbox,click,checkbox,NONE,NONE,NONE,NONE,1,2,0,0,3
press and hold text next to the wi-fi,long-press,text,NONE,next_to,wi-fi,NONE,4,9,0,4,3
click on orange checkbox to the right of the first email,click,checkbox,orange,right_of,first email,NONE,1,2,5,5,3
tap on white tab to the right of the profile,tap,tab,white,right_of,profile,NONE,8,8,9,5,3
open menu below the first email,open,menu,NONE,below,first email,NONE,5,6,0,2,3
click on the last checkbox above the profile,click,checkbox,NONE,above,profile,last,1,2,0,1,4
remove image to the left of the wi-fi,delete,image,NONE,left_of,wi-fi,NONE,3,4,0,3,3
copy the last text to the left of the notifications,copy,text,NONE,left_of,notifications,last,2,9,0,3,4
copy white text to the right of the payment,copy,text,white,right_of,payment,NONE,2,9,9,5,3
scroll down to gray text above the search,scroll,text,gray,above,search,NONE,7,9,3,1,3
copy text to the left of the address,copy,text,NONE,left_of,address,NONE,2,9,0,3,3
click on orange button below the help,click,button,orange,below,help,NONE,1,1,5,2,3
copy text,copy,text,NONE,NONE,NONE,NONE,2,9,0,0,3
paste the last green text,paste,text,green,NONE,NONE,last,6,9,4,0,4
press red button,click,button,red,NONE,NONE,NONE,1,1,8,0,3
tap black switch,tap,switch,black,NONE,NONE,NONE,8,7,1,0,3
copy gray text below the home,copy,text,gray,below,home,NONE,2,9,3,2,3
remove green text to the left of the home,delete,text,green,left_of,home,NONE,3,9,4,3,3
copy text to the left of the notifications,copy,text,NONE,left_of,notifications,NONE,2,9,0,3,3
copy the 2nd text,copy,text,NONE,NONE,NONE,2nd,2,9,0,0,1
copy black text below the first email,copy,text,black,below,first email,NONE,2,9,1,2,3
scroll to menu to the left of the settings,scroll,menu,NONE,left_of,settings,NONE,7,6,0,3,3
tap icon below the login,tap,icon,NONE,below,login,NONE,8,3,0,2,3
copy text,copy,text,NONE,NONE,NONE,NONE,2,9,0,0,3
scroll to pink menu,scroll,menu,pink,NONE,NONE,NONE,7,6,6,0,3
tap on button,tap,button,NONE,NONE,NONE,NONE,8,1,0,0,3
long-press orange text,long-press,text,orange,NONE,NONE,NONE,4,9,5,0,3
delete image above the checkout,delete,image,NONE,above,checkout,NONE,3,4,0,1,3
launch tab below the login,open,tab,NONE,below,login,NONE,5,8,0,2,3
click on the last text below the notifications,click,text,NONE,below,notifications,last,1,9,0,2,4
paste the last text,paste,text,NONE,NONE,NONE,last,6,9,0,0,4
scroll down to the 1st orange menu below the search,scroll,menu,orange,below,search,1st,7,6,5,2,0
tap the last switch below the wi-fi,tap,switch,NONE,below,wi-fi,last,8,7,0,2,4
paste pink text below the home,paste,text,pink,below,home,NONE,6,9,6,2,3
copy yellow text next to the checkout,copy,text,yellow,next_to,checkout,NONE,2,9,10,4,3
scroll down to the 1st menu,scroll,menu,NONE,NONE,NONE,1st,7,6,0,0,0
long-press image,long-press,image,NONE,NONE,NONE,NONE,4,4,0,0,3
paste text to the left of the wi-fi,paste,text,NONE,left_of,wi-fi,NONE,6,9,0,3,3
long-press image to the right of the first email,long-press,image,NONE,right_of,first email,NONE,4,4,0,5,3
paste text above the checkout,paste,text,NONE,above,checkout,NONE,6,9,0,1,3
scroll down to tab,scroll,tab,NONE,NONE,NONE,NONE,7,8,0,0,3
paste text below the login,paste,text,NONE,below,login,NONE,6,9,0,2,3
press link above the search,click,link,NONE,above,search,NONE,1,5,0,1,3
select image below the last item,click,image,NONE,below,last item,NONE,1,4,0,2,3
tap button above the login,tap,button,NONE,above,login,NONE,8,1,0,1,3
copy text next to the home,copy,text,NONE,next_to,home,NONE,2,9,0,4,3
scroll down to tab,scroll,tab,NONE,NONE,NONE,NONE,7,8,0,0,3
click the 1st button above the login,click,button,NONE,above,login,1st,1,1,0,1,0
tap on the 3rd white icon below the address,tap,icon,white,below,address,3rd,8,3,9,2,2
tap link above the search,tap,link,NONE,above,search,NONE,8,5,0,1,3
paste the 1st text next to the checkout,paste,text,NONE,next_to,checkout,1st,6,9,0,4,0
copy green text to the left of the checkout,copy,text,green,left_of,checkout,NONE,2,9,4,3,3
click the 1st image,click,image,NONE,NONE,NONE,1st,1,4,0,0,0
trash black button,delete,button,black,NONE,NONE,NONE,3,1,1,0,3
open orange button above the help,open,button,orange,above,help,NONE,5,1,5,1,3
tap link above the help,tap,link,NONE,above,help,NONE,8,5,0,1,3
copy text next to the search,copy,text,NONE,next_to,search,NONE,2,9,0,4,3
paste the 3rd text next to the profile,paste,text,NONE,next_to,profile,3rd,6,9,0,4,2
open the 1st black icon to the left of the cart,open,icon,black,left_of,cart,1st,5,3,1,3,0
tap purple icon to the left of the home,tap,icon,purple,left_of,home,NONE,8,3,7,3,3
click the 1st white button to the right of the address,click,button,white,right_of,address,1st,1,1,9,5,0
copy the 3rd purple text to the left of the help,copy,text,purple,left_of,help,3rd,2,9,7,3,2
long-press the 1st blue icon,long-press,icon,blue,NONE,NONE,1st,4,3,2,0,0
click orange button next to the home,click,button,orange,next_to,home,NONE,1,1,5,4,3
copy yellow text to the right of the payment,copy,text,yellow,right_of,payment,NONE,2,9,10,5,3
click switch to the right of the last item,click,switch,NONE,right_of,last item,NONE,1,7,0,5,3
scroll down to the 1st text,scroll,text,NONE,NONE,NONE,1st,7,9,0,0,0
click image below the help,click,image,NONE,below,help,NONE,1,4,0,2,3
press and hold text,long-press,text,NONE,NONE,NONE,NONE,4,9,0,0,3
press and hold image,long-press,image,NONE,NONE,NONE,NONE,4,4,0,0,3
copy text,copy,text,NONE,NONE,NONE,NONE,2,9,0,0,3
launch link next to the search,open,link,NONE,next_to,search,NONE,5,5,0,4,3
launch blue icon below the home,open,icon,blue,below,home,NONE,5,3,2,2,3
long-press the 2nd button,long-press,button,NONE,NONE,NONE,2nd,4,1,0,0,1
long-press the 1st icon to the left of the last item,long-press,icon,NONE,left_of,last item,1st,4,3,0,3,0
scroll down to orange menu below the help,scroll,menu,orange,below,help,NONE,7,6,5,2,3
long-press the 2nd blue button above the search,long-press,button,blue,above,search,2nd,4,1,2,1,1
open link to the left of the menu,open,link,NONE,left_of,menu,NONE,5,5,0,3,3
press switch,click,switch,NONE,NONE,NONE,NONE,1,7,0,0,3
press and hold pink button next to the help,long-press,button,pink,next_to,help,NONE,4,1,6,4,3
paste red text to the left of the settings,paste,text,red,left_of,settings,NONE,6,9,8,3,3
scroll to menu to the right of the profile,scroll,menu,NONE,right_of,profile,NONE,7,6,0,5,3
copy black text above the search,copy,text,black,above,search,NONE,2,9,1,1,3
tap on button above the menu,tap,button,NONE,above,menu,NONE,8,1,0,1,3
tap on the 3rd orange link below the menu,tap,link,orange,below,menu,3rd,8,5,5,2,2
paste black text below the menu,paste,text,black,below,menu,NONE,6,9,1,2,3
paste the last text above the home,paste,text,NONE,above,home,last,6,9,0,1,4
scroll down to purple menu to the right of the search,scroll,menu,purple,right_of,search,NONE,7,6,7,5,3
tap on tab,tap,tab,NONE,NONE,NONE,NONE,8,8,0,0,3
press image to the left of the wi-fi,click,image,NONE,left_of,wi-fi,NONE,1,4,0,3,3
scroll to the 3rd red tab below the address,scroll,tab,red,below,address,3rd,7,8,8,2,2
tap switch,tap,switch,NONE,NONE,NONE,NONE,8,7,0,0,3
open link,open,link,NONE,NONE,NONE,NONE,5,5,0,0,3
trash the 3rd gray button to the left of the help,delete,button,gray,left_of,help,3rd,3,1,3,3,2
tap the 1st checkbox above the last item,tap,checkbox,NONE,above,last item,1st,8,2,0,1,0
select the 3rd icon above the home,click,icon,NONE,above,home,3rd,1,3,0,1,2
copy text to the left of the last item,copy,text,NONE,left_of,last item,NONE,2,9,0,3,3
paste the 3rd text above the last item,paste,text,NONE,above,last item,3rd,6,9,0,1,2
select the 2nd checkbox to the right of the login,click,checkbox,NONE,right_of,login,2nd,1,2,0,5,1
tap on icon to the left of the search,tap,icon,NONE,left_of,search,NONE,8,3,0,3,3
press and hold the 1st purple image,long-press,image,purple,NONE,NONE,1st,4,4,7,0,0
copy text,copy,text,NONE,NONE,NONE,NONE,2,9,0,0,3
copy the 2nd text,copy,text,NONE,NONE,NONE,2nd,2,9,0,0,1
paste text,paste,text,NONE,NONE,NONE,NONE,6,9,0,0,3
press and hold yellow button,long-press,button,yellow,NONE,NONE,NONE,4,1,10,0,3
scroll down to the last tab to the right of the profile,scroll,tab,NONE,right_of,profile,last,7,8,0,5,4
select yellow icon to the left of the menu,click,icon,yellow,left_of,menu,NONE,1,3,10,3,3
scroll to menu below the settings,scroll,menu,NONE,below,settings,NONE,7,6,0,2,3
press and hold image to the left of the search,long-press,image,NONE,left_of,search,NONE,4,4,0,3,3
launch the 3rd button to the left of the notifications,open,button,NONE,left_of,notifications,3rd,5,1,0,3,2
tap link,tap,link,NONE,NONE,NONE,NONE,8,5,0,0,3
click on the last blue button,click,button,blue,NONE,NONE,last,1,1,2,0,4
paste purple text below the menu,paste,text,purple,below,menu,NONE,6,9,7,2,3
delete text next to the help,delete,text,NONE,next_to,help,NONE,3,9,0,4,3
delete text next to the last item,delete,text,NONE,next_to,last item,NONE,3,9,0,4,3
scroll to blue menu,scroll,menu,blue,NONE,NONE,NONE,7,6,2,0,3
copy text,copy,text,NONE,NONE,NONE,NONE,2,9,0,0,3
launch tab above the wi-fi,open,tab,NONE,above,wi-fi,NONE,5,8,0,1,3
long-press yellow image to the left of the search,long-press,image,yellow,left_of,search,NONE,4,4,10,3,3
press and hold white button above the search,long-press,button,white,above,search,NONE,4,1,9,1,3
launch black button below the checkout,open,button,black,below,checkout,NONE,5,1,1,2,3
long-press the 2nd button,long-press,button,NONE,NONE,NONE,2nd,4,1,0,0,1
remove button,delete,button,NONE,NONE,NONE,NONE,3,1,0,0,3
remove text,delete,text,NONE,NONE,NONE,NONE,3,9,0,0,3
tap on icon to the right of the settings,tap,icon,NONE,right_of,settings,NONE,8,3,0,5,3
trash gray button,delete,button,gray,NONE,NONE,NONE,3,1,3,0,3
launch tab to the left of the payment,open,tab,NONE,left_of,payment,NONE,5,8,0,3,3
scroll to text to the left of the last item,scroll,text,NONE,left_of,last item,NONE,7,9,0,3,3
paste text to the left of the cart,paste,text,NONE,left_of,cart,NONE,6,9,0,3,3
paste the 2nd red text,paste,text,red,NONE,NONE,2nd,6,9,8,0,1
launch menu to the left of the settings,open,menu,NONE,left_of,settings,NONE,5,6,0,3,3
delete orange text to the right of the notifications,delete,text,orange,right_of,notifications,NONE,3,9,5,5,3
tap orange button,tap,button,orange,NONE,NONE,NONE,8,1,5,0,3
remove image,delete,image,NONE,NONE,NONE,NONE,3,4,0,0,3
tap button,tap,button,NONE,NONE,NONE,NONE,8,1,0,0,3
press and hold image to the left of the login,long-press,image,NONE,left_of,login,NONE,4,4,0,3,3
launch the 1st pink link to the left of the first email,open,link,pink,left_of,first email,1st,5,5,6,3,0
copy text next to the last item,copy,text,NONE,next_to,last item,NONE,2,9,0,4,3
copy text,copy,text,NONE,NONE,NONE,NONE,2,9,0,0,3
tap tab,tap,tab,NONE,NONE,NONE,NONE,8,8,0,0,3
copy text,copy,text,NONE,NONE,NONE,NONE,2,9,0,0,3
tap on link to the left of the profile,tap,link,NONE,left_of,profile,NONE,8,5,0,3,3
open menu above the last item,open,menu,NONE,above,last item,NONE,5,6,0,1,3
tap on link next to the search,tap,link,NONE,next_to,search,NONE,8,5,0,4,3
select the 2nd image to the left of the address,click,image,NONE,left_of,address,2nd,1,4,0,3,1
copy text next to the home,copy,text,NONE,next_to,home,NONE,2,9,0,4,3
click the 3rd switch,click,switch,NONE,NONE,NONE,3rd,1,7,0,0,2
copy text below the wi-fi,copy,text,NONE,below,wi-fi,NONE,2,9,0,2,3
scroll down to menu,scroll,menu,NONE,NONE,NONE,NONE,7,6,0,0,3
scroll down to the 3rd tab to the left of the search,scroll,tab,NONE,left_of,search,3rd,7,8,0,3,2
paste text,paste,text,NONE,NONE,NONE,NONE,6,9,0,0,3
copy the 3rd text,copy,text,NONE,NONE,NONE,3rd,2,9,0,0,2
select button above the search,click,button,NONE,above,search,NONE,1,1,0,1,3
scroll to tab,scroll,tab,NONE,NONE,NONE,NONE,7,8,0,0,3
copy gray text below the home,copy,text,gray,below,home,NONE,2,9,3,2,3
paste text,paste,text,NONE,NONE,NONE,NONE,6,9,0,0,3
delete button below the last item,delete,button,NONE,below,last item,NONE,3,1,0,2,3
launch menu to the left of the address,open,menu,NONE,left_of,address,NONE,5,6,0,3,3
paste red text,paste,text,red,NONE,NONE,NONE,6,9,8,0,3
tap on button,tap,button,NONE,NONE,NONE,NONE,8,1,0,0,3
click orange icon below the checkout,click,icon,orange,below,checkout,NONE,1,3,5,2,3
long-press text next to the settings,long-press,text,NONE,next_to,settings,NONE,4,9,0,4,3
scroll down to the 3rd green menu,scroll,menu,green,NONE,NONE,3rd,7,6,4,0,2
paste the 3rd text to the right of the login,paste,text,NONE,right_of,login,3rd,6,9,0,5,2
press and hold image to the left of the home,long-press,image,NONE,left_of,home,NONE,4,4,0,3,3
scroll to tab to the right of the cart,scroll,tab,NONE,right_of,cart,NONE,7,8,0,5,3
open the 1st red button to the left of the notifications,open,button,red,left_of,notifications,1st,5,1,8,3,0
scroll down to tab,scroll,tab,NONE,NONE,NONE,NONE,7,8,0,0,3
tap the 3rd checkbox next to the settings,tap,checkbox,NONE,next_to,settings,3rd,8,2,0,4,2
trash the 3rd button next to the wi-fi,delete,button,NONE,next_to,wi-fi,3rd,3,1,0,4,2
remove image above the checkout,delete,image,NONE,above,checkout,NONE,3,4,0,1,3
open button,open,button,NONE,NONE,NONE,NONE,5,1,0,0,3
tap the 3rd link,tap,link,NONE,NONE,NONE,3rd,8,5,0,0,2
click link above the settings,click,link,NONE,above,settings,NONE,1,5,0,1,3
scroll down to menu below the search,scroll,menu,NONE,below,search,NONE,7,6,0,2,3
click on the last button,click,button,NONE,NONE,NONE,last,1,1,0,0,4
tap black checkbox below the wi-fi,tap,checkbox,black,below,wi-fi,NONE,8,2,1,2,3
paste text,paste,text,NONE,NONE,NONE,NONE,6,9,0,0,3
trash text below the address,delete,text,NONE,below,address,NONE,3,9,0,2,3
scroll to yellow menu next to the cart,scroll,menu,yellow,next_to,cart,NONE,7,6,10,4,3
copy text above the first email,copy,text,NONE,above,first email,NONE,2,9,0,1,3
launch purple icon to the left of the cart,open,icon,purple,left_of,cart,NONE,5,3,7,3,3
scroll to menu to the right of the notifications,scroll,menu,NONE,right_of,notifications,NONE,7,6,0,5,3
scroll to the 3rd menu to the right of the checkout,scroll,menu,NONE,right_of,checkout,3rd,7,6,0,5,2
select link above the payment,click,link,NONE,above,payment,NONE,1,5,0,1,3
paste yellow text to the left of the checkout,paste,text,yellow,left_of,checkout,NONE,6,9,10,3,3
click text to the right of the address,click,text,NONE,right_of,address,NONE,1,9,0,5,3
remove blue text to the left of the address,delete,text,blue,left_of,address,NONE,3,9,2,3,3
tap tab,tap,tab,NONE,NONE,NONE,NONE,8,8,0,0,3
copy text next to the first email,copy,text,NONE,next_to,first email,NONE,2,9,0,4,3
scroll down to black text to the left of the profile,scroll,text,black,left_of,profile,NONE,7,9,1,3,3
scroll to tab,scroll,tab,NONE,NONE,NONE,NONE,7,8,0,0,3
delete black image,delete,image,black,NONE,NONE,NONE,3,4,1,0,3
remove white text,delete,text,white,NONE,NONE,NONE,3,9,9,0,3
scroll down to purple menu above the notifications,scroll,menu,purple,above,notifications,NONE,7,6,7,1,3
click gray link above the first email,click,link,gray,above,first email,NONE,1,5,3,1,3
paste the last text next to the search,paste,text,NONE,next_to,search,last,6,9,0,4,4
press and hold icon below the cart,long-press,icon,NONE,below,cart,NONE,4,3,0,2,3
tap link,tap,link,NONE,NONE,NONE,NONE,8,5,0,0,3
copy the 2nd blue text,copy,text,blue,NONE,NONE,2nd,2,9,2,0,1
paste the last red text below the search,paste,text,red,below,search,last,6,9,8,2,4
trash the 3rd image above the wi-fi,delete,image,NONE,above,wi-fi,3rd,3,4,0,1,2
paste text,paste,text,NONE,NONE,NONE,NONE,6,9,0,0,3
copy pink text,copy,text,pink,NONE,NONE,NONE,2,9,6,0,3
scroll to the 3rd text to the left of the login,scroll,text,NONE,left_of,login,3rd,7,9,0,3,2
long-press text to the left of the last item,long-press,text,NONE,left_of,last item,NONE,4,9,0,3,3
scroll down to the last black tab below the notifications,scroll,tab,black,below,notifications,last,7,8,1,2,4
launch tab below the first email,open,tab,NONE,below,first email,NONE,5,8,0,2,3
open red icon below the payment,open,icon,red,below,payment,NONE,5,3,8,2,3
scroll down to the 3rd text,scroll,text,NONE,NONE,NONE,3rd,7,9,0,0,2
paste text below the menu,paste,text,NONE,below,menu,NONE,6,9,0,2,3
press switch to the right of the notifications,click,switch,NONE,right_of,notifications,NONE,1,7,0,5,3
long-press icon to the left of the payment,long-press,icon,NONE,left_of,payment,NONE,4,3,0,3,3
remove button next to the payment,delete,button,NONE,next_to,payment,NONE,3,1,0,4,3
remove button,delete,button,NONE,NONE,NONE,NONE,3,1,0,0,3
open the 1st tab,open,tab,NONE,NONE,NONE,1st,5,8,0,0,0
press and hold red image to the left of the menu,long-press,image,red,left_of,menu,NONE,4,4,8,3,3
scroll down to tab below the notifications,scroll,tab,NONE,below,notifications,NONE,7,8,0,2,3
tap on yellow link below the settings,tap,link,yellow,below,settings,NONE,8,5,10,2,3
copy black text below the login,copy,text,black,below,login,NONE,2,9,1,2,3
scroll to text next to the profile,scroll,text,NONE,next_to,profile,NONE,7,9,0,4,3
tap on red checkbox,tap,checkbox,red,NONE,NONE,NONE,8,2,8,0,3
scroll down to the 1st white text above the search,scroll,text,white,above,search,1st,7,9,9,1,0
copy the 3rd text to the left of the last item,copy,text,NONE,left_of,last item,3rd,2,9,0,3,2
copy text,copy,text,NONE,NONE,NONE,NONE,2,9,0,0,3
copy text,copy,text,NONE,NONE,NONE,NONE,2,9,0,0,3
copy the 2nd gray text next to the login,copy,text,gray,next_to,login,2nd,2,9,3,4,1
paste text above the notifications,paste,text,NONE,above,notifications,NONE,6,9,0,1,3
launch button above the cart,open,button,NONE,above,cart,NONE,5,1,0,1,3
tap button,tap,button,NONE,NONE,NONE,NONE,8,1,0,0,3
copy the 3rd black text above the search,copy,text,black,above,search,3rd,2,9,1,1,2
paste the 2nd text,paste,text,NONE,NONE,NONE,2nd,6,9,0,0,1
paste text to the right of the address,paste,text,NONE,right_of,address,NONE,6,9,0,5,3
open the 3rd menu,open,menu,NONE,NONE,NONE,3rd,5,6,0,0,2
remove text to the left of the address,delete,text,NONE,left_of,address,NONE,3,9,0,3,3
paste the last text,paste,text,NONE,NONE,NONE,last,6,9,0,0,4
open button to the left of the first email,open,button,NONE,left_of,first email,NONE,5,1,0,3,3
launch the last black tab below the settings,open,tab,black,below,settings,last,5,8,1,2,4
long-press image,long-press,image,NONE,NONE,NONE,NONE,4,4,0,0,3
tap icon,tap,icon,NONE,NONE,NONE,NONE,8,3,0,0,3
long-press the 2nd button below the first email,long-press,button,NONE,below,first email,2nd,4,1,0,2,1
tap the 1st tab to the right of the wi-fi,tap,tab,NONE,right_of,wi-fi,1st,8,8,0,5,0
paste text,paste,text,NONE,NONE,NONE,NONE,6,9,0,0,3
long-press yellow button above the search,long-press,button,yellow,above,search,NONE,4,1,10,1,3
click on orange text,click,text,orange,NONE,NONE,NONE,1,9,5,0,3
copy text above the login,copy,text,NONE,above,login,NONE,2,9,0,1,3
open link to the right of the cart,open,link,NONE,right_of,cart,NONE,5,5,0,5,3
tap switch,tap,switch,NONE,NONE,NONE,NONE,8,7,0,0,3
tap on the 2nd pink icon,tap,icon,pink,NONE,NONE,2nd,8,3,6,0,1
launch link next to the address,open,link,NONE,next_to,address,NONE,5,5,0,4,3
paste blue text above the first email,paste,text,blue,above,first email,NONE,6,9,2,1,3
trash the last button to the right of the notifications,delete,button,NONE,right_of,notifications,last,3,1,0,5,4
press gray button below the home,click,button,gray,below,home,NONE,1,1,3,2,3
tap on pink tab below the profile,tap,tab,pink,below,profile,NONE,8,8,6,2,3
scroll to menu next to the menu,scroll,menu,NONE,next_to,menu,NONE,7,6,0,4,3
tap the 3rd orange icon to the right of the checkout,tap,icon,orange,right_of,checkout,3rd,8,3,5,5,2
trash text below the profile,delete,text,NONE,below,profile,NONE,3,9,0,2,3
copy white text above the checkout,copy,text,white,above,checkout,NONE,2,9,9,1,3
scroll to tab next to the cart,scroll,tab,NONE,next_to,cart,NONE,7,8,0,4,3
paste the 1st text,paste,text,NONE,NONE,NONE,1st,6,9,0,0,0
launch yellow tab,open,tab,yellow,NONE,NONE,NONE,5,8,10,0,3
copy text to the right of the login,copy,text,NONE,right_of,login,NONE,2,9,0,5,3
click on button,click,button,NONE,NONE,NONE,NONE,1,1,0,0,3
tap on link above the payment,tap,link,NONE,above,payment,NONE,8,5,0,1,3
launch the last link above the search,open,link,NONE,above,search,last,5,5,0,1,4
trash image above the payment,delete,image,NONE,above,payment,NONE,3,4,0,1,3
open icon,open,icon,NONE,NONE,NONE,NONE,5,3,0,0,3
press and hold red text,long-press,text,red,NONE,NONE,NONE,4,9,8,0,3
select the last text below the payment,click,text,NONE,below,payment,last,1,9,0,2,4
press and hold the 1st image next to the checkout,long-press,image,NONE,next_to,checkout,1st,4,4,0,4,0
copy pink text,copy,text,pink,NONE,NONE,NONE,2,9,6,0,3
paste black text above the checkout,paste,text,black,above,checkout,NONE,6,9,1,1,3
scroll to text to the left of the profile,scroll,text,NONE,left_of,profile,NONE,7,9,0,3,3
open the 1st icon to the left of the wi-fi,open,icon,NONE,left_of,wi-fi,1st,5,3,0,3,0
click purple icon below the cart,click,icon,purple,below,cart,NONE,1,3,7,2,3
tap icon,tap,icon,NONE,NONE,NONE,NONE,8,3,0,0,3
scroll to text to the right of the notifications,scroll,text,NONE,right_of,notifications,NONE,7,9,0,5,3
copy the 3rd text below the search,copy,text,NONE,below,search,3rd,2,9,0,2,2
copy the 1st white text next to the address,copy,text,white,next_to,address,1st,2,9,9,4,0
tap link,tap,link,NONE,NONE,NONE,NONE,8,5,0,0,3
tap on checkbox to the right of the address,tap,checkbox,NONE,right_of,address,NONE,8,2,0,5,3
paste blue text to the left of the wi-fi,paste,text,blue,left_of,wi-fi,NONE,6,9,2,3,3
launch the last pink menu,open,menu,pink,NONE,NONE,last,5,6,6,0,4
click on the 2nd link to the right of the payment,click,link,NONE,right_of,payment,2nd,1,5,0,5,1
scroll to gray tab to the right of the login,scroll,tab,gray,right_of,login,NONE,7,8,3,5,3
scroll to menu to the left of the notifications,scroll,menu,NONE,left_of,notifications,NONE,7,6,0,3,3
paste text below the payment,paste,text,NONE,below,payment,NONE,6,9,0,2,3
press and hold button to the right of the last item,long-press,button,NONE,right_of,last item,NONE,4,1,0,5,3
paste text,paste,text,NONE,NONE,NONE,NONE,6,9,0,0,3
paste the last white text,paste,text,white,NONE,NONE,last,6,9,9,0,4
trash button,delete,button,NONE,NONE,NONE,NONE,3,1,0,0,3
remove the 2nd gray text next to the payment,delete,text,gray,next_to,payment,2nd,3,9,3,4,1
remove text to the right of the search,delete,text,NONE,right_of,search,NONE,3,9,0,5,3
paste text above the menu,paste,text,NONE,above,menu,NONE,6,9,0,1,3
long-press the 1st gray text to the left of the cart,long-press,text,gray,left_of,cart,1st,4,9,3,3,0
paste blue text above the profile,paste,text,blue,above,profile,NONE,6,9,2,1,3
remove text above the payment,delete,text,NONE,above,payment,NONE,3,9,0,1,3
scroll down to text next to the notifications,scroll,text,NONE,next_to,notifications,NONE,7,9,0,4,3
remove button below the checkout,delete,button,NONE,below,checkout,NONE,3,1,0,2,3
scroll to the 2nd text,scroll,text,NONE,NONE,NONE,2nd,7,9,0,0,1
scroll down to the last text,scroll,text,NONE,NONE,NONE,last,7,9,0,0,4
tap on button next to the settings,tap,button,NONE,next_to,settings,NONE,8,1,0,4,3
delete image above the search,delete,image,NONE,above,search,NONE,3,4,0,1,3
delete image to the left of the payment,delete,image,NONE,left_of,payment,NONE,3,4,0,3,3
scroll down to menu next to the last item,scroll,menu,NONE,next_to,last item,NONE,7,6,0,4,3
trash image,delete,image,NONE,NONE,NONE,NONE,3,4,0,0,3
copy the last text,copy,text,NONE,NONE,NONE,last,2,9,0,0,4
remove text to the right of the address,delete,text,NONE,right_of,address,NONE,3,9,0,5,3
copy text above the address,copy,text,NONE,above,address,NONE,2,9,0,1,3
launch orange button,open,button,orange,NONE,NONE,NONE,5,1,5,0,3
select white tab to the right of the address,click,tab,white,right_of,address,NONE,1,8,9,5,3
tap gray icon,tap,icon,gray,NONE,NONE,NONE,8,3,3,0,3
scroll to menu,scroll,menu,NONE,NONE,NONE,NONE,7,6,0,0,3
open button to the left of the payment,open,button,NONE,left_of,payment,NONE,5,1,0,3,3
paste pink text,paste,text,pink,NONE,NONE,NONE,6,9,6,0,3
launch purple menu below the last item,open,menu,purple,below,last item,NONE,5,6,7,2,3
tap on button,tap,button,NONE,NONE,NONE,NONE,8,1,0,0,3
tap the last white button,tap,button,white,NONE,NONE,last,8,1,9,0,4
tap on tab,tap,tab,NONE,NONE,NONE,NONE,8,8,0,0,3
press the last text below the search,click,text,NONE,below,search,last,1,9,0,2,4
delete the 1st image to the left of the address,delete,image,NONE,left_of,address,1st,3,4,0,3,0
press and hold the 3rd text,long-press,text,NONE,NONE,NONE,3rd,4,9,0,0,2
scroll to text above the payment,scroll,text,NONE,above,payment,NONE,7,9,0,1,3
tap on tab above the checkout,tap,tab,NONE,above,checkout,NONE,8,8,0,1,3
click on button,click,button,NONE,NONE,NONE,NONE,1,1,0,0,3
open menu to the left of the help,open,menu,NONE,left_of,help,NONE,5,6,0,3,3
tap on the 2nd button to the right of the home,tap,button,NONE,right_of,home,2nd,8,1,0,5,1
long-press button next to the first email,long-press,button,NONE,next_to,first email,NONE,4,1,0,4,3
press and hold the 3rd icon to the left of the address,long-press,icon,NONE,left_of,address,3rd,4,3,0,3,2
long-press the last black button to the right of the help,long-press,button,black,right_of,help,last,4,1,1,5,4
copy text to the left of the login,copy,text,NONE,left_of,login,NONE,2,9,0,3,3
scroll down to white menu above the payment,scroll,menu,white,above,payment,NONE,7,6,9,1,3
paste blue text to the right of the menu,paste,text,blue,right_of,menu,NONE,6,9,2,5,3
open the last link below the last item,open,link,NONE,below,last item,last,5,5,0,2,4
select the last text,click,text,NONE,NONE,NONE,last,1,9,0,0,4
paste text next to the address,paste,text,NONE,next_to,address,NONE,6,9,0,4,3
copy white text to the right of the address,copy,text,white,right_of,address,NONE,2,9,9,5,3
scroll down to menu next to the last item,scroll,menu,NONE,next_to,last item,NONE,7,6,0,4,3
long-press image next to the first email,long-press,image,NONE,next_to,first email,NONE,4,4,0,4,3
remove the 2nd gray text to the left of the cart,delete,text,gray,left_of,cart,2nd,3,9,3,3,1
remove image,delete,image,NONE,NONE,NONE,NONE,3,4,0,0,3
scroll down to tab,scroll,tab,NONE,NONE,NONE,NONE,7,8,0,0,3
select image,click,image,NONE,NONE,NONE,NONE,1,4,0,0,3
open button to the right of the last item,open,button,NONE,right_of,last item,NONE,5,1,0,5,3
paste text to the right of the help,paste,text,NONE,right_of,help,NONE,6,9,0,5,3
scroll to tab to the right of the settings,scroll,tab,NONE,right_of,settings,NONE,7,8,0,5,3
paste white text,paste,text,white,NONE,NONE,NONE,6,9,9,0,3
remove button,delete,button,NONE,NONE,NONE,NONE,3,1,0,0,3
click the last purple link to the right of the login,click,link,purple,right_of,login,last,1,5,7,5,4
press checkbox,click,checkbox,NONE,NONE,NONE,NONE,1,2,0,0,3
tap on the 2nd icon,tap,icon,NONE,NONE,NONE,2nd,8,3,0,0,1
copy text to the right of the checkout,copy,text,NONE,right_of,checkout,NONE,2,9,0,5,3
tap on white tab next to the first email,tap,tab,white,next_to,first email,NONE,8,8,9,4,3
delete text above the profile,delete,text,NONE,above,profile,NONE,3,9,0,1,3
copy text,copy,text,NONE,NONE,NONE,NONE,2,9,0,0,3
open icon next to the checkout,open,icon,NONE,next_to,checkout,NONE,5,3,0,4,3
press image,click,image,NONE,NONE,NONE,NONE,1,4,0,0,3
open the 1st icon below the payment,open,icon,NONE,below,payment,1st,5,3,0,2,0
tap the last gray switch next to the profile,tap,switch,gray,next_to,profile,last,8,7,3,4,4
launch menu,open,menu,NONE,NONE,NONE,NONE,5,6,0,0,3
copy text,copy,text,NONE,NONE,NONE,NONE,2,9,0,0,3
click icon to the left of the wi-fi,click,icon,NONE,left_of,wi-fi,NONE,1,3,0,3,3
tap link,tap,link,NONE,NONE,NONE,NONE,8,5,0,0,3
press and hold button to the left of the checkout,long-press,button,NONE,left_of,checkout,NONE,4,1,0,3,3
select black text,click,text,black,NONE,NONE,NONE,1,9,1,0,3
tap checkbox,tap,checkbox,NONE,NONE,NONE,NONE,8,2,0,0,3
copy text below the address,copy,text,NONE,below,address,NONE,2,9,0,2,3
scroll down to the 2nd text to the left of the address,scroll,text,NONE,left_of,address,2nd,7,9,0,3,1
copy text below the checkout,copy,text,NONE,below,checkout,NONE,2,9,0,2,3
open the last link next to the menu,open,link,NONE,next_to,menu,last,5,5,0,4,4
trash the 2nd button above the payment,delete,button,NONE,above,payment,2nd,3,1,0,1,1
copy the last text,copy,text,NONE,NONE,NONE,last,2,9,0,0,4
open the 2nd tab to the left of the cart,open,tab,NONE,left_of,cart,2nd,5,8,0,3,1
trash the 3rd image to the right of the address,delete,image,NONE,right_of,address,3rd,3,4,0,5,2
launch the 3rd red menu next to the home,open,menu,red,next_to,home,3rd,5,6,8,4,2
tap on the 3rd purple checkbox,tap,checkbox,purple,NONE,NONE,3rd,8,2,7,0,2
copy text to the left of the settings,copy,text,NONE,left_of,settings,NONE,2,9,0,3,3
open green link to the left of the search,open,link,green,left_of,search,NONE,5,5,4,3,3
paste the last yellow text,paste,text,yellow,NONE,NONE,last,6,9,10,0,4
scroll to the last text above the cart,scroll,text,NONE,above,cart,last,7,9,0,1,4
press and hold image to the left of the help,long-press,image,NONE,left_of,help,NONE,4,4,0,3,3
paste text to the left of the wi-fi,paste,text,NONE,left_of,wi-fi,NONE,6,9,0,3,3
open the last button below the notifications,open,button,NONE,below,notifications,last,5,1,0,2,4
copy blue text to the left of the checkout,copy,text,blue,left_of,checkout,NONE,2,9,2,3,3
paste text below the first email,paste,text,NONE,below,first email,NONE,6,9,0,2,3
copy text,copy,text,NONE,NONE,NONE,NONE,2,9,0,0,3
paste purple text above the home,paste,text,purple,above,home,NONE,6,9,7,1,3
remove gray button above the last item,delete,button,gray,above,last item,NONE,3,1,3,1,3
select icon above the first email,click,icon,NONE,above,first email,NONE,1,3,0,1,3
click on switch,click,switch,NONE,NONE,NONE,NONE,1,7,0,0,3
press link,click,link,NONE,NONE,NONE,NONE,1,5,0,0,3
scroll down to tab above the payment,scroll,tab,NONE,above,payment,NONE,7,8,0,1,3
select button,click,button,NONE,NONE,NONE,NONE,1,1,0,0,3
tap on the 1st purple checkbox above the menu,tap,checkbox,purple,above,menu,1st,8,2,7,1,0
copy the 3rd red text below the login,copy,text,red,below,login,3rd,2,9,8,2,2
long-press icon to the left of the first email,long-press,icon,NONE,left_of,first email,NONE,4,3,0,3,3
press and hold gray text next to the checkout,long-press,text,gray,next_to,checkout,NONE,4,9,3,4,3
paste the 2nd text,paste,text,NONE,NONE,NONE,2nd,6,9,0,0,1
copy gray text below the login,copy,text,gray,below,login,NONE,2,9,3,2,3
tap link,tap,link,NONE,NONE,NONE,NONE,8,5,0,0,3
click on the last yellow link,click,link,yellow,NONE,NONE,last,1,5,10,0,4
click text,click,text,NONE,NONE,NONE,NONE,1,9,0,0,3
long-press icon,long-press,icon,NONE,NONE,NONE,NONE,4,3,0,0,3
launch blue menu,open,menu,blue,NONE,NONE,NONE,5,6,2,0,3
copy green text next to the last item,copy,text,green,next_to,last item,NONE,2,9,4,4,3
select text above the home,click,text,NONE,above,home,NONE,1,9,0,1,3
scroll to gray text,scroll,text,gray,NONE,NONE,NONE,7,9,3,0,3
open yellow icon,open,icon,yellow,NONE,NONE,NONE,5,3,10,0,3
paste the 3rd text to the left of the home,paste,text,NONE,left_of,home,3rd,6,9,0,3,2
copy the 2nd text,copy,text,NONE,NONE,NONE,2nd,2,9,0,0,1
click on orange button,click,button,orange,NONE,NONE,NONE,1,1,5,0,3
paste text to the left of the search,paste,text,NONE,left_of,search,NONE,6,9,0,3,3
open the 3rd yellow icon,open,icon,yellow,NONE,NONE,3rd,5,3,10,0,2
launch button to the left of the notifications,open,button,NONE,left_of,notifications,NONE,5,1,0,3,3
copy pink text,copy,text,pink,NONE,NONE,NONE,2,9,6,0,3
click on button to the right of the settings,click,button,NONE,right_of,settings,NONE,1,1,0,5,3
tap link,tap,link,NONE,NONE,NONE,NONE,8,5,0,0,3
scroll down to tab,scroll,tab,NONE,NONE,NONE,NONE,7,8,0,0,3
delete gray image next to the menu,delete,image,gray,next_to,menu,NONE,3,4,3,4,3
launch button next to the payment,open,button,NONE,next_to,payment,NONE,5,1,0,4,3
paste text to the right of the address,paste,text,NONE,right_of,address,NONE,6,9,0,5,3
open link to the left of the search,open,link,NONE,left_of,search,NONE,5,5,0,3,3
long-press the 1st red image to the left of the payment,long-press,image,red,left_of,payment,1st,4,4,8,3,0
scroll to the 3rd blue tab next to the address,scroll,tab,blue,next_to,address,3rd,7,8,2,4,2
open button to the right of the cart,open,button,NONE,right_of,cart,NONE,5,1,0,5,3
press and hold green image next to the login,long-press,image,green,next_to,login,NONE,4,4,4,4,3
scroll to text below the cart,scroll,text,NONE,below,cart,NONE,7,9,0,2,3
tap on the last icon to the left of the profile,tap,icon,NONE,left_of,profile,last,8,3,0,3,4
scroll to the 1st tab to the right of the last item,scroll,tab,NONE,right_of,last item,1st,7,8,0,5,0
scroll to text above the payment,scroll,text,NONE,above,payment,NONE,7,9,0,1,3
press black tab below the settings,click,tab,black,below,settings,NONE,1,8,1,2,3
press and hold text above the first email,long-press,text,NONE,above,first email,NONE,4,9,0,1,3
copy gray text above the wi-fi,copy,text,gray,above,wi-fi,NONE,2,9,3,1,3
open tab,open,tab,NONE,NONE,NONE,NONE,5,8,0,0,3
scroll to text next to the address,scroll,text,NONE,next_to,address,NONE,7,9,0,4,3
long-press the 3rd yellow icon above the wi-fi,long-press,icon,yellow,above,wi-fi,3rd,4,3,10,1,2
tap link,tap,link,NONE,NONE,NONE,NONE,8,5,0,0,3
open the 3rd purple link above the payment,open,link,purple,above,payment,3rd,5,5,7,1,2
trash image next to the login,delete,image,NONE,next_to,login,NONE,3,4,0,4,3
tap on pink icon,tap,icon,pink,NONE,NONE,NONE,8,3,6,0,3
copy the last text,copy,text,NONE,NONE,NONE,last,2,9,0,0,4
tap icon next to the help,tap,icon,NONE,next_to,help,NONE,8,3,0,4,3
trash black image to the right of the checkout,delete,image,black,right_of,checkout,NONE,3,4,1,5,3
copy text,copy,text,NONE,NONE,NONE,NONE,2,9,0,0,3
scroll to the 2nd text to the left of the login,scroll,text,NONE,left_of,login,2nd,7,9,0,3,1
copy blue text below the notifications,copy,text,blue,below,notifications,NONE,2,9,2,2,3
delete purple image,delete,image,purple,NONE,NONE,NONE,3,4,7,0,3
copy the last text,copy,text,NONE,NONE,NONE,last,2,9,0,0,4
delete image,delete,image,NONE,NONE,NONE,NONE,3,4,0,0,3
click link,click,link,NONE,NONE,NONE,NONE,1,5,0,0,3
open button above the notifications,open,button,NONE,above,notifications,NONE,5,1,0,1,3
long-press image,long-press,image,NONE,NONE,NONE,NONE,4,4,0,0,3
paste text next to the cart,paste,text,NONE,next_to,cart,NONE,6,9,0,4,3
paste orange text,paste,text,orange,NONE,NONE,NONE,6,9,5,0,3
trash text above the checkout,delete,text,NONE,above,checkout,NONE,3,9,0,1,3
press tab below the login,click,tab,NONE,below,login,NONE,1,8,0,2,3
copy text,copy,text,NONE,NONE,NONE,NONE,2,9,0,0,3
trash the last image below the menu,delete,image,NONE,below,menu,last,3,4,0,2,4
tap gray icon to the right of the cart,tap,icon,gray,right_of,cart,NONE,8,3,3,5,3
paste the 3rd text above the address,paste,text,NONE,above,address,3rd,6,9,0,1,2
press and hold the 1st image above the payment,long-press,image,NONE,above,payment,1st,4,4,0,1,0
scroll to the 2nd text below the first email,scroll,text,NONE,below,first email,2nd,7,9,0,2,1
tap icon above the settings,tap,icon,NONE,above,settings,NONE,8,3,0,1,3
tap the 3rd orange button above the address,tap,button,orange,above,address,3rd,8,1,5,1,2
remove text to the left of the last item,delete,text,NONE,left_of,last item,NONE,3,9,0,3,3
copy text to the right of the menu,copy,text,NONE,right_of,menu,NONE,2,9,0,5,3
scroll down to tab to the right of the home,scroll,tab,NONE,right_of,home,NONE,7,8,0,5,3
paste green text,paste,text,green,NONE,NONE,NONE,6,9,4,0,3
scroll to tab below the address,scroll,tab,NONE,below,address,NONE,7,8,0,2,3
press and hold icon above the address,long-press,icon,NONE,above,address,NONE,4,3,0,1,3
trash image,delete,image,NONE,NONE,NONE,NONE,3,4,0,0,3
click tab next to the profile,click,tab,NONE,next_to,profile,NONE,1,8,0,4,3
paste the 2nd yellow text next to the wi-fi,paste,text,yellow,next_to,wi-fi,2nd,6,9,10,4,1
press and hold the 2nd image,long-press,image,NONE,NONE,NONE,2nd,4,4,0,0,1
paste text,paste,text,NONE,NONE,NONE,NONE,6,9,0,0,3
remove the last text above the address,delete,text,NONE,above,address,last,3,9,0,1,4
click on checkbox below the first email,click,checkbox,NONE,below,first email,NONE,1,2,0,2,3
launch the 2nd menu,open,menu,NONE,NONE,NONE,2nd,5,6,0,0,1
click on the 3rd checkbox above the cart,click,checkbox,NONE,above,cart,3rd,1,2,0,1,2
open black menu to the left of the settings,open,menu,black,left_of,settings,NONE,5,6,1,3,3
launch red tab to the left of the last item,open,tab,red,left_of,last item,NONE,5,8,8,3,3
scroll down to menu,scroll,menu,NONE,NONE,NONE,NONE,7,6,0,0,3
open menu above the wi-fi,open,menu,NONE,above,wi-fi,NONE,5,6,0,1,3
long-press button to the right of the profile,long-press,button,NONE,right_of,profile,NONE,4,1,0,5,3
copy text,copy,text,NONE,NONE,NONE,NONE,2,9,0,0,3
scroll to tab below the wi-fi,scroll,tab,NONE,below,wi-fi,NONE,7,8,0,2,3
press and hold the 3rd pink text to the left of the login,long-press,text,pink,left_of,login,3rd,4,9,6,3,2
long-press text,long-press,text,NONE,NONE,NONE,NONE,4,9,0,0,3
launch menu to the left of the home,open,menu,NONE,left_of,home,NONE,5,6,0,3,3
press tab above the home,click,tab,NONE,above,home,NONE,1,8,0,1,3
paste the 2nd pink text to the right of the settings,paste,text,pink,right_of,settings,2nd,6,9,6,5,1
long-press yellow button to the left of the cart,long-press,button,yellow,left_of,cart,NONE,4,1,10,3,3
remove the 2nd button above the notifications,delete,button,NONE,above,notifications,2nd,3,1,0,1,1
remove text,delete,text,NONE,NONE,NONE,NONE,3,9,0,0,3
open link,open,link,NONE,NONE,NONE,NONE,5,5,0,0,3
copy text below the first email,copy,text,NONE,below,first email,NONE,2,9,0,2,3
remove button,delete,button,NONE,NONE,NONE,NONE,3,1,0,0,3
press and hold white button next to the last item,long-press,button,white,next_to,last item,NONE,4,1,9,4,3
tap checkbox next to the settings,tap,checkbox,NONE,next_to,settings,NONE,8,2,0,4,3
long-press gray button next to the search,long-press,button,gray,next_to,search,NONE,4,1,3,4,3
copy text to the right of the profile,copy,text,NONE,right_of,profile,NONE,2,9,0,5,3
copy text below the payment,copy,text,NONE,below,payment,NONE,2,9,0,2,3
scroll down to menu below the wi-fi,scroll,menu,NONE,below,wi-fi,NONE,7,6,0,2,3
select the 3rd image to the right of the menu,click,image,NONE,right_of,menu,3rd,1,4,0,5,2
click on the 2nd orange button to the right of the wi-fi,click,button,orange,right_of,wi-fi,2nd,1,1,5,5,1
paste red text to the left of the login,paste,text,red,left_of,login,NONE,6,9,8,3,3
long-press the 2nd yellow icon to the left of the address,long-press,icon,yellow,left_of,address,2nd,4,3,10,3,1
remove button,delete,button,NONE,NONE,NONE,NONE,3,1,0,0,3
click green button,click,button,green,NONE,NONE,NONE,1,1,4,0,3
trash image above the last item,delete,image,NONE,above,last item,NONE,3,4,0,1,3
click on gray text to the right of the address,click,text,gray,right_of,address,NONE,1,9,3,5,3
click on orange icon,click,icon,orange,NONE,NONE,NONE,1,3,5,0,3
long-press the 1st text to the left of the last item,long-press,text,NONE,left_of,last item,1st,4,9,0,3,0
click link,click,link,NONE,NONE,NONE,NONE,1,5,0,0,3
copy text,copy,text,NONE,NONE,NONE,NONE,2,9,0,0,3
click tab to the left of the login,click,tab,NONE,left_of,login,NONE,1,8,0,3,3
scroll down to black menu,scroll,menu,black,NONE,NONE,NONE,7,6,1,0,3
launch the 1st button to the left of the cart,open,button,NONE,left_of,cart,1st,5,1,0,3,0
scroll to tab to the left of the wi-fi,scroll,tab,NONE,left_of,wi-fi,NONE,7,8,0,3,3
copy the last text,copy,text,NONE,NONE,NONE,last,2,9,0,0,4
copy the last text to the right of the login,copy,text,NONE,right_of,login,last,2,9,0,5,4
open green menu to the left of the first email,open,menu,green,left_of,first email,NONE,5,6,4,3,3
open icon,open,icon,NONE,NONE,NONE,NONE,5,3,0,0,3
open the last white menu,open,menu,white,NONE,NONE,last,5,6,9,0,4
paste text,paste,text,NONE,NONE,NONE,NONE,6,9,0,0,3
launch tab,open,tab,NONE,NONE,NONE,NONE,5,8,0,0,3
remove text,delete,text,NONE,NONE,NONE,NONE,3,9,0,0,3
scroll to purple menu above the notifications,scroll,menu,purple,above,notifications,NONE,7,6,7,1,3
copy gray text to the right of the login,copy,text,gray,right_of,login,NONE,2,9,3,5,3
remove the last image to the right of the settings,delete,image,NONE,right_of,settings,last,3,4,0,5,4
tap link below the last item,tap,link,NONE,below,last item,NONE,8,5,0,2,3
tap green switch,tap,switch,green,NONE,NONE,NONE,8,7,4,0,3
paste the 2nd text below the payment,paste,text,NONE,below,payment,2nd,6,9,0,2,1
trash pink image to the right of the first email,delete,image,pink,right_of,first email,NONE,3,4,6,5,3
tap on link,tap,link,NONE,NONE,NONE,NONE,8,5,0,0,3
delete text above the search,delete,text,NONE,above,search,NONE,3,9,0,1,3
press button,click,button,NONE,NONE,NONE,NONE,1,1,0,0,3
paste the 1st gray text below the menu,paste,text,gray,below,menu,1st,6,9,3,2,0
click on link,click,link,NONE,NONE,NONE,NONE,1,5,0,0,3
copy the last text to the right of the search,copy,text,NONE,right_of,search,last,2,9,0,5,4
select the last gray link next to the cart,click,link,gray,next_to,cart,last,1,5,3,4,4
paste text to the left of the help,paste,text,NONE,left_of,help,NONE,6,9,0,3,3
open menu above the profile,open,menu,NONE,above,profile,NONE,5,6,0,1,3
scroll to tab to the left of the payment,scroll,tab,NONE,left_of,payment,NONE,7,8,0,3,3
click image,click,image,NONE,NONE,NONE,NONE,1,4,0,0,3
remove the 3rd blue text below the home,delete,text,blue,below,home,3rd,3,9,2,2,2
copy text,copy,text,NONE,NONE,NONE,NONE,2,9,0,0,3
open tab,open,tab,NONE,NONE,NONE,NONE,5,8,0,0,3
copy purple text,copy,text,purple,NONE,NONE,NONE,2,9,7,0,3
scroll down to menu below the cart,scroll,menu,NONE,below,cart,NONE,7,6,0,2,3
tap green button above the login,tap,button,green,above,login,NONE,8,1,4,1,3
tap button,tap,button,NONE,NONE,NONE,NONE,8,1,0,0,3
select the last pink image,click,image,pink,NONE,NONE,last,1,4,6,0,4
select the 3rd image to the left of the search,click,image,NONE,left_of,search,3rd,1,4,0,3,2
open menu to the right of the checkout,open,menu,NONE,right_of,checkout,NONE,5,6,0,5,3
copy the 3rd purple text next to the settings,copy,text,purple,next_to,settings,3rd,2,9,7,4,2
open the 2nd button,open,button,NONE,NONE,NONE,2nd,5,1,0,0,1
copy text to the right of the search,copy,text,NONE,right_of,search,NONE,2,9,0,5,3
press and hold the last pink icon,long-press,icon,pink,NONE,NONE,last,4,3,6,0,4
copy the 2nd red text,copy,text,red,NONE,NONE,2nd,2,9,8,0,1
long-press green icon above the cart,long-press,icon,green,above,cart,NONE,4,3,4,1,3
tap the 3rd purple button,tap,button,purple,NONE,NONE,3rd,8,1,7,0,2
long-press orange image,long-press,image,orange,NONE,NONE,NONE,4,4,5,0,3
tap button above the help,tap,button,NONE,above,help,NONE,8,1,0,1,3
open white button to the right of the settings,open,button,white,right_of,settings,NONE,5,1,9,5,3
paste blue text to the right of the search,paste,text,blue,right_of,search,NONE,6,9,2,5,3
click checkbox,click,checkbox,NONE,NONE,NONE,NONE,1,2,0,0,3
paste the 1st text to the right of the wi-fi,paste,text,NONE,right_of,wi-fi,1st,6,9,0,5,0
press and hold black text to the right of the menu,long-press,text,black,right_of,menu,NONE,4,9,1,5,3
trash the 3rd image,delete,image,NONE,NONE,NONE,3rd,3,4,0,0,2
click on icon to the right of the home,click,icon,NONE,right_of,home,NONE,1,3,0,5,3
tap on pink checkbox next to the first email,tap,checkbox,pink,next_to,first email,NONE,8,2,6,4,3
long-press image to the left of the settings,long-press,image,NONE,left_of,settings,NONE,4,4,0,3,3
scroll down to the 3rd tab to the left of the settings,scroll,tab,NONE,left_of,settings,3rd,7,8,0,3,2
press the last icon,click,icon,NONE,NONE,NONE,last,1,3,0,0,4
remove black button below the payment,delete,button,black,below,payment,NONE,3,1,1,2,3
launch green link,open,link,green,NONE,NONE,NONE,5,5,4,0,3
click switch to the left of the first email,click,switch,NONE,left_of,first email,NONE,1,7,0,3,3
scroll down to orange tab,scroll,tab,orange,NONE,NONE,NONE,7,8,5,0,3
copy text to the right of the settings,copy,text,NONE,right_of,settings,NONE,2,9,0,5,3
copy gray text to the right of the cart,copy,text,gray,right_of,cart,NONE,2,9,3,5,3
press and hold the last image to the right of the payment,long-press,image,NONE,right_of,payment,last,4,4,0,5,4
open tab next to the help,open,tab,NONE,next_to,help,NONE,5,8,0,4,3
press switch,click,switch,NONE,NONE,NONE,NONE,1,7,0,0,3
tap on checkbox above the address,tap,checkbox,NONE,above,address,NONE,8,2,0,1,3
tap black icon to the right of the search,tap,icon,black,right_of,search,NONE,8,3,1,5,3
click on white image below the home,click,image,white,below,home,NONE,1,4,9,2,3
launch menu to the left of the help,open,menu,NONE,left_of,help,NONE,5,6,0,3,3
paste purple text,paste,text,purple,NONE,NONE,NONE,6,9,7,0,3
copy red text to the left of the home,copy,text,red,left_of,home,NONE,2,9,8,3,3
remove green text above the last item,delete,text,green,above,last item,NONE,3,9,4,1,3
tap purple icon above the checkout,tap,icon,purple,above,checkout,NONE,8,3,7,1,3
paste the 1st text below the help,paste,text,NONE,below,help,1st,6,9,0,2,0
launch menu next to the first email,open,menu,NONE,next_to,first email,NONE,5,6,0,4,3
copy orange text to the right of the notifications,copy,text,orange,right_of,notifications,NONE,2,9,5,5,3
click on link to the right of the checkout,click,link,NONE,right_of,checkout,NONE,1,5,0,5,3
paste text to the right of the profile,paste,text,NONE,right_of,profile,NONE,6,9,0,5,3
press and hold text next to the settings,long-press,text,NONE,next_to,settings,NONE,4,9,0,4,3
delete image,delete,image,NONE,NONE,NONE,NONE,3,4,0,0,3
launch tab,open,tab,NONE,NONE,NONE,NONE,5,8,0,0,3
scroll to the 3rd purple tab,scroll,tab,purple,NONE,NONE,3rd,7,8,7,0,2
trash the 2nd button below the help,delete,button,NONE,below,help,2nd,3,1,0,2,1
copy red text to the left of the last item,copy,text,red,left_of,last item,NONE,2,9,8,3,3
open tab,open,tab,NONE,NONE,NONE,NONE,5,8,0,0,3
paste text to the left of the address,paste,text,NONE,left_of,address,NONE,6,9,0,3,3
launch icon below the cart,open,icon,NONE,below,cart,NONE,5,3,0,2,3
copy text,copy,text,NONE,NONE,NONE,NONE,2,9,0,0,3
scroll to purple tab,scroll,tab,purple,NONE,NONE,NONE,7,8,7,0,3
trash text,delete,text,NONE,NONE,NONE,NONE,3,9,0,0,3
scroll down to the last tab,scroll,tab,NONE,NONE,NONE,last,7,8,0,0,4
launch the 3rd icon above the help,open,icon,NONE,above,help,3rd,5,3,0,1,2
open tab next to the menu,open,tab,NONE,next_to,menu,NONE,5,8,0,4,3
open tab,open,tab,NONE,NONE,NONE,NONE,5,8,0,0,3
paste the last yellow text to the left of the last item,paste,text,yellow,left_of,last item,last,6,9,10,3,4
remove the 3rd text above the settings,delete,text,NONE,above,settings,3rd,3,9,0,1,2
trash black image next to the address,delete,image,black,next_to,address,NONE,3,4,1,4,3
trash the 3rd text to the right of the checkout,delete,text,NONE,right_of,checkout,3rd,3,9,0,5,2
open icon,open,icon,NONE,NONE,NONE,NONE,5,3,0,0,3
trash button next to the cart,delete,button,NONE,next_to,cart,NONE,3,1,0,4,3
long-press white button,long-press,button,white,NONE,NONE,NONE,4,1,9,0,3
select icon next to the cart,click,icon,NONE,next_to,cart,NONE,1,3,0,4,3
trash button,delete,button,NONE,NONE,NONE,NONE,3,1,0,0,3
scroll to text to the right of the wi-fi,scroll,text,NONE,right_of,wi-fi,NONE,7,9,0,5,3
click switch,click,switch,NONE,NONE,NONE,NONE,1,7,0,0,3
click on gray switch,click,switch,gray,NONE,NONE,NONE,1,7,3,0,3
tap yellow switch to the left of the help,tap,switch,yellow,left_of,help,NONE,8,7,10,3,3
tap button to the left of the help,tap,button,NONE,left_of,help,NONE,8,1,0,3,3
tap on checkbox,tap,checkbox,NONE,NONE,NONE,NONE,8,2,0,0,3
press the last icon below the notifications,click,icon,NONE,below,notifications,last,1,3,0,2,4
launch icon,open,icon,NONE,NONE,NONE,NONE,5,3,0,0,3
long-press gray icon above the search,long-press,icon,gray,above,search,NONE,4,3,3,1,3
paste text to the left of the address,paste,text,NONE,left_of,address,NONE,6,9,0,3,3
delete white text next to the home,delete,text,white,next_to,home,NONE,3,9,9,4,3
paste red text below the cart,paste,text,red,below,cart,NONE,6,9,8,2,3
long-press blue button above the wi-fi,long-press,button,blue,above,wi-fi,NONE,4,1,2,1,3
launch menu below the payment,open,menu,NONE,below,payment,NONE,5,6,0,2,3
remove yellow button to the left of the address,delete,button,yellow,left_of,address,NONE,3,1,10,3,3
scroll to tab to the right of the first email,scroll,tab,NONE,right_of,first email,NONE,7,8,0,5,3
trash white button,delete,button,white,NONE,NONE,NONE,3,1,9,0,3
tap purple icon above the notifications,tap,icon,purple,above,notifications,NONE,8,3,7,1,3
paste the 3rd text to the left of the settings,paste,text,NONE,left_of,settings,3rd,6,9,0,3,2
copy text below the wi-fi,copy,text,NONE,below,wi-fi,NONE,2,9,0,2,3
launch the last menu to the right of the checkout,open,menu,NONE,right_of,checkout,last,5,6,0,5,4
copy white text,copy,text,white,NONE,NONE,NONE,2,9,9,0,3
paste text below the help,paste,text,NONE,below,help,NONE,6,9,0,2,3
tap switch next to the help,tap,switch,NONE,next_to,help,NONE,8,7,0,4,3
select the 2nd green tab to the right of the last item,click,tab,green,right_of,last item,2nd,1,8,4,5,1
press and hold image to the right of the login,long-press,image,NONE,right_of,login,NONE,4,4,0,5,3
paste text to the right of the payment,paste,text,NONE,right_of,payment,NONE,6,9,0,5,3
select text above the search,click,text,NONE,above,search,NONE,1,9,0,1,3
select the 1st button,click,button,NONE,NONE,NONE,1st,1,1,0,0,0
launch icon next to the payment,open,icon,NONE,next_to,payment,NONE,5,3,0,4,3
copy the 3rd text to the right of the cart,copy,text,NONE,right_of,cart,3rd,2,9,0,5,2
copy text to the left of the help,copy,text,NONE,left_of,help,NONE,2,9,0,3,3
open tab,open,tab,NONE,NONE,NONE,NONE,5,8,0,0,3
long-press purple text next to the checkout,long-press,text,purple,next_to,checkout,NONE,4,9,7,4,3
trash image to the left of the login,delete,image,NONE,left_of,login,NONE,3,4,0,3,3
press and hold the 1st button next to the login,long-press,button,NONE,next_to,login,1st,4,1,0,4,0
trash white image,delete,image,white,NONE,NONE,NONE,3,4,9,0,3
tap the 1st black checkbox to the right of the menu,tap,checkbox,black,right_of,menu,1st,8,2,1,5,0
paste text to the left of the login,paste,text,NONE,left_of,login,NONE,6,9,0,3,3
remove button,delete,button,NONE,NONE,NONE,NONE,3,1,0,0,3
long-press button,long-press,button,NONE,NONE,NONE,NONE,4,1,0,0,3
paste text,paste,text,NONE,NONE,NONE,NONE,6,9,0,0,3
copy green text next to the login,copy,text,green,next_to,login,NONE,2,9,4,4,3
paste text next to the login,paste,text,NONE,next_to,login,NONE,6,9,0,4,3
tap switch next to the last item,tap,switch,NONE,next_to,last item,NONE,8,7,0,4,3
press and hold icon below the checkout,long-press,icon,NONE,below,checkout,NONE,4,3,0,2,3
trash text,delete,text,NONE,NONE,NONE,NONE,3,9,0,0,3
paste the last text above the search,paste,text,NONE,above,search,last,6,9,0,1,4
copy text,copy,text,NONE,NONE,NONE,NONE,2,9,0,0,3
scroll to menu,scroll,menu,NONE,NONE,NONE,NONE,7,6,0,0,3
trash text to the left of the wi-fi,delete,text,NONE,left_of,wi-fi,NONE,3,9,0,3,3
remove text to the left of the notifications,delete,text,NONE,left_of,notifications,NONE,3,9,0,3,3
paste text to the left of the home,paste,text,NONE,left_of,home,NONE,6,9,0,3,3
copy the last text,copy,text,NONE,NONE,NONE,last,2,9,0,0,4
tap on link,tap,link,NONE,NONE,NONE,NONE,8,5,0,0,3
scroll down to the 2nd text below the help,scroll,text,NONE,below,help,2nd,7,9,0,2,1
click red switch to the right of the home,click,switch,red,right_of,home,NONE,1,7,8,5,3
select the 1st purple button below the menu,click,button,purple,below,menu,1st,1,1,7,2,0
copy purple text next to the first email,copy,text,purple,next_to,first email,NONE,2,9,7,4,3
click on button,click,button,NONE,NONE,NONE,NONE,1,1,0,0,3
remove button to the right of the search,delete,button,NONE,right_of,search,NONE,3,1,0,5,3
paste the 1st purple text,paste,text,purple,NONE,NONE,1st,6,9,7,0,0
scroll down to text above the login,scroll,text,NONE,above,login,NONE,7,9,0,1,3
press and hold the 2nd text,long-press,text,NONE,NONE,NONE,2nd,4,9,0,0,1
paste the last text above the wi-fi,paste,text,NONE,above,wi-fi,last,6,9,0,1,4
tap on blue switch to the left of the menu,tap,switch,blue,left_of,menu,NONE,8,7,2,3,3
scroll down to the 2nd gray menu,scroll,menu,gray,NONE,NONE,2nd,7,6,3,0,1
trash the 1st text above the settings,delete,text,NONE,above,settings,1st,3,9,0,1,0
tap icon to the right of the cart,tap,icon,NONE,right_of,cart,NONE,8,3,0,5,3
long-press the 2nd icon to the left of the first email,long-press,icon,NONE,left_of,first email,2nd,4,3,0,3,1
select the last checkbox,click,checkbox,NONE,NONE,NONE,last,1,2,0,0,4
open the 1st icon,open,icon,NONE,NONE,NONE,1st,5,3,0,0,0
tap on orange tab above the settings,tap,tab,orange,above,settings,NONE,8,8,5,1,3
copy text,copy,text,NONE,NONE,NONE,NONE,2,9,0,0,3
copy white text to the right of the last item,copy,text,white,right_of,last item,NONE,2,9,9,5,3
open the last orange icon,open,icon,orange,NONE,NONE,last,5,3,5,0,4
press tab next to the search,click,tab,NONE,next_to,search,NONE,1,8,0,4,3
scroll down to the 3rd white menu above the profile,scroll,menu,white,above,profile,3rd,7,6,9,1,2
long-press the 2nd icon to the right of the checkout,long-press,icon,NONE,right_of,checkout,2nd,4,3,0,5,1
copy text above the menu,copy,text,NONE,above,menu,NONE,2,9,0,1,3
press and hold button,long-press,button,NONE,NONE,NONE,NONE,4,1,0,0,3
long-press the last button above the home,long-press,button,NONE,above,home,last,4,1,0,1,4
launch button to the left of the search,open,button,NONE,left_of,search,NONE,5,1,0,3,3
long-press the 1st text,long-press,text,NONE,NONE,NONE,1st,4,9,0,0,0
copy the last text next to the settings,copy,text,NONE,next_to,settings,last,2,9,0,4,4
copy text below the notifications,copy,text,NONE,below,notifications,NONE,2,9,0,2,3
press the 3rd icon to the right of the profile,click,icon,NONE,right_of,profile,3rd,1,3,0,5,2
scroll down to gray menu below the search,scroll,menu,gray,below,search,NONE,7,6,3,2,3
press and hold button to the left of the address,long-press,button,NONE,left_of,address,NONE,4,1,0,3,3
scroll to text to the right of the help,scroll,text,NONE,right_of,help,NONE,7,9,0,5,3
scroll to menu,scroll,menu,NONE,NONE,NONE,NONE,7,6,0,0,3
select checkbox above the address,click,checkbox,NONE,above,address,NONE,1,2,0,1,3
scroll down to the 3rd yellow menu,scroll,menu,yellow,NONE,NONE,3rd,7,6,10,0,2
tap checkbox to the right of the wi-fi,tap,checkbox,NONE,right_of,wi-fi,NONE,8,2,0,5,3
trash button below the profile,delete,button,NONE,below,profile,NONE,3,1,0,2,3
tap icon next to the login,tap,icon,NONE,next_to,login,NONE,8,3,0,4,3
tap the 1st orange icon to the left of the cart,tap,icon,orange,left_of,cart,1st,8,3,5,3,0
scroll down to the last menu below the cart,scroll,menu,NONE,below,cart,last,7,6,0,2,4
launch link,open,link,NONE,NONE,NONE,NONE,5,5,0,0,3
tap on switch to the right of the login,tap,switch,NONE,right_of,login,NONE,8,7,0,5,3
copy the 3rd black text below the profile,copy,text,black,below,profile,3rd,2,9,1,2,2
press and hold the last button next to the home,long-press,button,NONE,next_to,home,last,4,1,0,4,4
long-press image,long-press,image,NONE,NONE,NONE,NONE,4,4,0,0,3
open white icon to the left of the wi-fi,open,icon,white,left_of,wi-fi,NONE,5,3,9,3,3
copy green text,copy,text,green,NONE,NONE,NONE,2,9,4,0,3
tap black switch,tap,switch,black,NONE,NONE,NONE,8,7,1,0,3
press and hold text to the right of the last item,long-press,text,NONE,right_of,last item,NONE,4,9,0,5,3
scroll down to blue tab to the right of the search,scroll,tab,blue,right_of,search,NONE,7,8,2,5,3
tap link,tap,link,NONE,NONE,NONE,NONE,8,5,0,0,3
open tab,open,tab,NONE,NONE,NONE,NONE,5,8,0,0,3
tap on icon to the right of the help,tap,icon,NONE,right_of,help,NONE,8,3,0,5,3
open menu to the right of the address,open,menu,NONE,right_of,address,NONE,5,6,0,5,3
paste purple text,paste,text,purple,NONE,NONE,NONE,6,9,7,0,3
click red checkbox to the right of the wi-fi,click,checkbox,red,right_of,wi-fi,NONE,1,2,8,5,3
scroll to green tab to the left of the checkout,scroll,tab,green,left_of,checkout,NONE,7,8,4,3,3
press the last link to the right of the address,click,link,NONE,right_of,address,last,1,5,0,5,4
long-press the 2nd icon to the left of the profile,long-press,icon,NONE,left_of,profile,2nd,4,3,0,3,1
remove the 2nd text,delete,text,NONE,NONE,NONE,2nd,3,9,0,0,1
scroll down to text to the right of the last item,scroll,text,NONE,right_of,last item,NONE,7,9,0,5,3
paste gray text,paste,text,gray,NONE,NONE,NONE,6,9,3,0,3
tap on link,tap,link,NONE,NONE,NONE,NONE,8,5,0,0,3
long-press button to the right of the payment,long-press,button,NONE,right_of,payment,NONE,4,1,0,5,3
tap tab next to the last item,tap,tab,NONE,next_to,last item,NONE,8,8,0,4,3
paste text next to the address,paste,text,NONE,next_to,address,NONE,6,9,0,4,3
remove the last button to the right of the cart,delete,button,NONE,right_of,cart,last,3,1,0,5,4
open the last button below the notifications,open,button,NONE,below,notifications,last,5,1,0,2,4
scroll to text to the right of the wi-fi,scroll,text,NONE,right_of,wi-fi,NONE,7,9,0,5,3
scroll to tab to the right of the last item,scroll,tab,NONE,right_of,last item,NONE,7,8,0,5,3
press icon below the last item,click,icon,NONE,below,last item,NONE,1,3,0,2,3
select button to the right of the first email,click,button,NONE,right_of,first email,NONE,1,1,0,5,3
press and hold the 3rd blue button,long-press,button,blue,NONE,NONE,3rd,4,1,2,0,2
delete white button above the first email,delete,button,white,above,first email,NONE,3,1,9,1,3
scroll down to white menu below the cart,scroll,menu,white,below,cart,NONE,7,6,9,2,3
press and hold purple icon to the left of the help,long-press,icon,purple,left_of,help,NONE,4,3,7,3,3
copy the 2nd white text to the right of the wi-fi,copy,text,white,right_of,wi-fi,2nd,2,9,9,5,1
scroll to the last tab above the wi-fi,scroll,tab,NONE,above,wi-fi,last,7,8,0,1,4
press and hold image to the right of the checkout,long-press,image,NONE,right_of,checkout,NONE,4,4,0,5,3
tap on switch below the wi-fi,tap,switch,NONE,below,wi-fi,NONE,8,7,0,2,3
tap the 1st icon,tap,icon,NONE,NONE,NONE,1st,8,3,0,0,0
remove button,delete,button,NONE,NONE,NONE,NONE,3,1,0,0,3
long-press image to the right of the last item,long-press,image,NONE,right_of,last item,NONE,4,4,0,5,3
long-press gray icon,long-press,icon,gray,NONE,NONE,NONE,4,3,3,0,3
scroll to the last menu above the payment,scroll,menu,NONE,above,payment,last,7,6,0,1,4
paste white text next to the profile,paste,text,white,next_to,profile,NONE,6,9,9,4,3
press tab,click,tab,NONE,NONE,NONE,NONE,1,8,0,0,3
long-press the 3rd gray icon,long-press,icon,gray,NONE,NONE,3rd,4,3,3,0,2
paste text above the address,paste,text,NONE,above,address,NONE,6,9,0,1,3
open the 2nd icon to the left of the help,open,icon,NONE,left_of,help,2nd,5,3,0,3,1
open menu above the first email,open,menu,NONE,above,first email,NONE,5,6,0,1,3
open the last white tab,open,tab,white,NONE,NONE,last,5,8,9,0,4
open yellow menu,open,menu,yellow,NONE,NONE,NONE,5,6,10,0,3
paste the 2nd text above the checkout,paste,text,NONE,above,checkout,2nd,6,9,0,1,1
click on the 2nd blue text next to the cart,click,text,blue,next_to,cart,2nd,1,9,2,4,1
press the 1st checkbox next to the login,click,checkbox,NONE,next_to,login,1st,1,2,0,4,0
launch link above the payment,open,link,NONE,above,payment,NONE,5,5,0,1,3
open the last purple tab to the left of the menu,open,tab,purple,left_of,menu,last,5,8,7,3,4
press and hold the 1st black icon,long-press,icon,black,NONE,NONE,1st,4,3,1,0,0
delete button,delete,button,NONE,NONE,NONE,NONE,3,1,0,0,3
copy white text next to the profile,copy,text,white,next_to,profile,NONE,2,9,9,4,3
tap on link above the address,tap,link,NONE,above,address,NONE,8,5,0,1,3
trash text to the left of the home,delete,text,NONE,left_of,home,NONE,3,9,0,3,3
click pink tab above the cart,click,tab,pink,above,cart,NONE,1,8,6,1,3
copy red text to the left of the home,copy,text,red,left_of,home,NONE,2,9,8,3,3
copy text,copy,text,NONE,NONE,NONE,NONE,2,9,0,0,3
paste green text below the settings,paste,text,green,below,settings,NONE,6,9,4,2,3
copy text next to the menu,copy,text,NONE,next_to,menu,NONE,2,9,0,4,3
tap link to the right of the profile,tap,link,NONE,right_of,profile,NONE,8,5,0,5,3
launch the 1st menu to the right of the payment,open,menu,NONE,right_of,payment,1st,5,6,0,5,0
click on black text to the left of the payment,click,text,black,left_of,payment,NONE,1,9,1,3,3
tap the 3rd icon to the left of the payment,tap,icon,NONE,left_of,payment,3rd,8,3,0,3,2
launch link below the payment,open,link,NONE,below,payment,NONE,5,5,0,2,3
select the 2nd gray icon above the help,click,icon,gray,above,help,2nd,1,3,3,1,1
long-press green icon to the left of the notifications,long-press,icon,green,left_of,notifications,NONE,4,3,4,3,3
launch icon next to the last item,open,icon,NONE,next_to,last item,NONE,5,3,0,4,3
paste the 1st text,paste,text,NONE,NONE,NONE,1st,6,9,0,0,0
delete button,delete,button,NONE,NONE,NONE,NONE,3,1,0,0,3
scroll down to text,scroll,text,NONE,NONE,NONE,NONE,7,9,0,0,3
paste pink text next to the payment,paste,text,pink,next_to,payment,NONE,6,9,6,4,3
launch tab,open,tab,NONE,NONE,NONE,NONE,5,8,0,0,3
open icon to the right of the first email,open,icon,NONE,right_of,first email,NONE,5,3,0,5,3
click image above the login,click,image,NONE,above,login,NONE,1,4,0,1,3
trash button below the login,delete,button,NONE,below,login,NONE,3,1,0,2,3
click text next to the last item,click,text,NONE,next_to,last item,NONE,1,9,0,4,3
scroll to purple menu below the login,scroll,menu,purple,below,login,NONE,7,6,7,2,3
long-press button below the notifications,long-press,button,NONE,below,notifications,NONE,4,1,0,2,3
scroll to the 1st tab to the left of the first email,scroll,tab,NONE,left_of,first email,1st,7,8,0,3,0
tap black tab next to the settings,tap,tab,black,next_to,settings,NONE,8,8,1,4,3
copy the last text next to the checkout,copy,text,NONE,next_to,checkout,last,2,9,0,4,4
select link above the notifications,click,link,NONE,above,notifications,NONE,1,5,0,1,3
copy the last white text,copy,text,white,NONE,NONE,last,2,9,9,0,4
trash button,delete,button,NONE,NONE,NONE,NONE,3,1,0,0,3
copy text to the right of the cart,copy,text,NONE,right_of,cart,NONE,2,9,0,5,3
delete yellow image next to the login,delete,image,yellow,next_to,login,NONE,3,4,10,4,3
scroll to the 3rd yellow text,scroll,text,yellow,NONE,NONE,3rd,7,9,10,0,2
copy text to the right of the last item,copy,text,NONE,right_of,last item,NONE,2,9,0,5,3
long-press red button,long-press,button,red,NONE,NONE,NONE,4,1,8,0,3
long-press icon,long-press,icon,NONE,NONE,NONE,NONE,4,3,0,0,3
scroll down to the 1st text above the address,scroll,text,NONE,above,address,1st,7,9,0,1,0
paste text,paste,text,NONE,NONE,NONE,NONE,6,9,0,0,3
remove button,delete,button,NONE,NONE,NONE,NONE,3,1,0,0,3
press and hold white icon to the right of the profile,long-press,icon,white,right_of,profile,NONE,4,3,9,5,3
tap on link,tap,link,NONE,NONE,NONE,NONE,8,5,0,0,3
press and hold the 1st image below the payment,long-press,image,NONE,below,payment,1st,4,4,0,2,0
open the 1st orange icon,open,icon,orange,NONE,NONE,1st,5,3,5,0,0
press the 1st text below the help,click,text,NONE,below,help,1st,1,9,0,2,0
click on icon,click,icon,NONE,NONE,NONE,NONE,1,3,0,0,3
scroll down to the 3rd tab,scroll,tab,NONE,NONE,NONE,3rd,7,8,0,0,2
tap icon below the login,tap,icon,NONE,below,login,NONE,8,3,0,2,3
paste the 2nd text,paste,text,NONE,NONE,NONE,2nd,6,9,0,0,1
copy the last gray text,copy,text,gray,NONE,NONE,last,2,9,3,0,4
open tab,open,tab,NONE,NONE,NONE,NONE,5,8,0,0,3
scroll down to tab,scroll,tab,NONE,NONE,NONE,NONE,7,8,0,0,3
trash text above the last item,delete,text,NONE,above,last item,NONE,3,9,0,1,3
scroll to the 3rd green text below the address,scroll,text,green,below,address,3rd,7,9,4,2,2
copy text to the left of the profile,copy,text,NONE,left_of,profile,NONE,2,9,0,3,3
remove the last red text,delete,text,red,NONE,NONE,last,3,9,8,0,4
paste text below the cart,paste,text,NONE,below,cart,NONE,6,9,0,2,3
launch button above the settings,open,button,NONE,above,settings,NONE,5,1,0,1,3
open button above the last item,open,button,NONE,above,last item,NONE,5,1,0,1,3
press and hold text above the checkout,long-press,text,NONE,above,checkout,NONE,4,9,0,1,3
tap button to the left of the address,tap,button,NONE,left_of,address,NONE,8,1,0,3,3
paste the 2nd black text to the left of the cart,paste,text,black,left_of,cart,2nd,6,9,1,3,1
paste text,paste,text,NONE,NONE,NONE,NONE,6,9,0,0,3
remove green image,delete,image,green,NONE,NONE,NONE,3,4,4,0,3
select checkbox below the wi-fi,click,checkbox,NONE,below,wi-fi,NONE,1,2,0,2,3
click on icon next to the menu,click,icon,NONE,next_to,menu,NONE,1,3,0,4,3
copy the 1st text above the search,copy,text,NONE,above,search,1st,2,9,0,1,0
press and hold icon,long-press,icon,NONE,NONE,NONE,NONE,4,3,0,0,3
copy text,copy,text,NONE,NONE,NONE,NONE,2,9,0,0,3
click green link below the payment,click,link,green,below,payment,NONE,1,5,4,2,3
trash pink image above the first email,delete,image,pink,above,first email,NONE,3,4,6,1,3
remove gray text,delete,text,gray,NONE,NONE,NONE,3,9,3,0,3
delete button below the profile,delete,button,NONE,below,profile,NONE,3,1,0,2,3
paste orange text,paste,text,orange,NONE,NONE,NONE,6,9,5,0,3
open the 1st button above the settings,open,button,NONE,above,settings,1st,5,1,0,1,0
paste text to the right of the menu,paste,text,NONE,right_of,menu,NONE,6,9,0,5,3
tap on icon,tap,icon,NONE,NONE,NONE,NONE,8,3,0,0,3
trash image to the right of the cart,delete,image,NONE,right_of,cart,NONE,3,4,0,5,3
press and hold button next to the address,long-press,button,NONE,next_to,address,NONE,4,1,0,4,3
scroll down to menu,scroll,menu,NONE,NONE,NONE,NONE,7,6,0,0,3
paste blue text to the left of the notifications,paste,text,blue,left_of,notifications,NONE,6,9,2,3,3
paste pink text next to the cart,paste,text,pink,next_to,cart,NONE,6,9,6,4,3
copy gray text to the right of the first email,copy,text,gray,right_of,first email,NONE,2,9,3,5,3
scroll down to text,scroll,text,NONE,NONE,NONE,NONE,7,9,0,0,3
click the 2nd checkbox to the left of the profile,click,checkbox,NONE,left_of,profile,2nd,1,2,0,3,1
paste text below the search,paste,text,NONE,below,search,NONE,6,9,0,2,3
trash the 3rd blue button,delete,button,blue,NONE,NONE,3rd,3,1,2,0,2
trash image,delete,image,NONE,NONE,NONE,NONE,3,4,0,0,3
press the 1st text to the left of the payment,click,text,NONE,left_of,payment,1st,1,9,0,3,0
copy purple text,copy,text,purple,NONE,NONE,NONE,2,9,7,0,3
open green icon to the left of the address,open,icon,green,left_of,address,NONE,5,3,4,3,3
delete text,delete,text,NONE,NONE,NONE,NONE,3,9,0,0,3
long-press the 3rd purple text next to the home,long-press,text,purple,next_to,home,3rd,4,9,7,4,2
paste black text next to the home,paste,text,black,next_to,home,NONE,6,9,1,4,3
long-press the last green icon to the left of the checkout,long-press,icon,green,left_of,checkout,last,4,3,4,3,4
click on switch next to the profile,click,switch,NONE,next_to,profile,NONE,1,7,0,4,3
long-press the 2nd image,long-press,image,NONE,NONE,NONE,2nd,4,4,0,0,1
copy the 1st text below the payment,copy,text,NONE,below,payment,1st,2,9,0,2,0
copy the 2nd blue text,copy,text,blue,NONE,NONE,2nd,2,9,2,0,1
copy the 1st text to the left of the cart,copy,text,NONE,left_of,cart,1st,2,9,0,3,0
click on icon to the left of the last item,click,icon,NONE,left_of,last item,NONE,1,3,0,3,3
select black image to the right of the address,click,image,black,right_of,address,NONE,1,4,1,5,3
click on red switch to the left of the search,click,switch,red,left_of,search,NONE,1,7,8,3,3
paste green text below the settings,paste,text,green,below,settings,NONE,6,9,4,2,3
long-press white image to the left of the address,long-press,image,white,left_of,address,NONE,4,4,9,3,3
copy text above the checkout,copy,text,NONE,above,checkout,NONE,2,9,0,1,3
open tab above the menu,open,tab,NONE,above,menu,NONE,5,8,0,1,3
delete the 1st image,delete,image,NONE,NONE,NONE,1st,3,4,0,0,0
click gray checkbox,click,checkbox,gray,NONE,NONE,NONE,1,2,3,0,3
click text to the left of the first email,click,text,NONE,left_of,first email,NONE,1,9,0,3,3
copy white text to the right of the last item,copy,text,white,right_of,last item,NONE,2,9,9,5,3
paste the 2nd purple text to the left of the checkout,paste,text,purple,left_of,checkout,2nd,6,9,7,3,1
long-press text below the search,long-press,text,NONE,below,search,NONE,4,9,0,2,3
launch link,open,link,NONE,NONE,NONE,NONE,5,5,0,0,3
copy black text to the left of the menu,copy,text,black,left_of,menu,NONE,2,9,1,3,3
tap on the last link below the search,tap,link,NONE,below,search,last,8,5,0,2,4
copy text,copy,text,NONE,NONE,NONE,NONE,2,9,0,0,3
open the 2nd button above the profile,open,button,NONE,above,profile,2nd,5,1,0,1,1
long-press green image,long-press,image,green,NONE,NONE,NONE,4,4,4,0,3
copy yellow text above the search,copy,text,yellow,above,search,NONE,2,9,10,1,3
tap orange tab,tap,tab,orange,NONE,NONE,NONE,8,8,5,0,3
tap gray icon above the payment,tap,icon,gray,above,payment,NONE,8,3,3,1,3
delete button above the wi-fi,delete,button,NONE,above,wi-fi,NONE,3,1,0,1,3
press and hold purple text,long-press,text,purple,NONE,NONE,NONE,4,9,7,0,3
remove button,delete,button,NONE,NONE,NONE,NONE,3,1,0,0,3
long-press red icon next to the first email,long-press,icon,red,next_to,first email,NONE,4,3,8,4,3
tap blue button next to the help,tap,button,blue,next_to,help,NONE,8,1,2,4,3
long-press black text above the payment,long-press,text,black,above,payment,NONE,4,9,1,1,3
paste the last text below the last item,paste,text,NONE,below,last item,last,6,9,0,2,4
press and hold the 1st button,long-press,button,NONE,NONE,NONE,1st,4,1,0,0,0
copy the 3rd text below the wi-fi,copy,text,NONE,below,wi-fi,3rd,2,9,0,2,2
scroll down to text,scroll,text,NONE,NONE,NONE,NONE,7,9,0,0,3
scroll to the last menu next to the wi-fi,scroll,menu,NONE,next_to,wi-fi,last,7,6,0,4,4
open purple tab to the left of the search,open,tab,purple,left_of,search,NONE,5,8,7,3,3
scroll to blue text below the login,scroll,text,blue,below,login,NONE,7,9,2,2,3
paste the 1st pink text above the profile,paste,text,pink,above,profile,1st,6,9,6,1,0
copy the 1st text to the right of the menu,copy,text,NONE,right_of,menu,1st,2,9,0,5,0
copy the 2nd text,copy,text,NONE,NONE,NONE,2nd,2,9,0,0,1
select blue switch to the left of the address,click,switch,blue,left_of,address,NONE,1,7,2,3,3
launch red button above the search,open,button,red,above,search,NONE,5,1,8,1,3
copy text,copy,text,NONE,NONE,NONE,NONE,2,9,0,0,3
remove green button next to the home,delete,button,green,next_to,home,NONE,3,1,4,4,3
copy yellow text above the search,copy,text,yellow,above,search,NONE,2,9,10,1,3
long-press button to the right of the first email,long-press,button,NONE,right_of,first email,NONE,4,1,0,5,3
open yellow tab below the last item,open,tab,yellow,below,last item,NONE,5,8,10,2,3
paste the 3rd text below the payment,paste,text,NONE,below,payment,3rd,6,9,0,2,2
paste text to the left of the search,paste,text,NONE,left_of,search,NONE,6,9,0,3,3
copy text above the checkout,copy,text,NONE,above,checkout,NONE,2,9,0,1,3
long-press icon,long-press,icon,NONE,NONE,NONE,NONE,4,3,0,0,3
paste yellow text below the cart,paste,text,yellow,below,cart,NONE,6,9,10,2,3
copy white text,copy,text,white,NONE,NONE,NONE,2,9,9,0,3
press and hold text to the right of the first email,long-press,text,NONE,right_of,first email,NONE,4,9,0,5,3
delete image above the menu,delete,image,NONE,above,menu,NONE,3,4,0,1,3
scroll down to the last yellow tab,scroll,tab,yellow,NONE,NONE,last,7,8,10,0,4
long-press image next to the search,long-press,image,NONE,next_to,search,NONE,4,4,0,4,3
launch the 1st tab next to the cart,open,tab,NONE,next_to,cart,1st,5,8,0,4,0
long-press text above the address,long-press,text,NONE,above,address,NONE,4,9,0,1,3
press red button below the home,click,button,red,below,home,NONE,1,1,8,2,3
remove text next to the menu,delete,text,NONE,next_to,menu,NONE,3,9,0,4,3
press switch to the right of the address,click,switch,NONE,right_of,address,NONE,1,7,0,5,3
click the 2nd link to the right of the payment,click,link,NONE,right_of,payment,2nd,1,5,0,5,1
scroll to pink menu above the notifications,scroll,menu,pink,above,notifications,NONE,7,6,6,1,3
launch the 2nd gray tab next to the cart,open,tab,gray,next_to,cart,2nd,5,8,3,4,1
tap on switch next to the profile,tap,switch,NONE,next_to,profile,NONE,8,7,0,4,3
select link,click,link,NONE,NONE,NONE,NONE,1,5,0,0,3
paste red text,paste,text,red,NONE,NONE,NONE,6,9,8,0,3
long-press the last gray icon next to the last item,long-press,icon,gray,next_to,last item,last,4,3,3,4,4
paste text,paste,text,NONE,NONE,NONE,NONE,6,9,0,0,3
paste the 1st text next to the settings,paste,text,NONE,next_to,settings,1st,6,9,0,4,0
launch icon,open,icon,NONE,NONE,NONE,NONE,5,3,0,0,3
remove image,delete,image,NONE,NONE,NONE,NONE,3,4,0,0,3
remove button below the profile,delete,button,NONE,below,profile,NONE,3,1,0,2,3
press and hold button to the right of the help,long-press,button,NONE,right_of,help,NONE,4,1,0,5,3
scroll to menu to the right of the help,scroll,menu,NONE,right_of,help,NONE,7,6,0,5,3
press and hold the 2nd text,long-press,text,NONE,NONE,NONE,2nd,4,9,0,0,1
copy text next to the notifications,copy,text,NONE,next_to,notifications,NONE,2,9,0,4,3
open the last menu below the last item,open,menu,NONE,below,last item,last,5,6,0,2,4
tap blue tab next to the profile,tap,tab,blue,next_to,profile,NONE,8,8,2,4,3
copy text above the home,copy,text,NONE,above,home,NONE,2,9,0,1,3
copy text below the settings,copy,text,NONE,below,settings,NONE,2,9,0,2,3
delete the last button,delete,button,NONE,NONE,NONE,last,3,1,0,0,4
tap icon below the first email,tap,icon,NONE,below,first email,NONE,8,3,0,2,3
long-press the 1st button,long-press,button,NONE,NONE,NONE,1st,4,1,0,0,0
scroll down to menu,scroll,menu,NONE,NONE,NONE,NONE,7,6,0,0,3
launch pink tab above the first email,open,tab,pink,above,first email,NONE,5,8,6,1,3
copy text next to the last item,copy,text,NONE,next_to,last item,NONE,2,9,0,4,3
scroll to the 1st menu,scroll,menu,NONE,NONE,NONE,1st,7,6,0,0,0
long-press image above the checkout,long-press,image,NONE,above,checkout,NONE,4,4,0,1,3
scroll to the 1st tab to the left of the first email,scroll,tab,NONE,left_of,first email,1st,7,8,0,3,0
long-press yellow image,long-press,image,yellow,NONE,NONE,NONE,4,4,10,0,3
tap on link,tap,link,NONE,NONE,NONE,NONE,8,5,0,0,3
long-press blue icon above the address,long-press,icon,blue,above,address,NONE,4,3,2,1,3
select text,click,text,NONE,NONE,NONE,NONE,1,9,0,0,3
select icon next to the first email,click,icon,NONE,next_to,first email,NONE,1,3,0,4,3
scroll to the 2nd text above the settings,scroll,text,NONE,above,settings,2nd,7,9,0,1,1
press and hold button to the left of the help,long-press,button,NONE,left_of,help,NONE,4,1,0,3,3
select blue image to the right of the search,click,image,blue,right_of,search,NONE,1,4,2,5,3
delete the last white image to the left of the menu,delete,image,white,left_of,menu,last,3,4,9,3,4
scroll to text,scroll,text,NONE,NONE,NONE,NONE,7,9,0,0,3
select the 2nd image,click,image,NONE,NONE,NONE,2nd,1,4,0,0,1
scroll down to menu to the right of the first email,scroll,menu,NONE,right_of,first email,NONE,7,6,0,5,3
trash the 2nd text to the right of the cart,delete,text,NONE,right_of,cart,2nd,3,9,0,5,1
delete the 2nd image to the left of the checkout,delete,image,NONE,left_of,checkout,2nd,3,4,0,3,1
scroll to the 3rd text above the payment,scroll,text,NONE,above,payment,3rd,7,9,0,1,2
press switch,click,switch,NONE,NONE,NONE,NONE,1,7,0,0,3
paste the 1st blue text to the left of the last item,paste,text,blue,left_of,last item,1st,6,9,2,3,0
copy text below the settings,copy,text,NONE,below,settings,NONE,2,9,0,2,3
paste text,paste,text,NONE,NONE,NONE,NONE,6,9,0,0,3
scroll to tab to the left of the profile,scroll,tab,NONE,left_of,profile,NONE,7,8,0,3,3
long-press text next to the first email,long-press,text,NONE,next_to,first email,NONE,4,9,0,4,3
paste gray text below the address,paste,text,gray,below,address,NONE,6,9,3,2,3
select link above the first email,click,link,NONE,above,first email,NONE,1,5,0,1,3
scroll to menu next to the cart,scroll,menu,NONE,next_to,cart,NONE,7,6,0,4,3
open pink tab next to the checkout,open,tab,pink,next_to,checkout,NONE,5,8,6,4,3
copy the 1st text to the right of the checkout,copy,text,NONE,right_of,checkout,1st,2,9,0,5,0
tap on link next to the address,tap,link,NONE,next_to,address,NONE,8,5,0,4,3
open menu,open,menu,NONE,NONE,NONE,NONE,5,6,0,0,3
remove the 3rd purple image to the right of the checkout,delete,image,purple,right_of,checkout,3rd,3,4,7,5,2
long-press gray text next to the home,long-press,text,gray,next_to,home,NONE,4,9,3,4,3
remove the last pink button to the right of the payment,delete,button,pink,right_of,payment,last,3,1,6,5,4
tap on button next to the checkout,tap,button,NONE,next_to,checkout,NONE,8,1,0,4,3
delete blue button to the right of the login,delete,button,blue,right_of,login,NONE,3,1,2,5,3
open button above the settings,open,button,NONE,above,settings,NONE,5,1,0,1,3
scroll down to text to the left of the address,scroll,text,NONE,left_of,address,NONE,7,9,0,3,3
tap the 1st button below the address,tap,button,NONE,below,address,1st,8,1,0,2,0
select checkbox below the profile,click,checkbox,NONE,below,profile,NONE,1,2,0,2,3
paste white text,paste,text,white,NONE,NONE,NONE,6,9,9,0,3
long-press pink text,long-press,text,pink,NONE,NONE,NONE,4,9,6,0,3
tap the 1st checkbox to the left of the profile,tap,checkbox,NONE,left_of,profile,1st,8,2,0,3,0
launch the 1st yellow icon to the right of the cart,open,icon,yellow,right_of,cart,1st,5,3,10,5,0
click on switch,click,switch,NONE,NONE,NONE,NONE,1,7,0,0,3
long-press image to the left of the help,long-press,image,NONE,left_of,help,NONE,4,4,0,3,3
open tab below the notifications,open,tab,NONE,below,notifications,NONE,5,8,0,2,3
copy the 1st orange text next to the checkout,copy,text,orange,next_to,checkout,1st,2,9,5,4,0
copy text to the right of the home,copy,text,NONE,right_of,home,NONE,2,9,0,5,3
launch button below the first email,open,button,NONE,below,first email,NONE,5,1,0,2,3
press and hold the 1st image next to the profile,long-press,image,NONE,next_to,profile,1st,4,4,0,4,0
copy text,copy,text,NONE,NONE,NONE,NONE,2,9,0,0,3
tap link above the menu,tap,link,NONE,above,menu,NONE,8,5,0,1,3
scroll to text to the right of the first email,scroll,text,NONE,right_of,first email,NONE,7,9,0,5,3
copy text to the right of the notifications,copy,text,NONE,right_of,notifications,NONE,2,9,0,5,3
tap on tab next to the search,tap,tab,NONE,next_to,search,NONE,8,8,0,4,3
scroll to green menu,scroll,menu,green,NONE,NONE,NONE,7,6,4,0,3
remove the 1st button,delete,button,NONE,NONE,NONE,1st,3,1,0,0,0
tap the last red link,tap,link,red,NONE,NONE,last,8,5,8,0,4
delete button to the left of the notifications,delete,button,NONE,left_of,notifications,NONE,3,1,0,3,3
paste blue text to the right of the first email,paste,text,blue,right_of,first email,NONE,6,9,2,5,3
paste text,paste,text,NONE,NONE,NONE,NONE,6,9,0,0,3
trash button to the right of the menu,delete,button,NONE,right_of,menu,NONE,3,1,0,5,3
scroll down to the last tab to the right of the wi-fi,scroll,tab,NONE,right_of,wi-fi,last,7,8,0,5,4
click on red icon below the notifications,click,icon,red,below,notifications,NONE,1,3,8,2,3
remove button,delete,button,NONE,NONE,NONE,NONE,3,1,0,0,3
press and hold yellow icon,long-press,icon,yellow,NONE,NONE,NONE,4,3,10,0,3
copy text next to the settings,copy,text,NONE,next_to,settings,NONE,2,9,0,4,3
paste text above the first email,paste,text,NONE,above,first email,NONE,6,9,0,1,3
scroll to tab below the login,scroll,tab,NONE,below,login,NONE,7,8,0,2,3
launch icon,open,icon,NONE,NONE,NONE,NONE,5,3,0,0,3
select the 3rd purple link to the left of the last item,click,link,purple,left_of,last item,3rd,1,5,7,3,2
click the 2nd blue text,click,text,blue,NONE,NONE,2nd,1,9,2,0,1
remove button above the notifications,delete,button,NONE,above,notifications,NONE,3,1,0,1,3
tap the last red button above the home,tap,button,red,above,home,last,8,1,8,1,4
paste gray text next to the login,paste,text,gray,next_to,login,NONE,6,9,3,4,3
remove button to the right of the payment,delete,button,NONE,right_of,payment,NONE,3,1,0,5,3
launch the last icon to the right of the menu,open,icon,NONE,right_of,menu,last,5,3,0,5,4
trash button to the right of the wi-fi,delete,button,NONE,right_of,wi-fi,NONE,3,1,0,5,3
scroll to the 2nd yellow text to the right of the home,scroll,text,yellow,right_of,home,2nd,7,9,10,5,1
scroll down to the 1st text,scroll,text,NONE,NONE,NONE,1st,7,9,0,0,0
open menu,open,menu,NONE,NONE,NONE,NONE,5,6,0,0,3
launch tab to the right of the profile,open,tab,NONE,right_of,profile,NONE,5,8,0,5,3
press icon to the right of the payment,click,icon,NONE,right_of,payment,NONE,1,3,0,5,3
click the 1st button,click,button,NONE,NONE,NONE,1st,1,1,0,0,0
click purple switch,click,switch,purple,NONE,NONE,NONE,1,7,7,0,3
scroll to the 3rd menu to the right of the home,scroll,menu,NONE,right_of,home,3rd,7,6,0,5,2
open link,open,link,NONE,NONE,NONE,NONE,5,5,0,0,3
copy the 3rd blue text above the search,copy,text,blue,above,search,3rd,2,9,2,1,2
click the 1st red icon to the left of the last item,click,icon,red,left_of,last item,1st,1,3,8,3,0
open red button to the right of the login,open,button,red,right_of,login,NONE,5,1,8,5,3
launch button to the left of the cart,open,button,NONE,left_of,cart,NONE,5,1,0,3,3
scroll down to the 3rd white text,scroll,text,white,NONE,NONE,3rd,7,9,9,0,2
tap on gray icon,tap,icon,gray,NONE,NONE,NONE,8,3,3,0,3
click on switch to the right of the settings,click,switch,NONE,right_of,settings,NONE,1,7,0,5,3
launch pink button,open,button,pink,NONE,NONE,NONE,5,1,6,0,3
press button to the right of the search,click,button,NONE,right_of,search,NONE,1,1,0,5,3
paste blue text,paste,text,blue,NONE,NONE,NONE,6,9,2,0,3
paste text,paste,text,NONE,NONE,NONE,NONE,6,9,0,0,3
copy the 3rd text,copy,text,NONE,NONE,NONE,3rd,2,9,0,0,2
press and hold yellow image below the search,long-press,image,yellow,below,search,NONE,4,4,10,2,3
scroll to blue text above the address,scroll,text,blue,above,address,NONE,7,9,2,1,3
press and hold button,long-press,button,NONE,NONE,NONE,NONE,4,1,0,0,3
click black switch next to the settings,click,switch,black,next_to,settings,NONE,1,7,1,4,3
paste text to the right of the login,paste,text,NONE,right_of,login,NONE,6,9,0,5,3
copy purple text,copy,text,purple,NONE,NONE,NONE,2,9,7,0,3
trash the 3rd blue image,delete,image,blue,NONE,NONE,3rd,3,4,2,0,2
copy gray text,copy,text,gray,NONE,NONE,NONE,2,9,3,0,3
press and hold icon,long-press,icon,NONE,NONE,NONE,NONE,4,3,0,0,3
tap link,tap,link,NONE,NONE,NONE,NONE,8,5,0,0,3
open black tab to the left of the search,open,tab,black,left_of,search,NONE,5,8,1,3,3
tap on switch below the last item,tap,switch,NONE,below,last item,NONE,8,7,0,2,3
click on tab next to the home,click,tab,NONE,next_to,home,NONE,1,8,0,4,3
click the 2nd pink button to the right of the settings,click,button,pink,right_of,settings,2nd,1,1,6,5,1
copy text to the right of the address,copy,text,NONE,right_of,address,NONE,2,9,0,5,3
tap link below the notifications,tap,link,NONE,below,notifications,NONE,8,5,0,2,3
scroll down to the 3rd text to the left of the first email,scroll,text,NONE,left_of,first email,3rd,7,9,0,3,2
copy blue text to the right of the payment,copy,text,blue,right_of,payment,NONE,2,9,2,5,3
click switch,click,switch,NONE,NONE,NONE,NONE,1,7,0,0,3
press and hold the 2nd black icon next to the first email,long-press,icon,black,next_to,first email,2nd,4,3,1,4,1
tap on checkbox,tap,checkbox,NONE,NONE,NONE,NONE,8,2,0,0,3
paste text next to the wi-fi,paste,text,NONE,next_to,wi-fi,NONE,6,9,0,4,3
copy text next to the search,copy,text,NONE,next_to,search,NONE,2,9,0,4,3
launch orange tab to the left of the wi-fi,open,tab,orange,left_of,wi-fi,NONE,5,8,5,3,3
remove text next to the notifications,delete,text,NONE,next_to,notifications,NONE,3,9,0,4,3
launch tab to the left of the address,open,tab,NONE,left_of,address,NONE,5,8,0,3,3
paste black text to the right of the wi-fi,paste,text,black,right_of,wi-fi,NONE,6,9,1,5,3
remove text to the left of the settings,delete,text,NONE,left_of,settings,NONE,3,9,0,3,3
open menu next to the checkout,open,menu,NONE,next_to,checkout,NONE,5,6,0,4,3
tap on checkbox to the right of the last item,tap,checkbox,NONE,right_of,last item,NONE,8,2,0,5,3
tap on the 2nd black checkbox,tap,checkbox,black,NONE,NONE,2nd,8,2,1,0,1
tap on the 1st tab above the payment,tap,tab,NONE,above,payment,1st,8,8,0,1,0
scroll to text,scroll,text,NONE,NONE,NONE,NONE,7,9,0,0,3
select pink text,click,text,pink,NONE,NONE,NONE,1,9,6,0,3
click on green checkbox next to the payment,click,checkbox,green,next_to,payment,NONE,1,2,4,4,3
press text to the right of the login,click,text,NONE,right_of,login,NONE,1,9,0,5,3
press and hold button below the login,long-press,button,NONE,below,login,NONE,4,1,0,2,3
copy yellow text,copy,text,yellow,NONE,NONE,NONE,2,9,10,0,3
copy the 2nd orange text above the home,copy,text,orange,above,home,2nd,2,9,5,1,1
long-press text above the payment,long-press,text,NONE,above,payment,NONE,4,9,0,1,3
long-press icon below the checkout,long-press,icon,NONE,below,checkout,NONE,4,3,0,2,3
tap link below the home,tap,link,NONE,below,home,NONE,8,5,0,2,3
remove orange image below the home,delete,image,orange,below,home,NONE,3,4,5,2,3
launch purple button,open,button,purple,NONE,NONE,NONE,5,1,7,0,3
scroll to the 1st tab above the login,scroll,tab,NONE,above,login,1st,7,8,0,1,0
tap green link below the help,tap,link,green,below,help,NONE,8,5,4,2,3
delete blue text,delete,text,blue,NONE,NONE,NONE,3,9,2,0,3
trash text below the wi-fi,delete,text,NONE,below,wi-fi,NONE,3,9,0,2,3
press black image,click,image,black,NONE,NONE,NONE,1,4,1,0,3
tap on gray button,tap,button,gray,NONE,NONE,NONE,8,1,3,0,3
paste the last text above the login,paste,text,NONE,above,login,last,6,9,0,1,4
remove text next to the wi-fi,delete,text,NONE,next_to,wi-fi,NONE,3,9,0,4,3
press and hold yellow image to the left of the search,long-press,image,yellow,left_of,search,NONE,4,4,10,3,3
scroll down to menu to the right of the cart,scroll,menu,NONE,right_of,cart,NONE,7,6,0,5,3
trash text next to the checkout,delete,text,NONE,next_to,checkout,NONE,3,9,0,4,3
paste black text,paste,text,black,NONE,NONE,NONE,6,9,1,0,3
copy the 1st pink text,copy,text,pink,NONE,NONE,1st,2,9,6,0,0
long-press the 1st green button,long-press,button,green,NONE,NONE,1st,4,1,4,0,0
copy text,copy,text,NONE,NONE,NONE,NONE,2,9,0,0,3
scroll down to tab,scroll,tab,NONE,NONE,NONE,NONE,7,8,0,0,3
tap button to the right of the help,tap,button,NONE,right_of,help,NONE,8,1,0,5,3
press checkbox to the right of the payment,click,checkbox,NONE,right_of,payment,NONE,1,2,0,5,3
scroll down to menu,scroll,menu,NONE,NONE,NONE,NONE,7,6,0,0,3
launch menu above the first email,open,menu,NONE,above,first email,NONE,5,6,0,1,3
paste the 1st black text next to the cart,paste,text,black,next_to,cart,1st,6,9,1,4,0
click on image above the menu,click,image,NONE,above,menu,NONE,1,4,0,1,3
scroll to tab,scroll,tab,NONE,NONE,NONE,NONE,7,8,0,0,3
launch tab,open,tab,NONE,NONE,NONE,NONE,5,8,0,0,3
delete black image,delete,image,black,NONE,NONE,NONE,3,4,1,0,3
press link below the search,click,link,NONE,below,search,NONE,1,5,0,2,3
scroll down to gray tab,scroll,tab,gray,NONE,NONE,NONE,7,8,3,0,3
press and hold text,long-press,text,NONE,NONE,NONE,NONE,4,9,0,0,3
trash the 1st button,delete,button,NONE,NONE,NONE,1st,3,1,0,0,0
remove gray button,delete,button,gray,NONE,NONE,NONE,3,1,3,0,3
scroll to menu to the right of the last item,scroll,menu,NONE,right_of,last item,NONE,7,6,0,5,3
long-press image,long-press,image,NONE,NONE,NONE,NONE,4,4,0,0,3
launch the last blue tab,open,tab,blue,NONE,NONE,last,5,8,2,0,4
paste the last text to the right of the cart,paste,text,NONE,right_of,cart,last,6,9,0,5,4
launch white button next to the home,open,button,white,next_to,home,NONE,5,1,9,4,3
long-press text to the right of the cart,long-press,text,NONE,right_of,cart,NONE,4,9,0,5,3
copy black text,copy,text,black,NONE,NONE,NONE,2,9,1,0,3
delete text,delete,text,NONE,NONE,NONE,NONE,3,9,0,0,3
paste text below the payment,paste,text,NONE,below,payment,NONE,6,9,0,2,3
long-press image,long-press,image,NONE,NONE,NONE,NONE,4,4,0,0,3
open purple tab above the cart,open,tab,purple,above,cart,NONE,5,8,7,1,3
paste text above the menu,paste,text,NONE,above,menu,NONE,6,9,0,1,3
tap on the 1st checkbox next to the last item,tap,checkbox,NONE,next_to,last item,1st,8,2,0,4,0
press and hold icon,long-press,icon,NONE,NONE,NONE,NONE,4,3,0,0,3
paste the 2nd blue text below the menu,paste,text,blue,below,menu,2nd,6,9,2,2,1
tap icon below the last item,tap,icon,NONE,below,last item,NONE,8,3,0,2,3
long-press the 3rd yellow image to the left of the search,long-press,image,yellow,left_of,search,3rd,4,4,10,3,2
scroll down to menu below the login,scroll,menu,NONE,below,login,NONE,7,6,0,2,3
copy text,copy,text,NONE,NONE,NONE,NONE,2,9,0,0,3
copy text to the left of the profile,copy,text,NONE,left_of,profile,NONE,2,9,0,3,3
delete blue text,delete,text,blue,NONE,NONE,NONE,3,9,2,0,3
press and hold button to the left of the cart,long-press,button,NONE,left_of,cart,NONE,4,1,0,3,3
paste text,paste,text,NONE,NONE,NONE,NONE,6,9,0,0,3
copy the 2nd text next to the help,copy,text,NONE,next_to,help,2nd,2,9,0,4,1
tap on the 2nd button next to the payment,tap,button,NONE,next_to,payment,2nd,8,1,0,4,1
paste pink text below the home,paste,text,pink,below,home,NONE,6,9,6,2,3
paste text,paste,text,NONE,NONE,NONE,NONE,6,9,0,0,3
tap tab below the last item,tap,tab,NONE,below,last item,NONE,8,8,0,2,3
trash the 2nd green image,delete,image,green,NONE,NONE,2nd,3,4,4,0,1
long-press image,long-press,image,NONE,NONE,NONE,NONE,4,4,0,0,3
click gray icon,click,icon,gray,NONE,NONE,NONE,1,3,3,0,3
launch the last pink icon to the right of the first email,open,icon,pink,right_of,first email,last,5,3,6,5,4
paste the 2nd text,paste,text,NONE,NONE,NONE,2nd,6,9,0,0,1
paste text,paste,text,NONE,NONE,NONE,NONE,6,9,0,0,3
paste the last text,paste,text,NONE,NONE,NONE,last,6,9,0,0,4
copy purple text to the left of the wi-fi,copy,text,purple,left_of,wi-fi,NONE,2,9,7,3,3
launch tab,open,tab,NONE,NONE,NONE,NONE,5,8,0,0,3
tap on the 2nd black link above the notifications,tap,link,black,above,notifications,2nd,8,5,1,1,1
copy gray text next to the address,copy,text,gray,next_to,address,NONE,2,9,3,4,3
delete image below the first email,delete,image,NONE,below,first email,NONE,3,4,0,2,3
tap yellow icon,tap,icon,yellow,NONE,NONE,NONE,8,3,10,0,3
paste text below the notifications,paste,text,NONE,below,notifications,NONE,6,9,0,2,3
select checkbox,click,checkbox,NONE,NONE,NONE,NONE,1,2,0,0,3
copy pink text above the cart,copy,text,pink,above,cart,NONE,2,9,6,1,3
scroll down to tab to the right of the address,scroll,tab,NONE,right_of,address,NONE,7,8,0,5,3
press the 2nd image to the right of the login,click,image,NONE,right_of,login,2nd,1,4,0,5,1
tap on the 3rd black switch below the address,tap,switch,black,below,address,3rd,8,7,1,2,2
tap button,tap,button,NONE,NONE,NONE,NONE,8,1,0,0,3
copy the 2nd text,copy,text,NONE,NONE,NONE,2nd,2,9,0,0,1
delete the last text next to the profile,delete,text,NONE,next_to,profile,last,3,9,0,4,4
open tab above the checkout,open,tab,NONE,above,checkout,NONE,5,8,0,1,3
launch gray link to the right of the help,open,link,gray,right_of,help,NONE,5,5,3,5,3
click purple button below the last item,click,button,purple,below,last item,NONE,1,1,7,2,3
copy text,copy,text,NONE,NONE,NONE,NONE,2,9,0,0,3
tap on the 1st yellow tab above the address,tap,tab,yellow,above,address,1st,8,8,10,1,0
open button,open,button,NONE,NONE,NONE,NONE,5,1,0,0,3
long-press yellow text below the first email,long-press,text,yellow,below,first email,NONE,4,9,10,2,3
copy the 3rd text,copy,text,NONE,NONE,NONE,3rd,2,9,0,0,2
tap tab next to the checkout,tap,tab,NONE,next_to,checkout,NONE,8,8,0,4,3
copy text,copy,text,NONE,NONE,NONE,NONE,2,9,0,0,3
open blue tab,open,tab,blue,NONE,NONE,NONE,5,8,2,0,3
click on icon above the profile,click,icon,NONE,above,profile,NONE,1,3,0,1,3
tap the last tab,tap,tab,NONE,NONE,NONE,last,8,8,0,0,4
paste the 2nd red text next to the first email,paste,text,red,next_to,first email,2nd,6,9,8,4,1
press and hold green button,long-press,button,green,NONE,NONE,NONE,4,1,4,0,3
tap on yellow button,tap,button,yellow,NONE,NONE,NONE,8,1,10,0,3
paste the last text next to the cart,paste,text,NONE,next_to,cart,last,6,9,0,4,4
tap on switch,tap,switch,NONE,NONE,NONE,NONE,8,7,0,0,3
paste the 1st white text to the left of the address,paste,text,white,left_of,address,1st,6,9,9,3,0
copy text,copy,text,NONE,NONE,NONE,NONE,2,9,0,0,3
paste text above the address,paste,text,NONE,above,address,NONE,6,9,0,1,3
long-press red icon,long-press,icon,red,NONE,NONE,NONE,4,3,8,0,3
launch orange link below the menu,open,link,orange,below,menu,NONE,5,5,5,2,3
delete button to the right of the first email,delete,button,NONE,right_of,first email,NONE,3,1,0,5,3
click switch,click,switch,NONE,NONE,NONE,NONE,1,7,0,0,3
scroll down to menu next to the login,scroll,menu,NONE,next_to,login,NONE,7,6,0,4,3
click on button,click,button,NONE,NONE,NONE,NONE,1,1,0,0,3
paste text to the right of the checkout,paste,text,NONE,right_of,checkout,NONE,6,9,0,5,3
click white image above the login,click,image,white,above,login,NONE,1,4,9,1,3
paste text,paste,text,NONE,NONE,NONE,NONE,6,9,0,0,3
trash image,delete,image,NONE,NONE,NONE,NONE,3,4,0,0,3
scroll to tab,scroll,tab,NONE,NONE,NONE,NONE,7,8,0,0,3
paste text,paste,text,NONE,NONE,NONE,NONE,6,9,0,0,3
tap on the 3rd tab below the last item,tap,tab,NONE,below,last item,3rd,8,8,0,2,2
scroll to text,scroll,text,NONE,NONE,NONE,NONE,7,9,0,0,3
paste the last yellow text,paste,text,yellow,NONE,NONE,last,6,9,10,0,4
delete black image,delete,image,black,NONE,NONE,NONE,3,4,1,0,3
tap link below the home,tap,link,NONE,below,home,NONE,8,5,0,2,3
copy text to the left of the menu,copy,text,NONE,left_of,menu,NONE,2,9,0,3,3
paste the 3rd text above the wi-fi,paste,text,NONE,above,wi-fi,3rd,6,9,0,1,2
paste text above the notifications,paste,text,NONE,above,notifications,NONE,6,9,0,1,3
open link above the checkout,open,link,NONE,above,checkout,NONE,5,5,0,1,3
paste purple text,paste,text,purple,NONE,NONE,NONE,6,9,7,0,3
trash button to the right of the settings,delete,button,NONE,right_of,settings,NONE,3,1,0,5,3
scroll to red text above the help,scroll,text,red,above,help,NONE,7,9,8,1,3
remove button,delete,button,NONE,NONE,NONE,NONE,3,1,0,0,3
scroll to tab above the home,scroll,tab,NONE,above,home,NONE,7,8,0,1,3
press and hold text,long-press,text,NONE,NONE,NONE,NONE,4,9,0,0,3
long-press the 3rd text,long-press,text,NONE,NONE,NONE,3rd,4,9,0,0,2
paste the 1st text,paste,text,NONE,NONE,NONE,1st,6,9,0,0,0
remove button,delete,button,NONE,NONE,NONE,NONE,3,1,0,0,3
copy text below the settings,copy,text,NONE,below,settings,NONE,2,9,0,2,3
open the 3rd link above the cart,open,link,NONE,above,cart,3rd,5,5,0,1,2
select the last image to the right of the search,click,image,NONE,right_of,search,last,1,4,0,5,4
launch green icon above the home,open,icon,green,above,home,NONE,5,3,4,1,3
launch the 2nd tab above the cart,open,tab,NONE,above,cart,2nd,5,8,0,1,1
open tab above the menu,open,tab,NONE,above,menu,NONE,5,8,0,1,3
tap on pink switch above the menu,tap,switch,pink,above,menu,NONE,8,7,6,1,3
scroll to white text above the search,scroll,text,white,above,search,NONE,7,9,9,1,3
press and hold button next to the settings,long-press,button,NONE,next_to,settings,NONE,4,1,0,4,3
tap the 1st icon,tap,icon,NONE,NONE,NONE,1st,8,3,0,0,0
tap on icon next to the last item,tap,icon,NONE,next_to,last item,NONE,8,3,0,4,3
paste text to the right of the search,paste,text,NONE,right_of,search,NONE,6,9,0,5,3
paste the last blue text,paste,text,blue,NONE,NONE,last,6,9,2,0,4
copy text to the left of the first email,copy,text,NONE,left_of,first email,NONE,2,9,0,3,3
long-press gray text next to the last item,long-press,text,gray,next_to,last item,NONE,4,9,3,4,3
long-press text next to the last item,long-press,text,NONE,next_to,last item,NONE,4,9,0,4,3
open the 3rd link above the search,open,link,NONE,above,search,3rd,5,5,0,1,2
delete image to the right of the payment,delete,image,NONE,right_of,payment,NONE,3,4,0,5,3
press and hold black icon,long-press,icon,black,NONE,NONE,NONE,4,3,1,0,3
open link next to the checkout,open,link,NONE,next_to,checkout,NONE,5,5,0,4,3
click on checkbox next to the settings,click,checkbox,NONE,next_to,settings,NONE,1,2,0,4,3
paste black text next to the menu,paste,text,black,next_to,menu,NONE,6,9,1,4,3
copy the 3rd text,copy,text,NONE,NONE,NONE,3rd,2,9,0,0,2
long-press the 1st orange image next to the home,long-press,image,orange,next_to,home,1st,4,4,5,4,0
select checkbox next to the notifications,click,checkbox,NONE,next_to,notifications,NONE,1,2,0,4,3
paste the 3rd text next to the checkout,paste,text,NONE,next_to,checkout,3rd,6,9,0,4,2
tap on tab below the login,tap,tab,NONE,below,login,NONE,8,8,0,2,3
tap switch,tap,switch,NONE,NONE,NONE,NONE,8,7,0,0,3
scroll to the 1st menu to the left of the payment,scroll,menu,NONE,left_of,payment,1st,7,6,0,3,0
long-press the 3rd button to the left of the first email,long-press,button,NONE,left_of,first email,3rd,4,1,0,3,2
tap on switch to the left of the checkout,tap,switch,NONE,left_of,checkout,NONE,8,7,0,3,3
click link below the address,click,link,NONE,below,address,NONE,1,5,0,2,3
tap on the last checkbox to the right of the home,tap,checkbox,NONE,right_of,home,last,8,2,0,5,4
press and hold icon,long-press,icon,NONE,NONE,NONE,NONE,4,3,0,0,3
paste text to the left of the login,paste,text,NONE,left_of,login,NONE,6,9,0,3,3
copy text to the left of the last item,copy,text,NONE,left_of,last item,NONE,2,9,0,3,3
tap button above the notifications,tap,button,NONE,above,notifications,NONE,8,1,0,1,3
press text below the cart,click,text,NONE,below,cart,NONE,1,9,0,2,3
paste green text next to the payment,paste,text,green,next_to,payment,NONE,6,9,4,4,3
scroll to the last menu below the checkout,scroll,menu,NONE,below,checkout,last,7,6,0,2,4
trash the 3rd yellow text next to the help,delete,text,yellow,next_to,help,3rd,3,9,10,4,2
tap on the last icon to the right of the address,tap,icon,NONE,right_of,address,last,8,3,0,5,4
trash button to the left of the profile,delete,button,NONE,left_of,profile,NONE,3,1,0,3,3
paste text,paste,text,NONE,NONE,NONE,NONE,6,9,0,0,3
press and hold the 1st image below the payment,long-press,image,NONE,below,payment,1st,4,4,0,2,0
select text,click,text,NONE,NONE,NONE,NONE,1,9,0,0,3
paste the 2nd text below the address,paste,text,NONE,below,address,2nd,6,9,0,2,1
paste text below the notifications,paste,text,NONE,below,notifications,NONE,6,9,0,2,3
scroll down to blue tab,scroll,tab,blue,NONE,NONE,NONE,7,8,2,0,3
tap tab next to the menu,tap,tab,NONE,next_to,menu,NONE,8,8,0,4,3
scroll down to the 1st text above the profile,scroll,text,NONE,above,profile,1st,7,9,0,1,0
scroll to text,scroll,text,NONE,NONE,NONE,NONE,7,9,0,0,3
open the 2nd button,open,button,NONE,NONE,NONE,2nd,5,1,0,0,1
select text to the left of the payment,click,text,NONE,left_of,payment,NONE,1,9,0,3,3
click on green icon,click,icon,green,NONE,NONE,NONE,1,3,4,0,3
tap on checkbox,tap,checkbox,NONE,NONE,NONE,NONE,8,2,0,0,3
press and hold gray icon above the wi-fi,long-press,icon,gray,above,wi-fi,NONE,4,3,3,1,3
scroll to the last green tab below the payment,scroll,tab,green,below,payment,last,7,8,4,2,4
press and hold blue button,long-press,button,blue,NONE,NONE,NONE,4,1,2,0,3
remove image below the menu,delete,image,NONE,below,menu,NONE,3,4,0,2,3
launch purple icon,open,icon,purple,NONE,NONE,NONE,5,3,7,0,3
open button,open,button,NONE,NONE,NONE,NONE,5,1,0,0,3
long-press image above the cart,long-press,image,NONE,above,cart,NONE,4,4,0,1,3
press and hold text,long-press,text,NONE,NONE,NONE,NONE,4,9,0,0,3
delete the 1st image,delete,image,NONE,NONE,NONE,1st,3,4,0,0,0
scroll to text above the wi-fi,scroll,text,NONE,above,wi-fi,NONE,7,9,0,1,3
paste yellow text below the address,paste,text,yellow,below,address,NONE,6,9,10,2,3
copy pink text to the right of the home,copy,text,pink,right_of,home,NONE,2,9,6,5,3
press and hold button next to the last item,long-press,button,NONE,next_to,last item,NONE,4,1,0,4,3
open link below the last item,open,link,NONE,below,last item,NONE,5,5,0,2,3
click on the 3rd link above the wi-fi,click,link,NONE,above,wi-fi,3rd,1,5,0,1,2
click link next to the cart,click,link,NONE,next_to,cart,NONE,1,5,0,4,3
tap the 1st icon next to the last item,tap,icon,NONE,next_to,last item,1st,8,3,0,4,0
scroll down to pink menu,scroll,menu,pink,NONE,NONE,NONE,7,6,6,0,3
paste text to the right of the home,paste,text,NONE,right_of,home,NONE,6,9,0,5,3
copy text to the right of the home,copy,text,NONE,right_of,home,NONE,2,9,0,5,3
select checkbox above the login,click,checkbox,NONE,above,login,NONE,1,2,0,1,3
click on purple icon to the right of the help,click,icon,purple,right_of,help,NONE,1,3,7,5,3
long-press button,long-press,button,NONE,NONE,NONE,NONE,4,1,0,0,3
launch the last pink icon,open,icon,pink,NONE,NONE,last,5,3,6,0,4
paste purple text,paste,text,purple,NONE,NONE,NONE,6,9,7,0,3
click on red image,click,image,red,NONE,NONE,NONE,1,4,8,0,3
scroll to tab next to the login,scroll,tab,NONE,next_to,login,NONE,7,8,0,4,3
remove text,delete,text,NONE,NONE,NONE,NONE,3,9,0,0,3
select switch to the left of the settings,click,switch,NONE,left_of,settings,NONE,1,7,0,3,3
delete image to the left of the wi-fi,delete,image,NONE,left_of,wi-fi,NONE,3,4,0,3,3
press and hold icon above the last item,long-press,icon,NONE,above,last item,NONE,4,3,0,1,3
launch menu to the right of the checkout,open,menu,NONE,right_of,checkout,NONE,5,6,0,5,3
launch menu to the right of the profile,open,menu,NONE,right_of,profile,NONE,5,6,0,5,3
tap the 1st icon next to the profile,tap,icon,NONE,next_to,profile,1st,8,3,0,4,0
remove image to the left of the profile,delete,image,NONE,left_of,profile,NONE,3,4,0,3,3
scroll down to text next to the first email,scroll,text,NONE,next_to,first email,NONE,7,9,0,4,3
remove text to the left of the menu,delete,text,NONE,left_of,menu,NONE,3,9,0,3,3
remove green text above the search,delete,text,green,above,search,NONE,3,9,4,1,3
long-press yellow image,long-press,image,yellow,NONE,NONE,NONE,4,4,10,0,3
click on white icon,click,icon,white,NONE,NONE,NONE,1,3,9,0,3
click on tab to the left of the cart,click,tab,NONE,left_of,cart,NONE,1,8,0,3,3
press and hold icon to the right of the cart,long-press,icon,NONE,right_of,cart,NONE,4,3,0,5,3
open purple icon above the profile,open,icon,purple,above,profile,NONE,5,3,7,1,3
open the 1st yellow tab to the right of the search,open,tab,yellow,right_of,search,1st,5,8,10,5,0
copy text,copy,text,NONE,NONE,NONE,NONE,2,9,0,0,3
tap on tab next to the profile,tap,tab,NONE,next_to,profile,NONE,8,8,0,4,3
click the 1st image to the right of the wi-fi,click,image,NONE,right_of,wi-fi,1st,1,4,0,5,0
copy gray text,copy,text,gray,NONE,NONE,NONE,2,9,3,0,3
scroll down to text above the menu,scroll,text,NONE,above,menu,NONE,7,9,0,1,3
select checkbox next to the last item,click,checkbox,NONE,next_to,last item,NONE,1,2,0,4,3
open the 3rd green menu,open,menu,green,NONE,NONE,3rd,5,6,4,0,2
remove text below the cart,delete,text,NONE,below,cart,NONE,3,9,0,2,3
copy the 2nd text next to the notifications,copy,text,NONE,next_to,notifications,2nd,2,9,0,4,1
long-press icon,long-press,icon,NONE,NONE,NONE,NONE,4,3,0,0,3
select gray icon to the left of the cart,click,icon,gray,left_of,cart,NONE,1,3,3,3,3
paste white text next to the first email,paste,text,white,next_to,first email,NONE,6,9,9,4,3
press and hold image,long-press,image,NONE,NONE,NONE,NONE,4,4,0,0,3
long-press the 1st purple button,long-press,button,purple,NONE,NONE,1st,4,1,7,0,0
scroll to menu to the right of the profile,scroll,menu,NONE,right_of,profile,NONE,7,6,0,5,3
remove the 3rd image below the search,delete,image,NONE,below,search,3rd,3,4,0,2,2
launch tab to the right of the help,open,tab,NONE,right_of,help,NONE,5,8,0,5,3
copy text next to the search,copy,text,NONE,next_to,search,NONE,2,9,0,4,3
press and hold the 3rd yellow text,long-press,text,yellow,NONE,NONE,3rd,4,9,10,0,2
select the 2nd red image,click,image,red,NONE,NONE,2nd,1,4,8,0,1
long-press text next to the home,long-press,text,NONE,next_to,home,NONE,4,9,0,4,3
tap checkbox above the first email,tap,checkbox,NONE,above,first email,NONE,8,2,0,1,3
paste text to the right of the payment,paste,text,NONE,right_of,payment,NONE,6,9,0,5,3
open pink icon to the left of the address,open,icon,pink,left_of,address,NONE,5,3,6,3,3
paste text to the right of the cart,paste,text,NONE,right_of,cart,NONE,6,9,0,5,3
remove the last button,delete,button,NONE,NONE,NONE,last,3,1,0,0,4
open the 3rd menu above the settings,open,menu,NONE,above,settings,3rd,5,6,0,1,2
select image to the right of the payment,click,image,NONE,right_of,payment,NONE,1,4,0,5,3
scroll down to text,scroll,text,NONE,NONE,NONE,NONE,7,9,0,0,3
copy the 1st red text above the cart,copy,text,red,above,cart,1st,2,9,8,1,0
press and hold the 3rd image to the right of the profile,long-press,image,NONE,right_of,profile,3rd,4,4,0,5,2
scroll down to yellow tab,scroll,tab,yellow,NONE,NONE,NONE,7,8,10,0,3
launch the 1st button,open,button,NONE,NONE,NONE,1st,5,1,0,0,0
trash yellow image,delete,image,yellow,NONE,NONE,NONE,3,4,10,0,3
launch green tab above the cart,open,tab,green,above,cart,NONE,5,8,4,1,3
trash image next to the first email,delete,image,NONE,next_to,first email,NONE,3,4,0,4,3
open icon,open,icon,NONE,NONE,NONE,NONE,5,3,0,0,3
open the 1st red link above the profile,open,link,red,above,profile,1st,5,5,8,1,0
copy the 1st yellow text,copy,text,yellow,NONE,NONE,1st,2,9,10,0,0
paste text,paste,text,NONE,NONE,NONE,NONE,6,9,0,0,3
tap on icon,tap,icon,NONE,NONE,NONE,NONE,8,3,0,0,3
press the last tab above the home,click,tab,NONE,above,home,last,1,8,0,1,4
press and hold icon,long-press,icon,NONE,NONE,NONE,NONE,4,3,0,0,3
press and hold the 2nd icon,long-press,icon,NONE,NONE,NONE,2nd,4,3,0,0,1
launch icon,open,icon,NONE,NONE,NONE,NONE,5,3,0,0,3
copy the 1st text below the checkout,copy,text,NONE,below,checkout,1st,2,9,0,2,0
tap on icon,tap,icon,NONE,NONE,NONE,NONE,8,3,0,0,3
press and hold black button to the right of the wi-fi,long-press,button,black,right_of,wi-fi,NONE,4,1,1,5,3
open gray tab next to the settings,open,tab,gray,next_to,settings,NONE,5,8,3,4,3
press and hold the 3rd blue icon to the left of the login,long-press,icon,blue,left_of,login,3rd,4,3,2,3,2
open pink tab below the address,open,tab,pink,below,address,NONE,5,8,6,2,3
paste the last text above the login,paste,text,NONE,above,login,last,6,9,0,1,4
remove text to the left of the first email,delete,text,NONE,left_of,first email,NONE,3,9,0,3,3
copy the last text to the right of the search,copy,text,NONE,right_of,search,last,2,9,0,5,4
launch the 2nd green button,open,button,green,NONE,NONE,2nd,5,1,4,0,1
long-press yellow icon,long-press,icon,yellow,NONE,NONE,NONE,4,3,10,0,3
scroll to the last tab to the right of the home,scroll,tab,NONE,right_of,home,last,7,8,0,5,4
paste text above the login,paste,text,NONE,above,login,NONE,6,9,0,1,3
scroll to text,scroll,text,NONE,NONE,NONE,NONE,7,9,0,0,3
remove the 3rd blue image to the right of the search,delete,image,blue,right_of,search,3rd,3,4,2,5,2
remove text,delete,text,NONE,NONE,NONE,NONE,3,9,0,0,3
scroll to tab,scroll,tab,NONE,NONE,NONE,NONE,7,8,0,0,3
launch the 2nd pink link to the right of the search,open,link,pink,right_of,search,2nd,5,5,6,5,1
press and hold button below the notifications,long-press,button,NONE,below,notifications,NONE,4,1,0,2,3
remove text to the right of the search,delete,text,NONE,right_of,search,NONE,3,9,0,5,3
press and hold text above the notifications,long-press,text,NONE,above,notifications,NONE,4,9,0,1,3
copy pink text above the login,copy,text,pink,above,login,NONE,2,9,6,1,3
paste gray text,paste,text,gray,NONE,NONE,NONE,6,9,3,0,3
open menu,open,menu,NONE,NONE,NONE,NONE,5,6,0,0,3
scroll to purple text to the left of the home,scroll,text,purple,left_of,home,NONE,7,9,7,3,3
remove the 3rd text,delete,text,NONE,NONE,NONE,3rd,3,9,0,0,2
tap on icon,tap,icon,NONE,NONE,NONE,NONE,8,3,0,0,3
select the 3rd blue switch below the notifications,click,switch,blue,below,notifications,3rd,1,7,2,2,2
paste the 3rd text next to the menu,paste,text,NONE,next_to,menu,3rd,6,9,0,4,2
scroll to the 2nd tab,scroll,tab,NONE,NONE,NONE,2nd,7,8,0,0,1
trash text to the left of the home,delete,text,NONE,left_of,home,NONE,3,9,0,3,3
copy the last orange text to the left of the login,copy,text,orange,left_of,login,last,2,9,5,3,4
press text below the wi-fi,click,text,NONE,below,wi-fi,NONE,1,9,0,2,3
tap the 2nd orange switch,tap,switch,orange,NONE,NONE,2nd,8,7,5,0,1
tap on the 2nd tab to the right of the checkout,tap,tab,NONE,right_of,checkout,2nd,8,8,0,5,1
trash black text,delete,text,black,NONE,NONE,NONE,3,9,1,0,3
paste text above the menu,paste,text,NONE,above,menu,NONE,6,9,0,1,3
trash the 3rd button to the left of the settings,delete,button,NONE,left_of,settings,3rd,3,1,0,3,2
tap on tab,tap,tab,NONE,NONE,NONE,NONE,8,8,0,0,3
open pink icon to the left of the login,open,icon,pink,left_of,login,NONE,5,3,6,3,3
long-press button to the left of the wi-fi,long-press,button,NONE,left_of,wi-fi,NONE,4,1,0,3,3
tap button next to the last item,tap,button,NONE,next_to,last item,NONE,8,1,0,4,3
click the 1st checkbox,click,checkbox,NONE,NONE,NONE,1st,1,2,0,0,0
paste the 2nd text below the checkout,paste,text,NONE,below,checkout,2nd,6,9,0,2,1
select gray text,click,text,gray,NONE,NONE,NONE,1,9,3,0,3
copy text below the address,copy,text,NONE,below,address,NONE,2,9,0,2,3
scroll down to text to the left of the login,scroll,text,NONE,left_of,login,NONE,7,9,0,3,3
paste the 1st text next to the home,paste,text,NONE,next_to,home,1st,6,9,0,4,0
paste pink text,paste,text,pink,NONE,NONE,NONE,6,9,6,0,3
tap on the last switch to the left of the wi-fi,tap,switch,NONE,left_of,wi-fi,last,8,7,0,3,4
launch the last red icon next to the address,open,icon,red,next_to,address,last,5,3,8,4,4
copy text to the left of the menu,copy,text,NONE,left_of,menu,NONE,2,9,0,3,3
select checkbox,click,checkbox,NONE,NONE,NONE,NONE,1,2,0,0,3
scroll to the 1st red menu to the right of the help,scroll,menu,red,right_of,help,1st,7,6,8,5,0
trash the 2nd yellow text,delete,text,yellow,NONE,NONE,2nd,3,9,10,0,1
open the last icon above the payment,open,icon,NONE,above,payment,last,5,3,0,1,4
press and hold yellow image,long-press,image,yellow,NONE,NONE,NONE,4,4,10,0,3
click on the 1st purple button below the checkout,click,button,purple,below,checkout,1st,1,1,7,2,0
remove the 1st image to the right of the menu,delete,image,NONE,right_of,menu,1st,3,4,0,5,0
open menu next to the address,open,menu,NONE,next_to,address,NONE,5,6,0,4,3
tap the 3rd blue switch to the right of the profile,tap,switch,blue,right_of,profile,3rd,8,7,2,5,2
copy the 2nd purple text below the last item,copy,text,purple,below,last item,2nd,2,9,7,2,1
press and hold image,long-press,image,NONE,NONE,NONE,NONE,4,4,0,0,3
launch the 1st icon next to the first email,open,icon,NONE,next_to,first email,1st,5,3,0,4,0
long-press pink text to the right of the home,long-press,text,pink,right_of,home,NONE,4,9,6,5,3
paste text to the right of the last item,paste,text,NONE,right_of,last item,NONE,6,9,0,5,3
scroll to the 3rd tab,scroll,tab,NONE,NONE,NONE,3rd,7,8,0,0,2
press gray tab,click,tab,gray,NONE,NONE,NONE,1,8,3,0,3
tap on tab below the first email,tap,tab,NONE,below,first email,NONE,8,8,0,2,3
tap on the 1st green switch,tap,switch,green,NONE,NONE,1st,8,7,4,0,0
long-press the last black text next to the wi-fi,long-press,text,black,next_to,wi-fi,last,4,9,1,4,4
open tab,open,tab,NONE,NONE,NONE,NONE,5,8,0,0,3
click tab to the left of the profile,click,tab,NONE,left_of,profile,NONE,1,8,0,3,3
trash button below the address,delete,button,NONE,below,address,NONE,3,1,0,2,3
scroll down to tab to the left of the checkout,scroll,tab,NONE,left_of,checkout,NONE,7,8,0,3,3
tap red tab,tap,tab,red,NONE,NONE,NONE,8,8,8,0,3
select black checkbox above the notifications,click,checkbox,black,above,notifications,NONE,1,2,1,1,3
scroll to black tab to the right of the profile,scroll,tab,black,right_of,profile,NONE,7,8,1,5,3
trash image,delete,image,NONE,NONE,NONE,NONE,3,4,0,0,3
paste the last text,paste,text,NONE,NONE,NONE,last,6,9,0,0,4
copy blue text above the payment,copy,text,blue,above,payment,NONE,2,9,2,1,3
copy text above the checkout,copy,text,NONE,above,checkout,NONE,2,9,0,1,3
click on the last yellow text to the left of the checkout,click,text,yellow,left_of,checkout,last,1,9,10,3,4
remove button below the payment,delete,button,NONE,below,payment,NONE,3,1,0,2,3
paste text below the home,paste,text,NONE,below,home,NONE,6,9,0,2,3
launch the 1st icon above the first email,open,icon,NONE,above,first email,1st,5,3,0,1,0
press and hold the 2nd image,long-press,image,NONE,NONE,NONE,2nd,4,4,0,0,1
press and hold icon above the search,long-press,icon,NONE,above,search,NONE,4,3,0,1,3
paste the 3rd text next to the home,paste,text,NONE,next_to,home,3rd,6,9,0,4,2
tap on black icon,tap,icon,black,NONE,NONE,NONE,8,3,1,0,3
tap on the 1st tab,tap,tab,NONE,NONE,NONE,1st,8,8,0,0,0
trash the 2nd text,delete,text,NONE,NONE,NONE,2nd,3,9,0,0,1
scroll down to pink tab to the right of the wi-fi,scroll,tab,pink,right_of,wi-fi,NONE,7,8,6,5,3
copy purple text,copy,text,purple,NONE,NONE,NONE,2,9,7,0,3
select green button to the right of the first email,click,button,green,right_of,first email,NONE,1,1,4,5,3
tap on icon,tap,icon,NONE,NONE,NONE,NONE,8,3,0,0,3
scroll to tab above the wi-fi,scroll,tab,NONE,above,wi-fi,NONE,7,8,0,1,3
scroll down to menu,scroll,menu,NONE,NONE,NONE,NONE,7,6,0,0,3
copy text,copy,text,NONE,NONE,NONE,NONE,2,9,0,0,3
scroll down to yellow menu,scroll,menu,yellow,NONE,NONE,NONE,7,6,10,0,3
scroll down to white menu,scroll,menu,white,NONE,NONE,NONE,7,6,9,0,3
copy pink text,copy,text,pink,NONE,NONE,NONE,2,9,6,0,3
click on the 3rd icon,click,icon,NONE,NONE,NONE,3rd,1,3,0,0,2
copy text,copy,text,NONE,NONE,NONE,NONE,2,9,0,0,3
delete pink button,delete,button,pink,NONE,NONE,NONE,3,1,6,0,3
tap on pink checkbox above the wi-fi,tap,checkbox,pink,above,wi-fi,NONE,8,2,6,1,3
trash text below the checkout,delete,text,NONE,below,checkout,NONE,3,9,0,2,3
press and hold text,long-press,text,NONE,NONE,NONE,NONE,4,9,0,0,3
paste text to the right of the login,paste,text,NONE,right_of,login,NONE,6,9,0,5,3
scroll down to the 3rd gray menu below the cart,scroll,menu,gray,below,cart,3rd,7,6,3,2,2
scroll down to white menu above the wi-fi,scroll,menu,white,above,wi-fi,NONE,7,6,9,1,3
press and hold image,long-press,image,NONE,NONE,NONE,NONE,4,4,0,0,3
copy text,copy,text,NONE,NONE,NONE,NONE,2,9,0,0,3
click link next to the cart,click,link,NONE,next_to,cart,NONE,1,5,0,4,3
select the 1st red image to the left of the cart,click,image,red,left_of,cart,1st,1,4,8,3,0
copy text below the address,copy,text,NONE,below,address,NONE,2,9,0,2,3
remove text to the left of the address,delete,text,NONE,left_of,address,NONE,3,9,0,3,3
copy text to the right of the profile,copy,text,NONE,right_of,profile,NONE,2,9,0,5,3
tap blue checkbox,tap,checkbox,blue,NONE,NONE,NONE,8,2,2,0,3
click purple switch next to the last item,click,switch,purple,next_to,last item,NONE,1,7,7,4,3
delete image above the home,delete,image,NONE,above,home,NONE,3,4,0,1,3
delete text,delete,text,NONE,NONE,NONE,NONE,3,9,0,0,3
paste text to the left of the last item,paste,text,NONE,left_of,last item,NONE,6,9,0,3,3
launch button above the settings,open,button,NONE,above,settings,NONE,5,1,0,1,3
click black image,click,image,black,NONE,NONE,NONE,1,4,1,0,3
press and hold purple button above the checkout,long-press,button,purple,above,checkout,NONE,4,1,7,1,3
click on icon to the left of the checkout,click,icon,NONE,left_of,checkout,NONE,1,3,0,3,3
scroll down to purple tab to the left of the checkout,scroll,tab,purple,left_of,checkout,NONE,7,8,7,3,3
click on the 2nd switch,click,switch,NONE,NONE,NONE,2nd,1,7,0,0,1
delete button to the right of the help,delete,button,NONE,right_of,help,NONE,3,1,0,5,3
click pink link,click,link,pink,NONE,NONE,NONE,1,5,6,0,3
press and hold gray button next to the help,long-press,button,gray,next_to,help,NONE,4,1,3,4,3
launch menu to the left of the menu,open,menu,NONE,left_of,menu,NONE,5,6,0,3,3
delete image next to the last item,delete,image,NONE,next_to,last item,NONE,3,4,0,4,3
click on green switch,click,switch,green,NONE,NONE,NONE,1,7,4,0,3
scroll down to text below the profile,scroll,text,NONE,below,profile,NONE,7,9,0,2,3
launch menu above the menu,open,menu,NONE,above,menu,NONE,5,6,0,1,3
tap on red link below the search,tap,link,red,below,search,NONE,8,5,8,2,3
tap the last tab,tap,tab,NONE,NONE,NONE,last,8,8,0,0,4
launch orange icon next to the cart,open,icon,orange,next_to,cart,NONE,5,3,5,4,3
open button,open,button,NONE,NONE,NONE,NONE,5,1,0,0,3
launch gray button next to the menu,open,button,gray,next_to,menu,NONE,5,1,3,4,3
copy text to the left of the cart,copy,text,NONE,left_of,cart,NONE,2,9,0,3,3
launch the 3rd menu below the profile,open,menu,NONE,below,profile,3rd,5,6,0,2,2
launch the 3rd button to the right of the last item,open,button,NONE,right_of,last item,3rd,5,1,0,5,2
open link to the left of the checkout,open,link,NONE,left_of,checkout,NONE,5,5,0,3,3
press switch,click,switch,NONE,NONE,NONE,NONE,1,7,0,0,3
press and hold text to the right of the checkout,long-press,text,NONE,right_of,checkout,NONE,4,9,0,5,3
remove image,delete,image,NONE,NONE,NONE,NONE,3,4,0,0,3
click switch to the left of the payment,click,switch,NONE,left_of,payment,NONE,1,7,0,3,3
paste the 2nd green text to the left of the payment,paste,text,green,left_of,payment,2nd,6,9,4,3,1
press and hold button next to the notifications,long-press,button,NONE,next_to,notifications,NONE,4,1,0,4,3
tap on switch to the right of the settings,tap,switch,NONE,right_of,settings,NONE,8,7,0,5,3
tap on the 3rd pink checkbox,tap,checkbox,pink,NONE,NONE,3rd,8,2,6,0,2
press and hold text to the right of the wi-fi,long-press,text,NONE,right_of,wi-fi,NONE,4,9,0,5,3
tap on icon below the home,tap,icon,NONE,below,home,NONE,8,3,0,2,3
paste the 3rd red text next to the help,paste,text,red,next_to,help,3rd,6,9,8,4,2
copy text,copy,text,NONE,NONE,NONE,NONE,2,9,0,0,3
copy text,copy,text,NONE,NONE,NONE,NONE,2,9,0,0,3
tap on blue link next to the login,tap,link,blue,next_to,login,NONE,8,5,2,4,3
paste text above the settings,paste,text,NONE,above,settings,NONE,6,9,0,1,3
remove the last orange button to the left of the help,delete,button,orange,left_of,help,last,3,1,5,3,4
open the 2nd button,open,button,NONE,NONE,NONE,2nd,5,1,0,0,1
copy the last text to the left of the last item,copy,text,NONE,left_of,last item,last,2,9,0,3,4
select link below the settings,click,link,NONE,below,settings,NONE,1,5,0,2,3
copy green text,copy,text,green,NONE,NONE,NONE,2,9,4,0,3
paste text,paste,text,NONE,NONE,NONE,NONE,6,9,0,0,3
paste text,paste,text,NONE,NONE,NONE,NONE,6,9,0,0,3
long-press the 3rd pink text to the right of the cart,long-press,text,pink,right_of,cart,3rd,4,9,6,5,2
scroll down to menu below the settings,scroll,menu,NONE,below,settings,NONE,7,6,0,2,3
paste green text above the last item,paste,text,green,above,last item,NONE,6,9,4,1,3
tap on the 1st purple switch below the first email,tap,switch,purple,below,first email,1st,8,7,7,2,0
scroll to the 2nd text,scroll,text,NONE,NONE,NONE,2nd,7,9,0,0,1
trash yellow image to the right of the menu,delete,image,yellow,right_of,menu,NONE,3,4,10,5,3
long-press text to the right of the wi-fi,long-press,text,NONE,right_of,wi-fi,NONE,4,9,0,5,3
press and hold image,long-press,image,NONE,NONE,NONE,NONE,4,4,0,0,3
copy text,copy,text,NONE,NONE,NONE,NONE,2,9,0,0,3
remove the 2nd image below the payment,delete,image,NONE,below,payment,2nd,3,4,0,2,1
copy the last text,copy,text,NONE,NONE,NONE,last,2,9,0,0,4
long-press the last image to the right of the checkout,long-press,image,NONE,right_of,checkout,last,4,4,0,5,4
copy text below the notifications,copy,text,NONE,below,notifications,NONE,2,9,0,2,3
tap on the 2nd pink button to the right of the cart,tap,button,pink,right_of,cart,2nd,8,1,6,5,1
tap the 1st checkbox to the right of the login,tap,checkbox,NONE,right_of,login,1st,8,2,0,5,0
delete the 1st button above the settings,delete,button,NONE,above,settings,1st,3,1,0,1,0
remove black text next to the notifications,delete,text,black,next_to,notifications,NONE,3,9,1,4,3
paste white text,paste,text,white,NONE,NONE,NONE,6,9,9,0,3
paste text next to the address,paste,text,NONE,next_to,address,NONE,6,9,0,4,3
remove orange button to the right of the help,delete,button,orange,right_of,help,NONE,3,1,5,5,3
click on text,click,text,NONE,NONE,NONE,NONE,1,9,0,0,3
copy gray text above the profile,copy,text,gray,above,profile,NONE,2,9,3,1,3
scroll to the 1st text to the left of the profile,scroll,text,NONE,left_of,profile,1st,7,9,0,3,0
copy blue text next to the profile,copy,text,blue,next_to,profile,NONE,2,9,2,4,3
scroll down to text to the left of the first email,scroll,text,NONE,left_of,first email,NONE,7,9,0,3,3
paste blue text,paste,text,blue,NONE,NONE,NONE,6,9,2,0,3
paste the 2nd text,paste,text,NONE,NONE,NONE,2nd,6,9,0,0,1
launch yellow link to the left of the help,open,link,yellow,left_of,help,NONE,5,5,10,3,3
copy text to the right of the cart,copy,text,NONE,right_of,cart,NONE,2,9,0,5,3
paste text,paste,text,NONE,NONE,NONE,NONE,6,9,0,0,3
launch the 2nd menu,open,menu,NONE,NONE,NONE,2nd,5,6,0,0,1
scroll down to tab to the right of the settings,scroll,tab,NONE,right_of,settings,NONE,7,8,0,5,3
long-press icon below the help,long-press,icon,NONE,below,help,NONE,4,3,0,2,3
click on checkbox next to the cart,click,checkbox,NONE,next_to,cart,NONE,1,2,0,4,3
tap on the 1st gray switch next to the profile,tap,switch,gray,next_to,profile,1st,8,7,3,4,0
paste text,paste,text,NONE,NONE,NONE,NONE,6,9,0,0,3
click on the 1st text above the notifications,click,text,NONE,above,notifications,1st,1,9,0,1,0
tap button,tap,button,NONE,NONE,NONE,NONE,8,1,0,0,3
tap tab to the right of the profile,tap,tab,NONE,right_of,profile,NONE,8,8,0,5,3
open tab,open,tab,NONE,NONE,NONE,NONE,5,8,0,0,3
scroll down to the 1st white menu below the help,scroll,menu,white,below,help,1st,7,6,9,2,0
press and hold the 1st pink image above the checkout,long-press,image,pink,above,checkout,1st,4,4,6,1,0
launch link below the last item,open,link,NONE,below,last item,NONE,5,5,0,2,3
press and hold button,long-press,button,NONE,NONE,NONE,NONE,4,1,0,0,3
press and hold orange text,long-press,text,orange,NONE,NONE,NONE,4,9,5,0,3
copy text,copy,text,NONE,NONE,NONE,NONE,2,9,0,0,3
remove the 3rd button to the left of the login,delete,button,NONE,left_of,login,3rd,3,1,0,3,2
copy orange text above the help,copy,text,orange,above,help,NONE,2,9,5,1,3
remove the 3rd image,delete,image,NONE,NONE,NONE,3rd,3,4,0,0,2
scroll to text next to the settings,scroll,text,NONE,next_to,settings,NONE,7,9,0,4,3
tap yellow switch below the cart,tap,switch,yellow,below,cart,NONE,8,7,10,2,3
copy purple text,copy,text,purple,NONE,NONE,NONE,2,9,7,0,3
copy text next to the search,copy,text,NONE,next_to,search,NONE,2,9,0,4,3
scroll down to the 3rd menu next to the address,scroll,menu,NONE,next_to,address,3rd,7,6,0,4,2
scroll to white text,scroll,text,white,NONE,NONE,NONE,7,9,9,0,3
scroll down to tab,scroll,tab,NONE,NONE,NONE,NONE,7,8,0,0,3
trash button above the wi-fi,delete,button,NONE,above,wi-fi,NONE,3,1,0,1,3
select orange tab next to the address,click,tab,orange,next_to,address,NONE,1,8,5,4,3
copy purple text,copy,text,purple,NONE,NONE,NONE,2,9,7,0,3
remove the 3rd button,delete,button,NONE,NONE,NONE,3rd,3,1,0,0,2
trash orange image,delete,image,orange,NONE,NONE,NONE,3,4,5,0,3
scroll to the 3rd white menu next to the login,scroll,menu,white,next_to,login,3rd,7,6,9,4,2
tap on tab next to the checkout,tap,tab,NONE,next_to,checkout,NONE,8,8,0,4,3
paste the 3rd text,paste,text,NONE,NONE,NONE,3rd,6,9,0,0,2
launch menu,open,menu,NONE,NONE,NONE,NONE,5,6,0,0,3
paste text above the last item,paste,text,NONE,above,last item,NONE,6,9,0,1,3
remove image next to the login,delete,image,NONE,next_to,login,NONE,3,4,0,4,3
copy the 2nd yellow text,copy,text,yellow,NONE,NONE,2nd,2,9,10,0,1
long-press the last icon above the home,long-press,icon,NONE,above,home,last,4,3,0,1,4
click the 2nd switch next to the help,click,switch,NONE,next_to,help,2nd,1,7,0,4,1
copy orange text,copy,text,orange,NONE,NONE,NONE,2,9,5,0,3
paste text next to the profile,paste,text,NONE,next_to,profile,NONE,6,9,0,4,3
copy the 2nd text next to the first email,copy,text,NONE,next_to,first email,2nd,2,9,0,4,1
long-press the 1st orange text to the right of the cart,long-press,text,orange,right_of,cart,1st,4,9,5,5,0
copy the last red text,copy,text,red,NONE,NONE,last,2,9,8,0,4
copy green text to the left of the profile,copy,text,green,left_of,profile,NONE,2,9,4,3,3
press the 3rd pink button above the cart,click,button,pink,above,cart,3rd,1,1,6,1,2
paste text,paste,text,NONE,NONE,NONE,NONE,6,9,0,0,3
copy text above the notifications,copy,text,NONE,above,notifications,NONE,2,9,0,1,3
copy the 1st text above the address,copy,text,NONE,above,address,1st,2,9,0,1,0
copy text below the first email,copy,text,NONE,below,first email,NONE,2,9,0,2,3
scroll down to the 3rd green tab,scroll,tab,green,NONE,NONE,3rd,7,8,4,0,2
long-press red text above the menu,long-press,text,red,above,menu,NONE,4,9,8,1,3
select the last button below the last item,click,button,NONE,below,last item,last,1,1,0,2,4
paste the 1st text to the left of the payment,paste,text,NONE,left_of,payment,1st,6,9,0,3,0
copy orange text above the first email,copy,text,orange,above,first email,NONE,2,9,5,1,3
copy the last text to the left of the wi-fi,copy,text,NONE,left_of,wi-fi,last,2,9,0,3,4
scroll down to the 1st tab,scroll,tab,NONE,NONE,NONE,1st,7,8,0,0,0
paste text,paste,text,NONE,NONE,NONE,NONE,6,9,0,0,3
launch the 2nd menu,open,menu,NONE,NONE,NONE,2nd,5,6,0,0,1
scroll to red menu,scroll,menu,red,NONE,NONE,NONE,7,6,8,0,3
trash image,delete,image,NONE,NONE,NONE,NONE,3,4,0,0,3
scroll down to menu next to the payment,scroll,menu,NONE,next_to,payment,NONE,7,6,0,4,3
click the 2nd link,click,link,NONE,NONE,NONE,2nd,1,5,0,0,1
scroll to tab next to the first email,scroll,tab,NONE,next_to,first email,NONE,7,8,0,4,3
select the last link,click,link,NONE,NONE,NONE,last,1,5,0,0,4
tap on switch,tap,switch,NONE,NONE,NONE,NONE,8,7,0,0,3
scroll to menu to the right of the home,scroll,menu,NONE,right_of,home,NONE,7,6,0,5,3
open button above the checkout,open,button,NONE,above,checkout,NONE,5,1,0,1,3
press checkbox below the search,click,checkbox,NONE,below,search,NONE,1,2,0,2,3
tap on switch to the left of the address,tap,switch,NONE,left_of,address,NONE,8,7,0,3,3
scroll down to blue text next to the last item,scroll,text,blue,next_to,last item,NONE,7,9,2,4,3
open the last icon,open,icon,NONE,NONE,NONE,last,5,3,0,0,4
copy black text to the right of the home,copy,text,black,right_of,home,NONE,2,9,1,5,3
select text above the payment,click,text,NONE,above,payment,NONE,1,9,0,1,3
tap on yellow switch,tap,switch,yellow,NONE,NONE,NONE,8,7,10,0,3
paste gray text,paste,text,gray,NONE,NONE,NONE,6,9,3,0,3
scroll to text,scroll,text,NONE,NONE,NONE,NONE,7,9,0,0,3
open black menu,open,menu,black,NONE,NONE,NONE,5,6,1,0,3
copy red text to the left of the payment,copy,text,red,left_of,payment,NONE,2,9,8,3,3
paste text,paste,text,NONE,NONE,NONE,NONE,6,9,0,0,3
paste text above the help,paste,text,NONE,above,help,NONE,6,9,0,1,3
long-press icon next to the login,long-press,icon,NONE,next_to,login,NONE,4,3,0,4,3
long-press text below the wi-fi,long-press,text,NONE,below,wi-fi,NONE,4,9,0,2,3
scroll down to tab above the checkout,scroll,tab,NONE,above,checkout,NONE,7,8,0,1,3
scroll down to green tab,scroll,tab,green,NONE,NONE,NONE,7,8,4,0,3
delete text,delete,text,NONE,NONE,NONE,NONE,3,9,0,0,3
paste text next to the cart,paste,text,NONE,next_to,cart,NONE,6,9,0,4,3
paste text below the cart,paste,text,NONE,below,cart,NONE,6,9,0,2,3
click on the 2nd checkbox next to the address,click,checkbox,NONE,next_to,address,2nd,1,2,0,4,1
copy text below the search,copy,text,NONE,below,search,NONE,2,9,0,2,3
scroll to the 3rd red menu next to the home,scroll,menu,red,next_to,home,3rd,7,6,8,4,2
copy the last text to the left of the checkout,copy,text,NONE,left_of,checkout,last,2,9,0,3,4
delete image,delete,image,NONE,NONE,NONE,NONE,3,4,0,0,3
tap on tab next to the payment,tap,tab,NONE,next_to,payment,NONE,8,8,0,4,3
open menu,open,menu,NONE,NONE,NONE,NONE,5,6,0,0,3
open the 1st menu to the right of the notifications,open,menu,NONE,right_of,notifications,1st,5,6,0,5,0
copy text above the profile,copy,text,NONE,above,profile,NONE,2,9,0,1,3
paste text next to the notifications,paste,text,NONE,next_to,notifications,NONE,6,9,0,4,3
press and hold pink icon to the left of the login,long-press,icon,pink,left_of,login,NONE,4,3,6,3,3
paste text to the left of the notifications,paste,text,NONE,left_of,notifications,NONE,6,9,0,3,3
trash green text,delete,text,green,NONE,NONE,NONE,3,9,4,0,3
delete text to the left of the home,delete,text,NONE,left_of,home,NONE,3,9,0,3,3
open the 2nd button to the left of the cart,open,button,NONE,left_of,cart,2nd,5,1,0,3,1
paste text to the right of the notifications,paste,text,NONE,right_of,notifications,NONE,6,9,0,5,3
scroll to green menu next to the profile,scroll,menu,green,next_to,profile,NONE,7,6,4,4,3
trash the 3rd image above the home,delete,image,NONE,above,home,3rd,3,4,0,1,2
open the 1st tab,open,tab,NONE,NONE,NONE,1st,5,8,0,0,0
tap on button to the right of the home,tap,button,NONE,right_of,home,NONE,8,1,0,5,3
paste text,paste,text,NONE,NONE,NONE,NONE,6,9,0,0,3
paste text next to the menu,paste,text,NONE,next_to,menu,NONE,6,9,0,4,3
scroll down to text above the last item,scroll,text,NONE,above,last item,NONE,7,9,0,1,3
select icon,click,icon,NONE,NONE,NONE,NONE,1,3,0,0,3
tap on the 2nd link below the wi-fi,tap,link,NONE,below,wi-fi,2nd,8,5,0,2,1
long-press icon to the left of the payment,long-press,icon,NONE,left_of,payment,NONE,4,3,0,3,3
select text above the settings,click,text,NONE,above,settings,NONE,1,9,0,1,3
copy text next to the checkout,copy,text,NONE,next_to,checkout,NONE,2,9,0,4,3
tap the 1st button to the left of the last item,tap,button,NONE,left_of,last item,1st,8,1,0,3,0
paste the 3rd text below the home,paste,text,NONE,below,home,3rd,6,9,0,2,2
trash button to the right of the home,delete,button,NONE,right_of,home,NONE,3,1,0,5,3
delete image above the checkout,delete,image,NONE,above,checkout,NONE,3,4,0,1,3
scroll to white menu next to the settings,scroll,menu,white,next_to,settings,NONE,7,6,9,4,3
press and hold button below the wi-fi,long-press,button,NONE,below,wi-fi,NONE,4,1,0,2,3
press and hold image to the left of the notifications,long-press,image,NONE,left_of,notifications,NONE,4,4,0,3,3
copy the last text above the cart,copy,text,NONE,above,cart,last,2,9,0,1,4
tap on the last yellow button above the payment,tap,button,yellow,above,payment,last,8,1,10,1,4
press and hold button to the left of the settings,long-press,button,NONE,left_of,settings,NONE,4,1,0,3,3
tap the 1st button,tap,button,NONE,NONE,NONE,1st,8,1,0,0,0
paste the last text,paste,text,NONE,NONE,NONE,last,6,9,0,0,4
delete black button,delete,button,black,NONE,NONE,NONE,3,1,1,0,3
launch red icon,open,icon,red,NONE,NONE,NONE,5,3,8,0,3
scroll down to text,scroll,text,NONE,NONE,NONE,NONE,7,9,0,0,3
launch icon,open,icon,NONE,NONE,NONE,NONE,5,3,0,0,3
launch tab above the checkout,open,tab,NONE,above,checkout,NONE,5,8,0,1,3
paste text above the menu,paste,text,NONE,above,menu,NONE,6,9,0,1,3
scroll to text next to the home,scroll,text,NONE,next_to,home,NONE,7,9,0,4,3
tap the 2nd checkbox to the left of the payment,tap,checkbox,NONE,left_of,payment,2nd,8,2,0,3,1
scroll to text to the right of the menu,scroll,text,NONE,right_of,menu,NONE,7,9,0,5,3
press and hold button,long-press,button,NONE,NONE,NONE,NONE,4,1,0,0,3
open link to the right of the profile,open,link,NONE,right_of,profile,NONE,5,5,0,5,3
launch menu to the right of the search,open,menu,NONE,right_of,search,NONE,5,6,0,5,3
copy text to the left of the settings,copy,text,NONE,left_of,settings,NONE,2,9,0,3,3
long-press red image to the left of the last item,long-press,image,red,left_of,last item,NONE,4,4,8,3,3
trash button,delete,button,NONE,NONE,NONE,NONE,3,1,0,0,3
open tab above the cart,open,tab,NONE,above,cart,NONE,5,8,0,1,3
open the 2nd gray menu,open,menu,gray,NONE,NONE,2nd,5,6,3,0,1
copy yellow text to the right of the search,copy,text,yellow,right_of,search,NONE,2,9,10,5,3
click on the 3rd image,click,image,NONE,NONE,NONE,3rd,1,4,0,0,2
paste the 3rd text to the right of the wi-fi,paste,text,NONE,right_of,wi-fi,3rd,6,9,0,5,2
copy text,copy,text,NONE,NONE,NONE,NONE,2,9,0,0,3
click on orange text to the left of the checkout,click,text,orange,left_of,checkout,NONE,1,9,5,3,3
launch orange menu to the left of the settings,open,menu,orange,left_of,settings,NONE,5,6,5,3,3
paste text next to the search,paste,text,NONE,next_to,search,NONE,6,9,0,4,3
copy text to the right of the address,copy,text,NONE,right_of,address,NONE,2,9,0,5,3
press and hold icon below the notifications,long-press,icon,NONE,below,notifications,NONE,4,3,0,2,3
paste text to the left of the address,paste,text,NONE,left_of,address,NONE,6,9,0,3,3
long-press text above the payment,long-press,text,NONE,above,payment,NONE,4,9,0,1,3
copy text above the address,copy,text,NONE,above,address,NONE,2,9,0,1,3
click on red icon,click,icon,red,NONE,NONE,NONE,1,3,8,0,3
click text,click,text,NONE,NONE,NONE,NONE,1,9,0,0,3
launch blue menu to the right of the cart,open,menu,blue,right_of,cart,NONE,5,6,2,5,3
scroll down to menu to the left of the checkout,scroll,menu,NONE,left_of,checkout,NONE,7,6,0,3,3
launch link next to the search,open,link,NONE,next_to,search,NONE,5,5,0,4,3
press image,click,image,NONE,NONE,NONE,NONE,1,4,0,0,3
press and hold text next to the first email,long-press,text,NONE,next_to,first email,NONE,4,9,0,4,3
press and hold button next to the help,long-press,button,NONE,next_to,help,NONE,4,1,0,4,3
tap the 3rd switch below the home,tap,switch,NONE,below,home,3rd,8,7,0,2,2
copy text,copy,text,NONE,NONE,NONE,NONE,2,9,0,0,3
press and hold icon to the right of the help,long-press,icon,NONE,right_of,help,NONE,4,3,0,5,3
press and hold the 3rd image above the cart,long-press,image,NONE,above,cart,3rd,4,4,0,1,2
scroll to tab to the left of the menu,scroll,tab,NONE,left_of,menu,NONE,7,8,0,3,3
launch menu,open,menu,NONE,NONE,NONE,NONE,5,6,0,0,3
long-press purple icon to the left of the settings,long-press,icon,purple,left_of,settings,NONE,4,3,7,3,3
copy text below the first email,copy,text,NONE,below,first email,NONE,2,9,0,2,3
paste text,paste,text,NONE,NONE,NONE,NONE,6,9,0,0,3
copy white text,copy,text,white,NONE,NONE,NONE,2,9,9,0,3
copy text above the wi-fi,copy,text,NONE,above,wi-fi,NONE,2,9,0,1,3
select green icon,click,icon,green,NONE,NONE,NONE,1,3,4,0,3
paste the 3rd text next to the home,paste,text,NONE,next_to,home,3rd,6,9,0,4,2
tap yellow tab below the last item,tap,tab,yellow,below,last item,NONE,8,8,10,2,3
scroll to text to the left of the search,scroll,text,NONE,left_of,search,NONE,7,9,0,3,3
trash the 2nd purple text,delete,text,purple,NONE,NONE,2nd,3,9,7,0,1
long-press image next to the help,long-press,image,NONE,next_to,help,NONE,4,4,0,4,3
press and hold yellow image next to the checkout,long-press,image,yellow,next_to,checkout,NONE,4,4,10,4,3
tap checkbox,tap,checkbox,NONE,NONE,NONE,NONE,8,2,0,0,3
open green tab above the login,open,tab,green,above,login,NONE,5,8,4,1,3
copy the 1st green text,copy,text,green,NONE,NONE,1st,2,9,4,0,0
tap icon,tap,icon,NONE,NONE,NONE,NONE,8,3,0,0,3
scroll down to orange text below the profile,scroll,text,orange,below,profile,NONE,7,9,5,2,3
tap link next to the payment,tap,link,NONE,next_to,payment,NONE,8,5,0,4,3
delete button,delete,button,NONE,NONE,NONE,NONE,3,1,0,0,3
paste text to the right of the payment,paste,text,NONE,right_of,payment,NONE,6,9,0,5,3
scroll to purple tab,scroll,tab,purple,NONE,NONE,NONE,7,8,7,0,3
long-press purple button,long-press,button,purple,NONE,NONE,NONE,4,1,7,0,3
trash button above the menu,delete,button,NONE,above,menu,NONE,3,1,0,1,3
delete image,delete,image,NONE,NONE,NONE,NONE,3,4,0,0,3
tap link,tap,link,NONE,NONE,NONE,NONE,8,5,0,0,3
click on text to the left of the notifications,click,text,NONE,left_of,notifications,NONE,1,9,0,3,3
scroll to the 3rd tab above the settings,scroll,tab,NONE,above,settings,3rd,7,8,0,1,2
scroll down to menu above the first email,scroll,menu,NONE,above,first email,NONE,7,6,0,1,3
scroll to red text,scroll,text,red,NONE,NONE,NONE,7,9,8,0,3
scroll to green text above the address,scroll,text,green,above,address,NONE,7,9,4,1,3
click checkbox to the left of the wi-fi,click,checkbox,NONE,left_of,wi-fi,NONE,1,2,0,3,3
press and hold the 2nd purple icon,long-press,icon,purple,NONE,NONE,2nd,4,3,7,0,1
open the 1st icon below the search,open,icon,NONE,below,search,1st,5,3,0,2,0
trash image,delete,image,NONE,NONE,NONE,NONE,3,4,0,0,3
remove image above the address,delete,image,NONE,above,address,NONE,3,4,0,1,3
press and hold image,long-press,image,NONE,NONE,NONE,NONE,4,4,0,0,3
open the 3rd icon to the right of the cart,open,icon,NONE,right_of,cart,3rd,5,3,0,5,2
click link,click,link,NONE,NONE,NONE,NONE,1,5,0,0,3
open the 2nd blue menu below the first email,open,menu,blue,below,first email,2nd,5,6,2,2,1
trash red button,delete,button,red,NONE,NONE,NONE,3,1,8,0,3
delete button to the right of the first email,delete,button,NONE,right_of,first email,NONE,3,1,0,5,3
tap button,tap,button,NONE,NONE,NONE,NONE,8,1,0,0,3
press and hold black button to the right of the help,long-press,button,black,right_of,help,NONE,4,1,1,5,3
paste text,paste,text,NONE,NONE,NONE,NONE,6,9,0,0,3
tap checkbox to the right of the wi-fi,tap,checkbox,NONE,right_of,wi-fi,NONE,8,2,0,5,3
scroll down to the 3rd tab,scroll,tab,NONE,NONE,NONE,3rd,7,8,0,0,2
scroll to the 2nd orange text above the cart,scroll,text,orange,above,cart,2nd,7,9,5,1,1
scroll down to yellow tab,scroll,tab,yellow,NONE,NONE,NONE,7,8,10,0,3
trash text to the right of the search,delete,text,NONE,right_of,search,NONE,3,9,0,5,3
trash the 1st button to the right of the payment,delete,button,NONE,right_of,payment,1st,3,1,0,5,0
paste the 1st orange text,paste,text,orange,NONE,NONE,1st,6,9,5,0,0
click on red switch below the help,click,switch,red,below,help,NONE,1,7,8,2,3
copy text below the profile,copy,text,NONE,below,profile,NONE,2,9,0,2,3
scroll down to menu below the address,scroll,menu,NONE,below,address,NONE,7,6,0,2,3
remove purple button below the menu,delete,button,purple,below,menu,NONE,3,1,7,2,3
tap on pink button below the notifications,tap,button,pink,below,notifications,NONE,8,1,6,2,3
tap on tab,tap,tab,NONE,NONE,NONE,NONE,8,8,0,0,3
delete the 2nd image next to the cart,delete,image,NONE,next_to,cart,2nd,3,4,0,4,1
remove blue image next to the settings,delete,image,blue,next_to,settings,NONE,3,4,2,4,3
copy the 2nd text above the first email,copy,text,NONE,above,first email,2nd,2,9,0,1,1
copy text,copy,text,NONE,NONE,NONE,NONE,2,9,0,0,3
remove button,delete,button,NONE,NONE,NONE,NONE,3,1,0,0,3
scroll to the 3rd orange text below the menu,scroll,text,orange,below,menu,3rd,7,9,5,2,2
launch menu,open,menu,NONE,NONE,NONE,NONE,5,6,0,0,3
tap on pink switch,tap,switch,pink,NONE,NONE,NONE,8,7,6,0,3
scroll down to black text below the address,scroll,text,black,below,address,NONE,7,9,1,2,3
paste text below the search,paste,text,NONE,below,search,NONE,6,9,0,2,3
press link next to the search,click,link,NONE,next_to,search,NONE,1,5,0,4,3
tap switch,tap,switch,NONE,NONE,NONE,NONE,8,7,0,0,3
remove button to the right of the payment,delete,button,NONE,right_of,payment,NONE,3,1,0,5,3
scroll down to the 3rd yellow text,scroll,text,yellow,NONE,NONE,3rd,7,9,10,0,2
long-press the 2nd icon above the settings,long-press,icon,NONE,above,settings,2nd,4,3,0,1,1
launch icon below the address,open,icon,NONE,below,address,NONE,5,3,0,2,3
open menu,open,menu,NONE,NONE,NONE,NONE,5,6,0,0,3
long-press orange text below the address,long-press,text,orange,below,address,NONE,4,9,5,2,3
paste black text below the first email,paste,text,black,below,first email,NONE,6,9,1,2,3
trash black text to the left of the login,delete,text,black,left_of,login,NONE,3,9,1,3,3
scroll to menu to the right of the payment,scroll,menu,NONE,right_of,payment,NONE,7,6,0,5,3
trash black button to the right of the search,delete,button,black,right_of,search,NONE,3,1,1,5,3
paste text to the right of the notifications,paste,text,NONE,right_of,notifications,NONE,6,9,0,5,3
long-press button,long-press,button,NONE,NONE,NONE,NONE,4,1,0,0,3
select orange checkbox to the right of the help,click,checkbox,orange,right_of,help,NONE,1,2,5,5,3
remove text,delete,text,NONE,NONE,NONE,NONE,3,9,0,0,3
open the 3rd white button,open,button,white,NONE,NONE,3rd,5,1,9,0,2
paste text above the notifications,paste,text,NONE,above,notifications,NONE,6,9,0,1,3
scroll to the 3rd text above the home,scroll,text,NONE,above,home,3rd,7,9,0,1,2
copy white text to the left of the cart,copy,text,white,left_of,cart,NONE,2,9,9,3,3
tap on the last gray checkbox,tap,checkbox,gray,NONE,NONE,last,8,2,3,0,4
long-press the last red button above the first email,long-press,button,red,above,first email,last,4,1,8,1,4
paste text next to the wi-fi,paste,text,NONE,next_to,wi-fi,NONE,6,9,0,4,3
press and hold green image,long-press,image,green,NONE,NONE,NONE,4,4,4,0,3
scroll to the 2nd text to the right of the payment,scroll,text,NONE,right_of,payment,2nd,7,9,0,5,1
press and hold icon to the right of the cart,long-press,icon,NONE,right_of,cart,NONE,4,3,0,5,3
trash text above the wi-fi,delete,text,NONE,above,wi-fi,NONE,3,9,0,1,3
paste orange text,paste,text,orange,NONE,NONE,NONE,6,9,5,0,3
copy text to the left of the home,copy,text,NONE,left_of,home,NONE,2,9,0,3,3
copy text to the left of the payment,copy,text,NONE,left_of,payment,NONE,2,9,0,3,3
press and hold the 1st purple button below the checkout,long-press,button,purple,below,checkout,1st,4,1,7,2,0
delete text to the left of the payment,delete,text,NONE,left_of,payment,NONE,3,9,0,3,3
remove red image above the help,delete,image,red,above,help,NONE,3,4,8,1,3
tap on switch above the menu,tap,switch,NONE,above,menu,NONE,8,7,0,1,3
paste text,paste,text,NONE,NONE,NONE,NONE,6,9,0,0,3
press and hold button next to the address,long-press,button,NONE,next_to,address,NONE,4,1,0,4,3
copy text next to the wi-fi,copy,text,NONE,next_to,wi-fi,NONE,2,9,0,4,3
click the 1st black icon,click,icon,black,NONE,NONE,1st,1,3,1,0,0
press and hold text to the right of the checkout,long-press,text,NONE,right_of,checkout,NONE,4,9,0,5,3
select tab below the login,click,tab,NONE,below,login,NONE,1,8,0,2,3
click the 1st tab below the payment,click,tab,NONE,below,payment,1st,1,8,0,2,0
paste pink text above the last item,paste,text,pink,above,last item,NONE,6,9,6,1,3
paste the 2nd text to the right of the wi-fi,paste,text,NONE,right_of,wi-fi,2nd,6,9,0,5,1
paste text to the right of the login,paste,text,NONE,right_of,login,NONE,6,9,0,5,3
click on tab next to the settings,click,tab,NONE,next_to,settings,NONE,1,8,0,4,3
delete image to the right of the checkout,delete,image,NONE,right_of,checkout,NONE,3,4,0,5,3
launch button,open,button,NONE,NONE,NONE,NONE,5,1,0,0,3
paste the last blue text below the login,paste,text,blue,below,login,last,6,9,2,2,4
press and hold the 1st button,long-press,button,NONE,NONE,NONE,1st,4,1,0,0,0
press and hold icon to the left of the first email,long-press,icon,NONE,left_of,first email,NONE,4,3,0,3,3
scroll down to tab to the right of the payment,scroll,tab,NONE,right_of,payment,NONE,7,8,0,5,3
paste text to the right of the checkout,paste,text,NONE,right_of,checkout,NONE,6,9,0,5,3
copy text,copy,text,NONE,NONE,NONE,NONE,2,9,0,0,3
copy the 1st text above the notifications,copy,text,NONE,above,notifications,1st,2,9,0,1,0
launch the 2nd menu below the first email,open,menu,NONE,below,first email,2nd,5,6,0,2,1
scroll to the 3rd tab to the right of the address,scroll,tab,NONE,right_of,address,3rd,7,8,0,5,2
launch white menu,open,menu,white,NONE,NONE,NONE,5,6,9,0,3
trash the 2nd button to the right of the settings,delete,button,NONE,right_of,settings,2nd,3,1,0,5,1
paste text to the right of the cart,paste,text,NONE,right_of,cart,NONE,6,9,0,5,3
press the last gray icon to the left of the last item,click,icon,gray,left_of,last item,last,1,3,3,3,4
trash image to the left of the wi-fi,delete,image,NONE,left_of,wi-fi,NONE,3,4,0,3,3
copy white text above the last item,copy,text,white,above,last item,NONE,2,9,9,1,3
tap the last tab next to the login,tap,tab,NONE,next_to,login,last,8,8,0,4,4
scroll to text,scroll,text,NONE,NONE,NONE,NONE,7,9,0,0,3
copy text,copy,text,NONE,NONE,NONE,NONE,2,9,0,0,3
click on black icon,click,icon,black,NONE,NONE,NONE,1,3,1,0,3
select the 1st gray icon,click,icon,gray,NONE,NONE,1st,1,3,3,0,0
launch blue icon,open,icon,blue,NONE,NONE,NONE,5,3,2,0,3
tap on the 3rd tab next to the checkout,tap,tab,NONE,next_to,checkout,3rd,8,8,0,4,2
remove the last image to the left of the login,delete,image,NONE,left_of,login,last,3,4,0,3,4
paste text,paste,text,NONE,NONE,NONE,NONE,6,9,0,0,3
copy text to the left of the last item,copy,text,NONE,left_of,last item,NONE,2,9,0,3,3
tap button,tap,button,NONE,NONE,NONE,NONE,8,1,0,0,3
long-press text next to the search,long-press,text,NONE,next_to,search,NONE,4,9,0,4,3
tap on the 2nd yellow icon next to the profile,tap,icon,yellow,next_to,profile,2nd,8,3,10,4,1
copy text,copy,text,NONE,NONE,NONE,NONE,2,9,0,0,3
delete the last black button above the notifications,delete,button,black,above,notifications,last,3,1,1,1,4
select text to the right of the last item,click,text,NONE,right_of,last item,NONE,1,9,0,5,3
copy text next to the home,copy,text,NONE,next_to,home,NONE,2,9,0,4,3
press and hold the 2nd yellow image to the right of the settings,long-press,image,yellow,right_of,settings,2nd,4,4,10,5,1
copy text below the last item,copy,text,NONE,below,last item,NONE,2,9,0,2,3
tap the 2nd checkbox below the payment,tap,checkbox,NONE,below,payment,2nd,8,2,0,2,1
launch tab below the login,open,tab,NONE,below,login,NONE,5,8,0,2,3
paste the 2nd text to the left of the settings,paste,text,NONE,left_of,settings,2nd,6,9,0,3,1
tap icon to the left of the login,tap,icon,NONE,left_of,login,NONE,8,3,0,3,3
paste text next to the first email,paste,text,NONE,next_to,first email,NONE,6,9,0,4,3
copy text to the left of the notifications,copy,text,NONE,left_of,notifications,NONE,2,9,0,3,3
copy the last blue text,copy,text,blue,NONE,NONE,last,2,9,2,0,4
scroll to the 3rd text,scroll,text,NONE,NONE,NONE,3rd,7,9,0,0,2
scroll to menu,scroll,menu,NONE,NONE,NONE,NONE,7,6,0,0,3
press and hold orange text above the payment,long-press,text,orange,above,payment,NONE,4,9,5,1,3
tap green icon to the left of the address,tap,icon,green,left_of,address,NONE,8,3,4,3,3
paste text to the right of the last item,paste,text,NONE,right_of,last item,NONE,6,9,0,5,3
long-press the 2nd orange icon,long-press,icon,orange,NONE,NONE,2nd,4,3,5,0,1
launch the last green link to the left of the search,open,link,green,left_of,search,last,5,5,4,3,4
press and hold the 3rd icon,long-press,icon,NONE,NONE,NONE,3rd,4,3,0,0,2
press the last black text to the right of the notifications,click,text,black,right_of,notifications,last,1,9,1,5,4
paste text to the left of the first email,paste,text,NONE,left_of,first email,NONE,6,9,0,3,3
open tab,open,tab,NONE,NONE,NONE,NONE,5,8,0,0,3
scroll to gray text,scroll,text,gray,NONE,NONE,NONE,7,9,3,0,3
scroll to menu,scroll,menu,NONE,NONE,NONE,NONE,7,6,0,0,3
tap the 1st checkbox above the address,tap,checkbox,NONE,above,address,1st,8,2,0,1,0
delete the last gray text below the notifications,delete,text,gray,below,notifications,last,3,9,3,2,4
long-press blue icon above the first email,long-press,icon,blue,above,first email,NONE,4,3,2,1,3
launch link to the right of the address,open,link,NONE,right_of,address,NONE,5,5,0,5,3
tap switch to the right of the search,tap,switch,NONE,right_of,search,NONE,8,7,0,5,3
paste the 3rd text to the right of the profile,paste,text,NONE,right_of,profile,3rd,6,9,0,5,2
tap the 3rd icon next to the first email,tap,icon,NONE,next_to,first email,3rd,8,3,0,4,2
tap checkbox to the right of the checkout,tap,checkbox,NONE,right_of,checkout,NONE,8,2,0,5,3
select checkbox to the left of the wi-fi,click,checkbox,NONE,left_of,wi-fi,NONE,1,2,0,3,3
select blue image to the right of the login,click,image,blue,right_of,login,NONE,1,4,2,5,3
scroll to the last blue menu next to the login,scroll,menu,blue,next_to,login,last,7,6,2,4,4
trash red text to the right of the wi-fi,delete,text,red,right_of,wi-fi,NONE,3,9,8,5,3
scroll down to black tab to the right of the menu,scroll,tab,black,right_of,menu,NONE,7,8,1,5,3
scroll to red menu to the right of the cart,scroll,menu,red,right_of,cart,NONE,7,6,8,5,3
press and hold icon below the cart,long-press,icon,NONE,below,cart,NONE,4,3,0,2,3
open link to the right of the notifications,open,link,NONE,right_of,notifications,NONE,5,5,0,5,3
copy the last text to the left of the home,copy,text,NONE,left_of,home,last,2,9,0,3,4
remove image next to the help,delete,image,NONE,next_to,help,NONE,3,4,0,4,3
scroll to purple text,scroll,text,purple,NONE,NONE,NONE,7,9,7,0,3
long-press the 2nd text above the login,long-press,text,NONE,above,login,2nd,4,9,0,1,1
copy text next to the home,copy,text,NONE,next_to,home,NONE,2,9,0,4,3
launch menu below the address,open,menu,NONE,below,address,NONE,5,6,0,2,3
scroll down to the 3rd yellow tab to the left of the home,scroll,tab,yellow,left_of,home,3rd,7,8,10,3,2
select the 3rd checkbox next to the notifications,click,checkbox,NONE,next_to,notifications,3rd,1,2,0,4,2
delete button,delete,button,NONE,NONE,NONE,NONE,3,1,0,0,3
launch the 1st icon,open,icon,NONE,NONE,NONE,1st,5,3,0,0,0
launch link,open,link,NONE,NONE,NONE,NONE,5,5,0,0,3
scroll down to text,scroll,text,NONE,NONE,NONE,NONE,7,9,0,0,3
scroll down to tab,scroll,tab,NONE,NONE,NONE,NONE,7,8,0,0,3
click on yellow text above the login,click,text,yellow,above,login,NONE,1,9,10,1,3
paste text to the left of the menu,paste,text,NONE,left_of,menu,NONE,6,9,0,3,3
open icon above the home,open,icon,NONE,above,home,NONE,5,3,0,1,3
paste text,paste,text,NONE,NONE,NONE,NONE,6,9,0,0,3
paste the last blue text,paste,text,blue,NONE,NONE,last,6,9,2,0,4
scroll down to pink text,scroll,text,pink,NONE,NONE,NONE,7,9,6,0,3
launch the 3rd green menu,open,menu,green,NONE,NONE,3rd,5,6,4,0,2
press and hold text above the wi-fi,long-press,text,NONE,above,wi-fi,NONE,4,9,0,1,3
scroll to the 1st tab,scroll,tab,NONE,NONE,NONE,1st,7,8,0,0,0
copy the 3rd text,copy,text,NONE,NONE,NONE,3rd,2,9,0,0,2
long-press purple image next to the notifications,long-press,image,purple,next_to,notifications,NONE,4,4,7,4,3
copy the last text,copy,text,NONE,NONE,NONE,last,2,9,0,0,4
scroll to the last gray text,scroll,text,gray,NONE,NONE,last,7,9,3,0,4
paste the last pink text to the left of the checkout,paste,text,pink,left_of,checkout,last,6,9,6,3,4
tap on switch to the left of the home,tap,switch,NONE,left_of,home,NONE,8,7,0,3,3
select green text to the left of the menu,click,text,green,left_of,menu,NONE,1,9,4,3,3
paste black text above the cart,paste,text,black,above,cart,NONE,6,9,1,1,3
trash pink image next to the notifications,delete,image,pink,next_to,notifications,NONE,3,4,6,4,3
open the 2nd tab,open,tab,NONE,NONE,NONE,2nd,5,8,0,0,1
scroll to the 3rd menu,scroll,menu,NONE,NONE,NONE,3rd,7,6,0,0,2
tap button,tap,button,NONE,NONE,NONE,NONE,8,1,0,0,3
trash button,delete,button,NONE,NONE,NONE,NONE,3,1,0,0,3
tap purple switch next to the home,tap,switch,purple,next_to,home,NONE,8,7,7,4,3
copy the 2nd black text,copy,text,black,NONE,NONE,2nd,2,9,1,0,1
trash button,delete,button,NONE,NONE,NONE,NONE,3,1,0,0,3
long-press image above the notifications,long-press,image,NONE,above,notifications,NONE,4,4,0,1,3
paste blue text,paste,text,blue,NONE,NONE,NONE,6,9,2,0,3
paste text above the login,paste,text,NONE,above,login,NONE,6,9,0,1,3
paste text to the left of the wi-fi,paste,text,NONE,left_of,wi-fi,NONE,6,9,0,3,3
copy gray text to the left of the wi-fi,copy,text,gray,left_of,wi-fi,NONE,2,9,3,3,3
delete the 1st button above the last item,delete,button,NONE,above,last item,1st,3,1,0,1,0
scroll to text above the search,scroll,text,NONE,above,search,NONE,7,9,0,1,3
press and hold text to the right of the help,long-press,text,NONE,right_of,help,NONE,4,9,0,5,3
paste text to the right of the profile,paste,text,NONE,right_of,profile,NONE,6,9,0,5,3
select checkbox,click,checkbox,NONE,NONE,NONE,NONE,1,2,0,0,3
scroll down to tab,scroll,tab,NONE,NONE,NONE,NONE,7,8,0,0,3
paste purple text above the cart,paste,text,purple,above,cart,NONE,6,9,7,1,3
scroll down to tab next to the settings,scroll,tab,NONE,next_to,settings,NONE,7,8,0,4,3
copy the 2nd white text to the left of the settings,copy,text,white,left_of,settings,2nd,2,9,9,3,1
select tab above the help,click,tab,NONE,above,help,NONE,1,8,0,1,3
remove image,delete,image,NONE,NONE,NONE,NONE,3,4,0,0,3
scroll down to text to the right of the first email,scroll,text,NONE,right_of,first email,NONE,7,9,0,5,3
long-press button next to the login,long-press,button,NONE,next_to,login,NONE,4,1,0,4,3
scroll to the 3rd tab below the wi-fi,scroll,tab,NONE,below,wi-fi,3rd,7,8,0,2,2
click on the 2nd black tab below the last item,click,tab,black,below,last item,2nd,1,8,1,2,1
launch button below the wi-fi,open,button,NONE,below,wi-fi,NONE,5,1,0,2,3
copy the 2nd pink text,copy,text,pink,NONE,NONE,2nd,2,9,6,0,1
tap on link next to the login,tap,link,NONE,next_to,login,NONE,8,5,0,4,3
tap checkbox to the right of the menu,tap,checkbox,NONE,right_of,menu,NONE,8,2,0,5,3
click orange tab next to the last item,click,tab,orange,next_to,last item,NONE,1,8,5,4,3
press and hold image,long-press,image,NONE,NONE,NONE,NONE,4,4,0,0,3
click image to the left of the first email,click,image,NONE,left_of,first email,NONE,1,4,0,3,3
remove button above the wi-fi,delete,button,NONE,above,wi-fi,NONE,3,1,0,1,3
copy black text,copy,text,black,NONE,NONE,NONE,2,9,1,0,3
paste text below the address,paste,text,NONE,below,address,NONE,6,9,0,2,3
scroll down to green text,scroll,text,green,NONE,NONE,NONE,7,9,4,0,3
scroll down to menu,scroll,menu,NONE,NONE,NONE,NONE,7,6,0,0,3
scroll down to orange menu,scroll,menu,orange,NONE,NONE,NONE,7,6,5,0,3
open the 2nd tab,open,tab,NONE,NONE,NONE,2nd,5,8,0,0,1
press and hold image,long-press,image,NONE,NONE,NONE,NONE,4,4,0,0,3
press and hold text above the profile,long-press,text,NONE,above,profile,NONE,4,9,0,1,3
press and hold pink text below the cart,long-press,text,pink,below,cart,NONE,4,9,6,2,3
scroll to tab below the payment,scroll,tab,NONE,below,payment,NONE,7,8,0,2,3
press pink text to the right of the profile,click,text,pink,right_of,profile,NONE,1,9,6,5,3
copy the 3rd black text above the search,copy,text,black,above,search,3rd,2,9,1,1,2
paste purple text above the login,paste,text,purple,above,login,NONE,6,9,7,1,3
press checkbox,click,checkbox,NONE,NONE,NONE,NONE,1,2,0,0,3
tap on link,tap,link,NONE,NONE,NONE,NONE,8,5,0,0,3
trash pink image next to the payment,delete,image,pink,next_to,payment,NONE,3,4,6,4,3
tap icon to the left of the search,tap,icon,NONE,left_of,search,NONE,8,3,0,3,3
scroll down to the 1st menu to the left of the login,scroll,menu,NONE,left_of,login,1st,7,6,0,3,0
open icon above the search,open,icon,NONE,above,search,NONE,5,3,0,1,3
copy text below the menu,copy,text,NONE,below,menu,NONE,2,9,0,2,3
press link,click,link,NONE,NONE,NONE,NONE,1,5,0,0,3
press and hold green button to the left of the login,long-press,button,green,left_of,login,NONE,4,1,4,3,3
paste the 1st black text above the login,paste,text,black,above,login,1st,6,9,1,1,0
open blue icon below the last item,open,icon,blue,below,last item,NONE,5,3,2,2,3
copy text next to the home,copy,text,NONE,next_to,home,NONE,2,9,0,4,3
paste text next to the wi-fi,paste,text,NONE,next_to,wi-fi,NONE,6,9,0,4,3
paste yellow text above the menu,paste,text,yellow,above,menu,NONE,6,9,10,1,3
launch gray button to the left of the payment,open,button,gray,left_of,payment,NONE,5,1,3,3,3
launch the last icon next to the help,open,icon,NONE,next_to,help,last,5,3,0,4,4
tap on the last switch,tap,switch,NONE,NONE,NONE,last,8,7,0,0,4
copy the 3rd blue text to the right of the payment,copy,text,blue,right_of,payment,3rd,2,9,2,5,2
long-press gray text to the right of the wi-fi,long-press,text,gray,right_of,wi-fi,NONE,4,9,3,5,3
long-press text,long-press,text,NONE,NONE,NONE,NONE,4,9,0,0,3
scroll down to text,scroll,text,NONE,NONE,NONE,NONE,7,9,0,0,3
press and hold the 2nd yellow text to the right of the checkout,long-press,text,yellow,right_of,checkout,2nd,4,9,10,5,1
open tab above the payment,open,tab,NONE,above,payment,NONE,5,8,0,1,3
copy text,copy,text,NONE,NONE,NONE,NONE,2,9,0,0,3
select purple tab,click,tab,purple,NONE,NONE,NONE,1,8,7,0,3
open the 3rd tab,open,tab,NONE,NONE,NONE,3rd,5,8,0,0,2
scroll to black menu to the left of the notifications,scroll,menu,black,left_of,notifications,NONE,7,6,1,3,3
delete purple button to the right of the settings,delete,button,purple,right_of,settings,NONE,3,1,7,5,3
tap the 2nd purple link to the left of the payment,tap,link,purple,left_of,payment,2nd,8,5,7,3,1
paste text,paste,text,NONE,NONE,NONE,NONE,6,9,0,0,3
tap on purple tab,tap,tab,purple,NONE,NONE,NONE,8,8,7,0,3
paste the 2nd text to the left of the address,paste,text,NONE,left_of,address,2nd,6,9,0,3,1
tap switch to the left of the first email,tap,switch,NONE,left_of,first email,NONE,8,7,0,3,3
delete button to the right of the address,delete,button,NONE,right_of,address,NONE,3,1,0,5,3
paste the 2nd text to the left of the login,paste,text,NONE,left_of,login,2nd,6,9,0,3,1
trash image to the right of the menu,delete,image,NONE,right_of,menu,NONE,3,4,0,5,3
click link,click,link,NONE,NONE,NONE,NONE,1,5,0,0,3
launch button to the left of the cart,open,button,NONE,left_of,cart,NONE,5,1,0,3,3
launch red menu next to the payment,open,menu,red,next_to,payment,NONE,5,6,8,4,3
select checkbox below the search,click,checkbox,NONE,below,search,NONE,1,2,0,2,3
select link to the left of the cart,click,link,NONE,left_of,cart,NONE,1,5,0,3,3
paste the last black text,paste,text,black,NONE,NONE,last,6,9,1,0,4
tap on the 3rd button to the right of the wi-fi,tap,button,NONE,right_of,wi-fi,3rd,8,1,0,5,2
copy green text,copy,text,green,NONE,NONE,NONE,2,9,4,0,3
copy the 3rd text to the right of the profile,copy,text,NONE,right_of,profile,3rd,2,9,0,5,2
press image,click,image,NONE,NONE,NONE,NONE,1,4,0,0,3
paste text next to the login,paste,text,NONE,next_to,login,NONE,6,9,0,4,3
paste text below the login,paste,text,NONE,below,login,NONE,6,9,0,2,3
open the 3rd tab,open,tab,NONE,NONE,NONE,3rd,5,8,0,0,2
click on link,click,link,NONE,NONE,NONE,NONE,1,5,0,0,3
copy text,copy,text,NONE,NONE,NONE,NONE,2,9,0,0,3
press and hold icon above the home,long-press,icon,NONE,above,home,NONE,4,3,0,1,3
launch icon,open,icon,NONE,NONE,NONE,NONE,5,3,0,0,3
scroll down to menu to the right of the last item,scroll,menu,NONE,right_of,last item,NONE,7,6,0,5,3
press and hold the 1st red button to the right of the address,long-press,button,red,right_of,address,1st,4,1,8,5,0
scroll down to the 2nd menu above the login,scroll,menu,NONE,above,login,2nd,7,6,0,1,1
long-press pink button,long-press,button,pink,NONE,NONE,NONE,4,1,6,0,3
select the 3rd switch below the address,click,switch,NONE,below,address,3rd,1,7,0,2,2
paste text next to the menu,paste,text,NONE,next_to,menu,NONE,6,9,0,4,3
tap on the 3rd green icon below the search,tap,icon,green,below,search,3rd,8,3,4,2,2
trash text,delete,text,NONE,NONE,NONE,NONE,3,9,0,0,3
scroll down to tab,scroll,tab,NONE,NONE,NONE,NONE,7,8,0,0,3
copy the 2nd text,copy,text,NONE,NONE,NONE,2nd,2,9,0,0,1
press and hold button,long-press,button,NONE,NONE,NONE,NONE,4,1,0,0,3
tap tab,tap,tab,NONE,NONE,NONE,NONE,8,8,0,0,3
copy text to the right of the notifications,copy,text,NONE,right_of,notifications,NONE,2,9,0,5,3
tap on the 2nd icon above the home,tap,icon,NONE,above,home,2nd,8,3,0,1,1
copy the 3rd text to the right of the payment,copy,text,NONE,right_of,payment,3rd,2,9,0,5,2
click on the last switch,click,switch,NONE,NONE,NONE,last,1,7,0,0,4
scroll down to tab above the login,scroll,tab,NONE,above,login,NONE,7,8,0,1,3
launch the 2nd blue tab,open,tab,blue,NONE,NONE,2nd,5,8,2,0,1
click the 1st black icon above the settings,click,icon,black,above,settings,1st,1,3,1,1,0
open the 3rd icon,open,icon,NONE,NONE,NONE,3rd,5,3,0,0,2
paste text below the notifications,paste,text,NONE,below,notifications,NONE,6,9,0,2,3
tap tab,tap,tab,NONE,NONE,NONE,NONE,8,8,0,0,3
long-press the 2nd blue image,long-press,image,blue,NONE,NONE,2nd,4,4,2,0,1
trash the 1st white button next to the search,delete,button,white,next_to,search,1st,3,1,9,4,0
press and hold the 1st icon below the wi-fi,long-press,icon,NONE,below,wi-fi,1st,4,3,0,2,0
long-press the 3rd red button next to the checkout,long-press,button,red,next_to,checkout,3rd,4,1,8,4,2
paste the 3rd purple text below the last item,paste,text,purple,below,last item,3rd,6,9,7,2,2
paste text to the left of the address,paste,text,NONE,left_of,address,NONE,6,9,0,3,3
trash the 1st orange image,delete,image,orange,NONE,NONE,1st,3,4,5,0,0
paste the last text,paste,text,NONE,NONE,NONE,last,6,9,0,0,4
long-press the 2nd image below the payment,long-press,image,NONE,below,payment,2nd,4,4,0,2,1
long-press icon below the profile,long-press,icon,NONE,below,profile,NONE,4,3,0,2,3
select icon above the first email,click,icon,NONE,above,first email,NONE,1,3,0,1,3
scroll to tab,scroll,tab,NONE,NONE,NONE,NONE,7,8,0,0,3
paste text,paste,text,NONE,NONE,NONE,NONE,6,9,0,0,3
paste the last text,paste,text,NONE,NONE,NONE,last,6,9,0,0,4
paste text to the left of the notifications,paste,text,NONE,left_of,notifications,NONE,6,9,0,3,3
launch the 1st black link to the left of the profile,open,link,black,left_of,profile,1st,5,5,1,3,0
remove the 3rd yellow button next to the checkout,delete,button,yellow,next_to,checkout,3rd,3,1,10,4,2
long-press icon,long-press,icon,NONE,NONE,NONE,NONE,4,3,0,0,3
click white switch to the right of the notifications,click,switch,white,right_of,notifications,NONE,1,7,9,5,3
open green button,open,button,green,NONE,NONE,NONE,5,1,4,0,3
open icon above the home,open,icon,NONE,above,home,NONE,5,3,0,1,3
click button next to the wi-fi,click,button,NONE,next_to,wi-fi,NONE,1,1,0,4,3
tap on white icon to the right of the checkout,tap,icon,white,right_of,checkout,NONE,8,3,9,5,3
copy the 1st text to the right of the help,copy,text,NONE,right_of,help,1st,2,9,0,5,0
copy purple text to the right of the payment,copy,text,purple,right_of,payment,NONE,2,9,7,5,3
trash text below the first email,delete,text,NONE,below,first email,NONE,3,9,0,2,3
click the last white switch above the cart,click,switch,white,above,cart,last,1,7,9,1,4
copy the last text to the right of the menu,copy,text,NONE,right_of,menu,last,2,9,0,5,4
click on checkbox below the search,click,checkbox,NONE,below,search,NONE,1,2,0,2,3
copy purple text to the right of the search,copy,text,purple,right_of,search,NONE,2,9,7,5,3
tap white button below the login,tap,button,white,below,login,NONE,8,1,9,2,3
click button,click,button,NONE,NONE,NONE,NONE,1,1,0,0,3
open the last green tab below the wi-fi,open,tab,green,below,wi-fi,last,5,8,4,2,4
launch tab to the right of the last item,open,tab,NONE,right_of,last item,NONE,5,8,0,5,3
scroll to menu,scroll,menu,NONE,NONE,NONE,NONE,7,6,0,0,3
click on blue image to the left of the profile,click,image,blue,left_of,profile,NONE,1,4,2,3,3
open blue tab,open,tab,blue,NONE,NONE,NONE,5,8,2,0,3
open purple link,open,link,purple,NONE,NONE,NONE,5,5,7,0,3
launch tab,open,tab,NONE,NONE,NONE,NONE,5,8,0,0,3
select text to the right of the address,click,text,NONE,right_of,address,NONE,1,9,0,5,3
long-press yellow text above the login,long-press,text,yellow,above,login,NONE,4,9,10,1,3
copy the 3rd text to the right of the notifications,copy,text,NONE,right_of,notifications,3rd,2,9,0,5,2
delete text below the first email,delete,text,NONE,below,first email,NONE,3,9,0,2,3
press the 3rd checkbox next to the menu,click,checkbox,NONE,next_to,menu,3rd,1,2,0,4,2
delete text to the right of the home,delete,text,NONE,right_of,home,NONE,3,9,0,5,3
tap red checkbox to the left of the checkout,tap,checkbox,red,left_of,checkout,NONE,8,2,8,3,3
tap icon,tap,icon,NONE,NONE,NONE,NONE,8,3,0,0,3
scroll down to the last text,scroll,text,NONE,NONE,NONE,last,7,9,0,0,4
press and hold button to the left of the help,long-press,button,NONE,left_of,help,NONE,4,1,0,3,3
launch button to the right of the checkout,open,button,NONE,right_of,checkout,NONE,5,1,0,5,3
tap on checkbox,tap,checkbox,NONE,NONE,NONE,NONE,8,2,0,0,3
trash the last text,delete,text,NONE,NONE,NONE,last,3,9,0,0,4
open blue tab next to the profile,open,tab,blue,next_to,profile,NONE,5,8,2,4,3
scroll to text below the search,scroll,text,NONE,below,search,NONE,7,9,0,2,3
scroll to black tab next to the settings,scroll,tab,black,next_to,settings,NONE,7,8,1,4,3
copy yellow text,copy,text,yellow,NONE,NONE,NONE,2,9,10,0,3
paste text next to the profile,paste,text,NONE,next_to,profile,NONE,6,9,0,4,3
press and hold image,long-press,image,NONE,NONE,NONE,NONE,4,4,0,0,3
delete text,delete,text,NONE,NONE,NONE,NONE,3,9,0,0,3
scroll to orange menu to the left of the last item,scroll,menu,orange,left_of,last item,NONE,7,6,5,3,3
tap on the 3rd blue switch to the left of the home,tap,switch,blue,left_of,home,3rd,8,7,2,3,2
paste text,paste,text,NONE,NONE,NONE,NONE,6,9,0,0,3
open the 2nd link next to the settings,open,link,NONE,next_to,settings,2nd,5,5,0,4,1
paste text below the first email,paste,text,NONE,below,first email,NONE,6,9,0,2,3
scroll down to text above the profile,scroll,text,NONE,above,profile,NONE,7,9,0,1,3
copy the 3rd text next to the cart,copy,text,NONE,next_to,cart,3rd,2,9,0,4,2
paste gray text,paste,text,gray,NONE,NONE,NONE,6,9,3,0,3
scroll to the 3rd orange text,scroll,text,orange,NONE,NONE,3rd,7,9,5,0,2
delete blue button,delete,button,blue,NONE,NONE,NONE,3,1,2,0,3
click checkbox above the wi-fi,click,checkbox,NONE,above,wi-fi,NONE,1,2,0,1,3
scroll to green text,scroll,text,green,NONE,NONE,NONE,7,9,4,0,3
paste text to the right of the login,paste,text,NONE,right_of,login,NONE,6,9,0,5,3
open the 2nd white menu above the menu,open,menu,white,above,menu,2nd,5,6,9,1,1
click on yellow checkbox to the left of the cart,click,checkbox,yellow,left_of,cart,NONE,1,2,10,3,3
copy red text above the payment,copy,text,red,above,payment,NONE,2,9,8,1,3
launch icon above the wi-fi,open,icon,NONE,above,wi-fi,NONE,5,3,0,1,3
tap the 1st white link above the menu,tap,link,white,above,menu,1st,8,5,9,1,0
launch link,open,link,NONE,NONE,NONE,NONE,5,5,0,0,3
delete button,delete,button,NONE,NONE,NONE,NONE,3,1,0,0,3
trash text next to the wi-fi,delete,text,NONE,next_to,wi-fi,NONE,3,9,0,4,3
scroll down to yellow menu to the left of the notifications,scroll,menu,yellow,left_of,notifications,NONE,7,6,10,3,3
trash text,delete,text,NONE,NONE,NONE,NONE,3,9,0,0,3
tap on white link to the left of the first email,tap,link,white,left_of,first email,NONE,8,5,9,3,3
press the 3rd white tab to the left of the login,click,tab,white,left_of,login,3rd,1,8,9,3,2
long-press the last icon,long-press,icon,NONE,NONE,NONE,last,4,3,0,0,4
select pink tab,click,tab,pink,NONE,NONE,NONE,1,8,6,0,3
scroll down to menu,scroll,menu,NONE,NONE,NONE,NONE,7,6,0,0,3
paste text,paste,text,NONE,NONE,NONE,NONE,6,9,0,0,3
trash the 2nd image to the left of the help,delete,image,NONE,left_of,help,2nd,3,4,0,3,1
delete text,delete,text,NONE,NONE,NONE,NONE,3,9,0,0,3
copy black text above the notifications,copy,text,black,above,notifications,NONE,2,9,1,1,3
tap on purple tab to the right of the last item,tap,tab,purple,right_of,last item,NONE,8,8,7,5,3
press and hold the 3rd orange icon below the last item,long-press,icon,orange,below,last item,3rd,4,3,5,2,2
trash text,delete,text,NONE,NONE,NONE,NONE,3,9,0,0,3
trash button to the right of the address,delete,button,NONE,right_of,address,NONE,3,1,0,5,3
launch link,open,link,NONE,NONE,NONE,NONE,5,5,0,0,3
open the 1st button below the profile,open,button,NONE,below,profile,1st,5,1,0,2,0
copy the 2nd orange text,copy,text,orange,NONE,NONE,2nd,2,9,5,0,1
paste text next to the cart,paste,text,NONE,next_to,cart,NONE,6,9,0,4,3
click purple image,click,image,purple,NONE,NONE,NONE,1,4,7,0,3
tap the 3rd checkbox,tap,checkbox,NONE,NONE,NONE,3rd,8,2,0,0,2
scroll to menu,scroll,menu,NONE,NONE,NONE,NONE,7,6,0,0,3
launch link next to the cart,open,link,NONE,next_to,cart,NONE,5,5,0,4,3
long-press the last icon below the login,long-press,icon,NONE,below,login,last,4,3,0,2,4
copy text,copy,text,NONE,NONE,NONE,NONE,2,9,0,0,3
copy the 3rd text above the last item,copy,text,NONE,above,last item,3rd,2,9,0,1,2
press image to the left of the checkout,click,image,NONE,left_of,checkout,NONE,1,4,0,3,3
press and hold text,long-press,text,NONE,NONE,NONE,NONE,4,9,0,0,3
long-press text,long-press,text,NONE,NONE,NONE,NONE,4,9,0,0,3
paste the last text above the notifications,paste,text,NONE,above,notifications,last,6,9,0,1,4
remove the 3rd image,delete,image,NONE,NONE,NONE,3rd,3,4,0,0,2
paste text above the first email,paste,text,NONE,above,first email,NONE,6,9,0,1,3
copy the 3rd text above the help,copy,text,NONE,above,help,3rd,2,9,0,1,2
open button to the right of the cart,open,button,NONE,right_of,cart,NONE,5,1,0,5,3
scroll to gray menu to the right of the cart,scroll,menu,gray,right_of,cart,NONE,7,6,3,5,3
press and hold text above the login,long-press,text,NONE,above,login,NONE,4,9,0,1,3
paste text,paste,text,NONE,NONE,NONE,NONE,6,9,0,0,3
trash image,delete,image,NONE,NONE,NONE,NONE,3,4,0,0,3
trash the 1st button,delete,button,NONE,NONE,NONE,1st,3,1,0,0,0
tap the last switch,tap,switch,NONE,NONE,NONE,last,8,7,0,0,4
copy the 1st purple text to the left of the checkout,copy,text,purple,left_of,checkout,1st,2,9,7,3,0
open icon,open,icon,NONE,NONE,NONE,NONE,5,3,0,0,3
tap switch next to the address,tap,switch,NONE,next_to,address,NONE,8,7,0,4,3
press and hold the 2nd button,long-press,button,NONE,NONE,NONE,2nd,4,1,0,0,1
trash blue image next to the payment,delete,image,blue,next_to,payment,NONE,3,4,2,4,3
scroll down to the 1st purple text,scroll,text,purple,NONE,NONE,1st,7,9,7,0,0
open menu next to the payment,open,menu,NONE,next_to,payment,NONE,5,6,0,4,3
open the last black menu to the left of the notifications,open,menu,black,left_of,notifications,last,5,6,1,3,4
tap icon,tap,icon,NONE,NONE,NONE,NONE,8,3,0,0,3
scroll down to menu below the home,scroll,menu,NONE,below,home,NONE,7,6,0,2,3
open menu below the login,open,menu,NONE,below,login,NONE,5,6,0,2,3
scroll down to menu below the wi-fi,scroll,menu,NONE,below,wi-fi,NONE,7,6,0,2,3
press button next to the address,click,button,NONE,next_to,address,NONE,1,1,0,4,3
long-press icon above the home,long-press,icon,NONE,above,home,NONE,4,3,0,1,3
copy text below the help,copy,text,NONE,below,help,NONE,2,9,0,2,3
press the last text,click,text,NONE,NONE,NONE,last,1,9,0,0,4
press red checkbox to the right of the profile,click,checkbox,red,right_of,profile,NONE,1,2,8,5,3
scroll down to text,scroll,text,NONE,NONE,NONE,NONE,7,9,0,0,3
paste the 2nd pink text below the checkout,paste,text,pink,below,checkout,2nd,6,9,6,2,1
scroll to the 2nd green text to the left of the wi-fi,scroll,text,green,left_of,wi-fi,2nd,7,9,4,3,1
remove image below the address,delete,image,NONE,below,address,NONE,3,4,0,2,3
open the 2nd icon below the notifications,open,icon,NONE,below,notifications,2nd,5,3,0,2,1
copy text next to the search,copy,text,NONE,next_to,search,NONE,2,9,0,4,3
tap on pink link to the right of the wi-fi,tap,link,pink,right_of,wi-fi,NONE,8,5,6,5,3
launch button,open,button,NONE,NONE,NONE,NONE,5,1,0,0,3
select yellow tab to the left of the first email,click,tab,yellow,left_of,first email,NONE,1,8,10,3,3
paste text to the left of the last item,paste,text,NONE,left_of,last item,NONE,6,9,0,3,3
copy purple text,copy,text,purple,NONE,NONE,NONE,2,9,7,0,3
press and hold purple button,long-press,button,purple,NONE,NONE,NONE,4,1,7,0,3
long-press yellow image,long-press,image,yellow,NONE,NONE,NONE,4,4,10,0,3
open menu,open,menu,NONE,NONE,NONE,NONE,5,6,0,0,3
long-press the 1st purple icon,long-press,icon,purple,NONE,NONE,1st,4,3,7,0,0
paste the 1st text,paste,text,NONE,NONE,NONE,1st,6,9,0,0,0
long-press purple text below the wi-fi,long-press,text,purple,below,wi-fi,NONE,4,9,7,2,3
press and hold text next to the search,long-press,text,NONE,next_to,search,NONE,4,9,0,4,3
delete green image,delete,image,green,NONE,NONE,NONE,3,4,4,0,3
copy text to the right of the cart,copy,text,NONE,right_of,cart,NONE,2,9,0,5,3
scroll down to the 3rd text above the wi-fi,scroll,text,NONE,above,wi-fi,3rd,7,9,0,1,2
copy text to the right of the last item,copy,text,NONE,right_of,last item,NONE,2,9,0,5,3
tap icon,tap,icon,NONE,NONE,NONE,NONE,8,3,0,0,3
tap green button above the payment,tap,button,green,above,payment,NONE,8,1,4,1,3
long-press blue image to the left of the home,long-press,image,blue,left_of,home,NONE,4,4,2,3,3
paste text,paste,text,NONE,NONE,NONE,NONE,6,9,0,0,3
tap button next to the last item,tap,button,NONE,next_to,last item,NONE,8,1,0,4,3
tap on the last green switch to the right of the cart,tap,switch,green,right_of,cart,last,8,7,4,5,4
scroll down to tab below the profile,scroll,tab,NONE,below,profile,NONE,7,8,0,2,3
paste orange text to the right of the search,paste,text,orange,right_of,search,NONE,6,9,5,5,3
launch purple link,open,link,purple,NONE,NONE,NONE,5,5,7,0,3
press and hold image below the cart,long-press,image,NONE,below,cart,NONE,4,4,0,2,3
remove blue text next to the cart,delete,text,blue,next_to,cart,NONE,3,9,2,4,3
paste text next to the profile,paste,text,NONE,next_to,profile,NONE,6,9,0,4,3
launch the 1st button next to the cart,open,button,NONE,next_to,cart,1st,5,1,0,4,0
copy text,copy,text,NONE,NONE,NONE,NONE,2,9,0,0,3
paste orange text next to the home,paste,text,orange,next_to,home,NONE,6,9,5,4,3
click on the 2nd text below the first email,click,text,NONE,below,first email,2nd,1,9,0,2,1
scroll down to tab next to the profile,scroll,tab,NONE,next_to,profile,NONE,7,8,0,4,3
paste the 3rd text,paste,text,NONE,NONE,NONE,3rd,6,9,0,0,2
paste text,paste,text,NONE,NONE,NONE,NONE,6,9,0,0,3
scroll to menu to the right of the cart,scroll,menu,NONE,right_of,cart,NONE,7,6,0,5,3
copy the 1st green text,copy,text,green,NONE,NONE,1st,2,9,4,0,0
copy the 3rd text to the left of the wi-fi,copy,text,NONE,left_of,wi-fi,3rd,2,9,0,3,2
click on icon above the cart,click,icon,NONE,above,cart,NONE,1,3,0,1,3
paste text,paste,text,NONE,NONE,NONE,NONE,6,9,0,0,3
delete image to the left of the help,delete,image,NONE,left_of,help,NONE,3,4,0,3,3
press and hold gray icon to the left of the payment,long-press,icon,gray,left_of,payment,NONE,4,3,3,3,3
click text to the left of the login,click,text,NONE,left_of,login,NONE,1,9,0,3,3
delete the last text next to the notifications,delete,text,NONE,next_to,notifications,last,3,9,0,4,4
copy text below the menu,copy,text,NONE,below,menu,NONE,2,9,0,2,3
press and hold text,long-press,text,NONE,NONE,NONE,NONE,4,9,0,0,3
press and hold orange image,long-press,image,orange,NONE,NONE,NONE,4,4,5,0,3
tap blue checkbox to the right of the login,tap,checkbox,blue,right_of,login,NONE,8,2,2,5,3
open tab,open,tab,NONE,NONE,NONE,NONE,5,8,0,0,3
press the 2nd blue checkbox below the payment,click,checkbox,blue,below,payment,2nd,1,2,2,2,1
tap the 1st link,tap,link,NONE,NONE,NONE,1st,8,5,0,0,0
tap on red icon above the menu,tap,icon,red,above,menu,NONE,8,3,8,1,3
copy text,copy,text,NONE,NONE,NONE,NONE,2,9,0,0,3
delete button below the settings,delete,button,NONE,below,settings,NONE,3,1,0,2,3
scroll to black text next to the last item,scroll,text,black,next_to,last item,NONE,7,9,1,4,3
press and hold button next to the cart,long-press,button,NONE,next_to,cart,NONE,4,1,0,4,3
remove image to the left of the help,delete,image,NONE,left_of,help,NONE,3,4,0,3,3
scroll to tab above the cart,scroll,tab,NONE,above,cart,NONE,7,8,0,1,3
press the 1st link,click,link,NONE,NONE,NONE,1st,1,5,0,0,0
tap the 2nd button,tap,button,NONE,NONE,NONE,2nd,8,1,0,0,1
scroll to the last pink menu above the menu,scroll,menu,pink,above,menu,last,7,6,6,1,4
paste text,paste,text,NONE,NONE,NONE,NONE,6,9,0,0,3
scroll down to the 1st tab above the notifications,scroll,tab,NONE,above,notifications,1st,7,8,0,1,0
launch the 2nd button above the help,open,button,NONE,above,help,2nd,5,1,0,1,1
open button next to the first email,open,button,NONE,next_to,first email,NONE,5,1,0,4,3
paste text to the right of the payment,paste,text,NONE,right_of,payment,NONE,6,9,0,5,3
copy yellow text to the left of the last item,copy,text,yellow,left_of,last item,NONE,2,9,10,3,3
press red button below the menu,click,button,red,below,menu,NONE,1,1,8,2,3
delete text,delete,text,NONE,NONE,NONE,NONE,3,9,0,0,3
click button,click,button,NONE,NONE,NONE,NONE,1,1,0,0,3
scroll down to text above the last item,scroll,text,NONE,above,last item,NONE,7,9,0,1,3
copy blue text,copy,text,blue,NONE,NONE,NONE,2,9,2,0,3
paste green text,paste,text,green,NONE,NONE,NONE,6,9,4,0,3
press and hold the 3rd blue button,long-press,button,blue,NONE,NONE,3rd,4,1,2,0,2
copy text to the right of the first email,copy,text,NONE,right_of,first email,NONE,2,9,0,5,3
tap on checkbox,tap,checkbox,NONE,NONE,NONE,NONE,8,2,0,0,3
click on purple text above the cart,click,text,purple,above,cart,NONE,1,9,7,1,3
copy pink text to the right of the login,copy,text,pink,right_of,login,NONE,2,9,6,5,3
click on the 3rd blue tab to the right of the first email,click,tab,blue,right_of,first email,3rd,1,8,2,5,2
press and hold the 1st text next to the settings,long-press,text,NONE,next_to,settings,1st,4,9,0,4,0
long-press gray image to the right of the home,long-press,image,gray,right_of,home,NONE,4,4,3,5,3
long-press icon above the login,long-press,icon,NONE,above,login,NONE,4,3,0,1,3
press and hold the 2nd black icon,long-press,icon,black,NONE,NONE,2nd,4,3,1,0,1
tap orange link,tap,link,orange,NONE,NONE,NONE,8,5,5,0,3
tap on white tab,tap,tab,white,NONE,NONE,NONE,8,8,9,0,3
paste blue text to the left of the checkout,paste,text,blue,left_of,checkout,NONE,6,9,2,3,3
paste pink text,paste,text,pink,NONE,NONE,NONE,6,9,6,0,3
remove text to the left of the first email,delete,text,NONE,left_of,first email,NONE,3,9,0,3,3
paste the 2nd pink text to the left of the last item,paste,text,pink,left_of,last item,2nd,6,9,6,3,1
paste blue text above the search,paste,text,blue,above,search,NONE,6,9,2,1,3
paste yellow text,paste,text,yellow,NONE,NONE,NONE,6,9,10,0,3
paste text,paste,text,NONE,NONE,NONE,NONE,6,9,0,0,3
copy pink text next to the notifications,copy,text,pink,next_to,notifications,NONE,2,9,6,4,3
scroll down to the 2nd black text to the right of the first email,scroll,text,black,right_of,first email,2nd,7,9,1,5,1
click on the 2nd purple switch,click,switch,purple,NONE,NONE,2nd,1,7,7,0,1
tap button below the last item,tap,button,NONE,below,last item,NONE,8,1,0,2,3
open the 1st red tab to the right of the last item,open,tab,red,right_of,last item,1st,5,8,8,5,0
launch tab next to the notifications,open,tab,NONE,next_to,notifications,NONE,5,8,0,4,3
trash the 3rd image next to the profile,delete,image,NONE,next_to,profile,3rd,3,4,0,4,2
scroll to text,scroll,text,NONE,NONE,NONE,NONE,7,9,0,0,3
copy gray text to the left of the settings,copy,text,gray,left_of,settings,NONE,2,9,3,3,3
long-press the 2nd black image below the help,long-press,image,black,below,help,2nd,4,4,1,2,1
trash image,delete,image,NONE,NONE,NONE,NONE,3,4,0,0,3
tap on icon to the right of the settings,tap,icon,NONE,right_of,settings,NONE,8,3,0,5,3
paste the last text,paste,text,NONE,NONE,NONE,last,6,9,0,0,4
scroll to text below the settings,scroll,text,NONE,below,settings,NONE,7,9,0,2,3
delete the 1st text next to the help,delete,text,NONE,next_to,help,1st,3,9,0,4,0
scroll to blue menu below the menu,scroll,menu,blue,below,menu,NONE,7,6,2,2,3
launch black tab next to the last item,open,tab,black,next_to,last item,NONE,5,8,1,4,3
click on purple checkbox next to the home,click,checkbox,purple,next_to,home,NONE,1,2,7,4,3
click checkbox to the right of the checkout,click,checkbox,NONE,right_of,checkout,NONE,1,2,0,5,3
paste the last text below the menu,paste,text,NONE,below,menu,last,6,9,0,2,4
scroll to text,scroll,text,NONE,NONE,NONE,NONE,7,9,0,0,3
copy black text next to the menu,copy,text,black,next_to,menu,NONE,2,9,1,4,3
delete button to the left of the cart,delete,button,NONE,left_of,cart,NONE,3,1,0,3,3
tap on switch,tap,switch,NONE,NONE,NONE,NONE,8,7,0,0,3
delete button below the settings,delete,button,NONE,below,settings,NONE,3,1,0,2,3
copy gray text to the right of the menu,copy,text,gray,right_of,menu,NONE,2,9,3,5,3
copy yellow text above the profile,copy,text,yellow,above,profile,NONE,2,9,10,1,3
remove yellow text above the checkout,delete,text,yellow,above,checkout,NONE,3,9,10,1,3
paste purple text to the right of the first email,paste,text,purple,right_of,first email,NONE,6,9,7,5,3
tap on checkbox above the last item,tap,checkbox,NONE,above,last item,NONE,8,2,0,1,3
tap the 3rd checkbox,tap,checkbox,NONE,NONE,NONE,3rd,8,2,0,0,2
scroll down to green text,scroll,text,green,NONE,NONE,NONE,7,9,4,0,3
tap on link to the right of the wi-fi,tap,link,NONE,right_of,wi-fi,NONE,8,5,0,5,3
paste text to the right of the checkout,paste,text,NONE,right_of,checkout,NONE,6,9,0,5,3
paste black text to the left of the menu,paste,text,black,left_of,menu,NONE,6,9,1,3,3
copy the 3rd yellow text,copy,text,yellow,NONE,NONE,3rd,2,9,10,0,2
tap on switch to the right of the home,tap,switch,NONE,right_of,home,NONE,8,7,0,5,3
press the 3rd icon above the search,click,icon,NONE,above,search,3rd,1,3,0,1,2
click text above the payment,click,text,NONE,above,payment,NONE,1,9,0,1,3
launch icon below the address,open,icon,NONE,below,address,NONE,5,3,0,2,3
open pink menu,open,menu,pink,NONE,NONE,NONE,5,6,6,0,3
press and hold green button to the right of the settings,long-press,button,green,right_of,settings,NONE,4,1,4,5,3
tap on white tab,tap,tab,white,NONE,NONE,NONE,8,8,9,0,3
copy text above the last item,copy,text,NONE,above,last item,NONE,2,9,0,1,3
select yellow link next to the address,click,link,yellow,next_to,address,NONE,1,5,10,4,3
paste the last text to the left of the profile,paste,text,NONE,left_of,profile,last,6,9,0,3,4
press yellow tab to the right of the search,click,tab,yellow,right_of,search,NONE,1,8,10,5,3
press and hold button,long-press,button,NONE,NONE,NONE,NONE,4,1,0,0,3
paste text to the right of the last item,paste,text,NONE,right_of,last item,NONE,6,9,0,5,3
launch icon below the last item,open,icon,NONE,below,last item,NONE,5,3,0,2,3
tap button,tap,button,NONE,NONE,NONE,NONE,8,1,0,0,3
scroll to blue text,scroll,text,blue,NONE,NONE,NONE,7,9,2,0,3
copy text,copy,text,NONE,NONE,NONE,NONE,2,9,0,0,3
press and hold the 1st green button,long-press,button,green,NONE,NONE,1st,4,1,4,0,0
paste text to the right of the menu,paste,text,NONE,right_of,menu,NONE,6,9,0,5,3
press text to the left of the first email,click,text,NONE,left_of,first email,NONE,1,9,0,3,3
copy text next to the last item,copy,text,NONE,next_to,last item,NONE,2,9,0,4,3
paste blue text below the address,paste,text,blue,below,address,NONE,6,9,2,2,3
tap on red link,tap,link,red,NONE,NONE,NONE,8,5,8,0,3
click image next to the login,click,image,NONE,next_to,login,NONE,1,4,0,4,3
long-press the 2nd gray button,long-press,button,gray,NONE,NONE,2nd,4,1,3,0,1
click text to the left of the help,click,text,NONE,left_of,help,NONE,1,9,0,3,3
tap checkbox below the menu,tap,checkbox,NONE,below,menu,NONE,8,2,0,2,3
delete text,delete,text,NONE,NONE,NONE,NONE,3,9,0,0,3
delete yellow image next to the login,delete,image,yellow,next_to,login,NONE,3,4,10,4,3
copy text,copy,text,NONE,NONE,NONE,NONE,2,9,0,0,3
delete the 2nd image to the left of the search,delete,image,NONE,left_of,search,2nd,3,4,0,3,1
press and hold the 1st icon,long-press,icon,NONE,NONE,NONE,1st,4,3,0,0,0
delete button above the payment,delete,button,NONE,above,payment,NONE,3,1,0,1,3
remove text,delete,text,NONE,NONE,NONE,NONE,3,9,0,0,3
scroll to purple tab below the search,scroll,tab,purple,below,search,NONE,7,8,7,2,3
tap orange button below the search,tap,button,orange,below,search,NONE,8,1,5,2,3
tap the 1st icon below the payment,tap,icon,NONE,below,payment,1st,8,3,0,2,0
click checkbox,click,checkbox,NONE,NONE,NONE,NONE,1,2,0,0,3
scroll down to the 2nd text next to the settings,scroll,text,NONE,next_to,settings,2nd,7,9,0,4,1
click on text next to the checkout,click,text,NONE,next_to,checkout,NONE,1,9,0,4,3
tap the 2nd link next to the wi-fi,tap,link,NONE,next_to,wi-fi,2nd,8,5,0,4,1
long-press black icon,long-press,icon,black,NONE,NONE,NONE,4,3,1,0,3
tap link below the home,tap,link,NONE,below,home,NONE,8,5,0,2,3
select link,click,link,NONE,NONE,NONE,NONE,1,5,0,0,3
copy text above the payment,copy,text,NONE,above,payment,NONE,2,9,0,1,3
remove gray button to the right of the help,delete,button,gray,right_of,help,NONE,3,1,3,5,3
paste gray text,paste,text,gray,NONE,NONE,NONE,6,9,3,0,3
click the 3rd checkbox,click,checkbox,NONE,NONE,NONE,3rd,1,2,0,0,2
copy yellow text,copy,text,yellow,NONE,NONE,NONE,2,9,10,0,3
press and hold image below the checkout,long-press,image,NONE,below,checkout,NONE,4,4,0,2,3
open link,open,link,NONE,NONE,NONE,NONE,5,5,0,0,3
scroll to tab,scroll,tab,NONE,NONE,NONE,NONE,7,8,0,0,3
delete yellow button to the left of the address,delete,button,yellow,left_of,address,NONE,3,1,10,3,3
paste purple text above the wi-fi,paste,text,purple,above,wi-fi,NONE,6,9,7,1,3
click link to the right of the address,click,link,NONE,right_of,address,NONE,1,5,0,5,3
click tab,click,tab,NONE,NONE,NONE,NONE,1,8,0,0,3
long-press icon above the address,long-press,icon,NONE,above,address,NONE,4,3,0,1,3
launch icon,open,icon,NONE,NONE,NONE,NONE,5,3,0,0,3
trash image,delete,image,NONE,NONE,NONE,NONE,3,4,0,0,3
tap the last checkbox,tap,checkbox,NONE,NONE,NONE,last,8,2,0,0,4
paste text to the left of the notifications,paste,text,NONE,left_of,notifications,NONE,6,9,0,3,3
copy text to the left of the last item,copy,text,NONE,left_of,last item,NONE,2,9,0,3,3
long-press image to the right of the payment,long-press,image,NONE,right_of,payment,NONE,4,4,0,5,3
copy text above the notifications,copy,text,NONE,above,notifications,NONE,2,9,0,1,3
paste text,paste,text,NONE,NONE,NONE,NONE,6,9,0,0,3
paste black text to the left of the notifications,paste,text,black,left_of,notifications,NONE,6,9,1,3,3
launch link next to the payment,open,link,NONE,next_to,payment,NONE,5,5,0,4,3
press and hold icon,long-press,icon,NONE,NONE,NONE,NONE,4,3,0,0,3
press text to the right of the first email,click,text,NONE,right_of,first email,NONE,1,9,0,5,3
scroll down to menu next to the login,scroll,menu,NONE,next_to,login,NONE,7,6,0,4,3
delete button next to the cart,delete,button,NONE,next_to,cart,NONE,3,1,0,4,3
press and hold text,long-press,text,NONE,NONE,NONE,NONE,4,9,0,0,3
copy purple text to the right of the last item,copy,text,purple,right_of,last item,NONE,2,9,7,5,3
scroll to the 1st menu below the checkout,scroll,menu,NONE,below,checkout,1st,7,6,0,2,0
copy white text to the left of the menu,copy,text,white,left_of,menu,NONE,2,9,9,3,3
long-press black icon to the left of the notifications,long-press,icon,black,left_of,notifications,NONE,4,3,1,3,3
scroll to menu to the right of the notifications,scroll,menu,NONE,right_of,notifications,NONE,7,6,0,5,3
long-press image below the cart,long-press,image,NONE,below,cart,NONE,4,4,0,2,3
launch white button above the menu,open,button,white,above,menu,NONE,5,1,9,1,3
press and hold image to the right of the menu,long-press,image,NONE,right_of,menu,NONE,4,4,0,5,3
copy text next to the login,copy,text,NONE,next_to,login,NONE,2,9,0,4,3
scroll down to the 1st tab to the right of the address,scroll,tab,NONE,right_of,address,1st,7,8,0,5,0
copy purple text next to the payment,copy,text,purple,next_to,payment,NONE,2,9,7,4,3
click purple switch to the left of the notifications,click,switch,purple,left_of,notifications,NONE,1,7,7,3,3
tap on tab next to the home,tap,tab,NONE,next_to,home,NONE,8,8,0,4,3
remove the last text to the right of the settings,delete,text,NONE,right_of,settings,last,3,9,0,5,4
long-press the last button to the right of the payment,long-press,button,NONE,right_of,payment,last,4,1,0,5,4
trash image,delete,image,NONE,NONE,NONE,NONE,3,4,0,0,3
delete button next to the search,delete,button,NONE,next_to,search,NONE,3,1,0,4,3
copy text next to the checkout,copy,text,NONE,next_to,checkout,NONE,2,9,0,4,3
scroll down to yellow text,scroll,text,yellow,NONE,NONE,NONE,7,9,10,0,3
tap switch,tap,switch,NONE,NONE,NONE,NONE,8,7,0,0,3
tap on the 3rd orange tab,tap,tab,orange,NONE,NONE,3rd,8,8,5,0,2
press the 2nd yellow text to the left of the notifications,click,text,yellow,left_of,notifications,2nd,1,9,10,3,1
paste the 1st black text,paste,text,black,NONE,NONE,1st,6,9,1,0,0
tap on icon above the home,tap,icon,NONE,above,home,NONE,8,3,0,1,3
paste blue text below the settings,paste,text,blue,below,settings,NONE,6,9,2,2,3
trash the last image to the right of the home,delete,image,NONE,right_of,home,last,3,4,0,5,4
tap checkbox,tap,checkbox,NONE,NONE,NONE,NONE,8,2,0,0,3
delete button,delete,button,NONE,NONE,NONE,NONE,3,1,0,0,3
launch the 2nd button next to the wi-fi,open,button,NONE,next_to,wi-fi,2nd,5,1,0,4,1
launch menu above the search,open,menu,NONE,above,search,NONE,5,6,0,1,3
remove the 1st text to the left of the menu,delete,text,NONE,left_of,menu,1st,3,9,0,3,0
long-press text to the left of the search,long-press,text,NONE,left_of,search,NONE,4,9,0,3,3
copy the 1st text above the first email,copy,text,NONE,above,first email,1st,2,9,0,1,0
trash button to the right of the menu,delete,button,NONE,right_of,menu,NONE,3,1,0,5,3
tap on button to the right of the cart,tap,button,NONE,right_of,cart,NONE,8,1,0,5,3
remove orange button next to the wi-fi,delete,button,orange,next_to,wi-fi,NONE,3,1,5,4,3
click on tab,click,tab,NONE,NONE,NONE,NONE,1,8,0,0,3
scroll down to purple tab above the checkout,scroll,tab,purple,above,checkout,NONE,7,8,7,1,3
paste the 3rd text,paste,text,NONE,NONE,NONE,3rd,6,9,0,0,2
launch link to the left of the address,open,link,NONE,left_of,address,NONE,5,5,0,3,3
paste pink text to the left of the notifications,paste,text,pink,left_of,notifications,NONE,6,9,6,3,3
tap on tab,tap,tab,NONE,NONE,NONE,NONE,8,8,0,0,3
trash red text to the right of the login,delete,text,red,right_of,login,NONE,3,9,8,5,3
scroll down to text above the first email,scroll,text,NONE,above,first email,NONE,7,9,0,1,3
tap yellow switch next to the menu,tap,switch,yellow,next_to,menu,NONE,8,7,10,4,3
paste orange text,paste,text,orange,NONE,NONE,NONE,6,9,5,0,3
press the last black tab,click,tab,black,NONE,NONE,last,1,8,1,0,4
copy text below the login,copy,text,NONE,below,login,NONE,2,9,0,2,3
copy black text above the first email,copy,text,black,above,first email,NONE,2,9,1,1,3
launch link to the right of the profile,open,link,NONE,right_of,profile,NONE,5,5,0,5,3
long-press text,long-press,text,NONE,NONE,NONE,NONE,4,9,0,0,3
press and hold red icon to the right of the wi-fi,long-press,icon,red,right_of,wi-fi,NONE,4,3,8,5,3
paste orange text to the right of the checkout,paste,text,orange,right_of,checkout,NONE,6,9,5,5,3
launch tab,open,tab,NONE,NONE,NONE,NONE,5,8,0,0,3
press icon,click,icon,NONE,NONE,NONE,NONE,1,3,0,0,3
tap on purple tab below the help,tap,tab,purple,below,help,NONE,8,8,7,2,3
long-press image,long-press,image,NONE,NONE,NONE,NONE,4,4,0,0,3
tap on the last orange switch above the checkout,tap,switch,orange,above,checkout,last,8,7,5,1,4
tap the 1st icon to the left of the first email,tap,icon,NONE,left_of,first email,1st,8,3,0,3,0
long-press the last image above the first email,long-press,image,NONE,above,first email,last,4,4,0,1,4
remove text,delete,text,NONE,NONE,NONE,NONE,3,9,0,0,3
remove blue image below the home,delete,image,blue,below,home,NONE,3,4,2,2,3
long-press the last image below the login,long-press,image,NONE,below,login,last,4,4,0,2,4
launch purple icon below the search,open,icon,purple,below,search,NONE,5,3,7,2,3
long-press red image,long-press,image,red,NONE,NONE,NONE,4,4,8,0,3
scroll down to the last text,scroll,text,NONE,NONE,NONE,last,7,9,0,0,4
tap on yellow switch,tap,switch,yellow,NONE,NONE,NONE,8,7,10,0,3
copy the 3rd purple text below the settings,copy,text,purple,below,settings,3rd,2,9,7,2,2
press and hold the last icon below the last item,long-press,icon,NONE,below,last item,last,4,3,0,2,4
tap the 1st tab,tap,tab,NONE,NONE,NONE,1st,8,8,0,0,0
copy the 3rd text below the home,copy,text,NONE,below,home,3rd,2,9,0,2,2
paste text,paste,text,NONE,NONE,NONE,NONE,6,9,0,0,3
press black text,click,text,black,NONE,NONE,NONE,1,9,1,0,3
tap on the 2nd switch,tap,switch,NONE,NONE,NONE,2nd,8,7,0,0,1
copy black text above the first email,copy,text,black,above,first email,NONE,2,9,1,1,3
launch the 3rd purple menu,open,menu,purple,NONE,NONE,3rd,5,6,7,0,2
scroll down to menu,scroll,menu,NONE,NONE,NONE,NONE,7,6,0,0,3
launch the 3rd purple icon to the left of the address,open,icon,purple,left_of,address,3rd,5,3,7,3,2
copy text,copy,text,NONE,NONE,NONE,NONE,2,9,0,0,3
select link to the right of the first email,click,link,NONE,right_of,first email,NONE,1,5,0,5,3
long-press red text to the right of the checkout,long-press,text,red,right_of,checkout,NONE,4,9,8,5,3
paste the 3rd gray text,paste,text,gray,NONE,NONE,3rd,6,9,3,0,2
paste text,paste,text,NONE,NONE,NONE,NONE,6,9,0,0,3
click on tab below the notifications,click,tab,NONE,below,notifications,NONE,1,8,0,2,3
press the last text to the right of the last item,click,text,NONE,right_of,last item,last,1,9,0,5,4
click pink tab to the right of the help,click,tab,pink,right_of,help,NONE,1,8,6,5,3
tap tab above the login,tap,tab,NONE,above,login,NONE,8,8,0,1,3
launch the 2nd green icon,open,icon,green,NONE,NONE,2nd,5,3,4,0,1
select image to the right of the payment,click,image,NONE,right_of,payment,NONE,1,4,0,5,3
launch yellow icon,open,icon,yellow,NONE,NONE,NONE,5,3,10,0,3
long-press text next to the login,long-press,text,NONE,next_to,login,NONE,4,9,0,4,3
paste black text below the home,paste,text,black,below,home,NONE,6,9,1,2,3
remove gray image next to the first email,delete,image,gray,next_to,first email,NONE,3,4,3,4,3
click on tab to the left of the checkout,click,tab,NONE,left_of,checkout,NONE,1,8,0,3,3
copy blue text above the notifications,copy,text,blue,above,notifications,NONE,2,9,2,1,3
long-press the 3rd text next to the settings,long-press,text,NONE,next_to,settings,3rd,4,9,0,4,2
launch tab above the settings,open,tab,NONE,above,settings,NONE,5,8,0,1,3
paste yellow text above the payment,paste,text,yellow,above,payment,NONE,6,9,10,1,3
scroll to menu,scroll,menu,NONE,NONE,NONE,NONE,7,6,0,0,3
press and hold blue text,long-press,text,blue,NONE,NONE,NONE,4,9,2,0,3
trash the last image,delete,image,NONE,NONE,NONE,last,3,4,0,0,4
press and hold text below the last item,long-press,text,NONE,below,last item,NONE,4,9,0,2,3
trash pink button above the search,delete,button,pink,above,search,NONE,3,1,6,1,3
press the 3rd black tab,click,tab,black,NONE,NONE,3rd,1,8,1,0,2
paste the last text to the left of the payment,paste,text,NONE,left_of,payment,last,6,9,0,3,4
remove text above the menu,delete,text,NONE,above,menu,NONE,3,9,0,1,3
paste text next to the menu,paste,text,NONE,next_to,menu,NONE,6,9,0,4,3
scroll to the 2nd tab above the cart,scroll,tab,NONE,above,cart,2nd,7,8,0,1,1
tap orange button to the right of the home,tap,button,orange,right_of,home,NONE,8,1,5,5,3
launch yellow button,open,button,yellow,NONE,NONE,NONE,5,1,10,0,3
tap on the 3rd switch to the left of the home,tap,switch,NONE,left_of,home,3rd,8,7,0,3,2
select gray text next to the help,click,text,gray,next_to,help,NONE,1,9,3,4,3
scroll to menu,scroll,menu,NONE,NONE,NONE,NONE,7,6,0,0,3
paste the 2nd text to the left of the address,paste,text,NONE,left_of,address,2nd,6,9,0,3,1
press and hold orange image,long-press,image,orange,NONE,NONE,NONE,4,4,5,0,3
scroll to text,scroll,text,NONE,NONE,NONE,NONE,7,9,0,0,3
trash orange button to the right of the help,delete,button,orange,right_of,help,NONE,3,1,5,5,3
long-press the 3rd button above the menu,long-press,button,NONE,above,menu,3rd,4,1,0,1,2
launch the 2nd icon,open,icon,NONE,NONE,NONE,2nd,5,3,0,0,1
select switch to the left of the profile,click,switch,NONE,left_of,profile,NONE,1,7,0,3,3
open tab to the right of the help,open,tab,NONE,right_of,help,NONE,5,8,0,5,3
open the 1st tab above the checkout,open,tab,NONE,above,checkout,1st,5,8,0,1,0
launch tab,open,tab,NONE,NONE,NONE,NONE,5,8,0,0,3
remove the last image below the payment,delete,image,NONE,below,payment,last,3,4,0,2,4
open the 2nd button,open,button,NONE,NONE,NONE,2nd,5,1,0,0,1
scroll down to the 3rd menu to the left of the menu,scroll,menu,NONE,left_of,menu,3rd,7,6,0,3,2
launch the 1st button above the profile,open,button,NONE,above,profile,1st,5,1,0,1,0
tap button next to the wi-fi,tap,button,NONE,next_to,wi-fi,NONE,8,1,0,4,3
open the 2nd tab,open,tab,NONE,NONE,NONE,2nd,5,8,0,0,1
scroll to purple menu to the right of the checkout,scroll,menu,purple,right_of,checkout,NONE,7,6,7,5,3
open tab,open,tab,NONE,NONE,NONE,NONE,5,8,0,0,3
press and hold icon above the cart,long-press,icon,NONE,above,cart,NONE,4,3,0,1,3
copy the 3rd purple text,copy,text,purple,NONE,NONE,3rd,2,9,7,0,2
scroll to black menu to the left of the first email,scroll,menu,black,left_of,first email,NONE,7,6,1,3,3
click on image,click,image,NONE,NONE,NONE,NONE,1,4,0,0,3
copy text,copy,text,NONE,NONE,NONE,NONE,2,9,0,0,3
long-press the 3rd button below the last item,long-press,button,NONE,below,last item,3rd,4,1,0,2,2
paste text,paste,text,NONE,NONE,NONE,NONE,6,9,0,0,3
paste the last gray text below the wi-fi,paste,text,gray,below,wi-fi,last,6,9,3,2,4
paste blue text above the settings,paste,text,blue,above,settings,NONE,6,9,2,1,3
long-press text above the checkout,long-press,text,NONE,above,checkout,NONE,4,9,0,1,3
copy text next to the search,copy,text,NONE,next_to,search,NONE,2,9,0,4,3
paste text next to the settings,paste,text,NONE,next_to,settings,NONE,6,9,0,4,3
open tab to the right of the settings,open,tab,NONE,right_of,settings,NONE,5,8,0,5,3
trash the 3rd button,delete,button,NONE,NONE,NONE,3rd,3,1,0,0,2
remove blue button to the left of the payment,delete,button,blue,left_of,payment,NONE,3,1,2,3,3
paste text above the wi-fi,paste,text,NONE,above,wi-fi,NONE,6,9,0,1,3
select image below the notifications,click,image,NONE,below,notifications,NONE,1,4,0,2,3
remove image,delete,image,NONE,NONE,NONE,NONE,3,4,0,0,3
remove purple button next to the first email,delete,button,purple,next_to,first email,NONE,3,1,7,4,3
tap on link below the address,tap,link,NONE,below,address,NONE,8,5,0,2,3
copy the 3rd gray text next to the settings,copy,text,gray,next_to,settings,3rd,2,9,3,4,2
scroll down to text to the right of the wi-fi,scroll,text,NONE,right_of,wi-fi,NONE,7,9,0,5,3
long-press button next to the last item,long-press,button,NONE,next_to,last item,NONE,4,1,0,4,3
paste the 3rd blue text below the last item,paste,text,blue,below,last item,3rd,6,9,2,2,2
scroll down to orange menu above the last item,scroll,menu,orange,above,last item,NONE,7,6,5,1,3
press and hold button,long-press,button,NONE,NONE,NONE,NONE,4,1,0,0,3
tap on yellow tab to the left of the last item,tap,tab,yellow,left_of,last item,NONE,8,8,10,3,3
click on the 1st tab below the help,click,tab,NONE,below,help,1st,1,8,0,2,0
paste orange text,paste,text,orange,NONE,NONE,NONE,6,9,5,0,3
press and hold text,long-press,text,NONE,NONE,NONE,NONE,4,9,0,0,3
delete gray button,delete,button,gray,NONE,NONE,NONE,3,1,3,0,3
trash image,delete,image,NONE,NONE,NONE,NONE,3,4,0,0,3
scroll down to pink menu to the left of the notifications,scroll,menu,pink,left_of,notifications,NONE,7,6,6,3,3
paste gray text,paste,text,gray,NONE,NONE,NONE,6,9,3,0,3
open button to the left of the wi-fi,open,button,NONE,left_of,wi-fi,NONE,5,1,0,3,3
paste text,paste,text,NONE,NONE,NONE,NONE,6,9,0,0,3
copy the 3rd text,copy,text,NONE,NONE,NONE,3rd,2,9,0,0,2
tap on switch,tap,switch,NONE,NONE,NONE,NONE,8,7,0,0,3
click on image above the menu,click,image,NONE,above,menu,NONE,1,4,0,1,3
select tab next to the wi-fi,click,tab,NONE,next_to,wi-fi,NONE,1,8,0,4,3
copy text,copy,text,NONE,NONE,NONE,NONE,2,9,0,0,3
launch pink button,open,button,pink,NONE,NONE,NONE,5,1,6,0,3
copy the 2nd green text next to the checkout,copy,text,green,next_to,checkout,2nd,2,9,4,4,1
copy green text above the notifications,copy,text,green,above,notifications,NONE,2,9,4,1,3
copy white text to the right of the wi-fi,copy,text,white,right_of,wi-fi,NONE,2,9,9,5,3
scroll down to the 2nd menu to the left of the login,scroll,menu,NONE,left_of,login,2nd,7,6,0,3,1
open black tab to the left of the cart,open,tab,black,left_of,cart,NONE,5,8,1,3,3
remove image above the settings,delete,image,NONE,above,settings,NONE,3,4,0,1,3
launch orange menu,open,menu,orange,NONE,NONE,NONE,5,6,5,0,3
scroll down to tab next to the settings,scroll,tab,NONE,next_to,settings,NONE,7,8,0,4,3
trash button below the settings,delete,button,NONE,below,settings,NONE,3,1,0,2,3
press and hold the 3rd pink text to the right of the last item,long-press,text,pink,right_of,last item,3rd,4,9,6,5,2
scroll to the 3rd purple tab to the left of the notifications,scroll,tab,purple,left_of,notifications,3rd,7,8,7,3,2
scroll to the 1st tab,scroll,tab,NONE,NONE,NONE,1st,7,8,0,0,0
launch link to the right of the profile,open,link,NONE,right_of,profile,NONE,5,5,0,5,3
launch icon,open,icon,NONE,NONE,NONE,NONE,5,3,0,0,3
click on the 2nd black button above the search,click,button,black,above,search,2nd,1,1,1,1,1
click on checkbox above the notifications,click,checkbox,NONE,above,notifications,NONE,1,2,0,1,3
launch tab to the right of the checkout,open,tab,NONE,right_of,checkout,NONE,5,8,0,5,3
scroll down to menu,scroll,menu,NONE,NONE,NONE,NONE,7,6,0,0,3
press the 3rd black checkbox above the notifications,click,checkbox,black,above,notifications,3rd,1,2,1,1,2
press icon below the profile,click,icon,NONE,below,profile,NONE,1,3,0,2,3
tap on the 3rd green tab,tap,tab,green,NONE,NONE,3rd,8,8,4,0,2
copy text to the right of the last item,copy,text,NONE,right_of,last item,NONE,2,9,0,5,3
scroll down to text,scroll,text,NONE,NONE,NONE,NONE,7,9,0,0,3
scroll down to menu,scroll,menu,NONE,NONE,NONE,NONE,7,6,0,0,3
remove purple image,delete,image,purple,NONE,NONE,NONE,3,4,7,0,3
copy blue text,copy,text,blue,NONE,NONE,NONE,2,9,2,0,3
remove button,delete,button,NONE,NONE,NONE,NONE,3,1,0,0,3
click on the last black icon,click,icon,black,NONE,NONE,last,1,3,1,0,4
copy white text above the home,copy,text,white,above,home,NONE,2,9,9,1,3
tap button to the right of the menu,tap,button,NONE,right_of,menu,NONE,8,1,0,5,3
paste the last text next to the checkout,paste,text,NONE,next_to,checkout,last,6,9,0,4,4
long-press the 3rd text above the search,long-press,text,NONE,above,search,3rd,4,9,0,1,2
press black switch below the settings,click,switch,black,below,settings,NONE,1,7,1,2,3
tap black icon next to the address,tap,icon,black,next_to,address,NONE,8,3,1,4,3
select tab,click,tab,NONE,NONE,NONE,NONE,1,8,0,0,3
press and hold image below the help,long-press,image,NONE,below,help,NONE,4,4,0,2,3
delete image to the right of the payment,delete,image,NONE,right_of,payment,NONE,3,4,0,5,3
copy green text,copy,text,green,NONE,NONE,NONE,2,9,4,0,3
launch red icon next to the wi-fi,open,icon,red,next_to,wi-fi,NONE,5,3,8,4,3
long-press image,long-press,image,NONE,NONE,NONE,NONE,4,4,0,0,3
copy text,copy,text,NONE,NONE,NONE,NONE,2,9,0,0,3
paste pink text next to the payment,paste,text,pink,next_to,payment,NONE,6,9,6,4,3
remove image,delete,image,NONE,NONE,NONE,NONE,3,4,0,0,3
scroll down to the 3rd tab to the right of the wi-fi,scroll,tab,NONE,right_of,wi-fi,3rd,7,8,0,5,2
scroll down to green menu above the search,scroll,menu,green,above,search,NONE,7,6,4,1,3
remove the 3rd black image,delete,image,black,NONE,NONE,3rd,3,4,1,0,2
tap on link,tap,link,NONE,NONE,NONE,NONE,8,5,0,0,3
delete the 3rd purple text to the left of the first email,delete,text,purple,left_of,first email,3rd,3,9,7,3,2
paste text,paste,text,NONE,NONE,NONE,NONE,6,9,0,0,3
click orange image above the profile,click,image,orange,above,profile,NONE,1,4,5,1,3
select orange switch below the login,click,switch,orange,below,login,NONE,1,7,5,2,3
remove text to the right of the wi-fi,delete,text,NONE,right_of,wi-fi,NONE,3,9,0,5,3
copy the 2nd text,copy,text,NONE,NONE,NONE,2nd,2,9,0,0,1
copy the last text,copy,text,NONE,NONE,NONE,last,2,9,0,0,4
open button,open,button,NONE,NONE,NONE,NONE,5,1,0,0,3
click the 1st text above the profile,click,text,NONE,above,profile,1st,1,9,0,1,0
press and hold text,long-press,text,NONE,NONE,NONE,NONE,4,9,0,0,3
scroll down to the 3rd black text to the right of the first email,scroll,text,black,right_of,first email,3rd,7,9,1,5,2
paste black text to the left of the notifications,paste,text,black,left_of,notifications,NONE,6,9,1,3,3
press text,click,text,NONE,NONE,NONE,NONE,1,9,0,0,3
remove blue text to the left of the cart,delete,text,blue,left_of,cart,NONE,3,9,2,3,3
open red link,open,link,red,NONE,NONE,NONE,5,5,8,0,3
click on text to the left of the checkout,click,text,NONE,left_of,checkout,NONE,1,9,0,3,3
paste blue text to the left of the checkout,paste,text,blue,left_of,checkout,NONE,6,9,2,3,3
tap on orange tab below the last item,tap,tab,orange,below,last item,NONE,8,8,5,2,3
copy text below the menu,copy,text,NONE,below,menu,NONE,2,9,0,2,3
click white switch to the right of the wi-fi,click,switch,white,right_of,wi-fi,NONE,1,7,9,5,3
copy purple text,copy,text,purple,NONE,NONE,NONE,2,9,7,0,3
remove yellow button to the left of the search,delete,button,yellow,left_of,search,NONE,3,1,10,3,3
select text,click,text,NONE,NONE,NONE,NONE,1,9,0,0,3
open button to the right of the notifications,open,button,NONE,right_of,notifications,NONE,5,1,0,5,3
click on text,click,text,NONE,NONE,NONE,NONE,1,9,0,0,3
copy text to the left of the last item,copy,text,NONE,left_of,last item,NONE,2,9,0,3,3
copy the last pink text,copy,text,pink,NONE,NONE,last,2,9,6,0,4
click on pink checkbox above the home,click,checkbox,pink,above,home,NONE,1,2,6,1,3
copy text to the left of the home,copy,text,NONE,left_of,home,NONE,2,9,0,3,3
delete the last text,delete,text,NONE,NONE,NONE,last,3,9,0,0,4
remove yellow button to the left of the settings,delete,button,yellow,left_of,settings,NONE,3,1,10,3,3
scroll to tab to the right of the search,scroll,tab,NONE,right_of,search,NONE,7,8,0,5,3
tap the 2nd gray button to the right of the notifications,tap,button,gray,right_of,notifications,2nd,8,1,3,5,1
trash button,delete,button,NONE,NONE,NONE,NONE,3,1,0,0,3
tap pink tab next to the login,tap,tab,pink,next_to,login,NONE,8,8,6,4,3
remove text below the profile,delete,text,NONE,below,profile,NONE,3,9,0,2,3
trash gray image to the left of the payment,delete,image,gray,left_of,payment,NONE,3,4,3,3,3
open the 2nd button,open,button,NONE,NONE,NONE,2nd,5,1,0,0,1
launch tab to the right of the settings,open,tab,NONE,right_of,settings,NONE,5,8,0,5,3
click on checkbox,click,checkbox,NONE,NONE,NONE,NONE,1,2,0,0,3
tap on icon,tap,icon,NONE,NONE,NONE,NONE,8,3,0,0,3
paste text,paste,text,NONE,NONE,NONE,NONE,6,9,0,0,3
click orange checkbox,click,checkbox,orange,NONE,NONE,NONE,1,2,5,0,3
copy the 2nd gray text below the wi-fi,copy,text,gray,below,wi-fi,2nd,2,9,3,2,1
open menu next to the login,open,menu,NONE,next_to,login,NONE,5,6,0,4,3
paste red text below the address,paste,text,red,below,address,NONE,6,9,8,2,3
copy the 1st black text,copy,text,black,NONE,NONE,1st,2,9,1,0,0
click icon to the right of the checkout,click,icon,NONE,right_of,checkout,NONE,1,3,0,5,3
tap tab to the right of the first email,tap,tab,NONE,right_of,first email,NONE,8,8,0,5,3
scroll to gray tab,scroll,tab,gray,NONE,NONE,NONE,7,8,3,0,3
copy text to the left of the help,copy,text,NONE,left_of,help,NONE,2,9,0,3,3
select white text below the last item,click,text,white,below,last item,NONE,1,9,9,2,3
paste the 3rd blue text,paste,text,blue,NONE,NONE,3rd,6,9,2,0,2
scroll down to menu below the help,scroll,menu,NONE,below,help,NONE,7,6,0,2,3
trash the 3rd text below the home,delete,text,NONE,below,home,3rd,3,9,0,2,2
open button to the left of the checkout,open,button,NONE,left_of,checkout,NONE,5,1,0,3,3
scroll to blue menu,scroll,menu,blue,NONE,NONE,NONE,7,6,2,0,3
paste the 2nd text below the home,paste,text,NONE,below,home,2nd,6,9,0,2,1
copy text,copy,text,NONE,NONE,NONE,NONE,2,9,0,0,3
press button,click,button,NONE,NONE,NONE,NONE,1,1,0,0,3
long-press icon,long-press,icon,NONE,NONE,NONE,NONE,4,3,0,0,3
long-press red icon below the search,long-press,icon,red,below,search,NONE,4,3,8,2,3
scroll down to menu to the left of the first email,scroll,menu,NONE,left_of,first email,NONE,7,6,0,3,3
paste text next to the payment,paste,text,NONE,next_to,payment,NONE,6,9,0,4,3
scroll down to tab,scroll,tab,NONE,NONE,NONE,NONE,7,8,0,0,3
copy pink text next to the help,copy,text,pink,next_to,help,NONE,2,9,6,4,3
open red button above the menu,open,button,red,above,menu,NONE,5,1,8,1,3
long-press icon to the left of the menu,long-press,icon,NONE,left_of,menu,NONE,4,3,0,3,3
launch menu next to the settings,open,menu,NONE,next_to,settings,NONE,5,6,0,4,3
press and hold the 3rd white button,long-press,button,white,NONE,NONE,3rd,4,1,9,0,2
tap the last button next to the login,tap,button,NONE,next_to,login,last,8,1,0,4,4
launch tab,open,tab,NONE,NONE,NONE,NONE,5,8,0,0,3
scroll to the last menu to the right of the notifications,scroll,menu,NONE,right_of,notifications,last,7,6,0,5,4
paste purple text above the address,paste,text,purple,above,address,NONE,6,9,7,1,3
delete black button above the menu,delete,button,black,above,menu,NONE,3,1,1,1,3
select image,click,image,NONE,NONE,NONE,NONE,1,4,0,0,3
copy the 2nd red text next to the login,copy,text,red,next_to,login,2nd,2,9,8,4,1
paste text next to the checkout,paste,text,NONE,next_to,checkout,NONE,6,9,0,4,3
tap on white icon below the help,tap,icon,white,below,help,NONE,8,3,9,2,3
delete orange button,delete,button,orange,NONE,NONE,NONE,3,1,5,0,3
tap on purple button to the left of the payment,tap,button,purple,left_of,payment,NONE,8,1,7,3,3
open the last link,open,link,NONE,NONE,NONE,last,5,5,0,0,4
tap on icon to the right of the home,tap,icon,NONE,right_of,home,NONE,8,3,0,5,3
copy red text to the left of the menu,copy,text,red,left_of,menu,NONE,2,9,8,3,3
delete image next to the search,delete,image,NONE,next_to,search,NONE,3,4,0,4,3
tap icon to the right of the address,tap,icon,NONE,right_of,address,NONE,8,3,0,5,3
press and hold text to the left of the first email,long-press,text,NONE,left_of,first email,NONE,4,9,0,3,3
press and hold the 2nd icon below the wi-fi,long-press,icon,NONE,below,wi-fi,2nd,4,3,0,2,1
copy text to the right of the checkout,copy,text,NONE,right_of,checkout,NONE,2,9,0,5,3
tap tab,tap,tab,NONE,NONE,NONE,NONE,8,8,0,0,3
press and hold black icon,long-press,icon,black,NONE,NONE,NONE,4,3,1,0,3
tap tab above the profile,tap,tab,NONE,above,profile,NONE,8,8,0,1,3
remove orange text,delete,text,orange,NONE,NONE,NONE,3,9,5,0,3
copy text next to the login,copy,text,NONE,next_to,login,NONE,2,9,0,4,3
press and hold button,long-press,button,NONE,NONE,NONE,NONE,4,1,0,0,3
launch black menu,open,menu,black,NONE,NONE,NONE,5,6,1,0,3
tap on green tab to the right of the cart,tap,tab,green,right_of,cart,NONE,8,8,4,5,3
scroll down to white tab above the profile,scroll,tab,white,above,profile,NONE,7,8,9,1,3
scroll to menu above the settings,scroll,menu,NONE,above,settings,NONE,7,6,0,1,3
scroll to tab below the notifications,scroll,tab,NONE,below,notifications,NONE,7,8,0,2,3
select icon,click,icon,NONE,NONE,NONE,NONE,1,3,0,0,3
press and hold text below the settings,long-press,text,NONE,below,settings,NONE,4,9,0,2,3
paste the last text,paste,text,NONE,NONE,NONE,last,6,9,0,0,4
tap on checkbox,tap,checkbox,NONE,NONE,NONE,NONE,8,2,0,0,3
launch white tab,open,tab,white,NONE,NONE,NONE,5,8,9,0,3
tap on the 3rd gray link to the right of the menu,tap,link,gray,right_of,menu,3rd,8,5,3,5,2
tap checkbox,tap,checkbox,NONE,NONE,NONE,NONE,8,2,0,0,3
tap on button to the right of the settings,tap,button,NONE,right_of,settings,NONE,8,1,0,5,3
scroll down to orange text next to the menu,scroll,text,orange,next_to,menu,NONE,7,9,5,4,3
open the last menu below the cart,open,menu,NONE,below,cart,last,5,6,0,2,4
paste the 1st purple text,paste,text,purple,NONE,NONE,1st,6,9,7,0,0
open link above the help,open,link,NONE,above,help,NONE,5,5,0,1,3
delete image,delete,image,NONE,NONE,NONE,NONE,3,4,0,0,3
paste the 2nd text,paste,text,NONE,NONE,NONE,2nd,6,9,0,0,1
trash text to the left of the login,delete,text,NONE,left_of,login,NONE,3,9,0,3,3
select purple checkbox to the left of the settings,click,checkbox,purple,left_of,settings,NONE,1,2,7,3,3
tap on the last button above the cart,tap,button,NONE,above,cart,last,8,1,0,1,4
tap link below the last item,tap,link,NONE,below,last item,NONE,8,5,0,2,3
launch icon,open,icon,NONE,NONE,NONE,NONE,5,3,0,0,3
scroll to the 1st text to the left of the address,scroll,text,NONE,left_of,address,1st,7,9,0,3,0
tap icon below the first email,tap,icon,NONE,below,first email,NONE,8,3,0,2,3
scroll down to tab,scroll,tab,NONE,NONE,NONE,NONE,7,8,0,0,3
paste the last green text,paste,text,green,NONE,NONE,last,6,9,4,0,4
tap pink checkbox,tap,checkbox,pink,NONE,NONE,NONE,8,2,6,0,3
tap tab,tap,tab,NONE,NONE,NONE,NONE,8,8,0,0,3
copy gray text below the payment,copy,text,gray,below,payment,NONE,2,9,3,2,3
tap checkbox above the last item,tap,checkbox,NONE,above,last item,NONE,8,2,0,1,3
paste text,paste,text,NONE,NONE,NONE,NONE,6,9,0,0,3
tap on the 3rd link above the login,tap,link,NONE,above,login,3rd,8,5,0,1,2
tap on checkbox next to the last item,tap,checkbox,NONE,next_to,last item,NONE,8,2,0,4,3
remove orange image,delete,image,orange,NONE,NONE,NONE,3,4,5,0,3
scroll down to the last menu,scroll,menu,NONE,NONE,NONE,last,7,6,0,0,4
launch white menu above the first email,open,menu,white,above,first email,NONE,5,6,9,1,3
remove gray text,delete,text,gray,NONE,NONE,NONE,3,9,3,0,3
click on gray button below the profile,click,button,gray,below,profile,NONE,1,1,3,2,3
open the last button above the home,open,button,NONE,above,home,last,5,1,0,1,4
trash text below the search,delete,text,NONE,below,search,NONE,3,9,0,2,3
copy text above the last item,copy,text,NONE,above,last item,NONE,2,9,0,1,3
tap on checkbox next to the wi-fi,tap,checkbox,NONE,next_to,wi-fi,NONE,8,2,0,4,3
paste text,paste,text,NONE,NONE,NONE,NONE,6,9,0,0,3
tap on yellow link to the right of the checkout,tap,link,yellow,right_of,checkout,NONE,8,5,10,5,3
paste the 2nd text,paste,text,NONE,NONE,NONE,2nd,6,9,0,0,1
long-press blue image below the first email,long-press,image,blue,below,first email,NONE,4,4,2,2,3
paste text below the last item,paste,text,NONE,below,last item,NONE,6,9,0,2,3
launch button below the home,open,button,NONE,below,home,NONE,5,1,0,2,3
paste gray text below the checkout,paste,text,gray,below,checkout,NONE,6,9,3,2,3
copy the last text below the settings,copy,text,NONE,below,settings,last,2,9,0,2,4
scroll down to menu,scroll,menu,NONE,NONE,NONE,NONE,7,6,0,0,3
open button to the right of the profile,open,button,NONE,right_of,profile,NONE,5,1,0,5,3
select tab next to the notifications,click,tab,NONE,next_to,notifications,NONE,1,8,0,4,3
trash text,delete,text,NONE,NONE,NONE,NONE,3,9,0,0,3
paste yellow text next to the notifications,paste,text,yellow,next_to,notifications,NONE,6,9,10,4,3
paste orange text,paste,text,orange,NONE,NONE,NONE,6,9,5,0,3
long-press text to the right of the address,long-press,text,NONE,right_of,address,NONE,4,9,0,5,3
long-press text to the left of the wi-fi,long-press,text,NONE,left_of,wi-fi,NONE,4,9,0,3,3
long-press image to the left of the notifications,long-press,image,NONE,left_of,notifications,NONE,4,4,0,3,3
paste text to the right of the login,paste,text,NONE,right_of,login,NONE,6,9,0,5,3
long-press yellow icon,long-press,icon,yellow,NONE,NONE,NONE,4,3,10,0,3
scroll to the 1st text next to the search,scroll,text,NONE,next_to,search,1st,7,9,0,4,0
click icon,click,icon,NONE,NONE,NONE,NONE,1,3,0,0,3
copy white text,copy,text,white,NONE,NONE,NONE,2,9,9,0,3
copy text next to the last item,copy,text,NONE,next_to,last item,NONE,2,9,0,4,3
delete the 2nd text,delete,text,NONE,NONE,NONE,2nd,3,9,0,0,1
scroll to menu to the right of the payment,scroll,menu,NONE,right_of,payment,NONE,7,6,0,5,3
tap icon,tap,icon,NONE,NONE,NONE,NONE,8,3,0,0,3
scroll down to red text to the right of the help,scroll,text,red,right_of,help,NONE,7,9,8,5,3
click link to the left of the last item,click,link,NONE,left_of,last item,NONE,1,5,0,3,3
click on the 2nd white icon next to the menu,click,icon,white,next_to,menu,2nd,1,3,9,4,1
launch tab,open,tab,NONE,NONE,NONE,NONE,5,8,0,0,3
long-press image,long-press,image,NONE,NONE,NONE,NONE,4,4,0,0,3
press the last link below the home,click,link,NONE,below,home,last,1,5,0,2,4
scroll down to menu to the left of the search,scroll,menu,NONE,left_of,search,NONE,7,6,0,3,3
open menu to the right of the notifications,open,menu,NONE,right_of,notifications,NONE,5,6,0,5,3
remove text to the right of the wi-fi,delete,text,NONE,right_of,wi-fi,NONE,3,9,0,5,3
long-press the 1st button above the profile,long-press,button,NONE,above,profile,1st,4,1,0,1,0
tap red icon above the first email,tap,icon,red,above,first email,NONE,8,3,8,1,3
scroll to menu,scroll,menu,NONE,NONE,NONE,NONE,7,6,0,0,3
remove the 1st image,delete,image,NONE,NONE,NONE,1st,3,4,0,0,0
tap on switch above the checkout,tap,switch,NONE,above,checkout,NONE,8,7,0,1,3
tap checkbox below the settings,tap,checkbox,NONE,below,settings,NONE,8,2,0,2,3
tap on tab,tap,tab,NONE,NONE,NONE,NONE,8,8,0,0,3
open the 2nd black link to the right of the search,open,link,black,right_of,search,2nd,5,5,1,5,1
scroll down to text to the right of the notifications,scroll,text,NONE,right_of,notifications,NONE,7,9,0,5,3
select orange icon,click,icon,orange,NONE,NONE,NONE,1,3,5,0,3
tap the last blue button above the notifications,tap,button,blue,above,notifications,last,8,1,2,1,4
select the 2nd button,click,button,NONE,NONE,NONE,2nd,1,1,0,0,1
press the 1st link below the menu,click,link,NONE,below,menu,1st,1,5,0,2,0
trash image,delete,image,NONE,NONE,NONE,NONE,3,4,0,0,3
scroll to red tab above the cart,scroll,tab,red,above,cart,NONE,7,8,8,1,3
tap the 3rd checkbox above the cart,tap,checkbox,NONE,above,cart,3rd,8,2,0,1,2
launch icon next to the search,open,icon,NONE,next_to,search,NONE,5,3,0,4,3
press the 2nd green switch,click,switch,green,NONE,NONE,2nd,1,7,4,0,1
scroll down to the 1st text,scroll,text,NONE,NONE,NONE,1st,7,9,0,0,0
delete the 2nd white image below the cart,delete,image,white,below,cart,2nd,3,4,9,2,1
scroll to white text,scroll,text,white,NONE,NONE,NONE,7,9,9,0,3
open gray tab below the checkout,open,tab,gray,below,checkout,NONE,5,8,3,2,3
paste text above the home,paste,text,NONE,above,home,NONE,6,9,0,1,3
copy text to the right of the payment,copy,text,NONE,right_of,payment,NONE,2,9,0,5,3
copy green text,copy,text,green,NONE,NONE,NONE,2,9,4,0,3
paste text next to the wi-fi,paste,text,NONE,next_to,wi-fi,NONE,6,9,0,4,3
copy the 1st yellow text to the right of the search,copy,text,yellow,right_of,search,1st,2,9,10,5,0
copy text next to the settings,copy,text,NONE,next_to,settings,NONE,2,9,0,4,3
tap white button above the settings,tap,button,white,above,settings,NONE,8,1,9,1,3
long-press the 3rd icon to the right of the wi-fi,long-press,icon,NONE,right_of,wi-fi,3rd,4,3,0,5,2
copy text next to the cart,copy,text,NONE,next_to,cart,NONE,2,9,0,4,3
paste the last green text below the profile,paste,text,green,below,profile,last,6,9,4,2,4
long-press image to the right of the checkout,long-press,image,NONE,right_of,checkout,NONE,4,4,0,5,3
open tab to the left of the home,open,tab,NONE,left_of,home,NONE,5,8,0,3,3
select black image to the right of the home,click,image,black,right_of,home,NONE,1,4,1,5,3
press and hold text to the left of the login,long-press,text,NONE,left_of,login,NONE,4,9,0,3,3
paste text next to the search,paste,text,NONE,next_to,search,NONE,6,9,0,4,3
scroll to menu,scroll,menu,NONE,NONE,NONE,NONE,7,6,0,0,3
scroll down to white menu to the left of the address,scroll,menu,white,left_of,address,NONE,7,6,9,3,3
paste text next to the address,paste,text,NONE,next_to,address,NONE,6,9,0,4,3
copy yellow text,copy,text,yellow,NONE,NONE,NONE,2,9,10,0,3
launch the 1st tab to the right of the cart,open,tab,NONE,right_of,cart,1st,5,8,0,5,0
press and hold text to the left of the checkout,long-press,text,NONE,left_of,checkout,NONE,4,9,0,3,3
launch white tab to the right of the wi-fi,open,tab,white,right_of,wi-fi,NONE,5,8,9,5,3
select orange icon next to the search,click,icon,orange,next_to,search,NONE,1,3,5,4,3
click on white link,click,link,white,NONE,NONE,NONE,1,5,9,0,3
copy blue text next to the settings,copy,text,blue,next_to,settings,NONE,2,9,2,4,3
press and hold orange text,long-press,text,orange,NONE,NONE,NONE,4,9,5,0,3
scroll to the last tab next to the last item,scroll,tab,NONE,next_to,last item,last,7,8,0,4,4
scroll to the 2nd gray menu to the left of the search,scroll,menu,gray,left_of,search,2nd,7,6,3,3,1
press text next to the checkout,click,text,NONE,next_to,checkout,NONE,1,9,0,4,3
select image next to the wi-fi,click,image,NONE,next_to,wi-fi,NONE,1,4,0,4,3
scroll to text,scroll,text,NONE,NONE,NONE,NONE,7,9,0,0,3
press link to the left of the menu,click,link,NONE,left_of,menu,NONE,1,5,0,3,3
launch yellow tab above the first email,open,tab,yellow,above,first email,NONE,5,8,10,1,3
select black link,click,link,black,NONE,NONE,NONE,1,5,1,0,3
trash white text below the address,delete,text,white,below,address,NONE,3,9,9,2,3
press and hold icon,long-press,icon,NONE,NONE,NONE,NONE,4,3,0,0,3
press the last checkbox,click,checkbox,NONE,NONE,NONE,last,1,2,0,0,4
tap icon above the help,tap,icon,NONE,above,help,NONE,8,3,0,1,3
trash image next to the search,delete,image,NONE,next_to,search,NONE,3,4,0,4,3
copy text next to the wi-fi,copy,text,NONE,next_to,wi-fi,NONE,2,9,0,4,3
open purple tab,open,tab,purple,NONE,NONE,NONE,5,8,7,0,3
scroll to menu below the first email,scroll,menu,NONE,below,first email,NONE,7,6,0,2,3
scroll down to the last black tab next to the last item,scroll,tab,black,next_to,last item,last,7,8,1,4,4
launch the last blue menu next to the profile,open,menu,blue,next_to,profile,last,5,6,2,4,4
paste gray text,paste,text,gray,NONE,NONE,NONE,6,9,3,0,3
copy text,copy,text,NONE,NONE,NONE,NONE,2,9,0,0,3
scroll down to the 3rd blue text,scroll,text,blue,NONE,NONE,3rd,7,9,2,0,2
long-press text,long-press,text,NONE,NONE,NONE,NONE,4,9,0,0,3
tap on the 2nd tab,tap,tab,NONE,NONE,NONE,2nd,8,8,0,0,1
remove image below the address,delete,image,NONE,below,address,NONE,3,4,0,2,3
trash image below the notifications,delete,image,NONE,below,notifications,NONE,3,4,0,2,3
click link next to the profile,click,link,NONE,next_to,profile,NONE,1,5,0,4,3
scroll to orange text,scroll,text,orange,NONE,NONE,NONE,7,9,5,0,3
press and hold orange icon next to the wi-fi,long-press,icon,orange,next_to,wi-fi,NONE,4,3,5,4,3
trash purple text to the right of the settings,delete,text,purple,right_of,settings,NONE,3,9,7,5,3
scroll to tab to the right of the last item,scroll,tab,NONE,right_of,last item,NONE,7,8,0,5,3
scroll down to the 2nd menu,scroll,menu,NONE,NONE,NONE,2nd,7,6,0,0,1
select text below the last item,click,text,NONE,below,last item,NONE,1,9,0,2,3
tap on the 1st link,tap,link,NONE,NONE,NONE,1st,8,5,0,0,0
long-press the 1st text,long-press,text,NONE,NONE,NONE,1st,4,9,0,0,0
scroll down to tab,scroll,tab,NONE,NONE,NONE,NONE,7,8,0,0,3
scroll down to tab above the profile,scroll,tab,NONE,above,profile,NONE,7,8,0,1,3
paste white text,paste,text,white,NONE,NONE,NONE,6,9,9,0,3
tap switch,tap,switch,NONE,NONE,NONE,NONE,8,7,0,0,3
tap button to the left of the profile,tap,button,NONE,left_of,profile,NONE,8,1,0,3,3
launch tab below the menu,open,tab,NONE,below,menu,NONE,5,8,0,2,3
copy text,copy,text,NONE,NONE,NONE,NONE,2,9,0,0,3
tap the 1st tab below the menu,tap,tab,NONE,below,menu,1st,8,8,0,2,0
copy pink text to the right of the profile,copy,text,pink,right_of,profile,NONE,2,9,6,5,3
long-press gray text above the home,long-press,text,gray,above,home,NONE,4,9,3,1,3
trash yellow image next to the help,delete,image,yellow,next_to,help,NONE,3,4,10,4,3
tap on the 3rd link,tap,link,NONE,NONE,NONE,3rd,8,5,0,0,2
press tab,click,tab,NONE,NONE,NONE,NONE,1,8,0,0,3
scroll to menu to the right of the cart,scroll,menu,NONE,right_of,cart,NONE,7,6,0,5,3
scroll down to the 1st text next to the payment,scroll,text,NONE,next_to,payment,1st,7,9,0,4,0
copy black text next to the last item,copy,text,black,next_to,last item,NONE,2,9,1,4,3
paste black text below the profile,paste,text,black,below,profile,NONE,6,9,1,2,3
remove the 3rd purple button next to the home,delete,button,purple,next_to,home,3rd,3,1,7,4,2
trash text below the login,delete,text,NONE,below,login,NONE,3,9,0,2,3
click on gray image next to the profile,click,image,gray,next_to,profile,NONE,1,4,3,4,3
launch the 3rd link below the checkout,open,link,NONE,below,checkout,3rd,5,5,0,2,2
tap on blue button,tap,button,blue,NONE,NONE,NONE,8,1,2,0,3
press and hold the 3rd image,long-press,image,NONE,NONE,NONE,3rd,4,4,0,0,2
scroll to the 2nd blue text,scroll,text,blue,NONE,NONE,2nd,7,9,2,0,1
scroll down to text,scroll,text,NONE,NONE,NONE,NONE,7,9,0,0,3
delete button next to the search,delete,button,NONE,next_to,search,NONE,3,1,0,4,3
open red tab above the profile,open,tab,red,above,profile,NONE,5,8,8,1,3
trash image below the login,delete,image,NONE,below,login,NONE,3,4,0,2,3
scroll down to menu,scroll,menu,NONE,NONE,NONE,NONE,7,6,0,0,3
scroll down to menu,scroll,menu,NONE,NONE,NONE,NONE,7,6,0,0,3
scroll to the 3rd menu above the first email,scroll,menu,NONE,above,first email,3rd,7,6,0,1,2
tap blue switch,tap,switch,blue,NONE,NONE,NONE,8,7,2,0,3
open menu below the last item,open,menu,NONE,below,last item,NONE,5,6,0,2,3
tap icon to the right of the settings,tap,icon,NONE,right_of,settings,NONE,8,3,0,5,3
press and hold image below the first email,long-press,image,NONE,below,first email,NONE,4,4,0,2,3
scroll to tab below the address,scroll,tab,NONE,below,address,NONE,7,8,0,2,3
paste text,paste,text,NONE,NONE,NONE,NONE,6,9,0,0,3
tap on the last button above the home,tap,button,NONE,above,home,last,8,1,0,1,4
delete red button,delete,button,red,NONE,NONE,NONE,3,1,8,0,3
press and hold the 3rd green button,long-press,button,green,NONE,NONE,3rd,4,1,4,0,2
copy text,copy,text,NONE,NONE,NONE,NONE,2,9,0,0,3
tap tab next to the menu,tap,tab,NONE,next_to,menu,NONE,8,8,0,4,3
scroll down to the last yellow menu,scroll,menu,yellow,NONE,NONE,last,7,6,10,0,4
launch yellow link to the left of the cart,open,link,yellow,left_of,cart,NONE,5,5,10,3,3
trash button to the right of the cart,delete,button,NONE,right_of,cart,NONE,3,1,0,5,3
paste text next to the login,paste,text,NONE,next_to,login,NONE,6,9,0,4,3
paste text,paste,text,NONE,NONE,NONE,NONE,6,9,0,0,3
press and hold red icon above the settings,long-press,icon,red,above,settings,NONE,4,3,8,1,3
paste text to the left of the notifications,paste,text,NONE,left_of,notifications,NONE,6,9,0,3,3
open link,open,link,NONE,NONE,NONE,NONE,5,5,0,0,3
open purple tab,open,tab,purple,NONE,NONE,NONE,5,8,7,0,3
paste text,paste,text,NONE,NONE,NONE,NONE,6,9,0,0,3
tap the 2nd button,tap,button,NONE,NONE,NONE,2nd,8,1,0,0,1
delete text next to the login,delete,text,NONE,next_to,login,NONE,3,9,0,4,3
tap on icon,tap,icon,NONE,NONE,NONE,NONE,8,3,0,0,3
click the 1st pink icon,click,icon,pink,NONE,NONE,1st,1,3,6,0,0
paste gray text to the left of the settings,paste,text,gray,left_of,settings,NONE,6,9,3,3,3
press and hold pink image next to the cart,long-press,image,pink,next_to,cart,NONE,4,4,6,4,3
long-press button below the payment,long-press,button,NONE,below,payment,NONE,4,1,0,2,3
press and hold image,long-press,image,NONE,NONE,NONE,NONE,4,4,0,0,3
copy the 3rd text to the right of the cart,copy,text,NONE,right_of,cart,3rd,2,9,0,5,2
copy text,copy,text,NONE,NONE,NONE,NONE,2,9,0,0,3
scroll down to the 2nd red text to the left of the home,scroll,text,red,left_of,home,2nd,7,9,8,3,1
remove the 3rd pink text,delete,text,pink,NONE,NONE,3rd,3,9,6,0,2
tap on the last checkbox to the right of the help,tap,checkbox,NONE,right_of,help,last,8,2,0,5,4
scroll to gray menu to the right of the notifications,scroll,menu,gray,right_of,notifications,NONE,7,6,3,5,3
launch red link next to the notifications,open,link,red,next_to,notifications,NONE,5,5,8,4,3
open link,open,link,NONE,NONE,NONE,NONE,5,5,0,0,3
copy the 2nd text,copy,text,NONE,NONE,NONE,2nd,2,9,0,0,1
click on pink text above the profile,click,text,pink,above,profile,NONE,1,9,6,1,3
paste text next to the help,paste,text,NONE,next_to,help,NONE,6,9,0,4,3
copy white text,copy,text,white,NONE,NONE,NONE,2,9,9,0,3
press and hold the last icon,long-press,icon,NONE,NONE,NONE,last,4,3,0,0,4
trash the 2nd pink text below the search,delete,text,pink,below,search,2nd,3,9,6,2,1
long-press text to the left of the settings,long-press,text,NONE,left_of,settings,NONE,4,9,0,3,3
click on orange icon,click,icon,orange,NONE,NONE,NONE,1,3,5,0,3
open the last menu to the left of the menu,open,menu,NONE,left_of,menu,last,5,6,0,3,4
click text to the right of the profile,click,text,NONE,right_of,profile,NONE,1,9,0,5,3
delete the 1st green text,delete,text,green,NONE,NONE,1st,3,9,4,0,0
copy orange text below the settings,copy,text,orange,below,settings,NONE,2,9,5,2,3
tap button to the left of the wi-fi,tap,button,NONE,left_of,wi-fi,NONE,8,1,0,3,3
tap on the 1st icon to the left of the cart,tap,icon,NONE,left_of,cart,1st,8,3,0,3,0
launch the last menu next to the login,open,menu,NONE,next_to,login,last,5,6,0,4,4
open the 3rd yellow tab,open,tab,yellow,NONE,NONE,3rd,5,8,10,0,2
tap on the 2nd black button,tap,button,black,NONE,NONE,2nd,8,1,1,0,1
open the 1st red link above the notifications,open,link,red,above,notifications,1st,5,5,8,1,0
scroll to the 1st purple tab to the right of the cart,scroll,tab,purple,right_of,cart,1st,7,8,7,5,0
press and hold text,long-press,text,NONE,NONE,NONE,NONE,4,9,0,0,3
paste green text below the settings,paste,text,green,below,settings,NONE,6,9,4,2,3
tap on the 3rd checkbox,tap,checkbox,NONE,NONE,NONE,3rd,8,2,0,0,2
press and hold the last yellow icon next to the first email,long-press,icon,yellow,next_to,first email,last,4,3,10,4,4
press the 2nd black button,click,button,black,NONE,NONE,2nd,1,1,1,0,1
copy text to the right of the login,copy,text,NONE,right_of,login,NONE,2,9,0,5,3
tap on link next to the first email,tap,link,NONE,next_to,first email,NONE,8,5,0,4,3
remove the 3rd button,delete,button,NONE,NONE,NONE,3rd,3,1,0,0,2
remove purple button,delete,button,purple,NONE,NONE,NONE,3,1,7,0,3
click on red text next to the login,click,text,red,next_to,login,NONE,1,9,8,4,3
copy text to the right of the cart,copy,text,NONE,right_of,cart,NONE,2,9,0,5,3
copy text,copy,text,NONE,NONE,NONE,NONE,2,9,0,0,3
copy text to the right of the notifications,copy,text,NONE,right_of,notifications,NONE,2,9,0,5,3
copy text below the home,copy,text,NONE,below,home,NONE,2,9,0,2,3
open menu below the checkout,open,menu,NONE,below,checkout,NONE,5,6,0,2,3
scroll to the 2nd text to the right of the notifications,scroll,text,NONE,right_of,notifications,2nd,7,9,0,5,1
press and hold black image,long-press,image,black,NONE,NONE,NONE,4,4,1,0,3
tap icon above the cart,tap,icon,NONE,above,cart,NONE,8,3,0,1,3
select black link above the help,click,link,black,above,help,NONE,1,5,1,1,3
scroll down to text,scroll,text,NONE,NONE,NONE,NONE,7,9,0,0,3
open the 3rd purple menu below the notifications,open,menu,purple,below,notifications,3rd,5,6,7,2,2
paste white text above the profile,paste,text,white,above,profile,NONE,6,9,9,1,3
trash the last image,delete,image,NONE,NONE,NONE,last,3,4,0,0,4
tap pink button to the right of the payment,tap,button,pink,right_of,payment,NONE,8,1,6,5,3
launch the 2nd orange button,open,button,orange,NONE,NONE,2nd,5,1,5,0,1
scroll to menu,scroll,menu,NONE,NONE,NONE,NONE,7,6,0,0,3
long-press button to the left of the login,long-press,button,NONE,left_of,login,NONE,4,1,0,3,3
scroll down to orange tab below the login,scroll,tab,orange,below,login,NONE,7,8,5,2,3
copy text below the last item,copy,text,NONE,below,last item,NONE,2,9,0,2,3
paste text next to the home,paste,text,NONE,next_to,home,NONE,6,9,0,4,3
copy pink text,copy,text,pink,NONE,NONE,NONE,2,9,6,0,3
open tab to the left of the login,open,tab,NONE,left_of,login,NONE,5,8,0,3,3
scroll down to text to the right of the menu,scroll,text,NONE,right_of,menu,NONE,7,9,0,5,3
trash image above the address,delete,image,NONE,above,address,NONE,3,4,0,1,3
tap link,tap,link,NONE,NONE,NONE,NONE,8,5,0,0,3
copy the 1st text below the first email,copy,text,NONE,below,first email,1st,2,9,0,2,0
press and hold green icon above the menu,long-press,icon,green,above,menu,NONE,4,3,4,1,3
copy the 3rd text below the first email,copy,text,NONE,below,first email,3rd,2,9,0,2,2
launch blue button next to the payment,open,button,blue,next_to,payment,NONE,5,1,2,4,3
scroll to white text to the right of the home,scroll,text,white,right_of,home,NONE,7,9,9,5,3
delete button below the address,delete,button,NONE,below,address,NONE,3,1,0,2,3
open the 1st blue icon to the right of the settings,open,icon,blue,right_of,settings,1st,5,3,2,5,0
click tab below the help,click,tab,NONE,below,help,NONE,1,8,0,2,3
press image above the notifications,click,image,NONE,above,notifications,NONE,1,4,0,1,3
remove image next to the profile,delete,image,NONE,next_to,profile,NONE,3,4,0,4,3
paste the 3rd black text below the help,paste,text,black,below,help,3rd,6,9,1,2,2
scroll to tab,scroll,tab,NONE,NONE,NONE,NONE,7,8,0,0,3
tap gray link to the right of the notifications,tap,link,gray,right_of,notifications,NONE,8,5,3,5,3
paste blue text,paste,text,blue,NONE,NONE,NONE,6,9,2,0,3
scroll to the 1st tab below the login,scroll,tab,NONE,below,login,1st,7,8,0,2,0
click on icon to the right of the login,click,icon,NONE,right_of,login,NONE,1,3,0,5,3
tap gray switch above the search,tap,switch,gray,above,search,NONE,8,7,3,1,3
paste the 1st text,paste,text,NONE,NONE,NONE,1st,6,9,0,0,0
copy gray text to the right of the wi-fi,copy,text,gray,right_of,wi-fi,NONE,2,9,3,5,3
scroll to text to the left of the checkout,scroll,text,NONE,left_of,checkout,NONE,7,9,0,3,3
tap the 1st icon,tap,icon,NONE,NONE,NONE,1st,8,3,0,0,0
tap on yellow switch,tap,switch,yellow,NONE,NONE,NONE,8,7,10,0,3
open purple menu next to the first email,open,menu,purple,next_to,first email,NONE,5,6,7,4,3
scroll to text below the payment,scroll,text,NONE,below,payment,NONE,7,9,0,2,3
open button above the search,open,button,NONE,above,search,NONE,5,1,0,1,3
copy the 1st text to the right of the wi-fi,copy,text,NONE,right_of,wi-fi,1st,2,9,0,5,0
paste white text above the payment,paste,text,white,above,payment,NONE,6,9,9,1,3
launch white link below the notifications,open,link,white,below,notifications,NONE,5,5,9,2,3
paste text to the left of the search,paste,text,NONE,left_of,search,NONE,6,9,0,3,3
tap button to the right of the notifications,tap,button,NONE,right_of,notifications,NONE,8,1,0,5,3
paste text,paste,text,NONE,NONE,NONE,NONE,6,9,0,0,3
click on green button,click,button,green,NONE,NONE,NONE,1,1,4,0,3
paste text,paste,text,NONE,NONE,NONE,NONE,6,9,0,0,3
paste text below the cart,paste,text,NONE,below,cart,NONE,6,9,0,2,3
long-press icon to the right of the search,long-press,icon,NONE,right_of,search,NONE,4,3,0,5,3
click on the 3rd link,click,link,NONE,NONE,NONE,3rd,1,5,0,0,2
copy text below the profile,copy,text,NONE,below,profile,NONE,2,9,0,2,3
trash yellow text to the left of the wi-fi,delete,text,yellow,left_of,wi-fi,NONE,3,9,10,3,3
long-press image,long-press,image,NONE,NONE,NONE,NONE,4,4,0,0,3
delete the 1st button,delete,button,NONE,NONE,NONE,1st,3,1,0,0,0
delete button,delete,button,NONE,NONE,NONE,NONE,3,1,0,0,3
scroll down to tab below the wi-fi,scroll,tab,NONE,below,wi-fi,NONE,7,8,0,2,3
paste text to the right of the search,paste,text,NONE,right_of,search,NONE,6,9,0,5,3
press and hold icon,long-press,icon,NONE,NONE,NONE,NONE,4,3,0,0,3
trash button next to the settings,delete,button,NONE,next_to,settings,NONE,3,1,0,4,3
launch button next to the notifications,open,button,NONE,next_to,notifications,NONE,5,1,0,4,3
long-press the 1st icon next to the payment,long-press,icon,NONE,next_to,payment,1st,4,3,0,4,0
launch tab to the right of the profile,open,tab,NONE,right_of,profile,NONE,5,8,0,5,3
open the last blue tab,open,tab,blue,NONE,NONE,last,5,8,2,0,4
copy green text to the right of the login,copy,text,green,right_of,login,NONE,2,9,4,5,3
scroll to gray menu to the right of the profile,scroll,menu,gray,right_of,profile,NONE,7,6,3,5,3
launch the 3rd black menu next to the payment,open,menu,black,next_to,payment,3rd,5,6,1,4,2
trash the 2nd button next to the checkout,delete,button,NONE,next_to,checkout,2nd,3,1,0,4,1
paste the 1st text,paste,text,NONE,NONE,NONE,1st,6,9,0,0,0
paste the last text above the address,paste,text,NONE,above,address,last,6,9,0,1,4
open yellow menu below the address,open,menu,yellow,below,address,NONE,5,6,10,2,3
copy text to the left of the first email,copy,text,NONE,left_of,first email,NONE,2,9,0,3,3
remove black image to the right of the checkout,delete,image,black,right_of,checkout,NONE,3,4,1,5,3
scroll to tab to the left of the login,scroll,tab,NONE,left_of,login,NONE,7,8,0,3,3
tap on green switch above the menu,tap,switch,green,above,menu,NONE,8,7,4,1,3
select text to the right of the profile,click,text,NONE,right_of,profile,NONE,1,9,0,5,3
remove black image next to the help,delete,image,black,next_to,help,NONE,3,4,1,4,3
scroll down to the last pink menu to the left of the address,scroll,menu,pink,left_of,address,last,7,6,6,3,4
long-press black text,long-press,text,black,NONE,NONE,NONE,4,9,1,0,3
press and hold the last purple text next to the notifications,long-press,text,purple,next_to,notifications,last,4,9,7,4,4
select the 2nd tab next to the first email,click,tab,NONE,next_to,first email,2nd,1,8,0,4,1
click on the 3rd link,click,link,NONE,NONE,NONE,3rd,1,5,0,0,2
delete the last image below the address,delete,image,NONE,below,address,last,3,4,0,2,4
open blue icon,open,icon,blue,NONE,NONE,NONE,5,3,2,0,3
press switch,click,switch,NONE,NONE,NONE,NONE,1,7,0,0,3
paste the 1st green text to the left of the last item,paste,text,green,left_of,last item,1st,6,9,4,3,0
remove text below the address,delete,text,NONE,below,address,NONE,3,9,0,2,3
long-press the 2nd white text,long-press,text,white,NONE,NONE,2nd,4,9,9,0,1
copy purple text,copy,text,purple,NONE,NONE,NONE,2,9,7,0,3
scroll to the 1st menu to the right of the checkout,scroll,menu,NONE,right_of,checkout,1st,7,6,0,5,0
tap checkbox,tap,checkbox,NONE,NONE,NONE,NONE,8,2,0,0,3
tap on tab,tap,tab,NONE,NONE,NONE,NONE,8,8,0,0,3
remove yellow button below the checkout,delete,button,yellow,below,checkout,NONE,3,1,10,2,3
long-press blue image next to the search,long-press,image,blue,next_to,search,NONE,4,4,2,4,3
paste text,paste,text,NONE,NONE,NONE,NONE,6,9,0,0,3
scroll to tab,scroll,tab,NONE,NONE,NONE,NONE,7,8,0,0,3
press red tab,click,tab,red,NONE,NONE,NONE,1,8,8,0,3
press link to the left of the profile,click,link,NONE,left_of,profile,NONE,1,5,0,3,3
scroll to blue tab,scroll,tab,blue,NONE,NONE,NONE,7,8,2,0,3
delete the 3rd green button below the cart,delete,button,green,below,cart,3rd,3,1,4,2,2
long-press icon,long-press,icon,NONE,NONE,NONE,NONE,4,3,0,0,3
press and hold the 2nd button,long-press,button,NONE,NONE,NONE,2nd,4,1,0,0,1
copy text,copy,text,NONE,NONE,NONE,NONE,2,9,0,0,3
tap gray link,tap,link,gray,NONE,NONE,NONE,8,5,3,0,3
click button,click,button,NONE,NONE,NONE,NONE,1,1,0,0,3
copy pink text to the right of the cart,copy,text,pink,right_of,cart,NONE,2,9,6,5,3
copy the 3rd black text to the right of the checkout,copy,text,black,right_of,checkout,3rd,2,9,1,5,2
copy the 1st text to the left of the notifications,copy,text,NONE,left_of,notifications,1st,2,9,0,3,0
copy text to the left of the login,copy,text,NONE,left_of,login,NONE,2,9,0,3,3
tap on icon next to the profile,tap,icon,NONE,next_to,profile,NONE,8,3,0,4,3
tap on the 3rd switch above the address,tap,switch,NONE,above,address,3rd,8,7,0,1,2
copy purple text next to the checkout,copy,text,purple,next_to,checkout,NONE,2,9,7,4,3
open white link above the search,open,link,white,above,search,NONE,5,5,9,1,3
tap switch above the payment,tap,switch,NONE,above,payment,NONE,8,7,0,1,3
long-press text below the wi-fi,long-press,text,NONE,below,wi-fi,NONE,4,9,0,2,3
paste white text above the checkout,paste,text,white,above,checkout,NONE,6,9,9,1,3
copy the last text,copy,text,NONE,NONE,NONE,last,2,9,0,0,4
paste white text above the profile,paste,text,white,above,profile,NONE,6,9,9,1,3
scroll to the last yellow tab next to the cart,scroll,tab,yellow,next_to,cart,last,7,8,10,4,4
copy the last text below the home,copy,text,NONE,below,home,last,2,9,0,2,4
paste text,paste,text,NONE,NONE,NONE,NONE,6,9,0,0,3
long-press image to the right of the checkout,long-press,image,NONE,right_of,checkout,NONE,4,4,0,5,3
remove the 1st text to the left of the address,delete,text,NONE,left_of,address,1st,3,9,0,3,0
press and hold the 3rd icon,long-press,icon,NONE,NONE,NONE,3rd,4,3,0,0,2
tap the 3rd button below the settings,tap,button,NONE,below,settings,3rd,8,1,0,2,2
open blue button to the right of the payment,open,button,blue,right_of,payment,NONE,5,1,2,5,3
press red tab,click,tab,red,NONE,NONE,NONE,1,8,8,0,3
click on the last button,click,button,NONE,NONE,NONE,last,1,1,0,0,4
scroll down to tab above the home,scroll,tab,NONE,above,home,NONE,7,8,0,1,3
tap on the 2nd checkbox to the left of the home,tap,checkbox,NONE,left_of,home,2nd,8,2,0,3,1
paste green text next to the last item,paste,text,green,next_to,last item,NONE,6,9,4,4,3
trash image above the last item,delete,image,NONE,above,last item,NONE,3,4,0,1,3
scroll down to menu to the right of the search,scroll,menu,NONE,right_of,search,NONE,7,6,0,5,3
scroll down to the 3rd text below the checkout,scroll,text,NONE,below,checkout,3rd,7,9,0,2,2
launch tab,open,tab,NONE,NONE,NONE,NONE,5,8,0,0,3
scroll down to red tab,scroll,tab,red,NONE,NONE,NONE,7,8,8,0,3
paste text above the cart,paste,text,NONE,above,cart,NONE,6,9,0,1,3
scroll down to red tab to the right of the profile,scroll,tab,red,right_of,profile,NONE,7,8,8,5,3
remove the 1st text,delete,text,NONE,NONE,NONE,1st,3,9,0,0,0
delete the 2nd green text above the search,delete,text,green,above,search,2nd,3,9,4,1,1
long-press blue text below the cart,long-press,text,blue,below,cart,NONE,4,9,2,2,3
tap the 1st icon next to the last item,tap,icon,NONE,next_to,last item,1st,8,3,0,4,0
copy the last pink text to the right of the notifications,copy,text,pink,right_of,notifications,last,2,9,6,5,4
remove the 2nd green text to the right of the help,delete,text,green,right_of,help,2nd,3,9,4,5,1
paste the 1st red text,paste,text,red,NONE,NONE,1st,6,9,8,0,0
tap on button below the first email,tap,button,NONE,below,first email,NONE,8,1,0,2,3
copy the 2nd text to the right of the menu,copy,text,NONE,right_of,menu,2nd,2,9,0,5,1
select switch,click,switch,NONE,NONE,NONE,NONE,1,7,0,0,3
copy text to the right of the help,copy,text,NONE,right_of,help,NONE,2,9,0,5,3
click on the 3rd switch to the right of the menu,click,switch,NONE,right_of,menu,3rd,1,7,0,5,2
launch the 2nd tab to the right of the wi-fi,open,tab,NONE,right_of,wi-fi,2nd,5,8,0,5,1
open button,open,button,NONE,NONE,NONE,NONE,5,1,0,0,3
paste yellow text,paste,text,yellow,NONE,NONE,NONE,6,9,10,0,3
scroll to black text,scroll,text,black,NONE,NONE,NONE,7,9,1,0,3
press and hold the last image,long-press,image,NONE,NONE,NONE,last,4,4,0,0,4
launch the 3rd green icon,open,icon,green,NONE,NONE,3rd,5,3,4,0,2
press and hold button next to the first email,long-press,button,NONE,next_to,first email,NONE,4,1,0,4,3
select switch below the home,click,switch,NONE,below,home,NONE,1,7,0,2,3
tap on switch next to the home,tap,switch,NONE,next_to,home,NONE,8,7,0,4,3
paste pink text below the cart,paste,text,pink,below,cart,NONE,6,9,6,2,3
remove the 1st button to the right of the wi-fi,delete,button,NONE,right_of,wi-fi,1st,3,1,0,5,0
copy the 2nd text to the right of the first email,copy,text,NONE,right_of,first email,2nd,2,9,0,5,1
press and hold text to the left of the help,long-press,text,NONE,left_of,help,NONE,4,9,0,3,3
scroll to the 3rd tab to the left of the checkout,scroll,tab,NONE,left_of,checkout,3rd,7,8,0,3,2
paste text to the left of the cart,paste,text,NONE,left_of,cart,NONE,6,9,0,3,3
tap on link to the left of the help,tap,link,NONE,left_of,help,NONE,8,5,0,3,3
press and hold icon,long-press,icon,NONE,NONE,NONE,NONE,4,3,0,0,3
press and hold yellow button to the left of the menu,long-press,button,yellow,left_of,menu,NONE,4,1,10,3,3
scroll to text,scroll,text,NONE,NONE,NONE,NONE,7,9,0,0,3
remove the 1st button to the right of the home,delete,button,NONE,right_of,home,1st,3,1,0,5,0
long-press icon next to the address,long-press,icon,NONE,next_to,address,NONE,4,3,0,4,3
scroll to the 1st menu,scroll,menu,NONE,NONE,NONE,1st,7,6,0,0,0
copy purple text below the payment,copy,text,purple,below,payment,NONE,2,9,7,2,3
copy the 1st white text above the menu,copy,text,white,above,menu,1st,2,9,9,1,0
scroll to text next to the search,scroll,text,NONE,next_to,search,NONE,7,9,0,4,3
copy text,copy,text,NONE,NONE,NONE,NONE,2,9,0,0,3
press and hold the 3rd black icon,long-press,icon,black,NONE,NONE,3rd,4,3,1,0,2
click on yellow text,click,text,yellow,NONE,NONE,NONE,1,9,10,0,3
remove the 3rd text,delete,text,NONE,NONE,NONE,3rd,3,9,0,0,2
paste the last yellow text,paste,text,yellow,NONE,NONE,last,6,9,10,0,4
tap on purple switch to the left of the help,tap,switch,purple,left_of,help,NONE,8,7,7,3,3
tap link above the wi-fi,tap,link,NONE,above,wi-fi,NONE,8,5,0,1,3
long-press the 2nd button,long-press,button,NONE,NONE,NONE,2nd,4,1,0,0,1
press and hold orange button to the left of the notifications,long-press,button,orange,left_of,notifications,NONE,4,1,5,3,3
tap the 2nd tab above the address,tap,tab,NONE,above,address,2nd,8,8,0,1,1
copy orange text to the left of the payment,copy,text,orange,left_of,payment,NONE,2,9,5,3,3
open the 2nd icon next to the home,open,icon,NONE,next_to,home,2nd,5,3,0,4,1
click on image above the login,click,image,NONE,above,login,NONE,1,4,0,1,3
remove image below the help,delete,image,NONE,below,help,NONE,3,4,0,2,3
select link above the help,click,link,NONE,above,help,NONE,1,5,0,1,3
remove the 2nd text,delete,text,NONE,NONE,NONE,2nd,3,9,0,0,1
paste text to the right of the cart,paste,text,NONE,right_of,cart,NONE,6,9,0,5,3
press the last tab below the settings,click,tab,NONE,below,settings,last,1,8,0,2,4
click on black image to the left of the last item,click,image,black,left_of,last item,NONE,1,4,1,3,3
scroll down to text below the address,scroll,text,NONE,below,address,NONE,7,9,0,2,3
paste text below the search,paste,text,NONE,below,search,NONE,6,9,0,2,3
launch button,open,button,NONE,NONE,NONE,NONE,5,1,0,0,3
delete text,delete,text,NONE,NONE,NONE,NONE,3,9,0,0,3
remove button next to the search,delete,button,NONE,next_to,search,NONE,3,1,0,4,3
open the last link next to the notifications,open,link,NONE,next_to,notifications,last,5,5,0,4,4
scroll to red menu,scroll,menu,red,NONE,NONE,NONE,7,6,8,0,3
copy yellow text,copy,text,yellow,NONE,NONE,NONE,2,9,10,0,3
open the 2nd pink icon to the right of the notifications,open,icon,pink,right_of,notifications,2nd,5,3,6,5,1
paste the 1st text below the wi-fi,paste,text,NONE,below,wi-fi,1st,6,9,0,2,0
launch tab below the home,open,tab,NONE,below,home,NONE,5,8,0,2,3
click red image to the right of the settings,click,image,red,right_of,settings,NONE,1,4,8,5,3
trash text next to the settings,delete,text,NONE,next_to,settings,NONE,3,9,0,4,3
select link to the left of the checkout,click,link,NONE,left_of,checkout,NONE,1,5,0,3,3
paste text below the first email,paste,text,NONE,below,first email,NONE,6,9,0,2,3
long-press the 3rd white button below the last item,long-press,button,white,below,last item,3rd,4,1,9,2,2
press checkbox next to the help,click,checkbox,NONE,next_to,help,NONE,1,2,0,4,3
copy text,copy,text,NONE,NONE,NONE,NONE,2,9,0,0,3
scroll down to white tab above the checkout,scroll,tab,white,above,checkout,NONE,7,8,9,1,3
click the last image next to the cart,click,image,NONE,next_to,cart,last,1,4,0,4,4
long-press image above the notifications,long-press,image,NONE,above,notifications,NONE,4,4,0,1,3
select pink button,click,button,pink,NONE,NONE,NONE,1,1,6,0,3
launch tab above the first email,open,tab,NONE,above,first email,NONE,5,8,0,1,3
click on image above the last item,click,image,NONE,above,last item,NONE,1,4,0,1,3
tap on checkbox below the home,tap,checkbox,NONE,below,home,NONE,8,2,0,2,3
select checkbox to the left of the search,click,checkbox,NONE,left_of,search,NONE,1,2,0,3,3
copy text above the address,copy,text,NONE,above,address,NONE,2,9,0,1,3
scroll to text to the right of the first email,scroll,text,NONE,right_of,first email,NONE,7,9,0,5,3
launch link to the right of the profile,open,link,NONE,right_of,profile,NONE,5,5,0,5,3
paste the 3rd text,paste,text,NONE,NONE,NONE,3rd,6,9,0,0,2
remove blue button,delete,button,blue,NONE,NONE,NONE,3,1,2,0,3
scroll down to menu above the checkout,scroll,menu,NONE,above,checkout,NONE,7,6,0,1,3
tap on button,tap,button,NONE,NONE,NONE,NONE,8,1,0,0,3
launch green button,open,button,green,NONE,NONE,NONE,5,1,4,0,3
press and hold image next to the login,long-press,image,NONE,next_to,login,NONE,4,4,0,4,3
paste yellow text next to the cart,paste,text,yellow,next_to,cart,NONE,6,9,10,4,3
launch the 3rd purple icon,open,icon,purple,NONE,NONE,3rd,5,3,7,0,2
paste the last text to the left of the home,paste,text,NONE,left_of,home,last,6,9,0,3,4
paste text,paste,text,NONE,NONE,NONE,NONE,6,9,0,0,3
scroll to purple menu below the help,scroll,menu,purple,below,help,NONE,7,6,7,2,3
copy the 2nd text next to the login,copy,text,NONE,next_to,login,2nd,2,9,0,4,1
open link below the checkout,open,link,NONE,below,checkout,NONE,5,5,0,2,3
click on the 3rd blue checkbox to the left of the first email,click,checkbox,blue,left_of,first email,3rd,1,2,2,3,2
scroll down to the 1st red text above the menu,scroll,text,red,above,menu,1st,7,9,8,1,0
long-press button,long-press,button,NONE,NONE,NONE,NONE,4,1,0,0,3
open tab above the home,open,tab,NONE,above,home,NONE,5,8,0,1,3
trash button next to the settings,delete,button,NONE,next_to,settings,NONE,3,1,0,4,3
scroll to text above the home,scroll,text,NONE,above,home,NONE,7,9,0,1,3
open tab to the right of the settings,open,tab,NONE,right_of,settings,NONE,5,8,0,5,3
tap on blue tab,tap,tab,blue,NONE,NONE,NONE,8,8,2,0,3
delete text,delete,text,NONE,NONE,NONE,NONE,3,9,0,0,3
paste red text above the help,paste,text,red,above,help,NONE,6,9,8,1,3
paste the 2nd text to the left of the first email,paste,text,NONE,left_of,first email,2nd,6,9,0,3,1
tap link,tap,link,NONE,NONE,NONE,NONE,8,5,0,0,3
copy text,copy,text,NONE,NONE,NONE,NONE,2,9,0,0,3
paste the 3rd purple text,paste,text,purple,NONE,NONE,3rd,6,9,7,0,2
long-press the 3rd white icon,long-press,icon,white,NONE,NONE,3rd,4,3,9,0,2
press and hold image to the right of the cart,long-press,image,NONE,right_of,cart,NONE,4,4,0,5,3
scroll down to text above the menu,scroll,text,NONE,above,menu,NONE,7,9,0,1,3
long-press icon to the right of the wi-fi,long-press,icon,NONE,right_of,wi-fi,NONE,4,3,0,5,3
tap button above the last item,tap,button,NONE,above,last item,NONE,8,1,0,1,3
press and hold image above the last item,long-press,image,NONE,above,last item,NONE,4,4,0,1,3
tap on button above the search,tap,button,NONE,above,search,NONE,8,1,0,1,3
scroll down to tab to the right of the notifications,scroll,tab,NONE,right_of,notifications,NONE,7,8,0,5,3
open icon,open,icon,NONE,NONE,NONE,NONE,5,3,0,0,3
launch red icon,open,icon,red,NONE,NONE,NONE,5,3,8,0,3
remove green text to the right of the cart,delete,text,green,right_of,cart,NONE,3,9,4,5,3
tap on link,tap,link,NONE,NONE,NONE,NONE,8,5,0,0,3
tap on link,tap,link,NONE,NONE,NONE,NONE,8,5,0,0,3
tap link,tap,link,NONE,NONE,NONE,NONE,8,5,0,0,3
paste the last text above the menu,paste,text,NONE,above,menu,last,6,9,0,1,4
copy text,copy,text,NONE,NONE,NONE,NONE,2,9,0,0,3
launch the 3rd link to the right of the login,open,link,NONE,right_of,login,3rd,5,5,0,5,2
tap button below the first email,tap,button,NONE,below,first email,NONE,8,1,0,2,3
press tab to the right of the payment,click,tab,NONE,right_of,payment,NONE,1,8,0,5,3
scroll to text above the menu,scroll,text,NONE,above,menu,NONE,7,9,0,1,3
select text,click,text,NONE,NONE,NONE,NONE,1,9,0,0,3
paste text to the right of the last item,paste,text,NONE,right_of,last item,NONE,6,9,0,5,3
press and hold icon,long-press,icon,NONE,NONE,NONE,NONE,4,3,0,0,3
open link above the payment,open,link,NONE,above,payment,NONE,5,5,0,1,3
tap switch to the right of the payment,tap,switch,NONE,right_of,payment,NONE,8,7,0,5,3
press blue image to the left of the checkout,click,image,blue,left_of,checkout,NONE,1,4,2,3,3
press and hold image,long-press,image,NONE,NONE,NONE,NONE,4,4,0,0,3
select purple tab below the last item,click,tab,purple,below,last item,NONE,1,8,7,2,3
copy orange text,copy,text,orange,NONE,NONE,NONE,2,9,5,0,3
long-press text next to the login,long-press,text,NONE,next_to,login,NONE,4,9,0,4,3
scroll down to tab next to the settings,scroll,tab,NONE,next_to,settings,NONE,7,8,0,4,3
trash the 3rd yellow button to the left of the menu,delete,button,yellow,left_of,menu,3rd,3,1,10,3,2
delete blue image next to the wi-fi,delete,image,blue,next_to,wi-fi,NONE,3,4,2,4,3
press pink button to the left of the first email,click,button,pink,left_of,first email,NONE,1,1,6,3,3
tap link,tap,link,NONE,NONE,NONE,NONE,8,5,0,0,3
tap on button,tap,button,NONE,NONE,NONE,NONE,8,1,0,0,3
open button,open,button,NONE,NONE,NONE,NONE,5,1,0,0,3
paste text,paste,text,NONE,NONE,NONE,NONE,6,9,0,0,3
select text to the right of the login,click,text,NONE,right_of,login,NONE,1,9,0,5,3
long-press text to the right of the address,long-press,text,NONE,right_of,address,NONE,4,9,0,5,3
launch purple tab,open,tab,purple,NONE,NONE,NONE,5,8,7,0,3
long-press button to the left of the first email,long-press,button,NONE,left_of,first email,NONE,4,1,0,3,3
tap red checkbox to the left of the search,tap,checkbox,red,left_of,search,NONE,8,2,8,3,3
delete the 3rd button next to the settings,delete,button,NONE,next_to,settings,3rd,3,1,0,4,2
press and hold image below the wi-fi,long-press,image,NONE,below,wi-fi,NONE,4,4,0,2,3
copy green text above the settings,copy,text,green,above,settings,NONE,2,9,4,1,3
copy orange text next to the login,copy,text,orange,next_to,login,NONE,2,9,5,4,3
scroll down to the 1st black tab to the left of the search,scroll,tab,black,left_of,search,1st,7,8,1,3,0
launch the 3rd black icon next to the last item,open,icon,black,next_to,last item,3rd,5,3,1,4,2
paste the 3rd text,paste,text,NONE,NONE,NONE,3rd,6,9,0,0,2
paste text,paste,text,NONE,NONE,NONE,NONE,6,9,0,0,3
launch menu to the left of the menu,open,menu,NONE,left_of,menu,NONE,5,6,0,3,3
paste red text next to the notifications,paste,text,red,next_to,notifications,NONE,6,9,8,4,3
remove button next to the checkout,delete,button,NONE,next_to,checkout,NONE,3,1,0,4,3
scroll to tab,scroll,tab,NONE,NONE,NONE,NONE,7,8,0,0,3
paste text,paste,text,NONE,NONE,NONE,NONE,6,9,0,0,3
launch tab below the payment,open,tab,NONE,below,payment,NONE,5,8,0,2,3
tap on switch above the cart,tap,switch,NONE,above,cart,NONE,8,7,0,1,3
press and hold icon next to the notifications,long-press,icon,NONE,next_to,notifications,NONE,4,3,0,4,3
tap checkbox,tap,checkbox,NONE,NONE,NONE,NONE,8,2,0,0,3
scroll to the 3rd tab to the left of the wi-fi,scroll,tab,NONE,left_of,wi-fi,3rd,7,8,0,3,2
open black tab,open,tab,black,NONE,NONE,NONE,5,8,1,0,3
scroll to tab to the right of the last item,scroll,tab,NONE,right_of,last item,NONE,7,8,0,5,3
select button above the first email,click,button,NONE,above,first email,NONE,1,1,0,1,3
open icon,open,icon,NONE,NONE,NONE,NONE,5,3,0,0,3
press the 3rd green image,click,image,green,NONE,NONE,3rd,1,4,4,0,2
scroll to text to the right of the first email,scroll,text,NONE,right_of,first email,NONE,7,9,0,5,3
copy text,copy,text,NONE,NONE,NONE,NONE,2,9,0,0,3
copy the last text to the left of the checkout,copy,text,NONE,left_of,checkout,last,2,9,0,3,4
long-press the 1st white icon below the checkout,long-press,icon,white,below,checkout,1st,4,3,9,2,0
launch button below the wi-fi,open,button,NONE,below,wi-fi,NONE,5,1,0,2,3
scroll down to menu below the home,scroll,menu,NONE,below,home,NONE,7,6,0,2,3
launch white icon next to the cart,open,icon,white,next_to,cart,NONE,5,3,9,4,3
copy text,copy,text,NONE,NONE,NONE,NONE,2,9,0,0,3
open button,open,button,NONE,NONE,NONE,NONE,5,1,0,0,3
scroll down to menu,scroll,menu,NONE,NONE,NONE,NONE,7,6,0,0,3
tap the 1st icon to the right of the payment,tap,icon,NONE,right_of,payment,1st,8,3,0,5,0
copy white text to the left of the last item,copy,text,white,left_of,last item,NONE,2,9,9,3,3
tap the 2nd orange button,tap,button,orange,NONE,NONE,2nd,8,1,5,0,1
remove green image to the left of the home,delete,image,green,left_of,home,NONE,3,4,4,3,3
copy white text to the left of the help,copy,text,white,left_of,help,NONE,2,9,9,3,3
scroll down to gray text,scroll,text,gray,NONE,NONE,NONE,7,9,3,0,3
scroll to text to the left of the last item,scroll,text,NONE,left_of,last item,NONE,7,9,0,3,3
tap on button to the right of the login,tap,button,NONE,right_of,login,NONE,8,1,0,5,3
long-press the last purple button to the left of the home,long-press,button,purple,left_of,home,last,4,1,7,3,4
remove orange button below the cart,delete,button,orange,below,cart,NONE,3,1,5,2,3
launch the 3rd menu,open,menu,NONE,NONE,NONE,3rd,5,6,0,0,2
copy text,copy,text,NONE,NONE,NONE,NONE,2,9,0,0,3
launch white icon,open,icon,white,NONE,NONE,NONE,5,3,9,0,3
click on text next to the login,click,text,NONE,next_to,login,NONE,1,9,0,4,3
open the last pink tab to the left of the login,open,tab,pink,left_of,login,last,5,8,6,3,4
remove image to the left of the payment,delete,image,NONE,left_of,payment,NONE,3,4,0,3,3
copy text next to the first email,copy,text,NONE,next_to,first email,NONE,2,9,0,4,3
launch gray tab to the right of the help,open,tab,gray,right_of,help,NONE,5,8,3,5,3
press and hold the 2nd image,long-press,image,NONE,NONE,NONE,2nd,4,4,0,0,1
copy pink text to the left of the settings,copy,text,pink,left_of,settings,NONE,2,9,6,3,3
scroll to tab above the last item,scroll,tab,NONE,above,last item,NONE,7,8,0,1,3
long-press pink image to the right of the help,long-press,image,pink,right_of,help,NONE,4,4,6,5,3
delete image,delete,image,NONE,NONE,NONE,NONE,3,4,0,0,3
select the 1st yellow checkbox above the first email,click,checkbox,yellow,above,first email,1st,1,2,10,1,0
long-press text next to the first email,long-press,text,NONE,next_to,first email,NONE,4,9,0,4,3
copy blue text to the left of the last item,copy,text,blue,left_of,last item,NONE,2,9,2,3,3
scroll to red menu above the first email,scroll,menu,red,above,first email,NONE,7,6,8,1,3
scroll down to menu to the right of the login,scroll,menu,NONE,right_of,login,NONE,7,6,0,5,3
tap on tab above the payment,tap,tab,NONE,above,payment,NONE,8,8,0,1,3
tap checkbox,tap,checkbox,NONE,NONE,NONE,NONE,8,2,0,0,3
long-press text,long-press,text,NONE,NONE,NONE,NONE,4,9,0,0,3
open pink menu above the cart,open,menu,pink,above,cart,NONE,5,6,6,1,3
press and hold the 2nd image,long-press,image,NONE,NONE,NONE,2nd,4,4,0,0,1
paste the 3rd text,paste,text,NONE,NONE,NONE,3rd,6,9,0,0,2
tap on the 1st checkbox next to the cart,tap,checkbox,NONE,next_to,cart,1st,8,2,0,4,0
scroll to text,scroll,text,NONE,NONE,NONE,NONE,7,9,0,0,3
copy the 3rd text to the left of the settings,copy,text,NONE,left_of,settings,3rd,2,9,0,3,2
copy the 3rd text below the checkout,copy,text,NONE,below,checkout,3rd,2,9,0,2,2
scroll down to gray tab to the left of the notifications,scroll,tab,gray,left_of,notifications,NONE,7,8,3,3,3
remove the 1st text above the wi-fi,delete,text,NONE,above,wi-fi,1st,3,9,0,1,0
launch the 3rd icon,open,icon,NONE,NONE,NONE,3rd,5,3,0,0,2
open the 3rd menu to the left of the first email,open,menu,NONE,left_of,first email,3rd,5,6,0,3,2
long-press image to the right of the wi-fi,long-press,image,NONE,right_of,wi-fi,NONE,4,4,0,5,3
scroll to the last menu to the right of the menu,scroll,menu,NONE,right_of,menu,last,7,6,0,5,4
open button next to the cart,open,button,NONE,next_to,cart,NONE,5,1,0,4,3
remove button next to the search,delete,button,NONE,next_to,search,NONE,3,1,0,4,3
press the 1st yellow tab,click,tab,yellow,NONE,NONE,1st,1,8,10,0,0
press and hold icon to the right of the search,long-press,icon,NONE,right_of,search,NONE,4,3,0,5,3
click on the last yellow tab,click,tab,yellow,NONE,NONE,last,1,8,10,0,4
tap purple switch,tap,switch,purple,NONE,NONE,NONE,8,7,7,0,3
trash the 2nd gray text above the first email,delete,text,gray,above,first email,2nd,3,9,3,1,1
scroll down to the 3rd blue menu,scroll,menu,blue,NONE,NONE,3rd,7,6,2,0,2
tap on the 3rd tab next to the search,tap,tab,NONE,next_to,search,3rd,8,8,0,4,2
paste the 3rd text to the left of the profile,paste,text,NONE,left_of,profile,3rd,6,9,0,3,2
tap switch to the left of the help,tap,switch,NONE,left_of,help,NONE,8,7,0,3,3
scroll to red text to the left of the payment,scroll,text,red,left_of,payment,NONE,7,9,8,3,3
launch link to the left of the profile,open,link,NONE,left_of,profile,NONE,5,5,0,3,3
scroll down to the 1st orange text to the right of the first email,scroll,text,orange,right_of,first email,1st,7,9,5,5,0
copy gray text to the left of the checkout,copy,text,gray,left_of,checkout,NONE,2,9,3,3,3
scroll down to menu,scroll,menu,NONE,NONE,NONE,NONE,7,6,0,0,3
tap on yellow link below the address,tap,link,yellow,below,address,NONE,8,5,10,2,3
copy text,copy,text,NONE,NONE,NONE,NONE,2,9,0,0,3
trash gray button below the settings,delete,button,gray,below,settings,NONE,3,1,3,2,3
paste text to the right of the login,paste,text,NONE,right_of,login,NONE,6,9,0,5,3
long-press the 2nd green image above the first email,long-press,image,green,above,first email,2nd,4,4,4,1,1
tap link below the cart,tap,link,NONE,below,cart,NONE,8,5,0,2,3
paste text,paste,text,NONE,NONE,NONE,NONE,6,9,0,0,3
scroll to the 1st tab,scroll,tab,NONE,NONE,NONE,1st,7,8,0,0,0
select checkbox next to the search,click,checkbox,NONE,next_to,search,NONE,1,2,0,4,3
press link,click,link,NONE,NONE,NONE,NONE,1,5,0,0,3
paste yellow text to the right of the menu,paste,text,yellow,right_of,menu,NONE,6,9,10,5,3
tap on the 1st tab below the notifications,tap,tab,NONE,below,notifications,1st,8,8,0,2,0
trash the 2nd yellow image,delete,image,yellow,NONE,NONE,2nd,3,4,10,0,1
scroll down to the last tab next to the first email,scroll,tab,NONE,next_to,first email,last,7,8,0,4,4
long-press green image to the right of the notifications,long-press,image,green,right_of,notifications,NONE,4,4,4,5,3
tap green link above the checkout,tap,link,green,above,checkout,NONE,8,5,4,1,3
press and hold purple button,long-press,button,purple,NONE,NONE,NONE,4,1,7,0,3
paste text,paste,text,NONE,NONE,NONE,NONE,6,9,0,0,3
scroll down to the last orange tab,scroll,tab,orange,NONE,NONE,last,7,8,5,0,4
press and hold the 3rd button to the right of the search,long-press,button,NONE,right_of,search,3rd,4,1,0,5,2
paste the 2nd black text,paste,text,black,NONE,NONE,2nd,6,9,1,0,1
launch the 3rd red icon,open,icon,red,NONE,NONE,3rd,5,3,8,0,2
open pink tab above the settings,open,tab,pink,above,settings,NONE,5,8,6,1,3
press and hold the 3rd pink image above the profile,long-press,image,pink,above,profile,3rd,4,4,6,1,2
tap icon to the left of the address,tap,icon,NONE,left_of,address,NONE,8,3,0,3,3
paste text,paste,text,NONE,NONE,NONE,NONE,6,9,0,0,3
paste the 2nd yellow text above the last item,paste,text,yellow,above,last item,2nd,6,9,10,1,1
paste the 1st text,paste,text,NONE,NONE,NONE,1st,6,9,0,0,0
launch button to the right of the first email,open,button,NONE,right_of,first email,NONE,5,1,0,5,3
press checkbox below the search,click,checkbox,NONE,below,search,NONE,1,2,0,2,3
paste text to the right of the address,paste,text,NONE,right_of,address,NONE,6,9,0,5,3
launch black tab next to the payment,open,tab,black,next_to,payment,NONE,5,8,1,4,3
copy text above the payment,copy,text,NONE,above,payment,NONE,2,9,0,1,3
select link to the right of the profile,click,link,NONE,right_of,profile,NONE,1,5,0,5,3
open pink menu,open,menu,pink,NONE,NONE,NONE,5,6,6,0,3
launch the 3rd red button below the address,open,button,red,below,address,3rd,5,1,8,2,2
launch the 1st red icon next to the profile,open,icon,red,next_to,profile,1st,5,3,8,4,0
press and hold the 2nd text,long-press,text,NONE,NONE,NONE,2nd,4,9,0,0,1
press and hold button,long-press,button,NONE,NONE,NONE,NONE,4,1,0,0,3
scroll to blue tab to the left of the checkout,scroll,tab,blue,left_of,checkout,NONE,7,8,2,3,3
press the last blue tab to the left of the payment,click,tab,blue,left_of,payment,last,1,8,2,3,4
trash yellow image next to the wi-fi,delete,image,yellow,next_to,wi-fi,NONE,3,4,10,4,3
click button to the left of the login,click,button,NONE,left_of,login,NONE,1,1,0,3,3
open green link to the right of the settings,open,link,green,right_of,settings,NONE,5,5,4,5,3
paste text,paste,text,NONE,NONE,NONE,NONE,6,9,0,0,3
launch menu,open,menu,NONE,NONE,NONE,NONE,5,6,0,0,3
tap orange tab,tap,tab,orange,NONE,NONE,NONE,8,8,5,0,3
press and hold red icon,long-press,icon,red,NONE,NONE,NONE,4,3,8,0,3
press image above the search,click,image,NONE,above,search,NONE,1,4,0,1,3
delete text above the profile,delete,text,NONE,above,profile,NONE,3,9,0,1,3
copy the 3rd black text to the left of the cart,copy,text,black,left_of,cart,3rd,2,9,1,3,2
paste the 1st text to the right of the login,paste,text,NONE,right_of,login,1st,6,9,0,5,0
launch button,open,button,NONE,NONE,NONE,NONE,5,1,0,0,3
paste text above the cart,paste,text,NONE,above,cart,NONE,6,9,0,1,3
tap on the 3rd blue checkbox to the left of the address,tap,checkbox,blue,left_of,address,3rd,8,2,2,3,2
remove button next to the first email,delete,button,NONE,next_to,first email,NONE,3,1,0,4,3
copy the 1st black text,copy,text,black,NONE,NONE,1st,2,9,1,0,0
paste pink text below the last item,paste,text,pink,below,last item,NONE,6,9,6,2,3
select black link above the search,click,link,black,above,search,NONE,1,5,1,1,3
launch button to the left of the wi-fi,open,button,NONE,left_of,wi-fi,NONE,5,1,0,3,3
click orange link above the menu,click,link,orange,above,menu,NONE,1,5,5,1,3
scroll down to the 2nd text,scroll,text,NONE,NONE,NONE,2nd,7,9,0,0,1
delete text above the address,delete,text,NONE,above,address,NONE,3,9,0,1,3
scroll to menu to the left of the checkout,scroll,menu,NONE,left_of,checkout,NONE,7,6,0,3,3
long-press orange button,long-press,button,orange,NONE,NONE,NONE,4,1,5,0,3
tap gray switch to the right of the search,tap,switch,gray,right_of,search,NONE,8,7,3,5,3
copy the 2nd pink text next to the last item,copy,text,pink,next_to,last item,2nd,2,9,6,4,1
press and hold green icon to the left of the login,long-press,icon,green,left_of,login,NONE,4,3,4,3,3
long-press button next to the payment,long-press,button,NONE,next_to,payment,NONE,4,1,0,4,3
tap on tab to the right of the home,tap,tab,NONE,right_of,home,NONE,8,8,0,5,3
open the 2nd blue tab,open,tab,blue,NONE,NONE,2nd,5,8,2,0,1
copy red text next to the home,copy,text,red,next_to,home,NONE,2,9,8,4,3
click on yellow image,click,image,yellow,NONE,NONE,NONE,1,4,10,0,3
long-press purple button to the left of the first email,long-press,button,purple,left_of,first email,NONE,4,1,7,3,3
long-press the 3rd button above the last item,long-press,button,NONE,above,last item,3rd,4,1,0,1,2
scroll down to tab to the left of the login,scroll,tab,NONE,left_of,login,NONE,7,8,0,3,3
copy the 2nd blue text above the checkout,copy,text,blue,above,checkout,2nd,2,9,2,1,1
delete text,delete,text,NONE,NONE,NONE,NONE,3,9,0,0,3
scroll to text to the right of the payment,scroll,text,NONE,right_of,payment,NONE,7,9,0,5,3
tap link,tap,link,NONE,NONE,NONE,NONE,8,5,0,0,3
scroll down to menu,scroll,menu,NONE,NONE,NONE,NONE,7,6,0,0,3
scroll down to text to the right of the profile,scroll,text,NONE,right_of,profile,NONE,7,9,0,5,3
scroll down to text to the right of the first email,scroll,text,NONE,right_of,first email,NONE,7,9,0,5,3
tap switch to the left of the last item,tap,switch,NONE,left_of,last item,NONE,8,7,0,3,3
paste text to the right of the wi-fi,paste,text,NONE,right_of,wi-fi,NONE,6,9,0,5,3
click checkbox below the first email,click,checkbox,NONE,below,first email,NONE,1,2,0,2,3
delete button next to the home,delete,button,NONE,next_to,home,NONE,3,1,0,4,3
press and hold the 1st text,long-press,text,NONE,NONE,NONE,1st,4,9,0,0,0
tap on blue button to the left of the cart,tap,button,blue,left_of,cart,NONE,8,1,2,3,3
click on text above the cart,click,text,NONE,above,cart,NONE,1,9,0,1,3
trash text to the right of the search,delete,text,NONE,right_of,search,NONE,3,9,0,5,3
delete button,delete,button,NONE,NONE,NONE,NONE,3,1,0,0,3
paste red text next to the settings,paste,text,red,next_to,settings,NONE,6,9,8,4,3
copy text next to the profile,copy,text,NONE,next_to,profile,NONE,2,9,0,4,3
open link to the left of the first email,open,link,NONE,left_of,first email,NONE,5,5,0,3,3
select orange icon,click,icon,orange,NONE,NONE,NONE,1,3,5,0,3
launch icon to the left of the menu,open,icon,NONE,left_of,menu,NONE,5,3,0,3,3
trash image to the right of the payment,delete,image,NONE,right_of,payment,NONE,3,4,0,5,3
click blue checkbox,click,checkbox,blue,NONE,NONE,NONE,1,2,2,0,3
long-press icon,long-press,icon,NONE,NONE,NONE,NONE,4,3,0,0,3
press the 3rd text,click,text,NONE,NONE,NONE,3rd,1,9,0,0,2
launch icon,open,icon,NONE,NONE,NONE,NONE,5,3,0,0,3
open icon below the first email,open,icon,NONE,below,first email,NONE,5,3,0,2,3
long-press image to the right of the home,long-press,image,NONE,right_of,home,NONE,4,4,0,5,3
paste yellow text next to the search,paste,text,yellow,next_to,search,NONE,6,9,10,4,3
paste text to the left of the notifications,paste,text,NONE,left_of,notifications,NONE,6,9,0,3,3
launch pink icon to the right of the profile,open,icon,pink,right_of,profile,NONE,5,3,6,5,3
scroll to green text,scroll,text,green,NONE,NONE,NONE,7,9,4,0,3
paste text,paste,text,NONE,NONE,NONE,NONE,6,9,0,0,3
copy text,copy,text,NONE,NONE,NONE,NONE,2,9,0,0,3
open icon,open,icon,NONE,NONE,NONE,NONE,5,3,0,0,3
open pink tab to the right of the checkout,open,tab,pink,right_of,checkout,NONE,5,8,6,5,3
scroll to tab,scroll,tab,NONE,NONE,NONE,NONE,7,8,0,0,3
trash pink button below the profile,delete,button,pink,below,profile,NONE,3,1,6,2,3
long-press the last gray text below the notifications,long-press,text,gray,below,notifications,last,4,9,3,2,4
paste the 3rd text,paste,text,NONE,NONE,NONE,3rd,6,9,0,0,2
select link to the left of the notifications,click,link,NONE,left_of,notifications,NONE,1,5,0,3,3
launch green link,open,link,green,NONE,NONE,NONE,5,5,4,0,3
launch menu below the profile,open,menu,NONE,below,profile,NONE,5,6,0,2,3
remove button,delete,button,NONE,NONE,NONE,NONE,3,1,0,0,3
scroll down to menu,scroll,menu,NONE,NONE,NONE,NONE,7,6,0,0,3
scroll to the last menu,scroll,menu,NONE,NONE,NONE,last,7,6,0,0,4
launch button next to the profile,open,button,NONE,next_to,profile,NONE,5,1,0,4,3
copy text,copy,text,NONE,NONE,NONE,NONE,2,9,0,0,3
delete text,delete,text,NONE,NONE,NONE,NONE,3,9,0,0,3
scroll to menu,scroll,menu,NONE,NONE,NONE,NONE,7,6,0,0,3
paste the 3rd purple text next to the last item,paste,text,purple,next_to,last item,3rd,6,9,7,4,2
scroll to menu above the settings,scroll,menu,NONE,above,settings,NONE,7,6,0,1,3
copy text below the wi-fi,copy,text,NONE,below,wi-fi,NONE,2,9,0,2,3
scroll down to the 1st menu next to the menu,scroll,menu,NONE,next_to,menu,1st,7,6,0,4,0
tap on green icon above the profile,tap,icon,green,above,profile,NONE,8,3,4,1,3
copy text to the right of the home,copy,text,NONE,right_of,home,NONE,2,9,0,5,3
press switch next to the address,click,switch,NONE,next_to,address,NONE,1,7,0,4,3
long-press blue button to the right of the checkout,long-press,button,blue,right_of,checkout,NONE,4,1,2,5,3
paste text to the left of the last item,paste,text,NONE,left_of,last item,NONE,6,9,0,3,3
copy the 3rd orange text,copy,text,orange,NONE,NONE,3rd,2,9,5,0,2
open button above the menu,open,button,NONE,above,menu,NONE,5,1,0,1,3
paste text next to the home,paste,text,NONE,next_to,home,NONE,6,9,0,4,3
copy blue text to the right of the home,copy,text,blue,right_of,home,NONE,2,9,2,5,3
tap blue link below the search,tap,link,blue,below,search,NONE,8,5,2,2,3
copy text to the left of the address,copy,text,NONE,left_of,address,NONE,2,9,0,3,3
remove image to the left of the last item,delete,image,NONE,left_of,last item,NONE,3,4,0,3,3
long-press pink icon,long-press,icon,pink,NONE,NONE,NONE,4,3,6,0,3
tap on tab below the payment,tap,tab,NONE,below,payment,NONE,8,8,0,2,3
copy text below the help,copy,text,NONE,below,help,NONE,2,9,0,2,3
long-press black text,long-press,text,black,NONE,NONE,NONE,4,9,1,0,3
tap on orange switch below the settings,tap,switch,orange,below,settings,NONE,8,7,5,2,3
tap on link above the help,tap,link,NONE,above,help,NONE,8,5,0,1,3
open tab,open,tab,NONE,NONE,NONE,NONE,5,8,0,0,3
tap on purple link to the left of the home,tap,link,purple,left_of,home,NONE,8,5,7,3,3
open pink icon,open,icon,pink,NONE,NONE,NONE,5,3,6,0,3
trash image below the profile,delete,image,NONE,below,profile,NONE,3,4,0,2,3
tap pink link to the left of the payment,tap,link,pink,left_of,payment,NONE,8,5,6,3,3
copy text below the address,copy,text,NONE,below,address,NONE,2,9,0,2,3
tap button,tap,button,NONE,NONE,NONE,NONE,8,1,0,0,3
remove button,delete,button,NONE,NONE,NONE,NONE,3,1,0,0,3
long-press text above the first email,long-press,text,NONE,above,first email,NONE,4,9,0,1,3
click on black switch,click,switch,black,NONE,NONE,NONE,1,7,1,0,3
launch link to the right of the home,open,link,NONE,right_of,home,NONE,5,5,0,5,3
copy the 2nd text to the right of the menu,copy,text,NONE,right_of,menu,2nd,2,9,0,5,1
copy the 1st purple text next to the search,copy,text,purple,next_to,search,1st,2,9,7,4,0
scroll to text,scroll,text,NONE,NONE,NONE,NONE,7,9,0,0,3
delete image to the left of the profile,delete,image,NONE,left_of,profile,NONE,3,4,0,3,3
press and hold white button next to the login,long-press,button,white,next_to,login,NONE,4,1,9,4,3
delete the last button next to the cart,delete,button,NONE,next_to,cart,last,3,1,0,4,4
click on the 1st black link next to the settings,click,link,black,next_to,settings,1st,1,5,1,4,0
open tab to the left of the login,open,tab,NONE,left_of,login,NONE,5,8,0,3,3
launch white menu,open,menu,white,NONE,NONE,NONE,5,6,9,0,3
press image,click,image,NONE,NONE,NONE,NONE,1,4,0,0,3
delete purple image above the cart,delete,image,purple,above,cart,NONE,3,4,7,1,3
click on button to the left of the login,click,button,NONE,left_of,login,NONE,1,1,0,3,3
copy the 3rd gray text to the left of the last item,copy,text,gray,left_of,last item,3rd,2,9,3,3,2
click black link to the right of the home,click,link,black,right_of,home,NONE,1,5,1,5,3
paste yellow text to the right of the cart,paste,text,yellow,right_of,cart,NONE,6,9,10,5,3
copy text to the left of the cart,copy,text,NONE,left_of,cart,NONE,2,9,0,3,3
scroll to menu below the home,scroll,menu,NONE,below,home,NONE,7,6,0,2,3
press icon,click,icon,NONE,NONE,NONE,NONE,1,3,0,0,3
trash image,delete,image,NONE,NONE,NONE,NONE,3,4,0,0,3
paste text,paste,text,NONE,NONE,NONE,NONE,6,9,0,0,3
paste text above the menu,paste,text,NONE,above,menu,NONE,6,9,0,1,3
launch the last tab,open,tab,NONE,NONE,NONE,last,5,8,0,0,4
trash text,delete,text,NONE,NONE,NONE,NONE,3,9,0,0,3
launch the 2nd tab above the payment,open,tab,NONE,above,payment,2nd,5,8,0,1,1
launch the 2nd tab below the home,open,tab,NONE,below,home,2nd,5,8,0,2,1
copy the 2nd purple text below the cart,copy,text,purple,below,cart,2nd,2,9,7,2,1
paste text to the right of the profile,paste,text,NONE,right_of,profile,NONE,6,9,0,5,3
tap icon,tap,icon,NONE,NONE,NONE,NONE,8,3,0,0,3
scroll down to the 3rd green menu above the search,scroll,menu,green,above,search,3rd,7,6,4,1,2
press the last green switch below the profile,click,switch,green,below,profile,last,1,7,4,2,4
press and hold icon above the cart,long-press,icon,NONE,above,cart,NONE,4,3,0,1,3
remove the 2nd gray image below the wi-fi,delete,image,gray,below,wi-fi,2nd,3,4,3,2,1
long-press orange text above the login,long-press,text,orange,above,login,NONE,4,9,5,1,3
paste yellow text,paste,text,yellow,NONE,NONE,NONE,6,9,10,0,3
open menu to the right of the payment,open,menu,NONE,right_of,payment,NONE,5,6,0,5,3
remove red image next to the help,delete,image,red,next_to,help,NONE,3,4,8,4,3
open tab next to the notifications,open,tab,NONE,next_to,notifications,NONE,5,8,0,4,3
paste the 1st text to the right of the address,paste,text,NONE,right_of,address,1st,6,9,0,5,0
long-press purple text,long-press,text,purple,NONE,NONE,NONE,4,9,7,0,3
scroll to the 2nd gray tab above the address,scroll,tab,gray,above,address,2nd,7,8,3,1,1
paste blue text below the address,paste,text,blue,below,address,NONE,6,9,2,2,3
paste text next to the wi-fi,paste,text,NONE,next_to,wi-fi,NONE,6,9,0,4,3
paste text to the right of the home,paste,text,NONE,right_of,home,NONE,6,9,0,5,3
open orange tab next to the cart,open,tab,orange,next_to,cart,NONE,5,8,5,4,3
remove purple button above the first email,delete,button,purple,above,first email,NONE,3,1,7,1,3
press and hold the 3rd yellow button,long-press,button,yellow,NONE,NONE,3rd,4,1,10,0,2
remove image below the notifications,delete,image,NONE,below,notifications,NONE,3,4,0,2,3
press icon to the right of the cart,click,icon,NONE,right_of,cart,NONE,1,3,0,5,3
long-press icon,long-press,icon,NONE,NONE,NONE,NONE,4,3,0,0,3
tap link above the settings,tap,link,NONE,above,settings,NONE,8,5,0,1,3
copy yellow text to the right of the menu,copy,text,yellow,right_of,menu,NONE,2,9,10,5,3
copy text to the left of the home,copy,text,NONE,left_of,home,NONE,2,9,0,3,3
open menu to the right of the wi-fi,open,menu,NONE,right_of,wi-fi,NONE,5,6,0,5,3
copy text,copy,text,NONE,NONE,NONE,NONE,2,9,0,0,3
paste gray text,paste,text,gray,NONE,NONE,NONE,6,9,3,0,3
tap switch next to the help,tap,switch,NONE,next_to,help,NONE,8,7,0,4,3
launch link to the right of the settings,open,link,NONE,right_of,settings,NONE,5,5,0,5,3
press and hold button,long-press,button,NONE,NONE,NONE,NONE,4,1,0,0,3
launch the last red menu to the right of the first email,open,menu,red,right_of,first email,last,5,6,8,5,4
delete button below the menu,delete,button,NONE,below,menu,NONE,3,1,0,2,3
press and hold text below the profile,long-press,text,NONE,below,profile,NONE,4,9,0,2,3
copy the last text to the left of the menu,copy,text,NONE,left_of,menu,last,2,9,0,3,4
click on icon to the left of the payment,click,icon,NONE,left_of,payment,NONE,1,3,0,3,3
scroll to menu below the home,scroll,menu,NONE,below,home,NONE,7,6,0,2,3
press and hold the last icon,long-press,icon,NONE,NONE,NONE,last,4,3,0,0,4
tap red button next to the menu,tap,button,red,next_to,menu,NONE,8,1,8,4,3
trash the 1st gray button,delete,button,gray,NONE,NONE,1st,3,1,3,0,0
tap on button above the wi-fi,tap,button,NONE,above,wi-fi,NONE,8,1,0,1,3
scroll to gray tab,scroll,tab,gray,NONE,NONE,NONE,7,8,3,0,3
press and hold the 2nd image next to the profile,long-press,image,NONE,next_to,profile,2nd,4,4,0,4,1
tap on link next to the help,tap,link,NONE,next_to,help,NONE,8,5,0,4,3
trash text next to the wi-fi,delete,text,NONE,next_to,wi-fi,NONE,3,9,0,4,3
paste the 2nd text below the search,paste,text,NONE,below,search,2nd,6,9,0,2,1
copy text to the right of the profile,copy,text,NONE,right_of,profile,NONE,2,9,0,5,3
long-press text,long-press,text,NONE,NONE,NONE,NONE,4,9,0,0,3
select switch,click,switch,NONE,NONE,NONE,NONE,1,7,0,0,3
trash text to the right of the checkout,delete,text,NONE,right_of,checkout,NONE,3,9,0,5,3
copy the 2nd red text above the login,copy,text,red,above,login,2nd,2,9,8,1,1
scroll down to text to the left of the profile,scroll,text,NONE,left_of,profile,NONE,7,9,0,3,3
long-press button,long-press,button,NONE,NONE,NONE,NONE,4,1,0,0,3
copy the 3rd text,copy,text,NONE,NONE,NONE,3rd,2,9,0,0,2
delete text below the home,delete,text,NONE,below,home,NONE,3,9,0,2,3
remove the 1st button above the search,delete,button,NONE,above,search,1st,3,1,0,1,0
paste the 3rd text below the notifications,paste,text,NONE,below,notifications,3rd,6,9,0,2,2
copy the 1st text to the right of the first email,copy,text,NONE,right_of,first email,1st,2,9,0,5,0
tap red link to the left of the first email,tap,link,red,left_of,first email,NONE,8,5,8,3,3
launch the 3rd menu to the right of the settings,open,menu,NONE,right_of,settings,3rd,5,6,0,5,2
press and hold pink text next to the address,long-press,text,pink,next_to,address,NONE,4,9,6,4,3
copy text to the left of the cart,copy,text,NONE,left_of,cart,NONE,2,9,0,3,3
launch the 2nd pink icon to the left of the wi-fi,open,icon,pink,left_of,wi-fi,2nd,5,3,6,3,1
scroll down to tab to the right of the home,scroll,tab,NONE,right_of,home,NONE,7,8,0,5,3
tap button,tap,button,NONE,NONE,NONE,NONE,8,1,0,0,3
tap on button below the home,tap,button,NONE,below,home,NONE,8,1,0,2,3
paste text to the right of the address,paste,text,NONE,right_of,address,NONE,6,9,0,5,3
copy the 3rd text next to the profile,copy,text,NONE,next_to,profile,3rd,2,9,0,4,2
remove the last image next to the last item,delete,image,NONE,next_to,last item,last,3,4,0,4,4
copy the 3rd orange text below the home,copy,text,orange,below,home,3rd,2,9,5,2,2
tap on switch to the left of the menu,tap,switch,NONE,left_of,menu,NONE,8,7,0,3,3
scroll down to menu to the left of the payment,scroll,menu,NONE,left_of,payment,NONE,7,6,0,3,3
remove the 2nd text,delete,text,NONE,NONE,NONE,2nd,3,9,0,0,1
long-press image to the right of the settings,long-press,image,NONE,right_of,settings,NONE,4,4,0,5,3
open tab,open,tab,NONE,NONE,NONE,NONE,5,8,0,0,3
scroll to purple text,scroll,text,purple,NONE,NONE,NONE,7,9,7,0,3
copy blue text,copy,text,blue,NONE,NONE,NONE,2,9,2,0,3
launch the last tab to the right of the notifications,open,tab,NONE,right_of,notifications,last,5,8,0,5,4
scroll to green tab,scroll,tab,green,NONE,NONE,NONE,7,8,4,0,3
trash the 2nd gray text to the right of the notifications,delete,text,gray,right_of,notifications,2nd,3,9,3,5,1
delete orange button,delete,button,orange,NONE,NONE,NONE,3,1,5,0,3
launch white icon above the cart,open,icon,white,above,cart,NONE,5,3,9,1,3
open the 1st tab to the right of the checkout,open,tab,NONE,right_of,checkout,1st,5,8,0,5,0
remove yellow button,delete,button,yellow,NONE,NONE,NONE,3,1,10,0,3
delete button,delete,button,NONE,NONE,NONE,NONE,3,1,0,0,3
remove gray image below the settings,delete,image,gray,below,settings,NONE,3,4,3,2,3
press and hold the 2nd button,long-press,button,NONE,NONE,NONE,2nd,4,1,0,0,1
click on the 2nd blue image to the left of the settings,click,image,blue,left_of,settings,2nd,1,4,2,3,1
scroll to pink menu to the right of the search,scroll,menu,pink,right_of,search,NONE,7,6,6,5,3
copy the 1st purple text above the settings,copy,text,purple,above,settings,1st,2,9,7,1,0
press and hold image,long-press,image,NONE,NONE,NONE,NONE,4,4,0,0,3
tap icon below the wi-fi,tap,icon,NONE,below,wi-fi,NONE,8,3,0,2,3
select button,click,button,NONE,NONE,NONE,NONE,1,1,0,0,3
copy the last text to the right of the settings,copy,text,NONE,right_of,settings,last,2,9,0,5,4
remove text to the right of the address,delete,text,NONE,right_of,address,NONE,3,9,0,5,3
long-press text,long-press,text,NONE,NONE,NONE,NONE,4,9,0,0,3
tap on purple checkbox,tap,checkbox,purple,NONE,NONE,NONE,8,2,7,0,3
scroll to the 1st menu to the left of the checkout,scroll,menu,NONE,left_of,checkout,1st,7,6,0,3,0
remove blue image,delete,image,blue,NONE,NONE,NONE,3,4,2,0,3
scroll down to the 2nd green tab below the cart,scroll,tab,green,below,cart,2nd,7,8,4,2,1
copy pink text,copy,text,pink,NONE,NONE,NONE,2,9,6,0,3
paste green text above the payment,paste,text,green,above,payment,NONE,6,9,4,1,3
launch the 3rd link,open,link,NONE,NONE,NONE,3rd,5,5,0,0,2
tap on the 2nd black link to the right of the notifications,tap,link,black,right_of,notifications,2nd,8,5,1,5,1
copy green text,copy,text,green,NONE,NONE,NONE,2,9,4,0,3
delete button,delete,button,NONE,NONE,NONE,NONE,3,1,0,0,3
scroll to green menu next to the payment,scroll,menu,green,next_to,payment,NONE,7,6,4,4,3
click on the 1st purple link to the left of the help,click,link,purple,left_of,help,1st,1,5,7,3,0
long-press the 3rd pink image,long-press,image,pink,NONE,NONE,3rd,4,4,6,0,2
copy text to the left of the settings,copy,text,NONE,left_of,settings,NONE,2,9,0,3,3
copy gray text,copy,text,gray,NONE,NONE,NONE,2,9,3,0,3
delete purple button,delete,button,purple,NONE,NONE,NONE,3,1,7,0,3
paste the 3rd text,paste,text,NONE,NONE,NONE,3rd,6,9,0,0,2
copy text to the left of the address,copy,text,NONE,left_of,address,NONE,2,9,0,3,3
launch menu to the right of the checkout,open,menu,NONE,right_of,checkout,NONE,5,6,0,5,3
click link,click,link,NONE,NONE,NONE,NONE,1,5,0,0,3
long-press button,long-press,button,NONE,NONE,NONE,NONE,4,1,0,0,3
delete black text to the right of the checkout,delete,text,black,right_of,checkout,NONE,3,9,1,5,3
launch purple menu to the right of the settings,open,menu,purple,right_of,settings,NONE,5,6,7,5,3
press and hold blue text,long-press,text,blue,NONE,NONE,NONE,4,9,2,0,3
long-press icon to the left of the profile,long-press,icon,NONE,left_of,profile,NONE,4,3,0,3,3
tap switch below the settings,tap,switch,NONE,below,settings,NONE,8,7,0,2,3
long-press yellow text to the left of the last item,long-press,text,yellow,left_of,last item,NONE,4,9,10,3,3
delete image,delete,image,NONE,NONE,NONE,NONE,3,4,0,0,3
launch the 3rd red link next to the notifications,open,link,red,next_to,notifications,3rd,5,5,8,4,2
copy the 2nd text above the search,copy,text,NONE,above,search,2nd,2,9,0,1,1
click button,click,button,NONE,NONE,NONE,NONE,1,1,0,0,3
remove text above the payment,delete,text,NONE,above,payment,NONE,3,9,0,1,3
tap on green switch,tap,switch,green,NONE,NONE,NONE,8,7,4,0,3
tap black switch next to the settings,tap,switch,black,next_to,settings,NONE,8,7,1,4,3
copy text next to the search,copy,text,NONE,next_to,search,NONE,2,9,0,4,3
paste orange text,paste,text,orange,NONE,NONE,NONE,6,9,5,0,3
paste text,paste,text,NONE,NONE,NONE,NONE,6,9,0,0,3
scroll down to menu below the address,scroll,menu,NONE,below,address,NONE,7,6,0,2,3
copy text,copy,text,NONE,NONE,NONE,NONE,2,9,0,0,3
scroll to text next to the login,scroll,text,NONE,next_to,login,NONE,7,9,0,4,3
press the 3rd orange switch to the left of the payment,click,switch,orange,left_of,payment,3rd,1,7,5,3,2
remove the last yellow image,delete,image,yellow,NONE,NONE,last,3,4,10,0,4
copy black text,copy,text,black,NONE,NONE,NONE,2,9,1,0,3
remove button,delete,button,NONE,NONE,NONE,NONE,3,1,0,0,3
tap button,tap,button,NONE,NONE,NONE,NONE,8,1,0,0,3
open the 1st button next to the search,open,button,NONE,next_to,search,1st,5,1,0,4,0
copy the 2nd orange text,copy,text,orange,NONE,NONE,2nd,2,9,5,0,1
scroll to tab to the right of the first email,scroll,tab,NONE,right_of,first email,NONE,7,8,0,5,3
copy white text next to the profile,copy,text,white,next_to,profile,NONE,2,9,9,4,3
press and hold purple button next to the settings,long-press,button,purple,next_to,settings,NONE,4,1,7,4,3
tap on tab,tap,tab,NONE,NONE,NONE,NONE,8,8,0,0,3
scroll to text,scroll,text,NONE,NONE,NONE,NONE,7,9,0,0,3
scroll to the 3rd tab to the right of the first email,scroll,tab,NONE,right_of,first email,3rd,7,8,0,5,2
copy text,copy,text,NONE,NONE,NONE,NONE,2,9,0,0,3
launch purple menu,open,menu,purple,NONE,NONE,NONE,5,6,7,0,3
paste red text above the help,paste,text,red,above,help,NONE,6,9,8,1,3
tap checkbox,tap,checkbox,NONE,NONE,NONE,NONE,8,2,0,0,3
open the 1st button,open,button,NONE,NONE,NONE,1st,5,1,0,0,0
click switch below the help,click,switch,NONE,below,help,NONE,1,7,0,2,3
scroll down to the 2nd menu below the last item,scroll,menu,NONE,below,last item,2nd,7,6,0,2,1
trash text,delete,text,NONE,NONE,NONE,NONE,3,9,0,0,3
open button to the left of the address,open,button,NONE,left_of,address,NONE,5,1,0,3,3
paste text,paste,text,NONE,NONE,NONE,NONE,6,9,0,0,3
launch button,open,button,NONE,NONE,NONE,NONE,5,1,0,0,3
copy text,copy,text,NONE,NONE,NONE,NONE,2,9,0,0,3
long-press icon below the profile,long-press,icon,NONE,below,profile,NONE,4,3,0,2,3
copy the 1st text,copy,text,NONE,NONE,NONE,1st,2,9,0,0,0
trash purple image to the left of the search,delete,image,purple,left_of,search,NONE,3,4,7,3,3
scroll to the 2nd tab to the right of the profile,scroll,tab,NONE,right_of,profile,2nd,7,8,0,5,1
trash button to the left of the notifications,delete,button,NONE,left_of,notifications,NONE,3,1,0,3,3
press and hold icon above the wi-fi,long-press,icon,NONE,above,wi-fi,NONE,4,3,0,1,3
open the 3rd green icon next to the help,open,icon,green,next_to,help,3rd,5,3,4,4,2
paste the 2nd text,paste,text,NONE,NONE,NONE,2nd,6,9,0,0,1
paste text below the home,paste,text,NONE,below,home,NONE,6,9,0,2,3
scroll to text,scroll,text,NONE,NONE,NONE,NONE,7,9,0,0,3
copy text to the left of the wi-fi,copy,text,NONE,left_of,wi-fi,NONE,2,9,0,3,3
remove the 3rd button,delete,button,NONE,NONE,NONE,3rd,3,1,0,0,2
long-press the 2nd icon above the settings,long-press,icon,NONE,above,settings,2nd,4,3,0,1,1
copy text above the checkout,copy,text,NONE,above,checkout,NONE,2,9,0,1,3
scroll down to the last tab next to the payment,scroll,tab,NONE,next_to,payment,last,7,8,0,4,4
scroll to pink text to the right of the notifications,scroll,text,pink,right_of,notifications,NONE,7,9,6,5,3
launch yellow icon next to the menu,open,icon,yellow,next_to,menu,NONE,5,3,10,4,3
scroll down to orange menu,scroll,menu,orange,NONE,NONE,NONE,7,6,5,0,3
delete red button above the checkout,delete,button,red,above,checkout,NONE,3,1,8,1,3
scroll down to gray menu,scroll,menu,gray,NONE,NONE,NONE,7,6,3,0,3
press and hold the 2nd button,long-press,button,NONE,NONE,NONE,2nd,4,1,0,0,1
paste the 2nd text,paste,text,NONE,NONE,NONE,2nd,6,9,0,0,1
press the 1st switch below the payment,click,switch,NONE,below,payment,1st,1,7,0,2,0
press checkbox,click,checkbox,NONE,NONE,NONE,NONE,1,2,0,0,3
open blue button next to the checkout,open,button,blue,next_to,checkout,NONE,5,1,2,4,3
long-press the last yellow text to the right of the login,long-press,text,yellow,right_of,login,last,4,9,10,5,4
launch tab above the last item,open,tab,NONE,above,last item,NONE,5,8,0,1,3
press and hold the 2nd text below the address,long-press,text,NONE,below,address,2nd,4,9,0,2,1
trash the 3rd black button to the right of the cart,delete,button,black,right_of,cart,3rd,3,1,1,5,2
open the 3rd icon,open,icon,NONE,NONE,NONE,3rd,5,3,0,0,2
tap the 1st link below the home,tap,link,NONE,below,home,1st,8,5,0,2,0
paste text to the left of the help,paste,text,NONE,left_of,help,NONE,6,9,0,3,3
select blue tab,click,tab,blue,NONE,NONE,NONE,1,8,2,0,3
copy text above the help,copy,text,NONE,above,help,NONE,2,9,0,1,3
copy text,copy,text,NONE,NONE,NONE,NONE,2,9,0,0,3
tap on tab,tap,tab,NONE,NONE,NONE,NONE,8,8,0,0,3
select button next to the login,click,button,NONE,next_to,login,NONE,1,1,0,4,3
press and hold the 1st icon,long-press,icon,NONE,NONE,NONE,1st,4,3,0,0,0
trash the 2nd image above the search,delete,image,NONE,above,search,2nd,3,4,0,1,1
press and hold the 1st icon,long-press,icon,NONE,NONE,NONE,1st,4,3,0,0,0
press checkbox to the right of the address,click,checkbox,NONE,right_of,address,NONE,1,2,0,5,3
long-press the 1st text below the settings,long-press,text,NONE,below,settings,1st,4,9,0,2,0
copy the 1st text,copy,text,NONE,NONE,NONE,1st,2,9,0,0,0
launch tab,open,tab,NONE,NONE,NONE,NONE,5,8,0,0,3
scroll to menu to the left of the payment,scroll,menu,NONE,left_of,payment,NONE,7,6,0,3,3
tap pink icon,tap,icon,pink,NONE,NONE,NONE,8,3,6,0,3
tap on icon to the left of the cart,tap,icon,NONE,left_of,cart,NONE,8,3,0,3,3
press and hold the 2nd image,long-press,image,NONE,NONE,NONE,2nd,4,4,0,0,1
copy text,copy,text,NONE,NONE,NONE,NONE,2,9,0,0,3
scroll to red text,scroll,text,red,NONE,NONE,NONE,7,9,8,0,3
tap the 1st purple tab above the help,tap,tab,purple,above,help,1st,8,8,7,1,0
scroll to green text,scroll,text,green,NONE,NONE,NONE,7,9,4,0,3
long-press text above the settings,long-press,text,NONE,above,settings,NONE,4,9,0,1,3
copy text next to the login,copy,text,NONE,next_to,login,NONE,2,9,0,4,3
paste the 2nd text,paste,text,NONE,NONE,NONE,2nd,6,9,0,0,1
paste gray text,paste,text,gray,NONE,NONE,NONE,6,9,3,0,3
copy text above the settings,copy,text,NONE,above,settings,NONE,2,9,0,1,3
long-press icon,long-press,icon,NONE,NONE,NONE,NONE,4,3,0,0,3
delete the 3rd button,delete,button,NONE,NONE,NONE,3rd,3,1,0,0,2
click the last link,click,link,NONE,NONE,NONE,last,1,5,0,0,4
open orange tab to the left of the notifications,open,tab,orange,left_of,notifications,NONE,5,8,5,3,3
select link below the login,click,link,NONE,below,login,NONE,1,5,0,2,3
launch link,open,link,NONE,NONE,NONE,NONE,5,5,0,0,3
remove text,delete,text,NONE,NONE,NONE,NONE,3,9,0,0,3
press and hold button above the checkout,long-press,button,NONE,above,checkout,NONE,4,1,0,1,3
copy the 3rd text,copy,text,NONE,NONE,NONE,3rd,2,9,0,0,2
long-press gray icon to the right of the help,long-press,icon,gray,right_of,help,NONE,4,3,3,5,3
paste orange text above the last item,paste,text,orange,above,last item,NONE,6,9,5,1,3
scroll down to black menu to the right of the checkout,scroll,menu,black,right_of,checkout,NONE,7,6,1,5,3
tap on the 3rd pink button below the home,tap,button,pink,below,home,3rd,8,1,6,2,2
copy text,copy,text,NONE,NONE,NONE,NONE,2,9,0,0,3
press switch to the right of the wi-fi,click,switch,NONE,right_of,wi-fi,NONE,1,7,0,5,3
paste the last text next to the address,paste,text,NONE,next_to,address,last,6,9,0,4,4
click purple link,click,link,purple,NONE,NONE,NONE,1,5,7,0,3
tap on tab,tap,tab,NONE,NONE,NONE,NONE,8,8,0,0,3
open icon to the left of the search,open,icon,NONE,left_of,search,NONE,5,3,0,3,3
delete gray button to the left of the payment,delete,button,gray,left_of,payment,NONE,3,1,3,3,3
copy text,copy,text,NONE,NONE,NONE,NONE,2,9,0,0,3
paste text to the left of the menu,paste,text,NONE,left_of,menu,NONE,6,9,0,3,3
click on the 3rd link to the right of the menu,click,link,NONE,right_of,menu,3rd,1,5,0,5,2
press and hold the last button,long-press,button,NONE,NONE,NONE,last,4,1,0,0,4
long-press white button to the left of the notifications,long-press,button,white,left_of,notifications,NONE,4,1,9,3,3
paste yellow text,paste,text,yellow,NONE,NONE,NONE,6,9,10,0,3
paste text to the left of the home,paste,text,NONE,left_of,home,NONE,6,9,0,3,3
scroll to text,scroll,text,NONE,NONE,NONE,NONE,7,9,0,0,3
open gray link,open,link,gray,NONE,NONE,NONE,5,5,3,0,3
click the 1st black switch next to the help,click,switch,black,next_to,help,1st,1,7,1,4,0
launch the 1st link,open,link,NONE,NONE,NONE,1st,5,5,0,0,0
tap on the 1st tab,tap,tab,NONE,NONE,NONE,1st,8,8,0,0,0
tap on switch,tap,switch,NONE,NONE,NONE,NONE,8,7,0,0,3
paste the last gray text to the left of the profile,paste,text,gray,left_of,profile,last,6,9,3,3,4
press the 1st white text to the left of the menu,click,text,white,left_of,menu,1st,1,9,9,3,0
delete the last black image,delete,image,black,NONE,NONE,last,3,4,1,0,4
copy the 2nd text below the menu,copy,text,NONE,below,menu,2nd,2,9,0,2,1
paste text,paste,text,NONE,NONE,NONE,NONE,6,9,0,0,3
scroll to the 3rd gray menu to the right of the settings,scroll,menu,gray,right_of,settings,3rd,7,6,3,5,2
paste white text below the home,paste,text,white,below,home,NONE,6,9,9,2,3
copy text,copy,text,NONE,NONE,NONE,NONE,2,9,0,0,3
press and hold the last image,long-press,image,NONE,NONE,NONE,last,4,4,0,0,4
launch link to the right of the notifications,open,link,NONE,right_of,notifications,NONE,5,5,0,5,3
copy black text,copy,text,black,NONE,NONE,NONE,2,9,1,0,3
copy the 2nd red text to the right of the home,copy,text,red,right_of,home,2nd,2,9,8,5,1
copy text to the right of the checkout,copy,text,NONE,right_of,checkout,NONE,2,9,0,5,3
select red button below the search,click,button,red,below,search,NONE,1,1,8,2,3
scroll to yellow menu above the first email,scroll,menu,yellow,above,first email,NONE,7,6,10,1,3
paste black text next to the wi-fi,paste,text,black,next_to,wi-fi,NONE,6,9,1,4,3
delete text,delete,text,NONE,NONE,NONE,NONE,3,9,0,0,3
click on pink image below the login,click,image,pink,below,login,NONE,1,4,6,2,3
long-press icon,long-press,icon,NONE,NONE,NONE,NONE,4,3,0,0,3
launch button,open,button,NONE,NONE,NONE,NONE,5,1,0,0,3
press purple link next to the payment,click,link,purple,next_to,payment,NONE,1,5,7,4,3
trash button to the left of the settings,delete,button,NONE,left_of,settings,NONE,3,1,0,3,3
paste orange text next to the home,paste,text,orange,next_to,home,NONE,6,9,5,4,3
copy text to the left of the cart,copy,text,NONE,left_of,cart,NONE,2,9,0,3,3
copy text above the last item,copy,text,NONE,above,last item,NONE,2,9,0,1,3
click on yellow icon,click,icon,yellow,NONE,NONE,NONE,1,3,10,0,3
open the 3rd tab,open,tab,NONE,NONE,NONE,3rd,5,8,0,0,2
tap on yellow button,tap,button,yellow,NONE,NONE,NONE,8,1,10,0,3
open the 3rd button below the help,open,button,NONE,below,help,3rd,5,1,0,2,2
press the 2nd black button next to the checkout,click,button,black,next_to,checkout,2nd,1,1,1,4,1
tap the 1st orange tab,tap,tab,orange,NONE,NONE,1st,8,8,5,0,0
long-press the 1st image next to the payment,long-press,image,NONE,next_to,payment,1st,4,4,0,4,0
tap on the 3rd tab below the profile,tap,tab,NONE,below,profile,3rd,8,8,0,2,2
paste red text below the wi-fi,paste,text,red,below,wi-fi,NONE,6,9,8,2,3
press and hold the 2nd icon below the home,long-press,icon,NONE,below,home,2nd,4,3,0,2,1
copy text next to the checkout,copy,text,NONE,next_to,checkout,NONE,2,9,0,4,3
launch tab below the search,open,tab,NONE,below,search,NONE,5,8,0,2,3
open button to the right of the cart,open,button,NONE,right_of,cart,NONE,5,1,0,5,3
paste text to the right of the login,paste,text,NONE,right_of,login,NONE,6,9,0,5,3
scroll down to green text,scroll,text,green,NONE,NONE,NONE,7,9,4,0,3
long-press button above the cart,long-press,button,NONE,above,cart,NONE,4,1,0,1,3
press icon below the settings,click,icon,NONE,below,settings,NONE,1,3,0,2,3
click the 2nd image to the right of the search,click,image,NONE,right_of,search,2nd,1,4,0,5,1
trash text below the wi-fi,delete,text,NONE,below,wi-fi,NONE,3,9,0,2,3
tap on tab,tap,tab,NONE,NONE,NONE,NONE,8,8,0,0,3
trash the 2nd red image to the left of the cart,delete,image,red,left_of,cart,2nd,3,4,8,3,1
select switch below the cart,click,switch,NONE,below,cart,NONE,1,7,0,2,3
trash the 1st button,delete,button,NONE,NONE,NONE,1st,3,1,0,0,0
press and hold button to the right of the help,long-press,button,NONE,right_of,help,NONE,4,1,0,5,3
open white tab,open,tab,white,NONE,NONE,NONE,5,8,9,0,3
long-press the 3rd gray text,long-press,text,gray,NONE,NONE,3rd,4,9,3,0,2
press and hold text,long-press,text,NONE,NONE,NONE,NONE,4,9,0,0,3
paste text below the last item,paste,text,NONE,below,last item,NONE,6,9,0,2,3
tap on the 1st orange button to the left of the first email,tap,button,orange,left_of,first email,1st,8,1,5,3,0
press and hold icon,long-press,icon,NONE,NONE,NONE,NONE,4,3,0,0,3
open button next to the notifications,open,button,NONE,next_to,notifications,NONE,5,1,0,4,3
trash text to the left of the search,delete,text,NONE,left_of,search,NONE,3,9,0,3,3
scroll down to the 2nd tab above the menu,scroll,tab,NONE,above,menu,2nd,7,8,0,1,1
press and hold text to the right of the last item,long-press,text,NONE,right_of,last item,NONE,4,9,0,5,3
copy the 1st text above the last item,copy,text,NONE,above,last item,1st,2,9,0,1,0
long-press the last pink button next to the home,long-press,button,pink,next_to,home,last,4,1,6,4,4
tap on the 1st black switch,tap,switch,black,NONE,NONE,1st,8,7,1,0,0
scroll to menu to the left of the wi-fi,scroll,menu,NONE,left_of,wi-fi,NONE,7,6,0,3,3
tap icon next to the help,tap,icon,NONE,next_to,help,NONE,8,3,0,4,3
select checkbox next to the first email,click,checkbox,NONE,next_to,first email,NONE,1,2,0,4,3
press and hold green button below the profile,long-press,button,green,below,profile,NONE,4,1,4,2,3
remove image to the left of the address,delete,image,NONE,left_of,address,NONE,3,4,0,3,3
scroll down to the last green text,scroll,text,green,NONE,NONE,last,7,9,4,0,4
long-press image below the settings,long-press,image,NONE,below,settings,NONE,4,4,0,2,3
click on the 3rd image,click,image,NONE,NONE,NONE,3rd,1,4,0,0,2
press and hold the last icon below the wi-fi,long-press,icon,NONE,below,wi-fi,last,4,3,0,2,4
press and hold image to the right of the profile,long-press,image,NONE,right_of,profile,NONE,4,4,0,5,3
press button below the menu,click,button,NONE,below,menu,NONE,1,1,0,2,3
tap on checkbox next to the payment,tap,checkbox,NONE,next_to,payment,NONE,8,2,0,4,3
tap on the last blue switch,tap,switch,blue,NONE,NONE,last,8,7,2,0,4
click on the 1st checkbox,click,checkbox,NONE,NONE,NONE,1st,1,2,0,0,0
tap red icon,tap,icon,red,NONE,NONE,NONE,8,3,8,0,3
trash red image,delete,image,red,NONE,NONE,NONE,3,4,8,0,3
trash black button above the first email,delete,button,black,above,first email,NONE,3,1,1,1,3
paste text next to the last item,paste,text,NONE,next_to,last item,NONE,6,9,0,4,3
delete yellow image,delete,image,yellow,NONE,NONE,NONE,3,4,10,0,3
copy blue text to the left of the wi-fi,copy,text,blue,left_of,wi-fi,NONE,2,9,2,3,3
scroll down to menu to the left of the home,scroll,menu,NONE,left_of,home,NONE,7,6,0,3,3
launch purple button,open,button,purple,NONE,NONE,NONE,5,1,7,0,3
copy text next to the cart,copy,text,NONE,next_to,cart,NONE,2,9,0,4,3
copy white text below the login,copy,text,white,below,login,NONE,2,9,9,2,3
remove yellow text,delete,text,yellow,NONE,NONE,NONE,3,9,10,0,3
scroll to pink text below the notifications,scroll,text,pink,below,notifications,NONE,7,9,6,2,3
scroll down to tab,scroll,tab,NONE,NONE,NONE,NONE,7,8,0,0,3
copy text,copy,text,NONE,NONE,NONE,NONE,2,9,0,0,3
long-press button to the left of the profile,long-press,button,NONE,left_of,profile,NONE,4,1,0,3,3
copy text,copy,text,NONE,NONE,NONE,NONE,2,9,0,0,3
launch link above the cart,open,link,NONE,above,cart,NONE,5,5,0,1,3
delete text to the right of the cart,delete,text,NONE,right_of,cart,NONE,3,9,0,5,3
tap on the 3rd checkbox,tap,checkbox,NONE,NONE,NONE,3rd,8,2,0,0,2
tap on icon,tap,icon,NONE,NONE,NONE,NONE,8,3,0,0,3
copy the 3rd text below the help,copy,text,NONE,below,help,3rd,2,9,0,2,2
paste text above the notifications,paste,text,NONE,above,notifications,NONE,6,9,0,1,3
press the last text next to the settings,click,text,NONE,next_to,settings,last,1,9,0,4,4
press image,click,image,NONE,NONE,NONE,NONE,1,4,0,0,3
long-press image above the checkout,long-press,image,NONE,above,checkout,NONE,4,4,0,1,3
launch menu to the left of the help,open,menu,NONE,left_of,help,NONE,5,6,0,3,3
tap on yellow tab next to the help,tap,tab,yellow,next_to,help,NONE,8,8,10,4,3
paste the 1st black text to the right of the wi-fi,paste,text,black,right_of,wi-fi,1st,6,9,1,5,0
press and hold button to the right of the first email,long-press,button,NONE,right_of,first email,NONE,4,1,0,5,3
scroll to orange tab below the login,scroll,tab,orange,below,login,NONE,7,8,5,2,3
click on text to the right of the last item,click,text,NONE,right_of,last item,NONE,1,9,0,5,3
copy purple text,copy,text,purple,NONE,NONE,NONE,2,9,7,0,3
launch icon to the left of the checkout,open,icon,NONE,left_of,checkout,NONE,5,3,0,3,3
tap on the 2nd switch below the help,tap,switch,NONE,below,help,2nd,8,7,0,2,1
scroll down to the 1st menu,scroll,menu,NONE,NONE,NONE,1st,7,6,0,0,0
scroll to tab to the left of the menu,scroll,tab,NONE,left_of,menu,NONE,7,8,0,3,3
scroll down to tab next to the first email,scroll,tab,NONE,next_to,first email,NONE,7,8,0,4,3
click on switch next to the help,click,switch,NONE,next_to,help,NONE,1,7,0,4,3
copy text,copy,text,NONE,NONE,NONE,NONE,2,9,0,0,3
copy the 3rd white text above the menu,copy,text,white,above,menu,3rd,2,9,9,1,2
paste red text below the first email,paste,text,red,below,first email,NONE,6,9,8,2,3
paste the 3rd purple text,paste,text,purple,NONE,NONE,3rd,6,9,7,0,2
scroll to gray menu to the right of the address,scroll,menu,gray,right_of,address,NONE,7,6,3,5,3
launch icon next to the cart,open,icon,NONE,next_to,cart,NONE,5,3,0,4,3
copy the last text above the home,copy,text,NONE,above,home,last,2,9,0,1,4
press and hold button,long-press,button,NONE,NONE,NONE,NONE,4,1,0,0,3
open button below the first email,open,button,NONE,below,first email,NONE,5,1,0,2,3
scroll down to white tab to the left of the payment,scroll,tab,white,left_of,payment,NONE,7,8,9,3,3
press and hold image,long-press,image,NONE,NONE,NONE,NONE,4,4,0,0,3
copy text next to the first email,copy,text,NONE,next_to,first email,NONE,2,9,0,4,3
delete image,delete,image,NONE,NONE,NONE,NONE,3,4,0,0,3
click the last checkbox,click,checkbox,NONE,NONE,NONE,last,1,2,0,0,4
tap on green button,tap,button,green,NONE,NONE,NONE,8,1,4,0,3
remove button to the right of the checkout,delete,button,NONE,right_of,checkout,NONE,3,1,0,5,3
launch blue button above the address,open,button,blue,above,address,NONE,5,1,2,1,3
trash red image above the wi-fi,delete,image,red,above,wi-fi,NONE,3,4,8,1,3
trash blue image,delete,image,blue,NONE,NONE,NONE,3,4,2,0,3
launch yellow menu to the left of the settings,open,menu,yellow,left_of,settings,NONE,5,6,10,3,3
copy green text,copy,text,green,NONE,NONE,NONE,2,9,4,0,3
open the last icon,open,icon,NONE,NONE,NONE,last,5,3,0,0,4
scroll to purple text to the left of the search,scroll,text,purple,left_of,search,NONE,7,9,7,3,3
tap on the 1st black link,tap,link,black,NONE,NONE,1st,8,5,1,0,0
delete text to the left of the notifications,delete,text,NONE,left_of,notifications,NONE,3,9,0,3,3
copy the 3rd purple text to the left of the checkout,copy,text,purple,left_of,checkout,3rd,2,9,7,3,2
long-press the 3rd black text,long-press,text,black,NONE,NONE,3rd,4,9,1,0,2
delete button below the home,delete,button,NONE,below,home,NONE,3,1,0,2,3
remove the 2nd green image below the settings,delete,image,green,below,settings,2nd,3,4,4,2,1
open button,open,button,NONE,NONE,NONE,NONE,5,1,0,0,3
open blue menu,open,menu,blue,NONE,NONE,NONE,5,6,2,0,3
launch icon,open,icon,NONE,NONE,NONE,NONE,5,3,0,0,3
tap on button next to the home,tap,button,NONE,next_to,home,NONE,8,1,0,4,3
long-press icon,long-press,icon,NONE,NONE,NONE,NONE,4,3,0,0,3
scroll to the 3rd menu,scroll,menu,NONE,NONE,NONE,3rd,7,6,0,0,2
scroll to the 1st tab below the help,scroll,tab,NONE,below,help,1st,7,8,0,2,0
launch yellow link,open,link,yellow,NONE,NONE,NONE,5,5,10,0,3
long-press icon next to the notifications,long-press,icon,NONE,next_to,notifications,NONE,4,3,0,4,3
scroll down to green text,scroll,text,green,NONE,NONE,NONE,7,9,4,0,3
press and hold the 3rd green image to the left of the help,long-press,image,green,left_of,help,3rd,4,4,4,3,2
open button,open,button,NONE,NONE,NONE,NONE,5,1,0,0,3
paste text next to the profile,paste,text,NONE,next_to,profile,NONE,6,9,0,4,3
copy text to the right of the address,copy,text,NONE,right_of,address,NONE,2,9,0,5,3
paste the 1st orange text above the first email,paste,text,orange,above,first email,1st,6,9,5,1,0
copy purple text,copy,text,purple,NONE,NONE,NONE,2,9,7,0,3
remove button,delete,button,NONE,NONE,NONE,NONE,3,1,0,0,3
copy text next to the help,copy,text,NONE,next_to,help,NONE,2,9,0,4,3
scroll to text,scroll,text,NONE,NONE,NONE,NONE,7,9,0,0,3
trash the 3rd black image above the payment,delete,image,black,above,payment,3rd,3,4,1,1,2
paste text above the wi-fi,paste,text,NONE,above,wi-fi,NONE,6,9,0,1,3
copy the 2nd text,copy,text,NONE,NONE,NONE,2nd,2,9,0,0,1
paste text to the left of the search,paste,text,NONE,left_of,search,NONE,6,9,0,3,3
click the last link below the cart,click,link,NONE,below,cart,last,1,5,0,2,4
copy text,copy,text,NONE,NONE,NONE,NONE,2,9,0,0,3
scroll down to menu to the right of the profile,scroll,menu,NONE,right_of,profile,NONE,7,6,0,5,3
open red tab to the left of the payment,open,tab,red,left_of,payment,NONE,5,8,8,3,3
tap on yellow button,tap,button,yellow,NONE,NONE,NONE,8,1,10,0,3
long-press red icon to the right of the first email,long-press,icon,red,right_of,first email,NONE,4,3,8,5,3
trash the 1st orange image,delete,image,orange,NONE,NONE,1st,3,4,5,0,0
open orange tab above the help,open,tab,orange,above,help,NONE,5,8,5,1,3
tap the 3rd icon,tap,icon,NONE,NONE,NONE,3rd,8,3,0,0,2
remove purple text,delete,text,purple,NONE,NONE,NONE,3,9,7,0,3
paste black text,paste,text,black,NONE,NONE,NONE,6,9,1,0,3
scroll to menu below the profile,scroll,menu,NONE,below,profile,NONE,7,6,0,2,3
paste text below the last item,paste,text,NONE,below,last item,NONE,6,9,0,2,3
tap on button,tap,button,NONE,NONE,NONE,NONE,8,1,0,0,3
launch link below the first email,open,link,NONE,below,first email,NONE,5,5,0,2,3
open menu to the right of the checkout,open,menu,NONE,right_of,checkout,NONE,5,6,0,5,3
delete red image next to the payment,delete,image,red,next_to,payment,NONE,3,4,8,4,3
copy text next to the search,copy,text,NONE,next_to,search,NONE,2,9,0,4,3
copy text,copy,text,NONE,NONE,NONE,NONE,2,9,0,0,3
copy the 2nd white text to the right of the settings,copy,text,white,right_of,settings,2nd,2,9,9,5,1
paste text,paste,text,NONE,NONE,NONE,NONE,6,9,0,0,3
click on switch to the left of the wi-fi,click,switch,NONE,left_of,wi-fi,NONE,1,7,0,3,3
press and hold the 1st text next to the login,long-press,text,NONE,next_to,login,1st,4,9,0,4,0
trash gray button to the left of the wi-fi,delete,button,gray,left_of,wi-fi,NONE,3,1,3,3,3
paste red text to the left of the settings,paste,text,red,left_of,settings,NONE,6,9,8,3,3
paste the 2nd text,paste,text,NONE,NONE,NONE,2nd,6,9,0,0,1
copy text to the left of the cart,copy,text,NONE,left_of,cart,NONE,2,9,0,3,3
tap the 1st purple tab to the left of the help,tap,tab,purple,left_of,help,1st,8,8,7,3,0
paste the 3rd black text below the address,paste,text,black,below,address,3rd,6,9,1,2,2
press and hold the last red icon to the left of the cart,long-press,icon,red,left_of,cart,last,4,3,8,3,4
click on black link next to the address,click,link,black,next_to,address,NONE,1,5,1,4,3
trash the 1st green image,delete,image,green,NONE,NONE,1st,3,4,4,0,0
press link below the search,click,link,NONE,below,search,NONE,1,5,0,2,3
remove text,delete,text,NONE,NONE,NONE,NONE,3,9,0,0,3
copy text,copy,text,NONE,NONE,NONE,NONE,2,9,0,0,3
long-press button,long-press,button,NONE,NONE,NONE,NONE,4,1,0,0,3
press and hold the 2nd text below the home,long-press,text,NONE,below,home,2nd,4,9,0,2,1
copy blue text next to the checkout,copy,text,blue,next_to,checkout,NONE,2,9,2,4,3
scroll to yellow tab next to the last item,scroll,tab,yellow,next_to,last item,NONE,7,8,10,4,3
delete text,delete,text,NONE,NONE,NONE,NONE,3,9,0,0,3
open the 1st link next to the settings,open,link,NONE,next_to,settings,1st,5,5,0,4,0
open purple tab below the menu,open,tab,purple,below,menu,NONE,5,8,7,2,3
tap icon next to the menu,tap,icon,NONE,next_to,menu,NONE,8,3,0,4,3
trash text,delete,text,NONE,NONE,NONE,NONE,3,9,0,0,3
tap on the 2nd red button,tap,button,red,NONE,NONE,2nd,8,1,8,0,1
tap switch above the last item,tap,switch,NONE,above,last item,NONE,8,7,0,1,3
long-press button next to the notifications,long-press,button,NONE,next_to,notifications,NONE,4,1,0,4,3
click on icon above the menu,click,icon,NONE,above,menu,NONE,1,3,0,1,3
long-press button,long-press,button,NONE,NONE,NONE,NONE,4,1,0,0,3
paste text above the login,paste,text,NONE,above,login,NONE,6,9,0,1,3
open menu,open,menu,NONE,NONE,NONE,NONE,5,6,0,0,3
long-press icon,long-press,icon,NONE,NONE,NONE,NONE,4,3,0,0,3
paste text below the last item,paste,text,NONE,below,last item,NONE,6,9,0,2,3
delete text below the help,delete,text,NONE,below,help,NONE,3,9,0,2,3
scroll down to tab,scroll,tab,NONE,NONE,NONE,NONE,7,8,0,0,3
trash text to the left of the home,delete,text,NONE,left_of,home,NONE,3,9,0,3,3
click on orange icon,click,icon,orange,NONE,NONE,NONE,1,3,5,0,3
open menu to the right of the settings,open,menu,NONE,right_of,settings,NONE,5,6,0,5,3
tap white link to the right of the notifications,tap,link,white,right_of,notifications,NONE,8,5,9,5,3
open purple button above the checkout,open,button,purple,above,checkout,NONE,5,1,7,1,3
select pink switch,click,switch,pink,NONE,NONE,NONE,1,7,6,0,3
tap on the last button next to the payment,tap,button,NONE,next_to,payment,last,8,1,0,4,4
press and hold button below the address,long-press,button,NONE,below,address,NONE,4,1,0,2,3
trash pink text above the menu,delete,text,pink,above,menu,NONE,3,9,6,1,3
press and hold the 3rd purple button to the left of the search,long-press,button,purple,left_of,search,3rd,4,1,7,3,2
paste the 3rd text next to the first email,paste,text,NONE,next_to,first email,3rd,6,9,0,4,2
launch menu below the search,open,menu,NONE,below,search,NONE,5,6,0,2,3
copy black text to the left of the search,copy,text,black,left_of,search,NONE,2,9,1,3,3
launch button above the notifications,open,button,NONE,above,notifications,NONE,5,1,0,1,3
press and hold the 2nd button above the login,long-press,button,NONE,above,login,2nd,4,1,0,1,1
scroll down to the 3rd menu above the menu,scroll,menu,NONE,above,menu,3rd,7,6,0,1,2
press and hold the 1st text to the right of the menu,long-press,text,NONE,right_of,menu,1st,4,9,0,5,0
click on image,click,image,NONE,NONE,NONE,NONE,1,4,0,0,3
delete red button next to the payment,delete,button,red,next_to,payment,NONE,3,1,8,4,3
copy text,copy,text,NONE,NONE,NONE,NONE,2,9,0,0,3
paste blue text to the right of the search,paste,text,blue,right_of,search,NONE,6,9,2,5,3
select switch to the right of the checkout,click,switch,NONE,right_of,checkout,NONE,1,7,0,5,3
tap the 1st switch above the search,tap,switch,NONE,above,search,1st,8,7,0,1,0
paste text to the right of the address,paste,text,NONE,right_of,address,NONE,6,9,0,5,3
trash image,delete,image,NONE,NONE,NONE,NONE,3,4,0,0,3
trash text,delete,text,NONE,NONE,NONE,NONE,3,9,0,0,3
delete the 1st text,delete,text,NONE,NONE,NONE,1st,3,9,0,0,0
scroll down to menu below the payment,scroll,menu,NONE,below,payment,NONE,7,6,0,2,3
tap the 2nd link to the left of the menu,tap,link,NONE,left_of,menu,2nd,8,5,0,3,1
tap black checkbox to the right of the profile,tap,checkbox,black,right_of,profile,NONE,8,2,1,5,3
delete yellow text to the left of the cart,delete,text,yellow,left_of,cart,NONE,3,9,10,3,3
scroll down to text to the left of the login,scroll,text,NONE,left_of,login,NONE,7,9,0,3,3
tap on the 1st green icon below the help,tap,icon,green,below,help,1st,8,3,4,2,0
paste text below the first email,paste,text,NONE,below,first email,NONE,6,9,0,2,3
copy text below the login,copy,text,NONE,below,login,NONE,2,9,0,2,3
paste text to the left of the address,paste,text,NONE,left_of,address,NONE,6,9,0,3,3
press green checkbox to the left of the checkout,click,checkbox,green,left_of,checkout,NONE,1,2,4,3,3
tap the 1st checkbox,tap,checkbox,NONE,NONE,NONE,1st,8,2,0,0,0
paste black text to the left of the profile,paste,text,black,left_of,profile,NONE,6,9,1,3,3
trash red text next to the payment,delete,text,red,next_to,payment,NONE,3,9,8,4,3
press and hold button to the right of the login,long-press,button,NONE,right_of,login,NONE,4,1,0,5,3
press and hold the 2nd image,long-press,image,NONE,NONE,NONE,2nd,4,4,0,0,1
copy text next to the profile,copy,text,NONE,next_to,profile,NONE,2,9,0,4,3
tap checkbox above the cart,tap,checkbox,NONE,above,cart,NONE,8,2,0,1,3
tap on tab,tap,tab,NONE,NONE,NONE,NONE,8,8,0,0,3
tap on purple checkbox,tap,checkbox,purple,NONE,NONE,NONE,8,2,7,0,3
scroll to text,scroll,text,NONE,NONE,NONE,NONE,7,9,0,0,3
copy text next to the profile,copy,text,NONE,next_to,profile,NONE,2,9,0,4,3
delete button to the right of the wi-fi,delete,button,NONE,right_of,wi-fi,NONE,3,1,0,5,3
launch tab to the right of the cart,open,tab,NONE,right_of,cart,NONE,5,8,0,5,3
click on the 1st checkbox next to the home,click,checkbox,NONE,next_to,home,1st,1,2,0,4,0
paste green text to the right of the notifications,paste,text,green,right_of,notifications,NONE,6,9,4,5,3
copy text,copy,text,NONE,NONE,NONE,NONE,2,9,0,0,3
tap checkbox above the checkout,tap,checkbox,NONE,above,checkout,NONE,8,2,0,1,3
remove yellow button above the payment,delete,button,yellow,above,payment,NONE,3,1,10,1,3
open icon to the left of the first email,open,icon,NONE,left_of,first email,NONE,5,3,0,3,3
select purple tab,click,tab,purple,NONE,NONE,NONE,1,8,7,0,3
copy text below the menu,copy,text,NONE,below,menu,NONE,2,9,0,2,3
launch the last tab below the search,open,tab,NONE,below,search,last,5,8,0,2,4
tap icon below the first email,tap,icon,NONE,below,first email,NONE,8,3,0,2,3
paste text next to the first email,paste,text,NONE,next_to,first email,NONE,6,9,0,4,3
remove the last image next to the settings,delete,image,NONE,next_to,settings,last,3,4,0,4,4
paste text below the notifications,paste,text,NONE,below,notifications,NONE,6,9,0,2,3
scroll to the 3rd tab,scroll,tab,NONE,NONE,NONE,3rd,7,8,0,0,2
press and hold button next to the settings,long-press,button,NONE,next_to,settings,NONE,4,1,0,4,3
press image,click,image,NONE,NONE,NONE,NONE,1,4,0,0,3
copy pink text next to the notifications,copy,text,pink,next_to,notifications,NONE,2,9,6,4,3
launch icon,open,icon,NONE,NONE,NONE,NONE,5,3,0,0,3
paste text to the left of the profile,paste,text,NONE,left_of,profile,NONE,6,9,0,3,3
delete button next to the help,delete,button,NONE,next_to,help,NONE,3,1,0,4,3
copy orange text above the wi-fi,copy,text,orange,above,wi-fi,NONE,2,9,5,1,3
press and hold text above the cart,long-press,text,NONE,above,cart,NONE,4,9,0,1,3
press and hold the 3rd gray image above the last item,long-press,image,gray,above,last item,3rd,4,4,3,1,2
scroll down to the 3rd blue tab above the first email,scroll,tab,blue,above,first email,3rd,7,8,2,1,2
tap on switch above the login,tap,switch,NONE,above,login,NONE,8,7,0,1,3
scroll to the last menu to the left of the wi-fi,scroll,menu,NONE,left_of,wi-fi,last,7,6,0,3,4
click on icon,click,icon,NONE,NONE,NONE,NONE,1,3,0,0,3
launch gray icon,open,icon,gray,NONE,NONE,NONE,5,3,3,0,3
open gray button to the left of the payment,open,button,gray,left_of,payment,NONE,5,1,3,3,3
trash the 1st image,delete,image,NONE,NONE,NONE,1st,3,4,0,0,0
press icon,click,icon,NONE,NONE,NONE,NONE,1,3,0,0,3
tap link,tap,link,NONE,NONE,NONE,NONE,8,5,0,0,3
scroll to tab above the help,scroll,tab,NONE,above,help,NONE,7,8,0,1,3
tap on pink icon,tap,icon,pink,NONE,NONE,NONE,8,3,6,0,3
tap on icon below the cart,tap,icon,NONE,below,cart,NONE,8,3,0,2,3
copy text next to the settings,copy,text,NONE,next_to,settings,NONE,2,9,0,4,3
launch gray menu to the right of the home,open,menu,gray,right_of,home,NONE,5,6,3,5,3
scroll down to text to the left of the notifications,scroll,text,NONE,left_of,notifications,NONE,7,9,0,3,3
press and hold the 3rd button,long-press,button,NONE,NONE,NONE,3rd,4,1,0,0,2
paste text next to the search,paste,text,NONE,next_to,search,NONE,6,9,0,4,3
delete the 3rd button,delete,button,NONE,NONE,NONE,3rd,3,1,0,0,2
paste text next to the notifications,paste,text,NONE,next_to,notifications,NONE,6,9,0,4,3
scroll down to gray text next to the profile,scroll,text,gray,next_to,profile,NONE,7,9,3,4,3
long-press the last text below the checkout,long-press,text,NONE,below,checkout,last,4,9,0,2,4
remove red button,delete,button,red,NONE,NONE,NONE,3,1,8,0,3
paste the 1st text,paste,text,NONE,NONE,NONE,1st,6,9,0,0,0
trash image,delete,image,NONE,NONE,NONE,NONE,3,4,0,0,3
open the 3rd icon next to the login,open,icon,NONE,next_to,login,3rd,5,3,0,4,2
press gray button below the payment,click,button,gray,below,payment,NONE,1,1,3,2,3
click checkbox,click,checkbox,NONE,NONE,NONE,NONE,1,2,0,0,3
long-press black icon to the right of the profile,long-press,icon,black,right_of,profile,NONE,4,3,1,5,3
tap on the 2nd icon to the left of the menu,tap,icon,NONE,left_of,menu,2nd,8,3,0,3,1
paste text above the first email,paste,text,NONE,above,first email,NONE,6,9,0,1,3
press and hold the last blue icon next to the first email,long-press,icon,blue,next_to,first email,last,4,3,2,4,4
press and hold image,long-press,image,NONE,NONE,NONE,NONE,4,4,0,0,3
remove button,delete,button,NONE,NONE,NONE,NONE,3,1,0,0,3
scroll to yellow tab to the right of the first email,scroll,tab,yellow,right_of,first email,NONE,7,8,10,5,3
remove text,delete,text,NONE,NONE,NONE,NONE,3,9,0,0,3
launch purple link below the first email,open,link,purple,below,first email,NONE,5,5,7,2,3
paste text,paste,text,NONE,NONE,NONE,NONE,6,9,0,0,3
tap the 3rd icon below the wi-fi,tap,icon,NONE,below,wi-fi,3rd,8,3,0,2,2
launch pink icon to the right of the login,open,icon,pink,right_of,login,NONE,5,3,6,5,3
paste text,paste,text,NONE,NONE,NONE,NONE,6,9,0,0,3
long-press the last image to the right of the cart,long-press,image,NONE,right_of,cart,last,4,4,0,5,4
scroll to the 3rd tab above the cart,scroll,tab,NONE,above,cart,3rd,7,8,0,1,2
scroll to tab to the left of the menu,scroll,tab,NONE,left_of,menu,NONE,7,8,0,3,3
copy text above the address,copy,text,NONE,above,address,NONE,2,9,0,1,3
trash red image,delete,image,red,NONE,NONE,NONE,3,4,8,0,3
press checkbox to the left of the last item,click,checkbox,NONE,left_of,last item,NONE,1,2,0,3,3
paste text to the left of the first email,paste,text,NONE,left_of,first email,NONE,6,9,0,3,3
click the 2nd text to the right of the profile,click,text,NONE,right_of,profile,2nd,1,9,0,5,1
copy yellow text,copy,text,yellow,NONE,NONE,NONE,2,9,10,0,3
paste the 2nd text below the help,paste,text,NONE,below,help,2nd,6,9,0,2,1
tap the last purple link,tap,link,purple,NONE,NONE,last,8,5,7,0,4
scroll down to purple tab,scroll,tab,purple,NONE,NONE,NONE,7,8,7,0,3
press and hold button to the left of the cart,long-press,button,NONE,left_of,cart,NONE,4,1,0,3,3
scroll down to tab to the right of the last item,scroll,tab,NONE,right_of,last item,NONE,7,8,0,5,3
scroll to gray tab,scroll,tab,gray,NONE,NONE,NONE,7,8,3,0,3
select black image next to the menu,click,image,black,next_to,menu,NONE,1,4,1,4,3
tap on the last link to the right of the home,tap,link,NONE,right_of,home,last,8,5,0,5,4
scroll to text above the checkout,scroll,text,NONE,above,checkout,NONE,7,9,0,1,3
press and hold the 2nd icon above the home,long-press,icon,NONE,above,home,2nd,4,3,0,1,1
paste the 1st text to the right of the address,paste,text,NONE,right_of,address,1st,6,9,0,5,0
tap the 3rd checkbox to the left of the address,tap,checkbox,NONE,left_of,address,3rd,8,2,0,3,2
trash pink image to the left of the profile,delete,image,pink,left_of,profile,NONE,3,4,6,3,3
trash the 2nd button,delete,button,NONE,NONE,NONE,2nd,3,1,0,0,1
open gray link,open,link,gray,NONE,NONE,NONE,5,5,3,0,3
paste text,paste,text,NONE,NONE,NONE,NONE,6,9,0,0,3
copy blue text above the home,copy,text,blue,above,home,NONE,2,9,2,1,3
long-press green icon to the right of the menu,long-press,icon,green,right_of,menu,NONE,4,3,4,5,3
tap on link,tap,link,NONE,NONE,NONE,NONE,8,5,0,0,3
remove the 3rd button,delete,button,NONE,NONE,NONE,3rd,3,1,0,0,2
copy text below the first email,copy,text,NONE,below,first email,NONE,2,9,0,2,3
launch tab above the cart,open,tab,NONE,above,cart,NONE,5,8,0,1,3
tap on icon to the right of the first email,tap,icon,NONE,right_of,first email,NONE,8,3,0,5,3
press and hold purple button,long-press,button,purple,NONE,NONE,NONE,4,1,7,0,3
click on link below the cart,click,link,NONE,below,cart,NONE,1,5,0,2,3
paste text,paste,text,NONE,NONE,NONE,NONE,6,9,0,0,3
open white link,open,link,white,NONE,NONE,NONE,5,5,9,0,3
click on image next to the notifications,click,image,NONE,next_to,notifications,NONE,1,4,0,4,3
scroll to the 3rd menu,scroll,menu,NONE,NONE,NONE,3rd,7,6,0,0,2
copy green text to the right of the address,copy,text,green,right_of,address,NONE,2,9,4,5,3
remove orange button,delete,button,orange,NONE,NONE,NONE,3,1,5,0,3
paste the last text,paste,text,NONE,NONE,NONE,last,6,9,0,0,4
open button to the left of the payment,open,button,NONE,left_of,payment,NONE,5,1,0,3,3
paste the last text to the right of the profile,paste,text,NONE,right_of,profile,last,6,9,0,5,4
paste text,paste,text,NONE,NONE,NONE,NONE,6,9,0,0,3
copy orange text to the right of the search,copy,text,orange,right_of,search,NONE,2,9,5,5,3
tap blue switch to the right of the login,tap,switch,blue,right_of,login,NONE,8,7,2,5,3
click on icon next to the address,click,icon,NONE,next_to,address,NONE,1,3,0,4,3
open the 1st menu above the cart,open,menu,NONE,above,cart,1st,5,6,0,1,0
paste the 3rd black text,paste,text,black,NONE,NONE,3rd,6,9,1,0,2
launch link above the settings,open,link,NONE,above,settings,NONE,5,5,0,1,3
tap the 2nd link above the cart,tap,link,NONE,above,cart,2nd,8,5,0,1,1
tap on gray icon to the left of the notifications,tap,icon,gray,left_of,notifications,NONE,8,3,3,3,3
long-press the 3rd text to the right of the last item,long-press,text,NONE,right_of,last item,3rd,4,9,0,5,2
long-press the 2nd icon to the right of the help,long-press,icon,NONE,right_of,help,2nd,4,3,0,5,1
paste text to the right of the cart,paste,text,NONE,right_of,cart,NONE,6,9,0,5,3
trash green text above the profile,delete,text,green,above,profile,NONE,3,9,4,1,3
copy black text,copy,text,black,NONE,NONE,NONE,2,9,1,0,3
remove image next to the menu,delete,image,NONE,next_to,menu,NONE,3,4,0,4,3
launch the 3rd menu,open,menu,NONE,NONE,NONE,3rd,5,6,0,0,2
long-press icon,long-press,icon,NONE,NONE,NONE,NONE,4,3,0,0,3
remove image to the right of the profile,delete,image,NONE,right_of,profile,NONE,3,4,0,5,3
tap on purple link to the right of the menu,tap,link,purple,right_of,menu,NONE,8,5,7,5,3
scroll down to tab,scroll,tab,NONE,NONE,NONE,NONE,7,8,0,0,3
scroll to tab,scroll,tab,NONE,NONE,NONE,NONE,7,8,0,0,3
scroll to menu,scroll,menu,NONE,NONE,NONE,NONE,7,6,0,0,3
open tab above the settings,open,tab,NONE,above,settings,NONE,5,8,0,1,3
scroll down to purple text,scroll,text,purple,NONE,NONE,NONE,7,9,7,0,3
tap on link below the wi-fi,tap,link,NONE,below,wi-fi,NONE,8,5,0,2,3
launch the 3rd tab,open,tab,NONE,NONE,NONE,3rd,5,8,0,0,2
scroll down to the 2nd tab above the last item,scroll,tab,NONE,above,last item,2nd,7,8,0,1,1
copy the last text to the left of the profile,copy,text,NONE,left_of,profile,last,2,9,0,3,4
copy orange text to the left of the checkout,copy,text,orange,left_of,checkout,NONE,2,9,5,3,3
paste the 1st text next to the search,paste,text,NONE,next_to,search,1st,6,9,0,4,0
scroll down to red tab,scroll,tab,red,NONE,NONE,NONE,7,8,8,0,3
tap on link next to the payment,tap,link,NONE,next_to,payment,NONE,8,5,0,4,3
select red button above the notifications,click,button,red,above,notifications,NONE,1,1,8,1,3
copy the 3rd text below the wi-fi,copy,text,NONE,below,wi-fi,3rd,2,9,0,2,2
open pink link,open,link,pink,NONE,NONE,NONE,5,5,6,0,3
delete the 1st image next to the home,delete,image,NONE,next_to,home,1st,3,4,0,4,0
delete button,delete,button,NONE,NONE,NONE,NONE,3,1,0,0,3
paste the last text,paste,text,NONE,NONE,NONE,last,6,9,0,0,4
remove button to the right of the settings,delete,button,NONE,right_of,settings,NONE,3,1,0,5,3
remove button above the home,delete,button,NONE,above,home,NONE,3,1,0,1,3
copy text to the right of the profile,copy,text,NONE,right_of,profile,NONE,2,9,0,5,3
trash image to the left of the cart,delete,image,NONE,left_of,cart,NONE,3,4,0,3,3
open yellow link next to the login,open,link,yellow,next_to,login,NONE,5,5,10,4,3
open the last link to the left of the last item,open,link,NONE,left_of,last item,last,5,5,0,3,4
scroll to menu to the left of the home,scroll,menu,NONE,left_of,home,NONE,7,6,0,3,3
select checkbox,click,checkbox,NONE,NONE,NONE,NONE,1,2,0,0,3
copy text next to the home,copy,text,NONE,next_to,home,NONE,2,9,0,4,3
tap icon to the right of the last item,tap,icon,NONE,right_of,last item,NONE,8,3,0,5,3
copy red text above the address,copy,text,red,above,address,NONE,2,9,8,1,3
scroll to green tab next to the payment,scroll,tab,green,next_to,payment,NONE,7,8,4,4,3
tap icon below the last item,tap,icon,NONE,below,last item,NONE,8,3,0,2,3
long-press image above the login,long-press,image,NONE,above,login,NONE,4,4,0,1,3
tap green checkbox below the first email,tap,checkbox,green,below,first email,NONE,8,2,4,2,3
scroll down to text to the right of the profile,scroll,text,NONE,right_of,profile,NONE,7,9,0,5,3
open the last link above the wi-fi,open,link,NONE,above,wi-fi,last,5,5,0,1,4
press and hold white button next to the wi-fi,long-press,button,white,next_to,wi-fi,NONE,4,1,9,4,3
launch icon next to the notifications,open,icon,NONE,next_to,notifications,NONE,5,3,0,4,3
tap tab,tap,tab,NONE,NONE,NONE,NONE,8,8,0,0,3
copy green text to the left of the menu,copy,text,green,left_of,menu,NONE,2,9,4,3,3
copy text to the left of the notifications,copy,text,NONE,left_of,notifications,NONE,2,9,0,3,3
launch the 3rd green link below the cart,open,link,green,below,cart,3rd,5,5,4,2,2
scroll down to blue text,scroll,text,blue,NONE,NONE,NONE,7,9,2,0,3
copy the 1st orange text above the cart,copy,text,orange,above,cart,1st,2,9,5,1,0
tap link,tap,link,NONE,NONE,NONE,NONE,8,5,0,0,3
launch link to the left of the help,open,link,NONE,left_of,help,NONE,5,5,0,3,3
paste green text,paste,text,green,NONE,NONE,NONE,6,9,4,0,3
open link below the cart,open,link,NONE,below,cart,NONE,5,5,0,2,3
select checkbox to the left of the help,click,checkbox,NONE,left_of,help,NONE,1,2,0,3,3
tap tab above the notifications,tap,tab,NONE,above,notifications,NONE,8,8,0,1,3
long-press icon,long-press,icon,NONE,NONE,NONE,NONE,4,3,0,0,3
copy text,copy,text,NONE,NONE,NONE,NONE,2,9,0,0,3
scroll down to text,scroll,text,NONE,NONE,NONE,NONE,7,9,0,0,3
delete image below the notifications,delete,image,NONE,below,notifications,NONE,3,4,0,2,3
paste text above the profile,paste,text,NONE,above,profile,NONE,6,9,0,1,3
copy text above the settings,copy,text,NONE,above,settings,NONE,2,9,0,1,3
select icon below the address,click,icon,NONE,below,address,NONE,1,3,0,2,3
copy text,copy,text,NONE,NONE,NONE,NONE,2,9,0,0,3
click icon next to the home,click,icon,NONE,next_to,home,NONE,1,3,0,4,3
scroll down to yellow tab,scroll,tab,yellow,NONE,NONE,NONE,7,8,10,0,3
open the 3rd white icon above the wi-fi,open,icon,white,above,wi-fi,3rd,5,3,9,1,2
launch icon next to the address,open,icon,NONE,next_to,address,NONE,5,3,0,4,3
paste blue text,paste,text,blue,NONE,NONE,NONE,6,9,2,0,3
tap button below the address,tap,button,NONE,below,address,NONE,8,1,0,2,3
scroll down to blue text,scroll,text,blue,NONE,NONE,NONE,7,9,2,0,3
paste red text above the menu,paste,text,red,above,menu,NONE,6,9,8,1,3
copy red text,copy,text,red,NONE,NONE,NONE,2,9,8,0,3
trash text next to the login,delete,text,NONE,next_to,login,NONE,3,9,0,4,3
launch the 2nd green link to the left of the payment,open,link,green,left_of,payment,2nd,5,5,4,3,1
launch the 2nd white tab below the last item,open,tab,white,below,last item,2nd,5,8,9,2,1
open gray icon to the left of the cart,open,icon,gray,left_of,cart,NONE,5,3,3,3,3
long-press the last image,long-press,image,NONE,NONE,NONE,last,4,4,0,0,4
paste text,paste,text,NONE,NONE,NONE,NONE,6,9,0,0,3
copy text to the right of the last item,copy,text,NONE,right_of,last item,NONE,2,9,0,5,3
copy text,copy,text,NONE,NONE,NONE,NONE,2,9,0,0,3
scroll down to orange menu next to the notifications,scroll,menu,orange,next_to,notifications,NONE,7,6,5,4,3
trash image next to the settings,delete,image,NONE,next_to,settings,NONE,3,4,0,4,3
copy text,copy,text,NONE,NONE,NONE,NONE,2,9,0,0,3
click on text,click,text,NONE,NONE,NONE,NONE,1,9,0,0,3
copy the 1st text,copy,text,NONE,NONE,NONE,1st,2,9,0,0,0
scroll down to tab below the home,scroll,tab,NONE,below,home,NONE,7,8,0,2,3
tap link,tap,link,NONE,NONE,NONE,NONE,8,5,0,0,3
long-press icon to the left of the cart,long-press,icon,NONE,left_of,cart,NONE,4,3,0,3,3
scroll down to menu,scroll,menu,NONE,NONE,NONE,NONE,7,6,0,0,3
scroll down to the 2nd menu to the right of the menu,scroll,menu,NONE,right_of,menu,2nd,7,6,0,5,1
tap white icon next to the payment,tap,icon,white,next_to,payment,NONE,8,3,9,4,3
tap orange icon,tap,icon,orange,NONE,NONE,NONE,8,3,5,0,3
tap on the 2nd tab below the profile,tap,tab,NONE,below,profile,2nd,8,8,0,2,1
trash image to the left of the last item,delete,image,NONE,left_of,last item,NONE,3,4,0,3,3
copy text below the search,copy,text,NONE,below,search,NONE,2,9,0,2,3
launch the 3rd white link,open,link,white,NONE,NONE,3rd,5,5,9,0,2
paste text,paste,text,NONE,NONE,NONE,NONE,6,9,0,0,3
tap on icon,tap,icon,NONE,NONE,NONE,NONE,8,3,0,0,3
scroll down to tab above the payment,scroll,tab,NONE,above,payment,NONE,7,8,0,1,3
click the 2nd link,click,link,NONE,NONE,NONE,2nd,1,5,0,0,1
paste text above the search,paste,text,NONE,above,search,NONE,6,9,0,1,3
open icon below the profile,open,icon,NONE,below,profile,NONE,5,3,0,2,3
trash button,delete,button,NONE,NONE,NONE,NONE,3,1,0,0,3
long-press icon next to the search,long-press,icon,NONE,next_to,search,NONE,4,3,0,4,3
long-press the 1st icon,long-press,icon,NONE,NONE,NONE,1st,4,3,0,0,0
scroll to green menu above the home,scroll,menu,green,above,home,NONE,7,6,4,1,3
scroll down to menu next to the payment,scroll,menu,NONE,next_to,payment,NONE,7,6,0,4,3
launch menu,open,menu,NONE,NONE,NONE,NONE,5,6,0,0,3
tap switch,tap,switch,NONE,NONE,NONE,NONE,8,7,0,0,3
press and hold the 1st button next to the cart,long-press,button,NONE,next_to,cart,1st,4,1,0,4,0
paste text to the left of the wi-fi,paste,text,NONE,left_of,wi-fi,NONE,6,9,0,3,3
tap purple button to the right of the last item,tap,button,purple,right_of,last item,NONE,8,1,7,5,3
tap on the 3rd purple icon to the left of the settings,tap,icon,purple,left_of,settings,3rd,8,3,7,3,2
paste text below the address,paste,text,NONE,below,address,NONE,6,9,0,2,3
remove button,delete,button,NONE,NONE,NONE,NONE,3,1,0,0,3
scroll down to the 3rd yellow text next to the notifications,scroll,text,yellow,next_to,notifications,3rd,7,9,10,4,2
open the 3rd link,open,link,NONE,NONE,NONE,3rd,5,5,0,0,2
launch the 3rd yellow link,open,link,yellow,NONE,NONE,3rd,5,5,10,0,2
copy the 1st text next to the help,copy,text,NONE,next_to,help,1st,2,9,0,4,0
paste text to the right of the checkout,paste,text,NONE,right_of,checkout,NONE,6,9,0,5,3
trash button,delete,button,NONE,NONE,NONE,NONE,3,1,0,0,3
copy the last black text to the left of the login,copy,text,black,left_of,login,last,2,9,1,3,4
remove gray image,delete,image,gray,NONE,NONE,NONE,3,4,3,0,3
tap switch above the payment,tap,switch,NONE,above,payment,NONE,8,7,0,1,3
paste the 3rd pink text,paste,text,pink,NONE,NONE,3rd,6,9,6,0,2
copy text next to the cart,copy,text,NONE,next_to,cart,NONE,2,9,0,4,3
click on the 2nd button to the left of the help,click,button,NONE,left_of,help,2nd,1,1,0,3,1
delete image above the home,delete,image,NONE,above,home,NONE,3,4,0,1,3
tap on switch,tap,switch,NONE,NONE,NONE,NONE,8,7,0,0,3
remove button,delete,button,NONE,NONE,NONE,NONE,3,1,0,0,3
press the 1st icon below the wi-fi,click,icon,NONE,below,wi-fi,1st,1,3,0,2,0
scroll to menu above the home,scroll,menu,NONE,above,home,NONE,7,6,0,1,3
launch the 2nd icon below the payment,open,icon,NONE,below,payment,2nd,5,3,0,2,1
tap button,tap,button,NONE,NONE,NONE,NONE,8,1,0,0,3
paste text next to the wi-fi,paste,text,NONE,next_to,wi-fi,NONE,6,9,0,4,3
copy the last text to the right of the cart,copy,text,NONE,right_of,cart,last,2,9,0,5,4
open icon,open,icon,NONE,NONE,NONE,NONE,5,3,0,0,3
scroll down to tab next to the payment,scroll,tab,NONE,next_to,payment,NONE,7,8,0,4,3
select white switch above the checkout,click,switch,white,above,checkout,NONE,1,7,9,1,3
tap pink switch,tap,switch,pink,NONE,NONE,NONE,8,7,6,0,3
launch pink menu next to the search,open,menu,pink,next_to,search,NONE,5,6,6,4,3
select button,click,button,NONE,NONE,NONE,NONE,1,1,0,0,3
tap on tab,tap,tab,NONE,NONE,NONE,NONE,8,8,0,0,3
long-press the 2nd blue button,long-press,button,blue,NONE,NONE,2nd,4,1,2,0,1
copy text,copy,text,NONE,NONE,NONE,NONE,2,9,0,0,3
copy yellow text,copy,text,yellow,NONE,NONE,NONE,2,9,10,0,3
copy text,copy,text,NONE,NONE,NONE,NONE,2,9,0,0,3
open the 2nd icon,open,icon,NONE,NONE,NONE,2nd,5,3,0,0,1
trash red button below the notifications,delete,button,red,below,notifications,NONE,3,1,8,2,3
click on tab,click,tab,NONE,NONE,NONE,NONE,1,8,0,0,3
paste text next to the last item,paste,text,NONE,next_to,last item,NONE,6,9,0,4,3
scroll down to red tab,scroll,tab,red,NONE,NONE,NONE,7,8,8,0,3
paste white text above the first email,paste,text,white,above,first email,NONE,6,9,9,1,3
press and hold pink text to the left of the profile,long-press,text,pink,left_of,profile,NONE,4,9,6,3,3
click the 3rd tab to the right of the search,click,tab,NONE,right_of,search,3rd,1,8,0,5,2
paste the 2nd text below the home,paste,text,NONE,below,home,2nd,6,9,0,2,1
open menu above the profile,open,menu,NONE,above,profile,NONE,5,6,0,1,3
launch icon,open,icon,NONE,NONE,NONE,NONE,5,3,0,0,3
scroll down to yellow menu to the left of the profile,scroll,menu,yellow,left_of,profile,NONE,7,6,10,3,3
trash the 3rd orange button,delete,button,orange,NONE,NONE,3rd,3,1,5,0,2
tap on the 1st tab to the left of the first email,tap,tab,NONE,left_of,first email,1st,8,8,0,3,0
press gray button above the menu,click,button,gray,above,menu,NONE,1,1,3,1,3
remove text,delete,text,NONE,NONE,NONE,NONE,3,9,0,0,3
launch pink tab to the left of the help,open,tab,pink,left_of,help,NONE,5,8,6,3,3
press and hold the last red icon,long-press,icon,red,NONE,NONE,last,4,3,8,0,4
trash button below the settings,delete,button,NONE,below,settings,NONE,3,1,0,2,3
select blue icon next to the checkout,click,icon,blue,next_to,checkout,NONE,1,3,2,4,3
click on text to the left of the search,click,text,NONE,left_of,search,NONE,1,9,0,3,3
paste text to the right of the home,paste,text,NONE,right_of,home,NONE,6,9,0,5,3
long-press pink text to the left of the notifications,long-press,text,pink,left_of,notifications,NONE,4,9,6,3,3
long-press button,long-press,button,NONE,NONE,NONE,NONE,4,1,0,0,3
long-press icon,long-press,icon,NONE,NONE,NONE,NONE,4,3,0,0,3
paste green text,paste,text,green,NONE,NONE,NONE,6,9,4,0,3
long-press text to the left of the help,long-press,text,NONE,left_of,help,NONE,4,9,0,3,3
tap pink button,tap,button,pink,NONE,NONE,NONE,8,1,6,0,3
long-press orange text below the menu,long-press,text,orange,below,menu,NONE,4,9,5,2,3
press and hold icon,long-press,icon,NONE,NONE,NONE,NONE,4,3,0,0,3
tap on checkbox to the right of the help,tap,checkbox,NONE,right_of,help,NONE,8,2,0,5,3
long-press green text next to the checkout,long-press,text,green,next_to,checkout,NONE,4,9,4,4,3
click orange image next to the settings,click,image,orange,next_to,settings,NONE,1,4,5,4,3
long-press the 3rd icon to the right of the wi-fi,long-press,icon,NONE,right_of,wi-fi,3rd,4,3,0,5,2
press and hold the 3rd icon to the right of the settings,long-press,icon,NONE,right_of,settings,3rd,4,3,0,5,2
copy pink text to the right of the address,copy,text,pink,right_of,address,NONE,2,9,6,5,3
tap pink checkbox above the menu,tap,checkbox,pink,above,menu,NONE,8,2,6,1,3
paste text next to the settings,paste,text,NONE,next_to,settings,NONE,6,9,0,4,3
scroll down to the 3rd menu above the search,scroll,menu,NONE,above,search,3rd,7,6,0,1,2
paste the 3rd text to the right of the payment,paste,text,NONE,right_of,payment,3rd,6,9,0,5,2
paste the 1st text to the left of the home,paste,text,NONE,left_of,home,1st,6,9,0,3,0
copy the 2nd text,copy,text,NONE,NONE,NONE,2nd,2,9,0,0,1
open link,open,link,NONE,NONE,NONE,NONE,5,5,0,0,3
scroll down to the 1st tab below the home,scroll,tab,NONE,below,home,1st,7,8,0,2,0
tap on the last checkbox next to the wi-fi,tap,checkbox,NONE,next_to,wi-fi,last,8,2,0,4,4
scroll to tab below the last item,scroll,tab,NONE,below,last item,NONE,7,8,0,2,3
press and hold icon,long-press,icon,NONE,NONE,NONE,NONE,4,3,0,0,3
remove pink image,delete,image,pink,NONE,NONE,NONE,3,4,6,0,3
scroll to text,scroll,text,NONE,NONE,NONE,NONE,7,9,0,0,3
scroll to blue text to the left of the cart,scroll,text,blue,left_of,cart,NONE,7,9,2,3,3
scroll to the 1st text,scroll,text,NONE,NONE,NONE,1st,7,9,0,0,0
open icon above the home,open,icon,NONE,above,home,NONE,5,3,0,1,3
press and hold icon,long-press,icon,NONE,NONE,NONE,NONE,4,3,0,0,3
paste text,paste,text,NONE,NONE,NONE,NONE,6,9,0,0,3
paste the 3rd text below the menu,paste,text,NONE,below,menu,3rd,6,9,0,2,2
tap link above the profile,tap,link,NONE,above,profile,NONE,8,5,0,1,3
scroll down to gray tab,scroll,tab,gray,NONE,NONE,NONE,7,8,3,0,3
tap on switch below the last item,tap,switch,NONE,below,last item,NONE,8,7,0,2,3
press white link to the right of the menu,click,link,white,right_of,menu,NONE,1,5,9,5,3
tap on icon,tap,icon,NONE,NONE,NONE,NONE,8,3,0,0,3
copy black text,copy,text,black,NONE,NONE,NONE,2,9,1,0,3
delete image below the profile,delete,image,NONE,below,profile,NONE,3,4,0,2,3
scroll to menu to the right of the first email,scroll,menu,NONE,right_of,first email,NONE,7,6,0,5,3
open gray icon,open,icon,gray,NONE,NONE,NONE,5,3,3,0,3
open button,open,button,NONE,NONE,NONE,NONE,5,1,0,0,3
open red menu,open,menu,red,NONE,NONE,NONE,5,6,8,0,3
tap on tab,tap,tab,NONE,NONE,NONE,NONE,8,8,0,0,3
launch icon below the wi-fi,open,icon,NONE,below,wi-fi,NONE,5,3,0,2,3
scroll to menu,scroll,menu,NONE,NONE,NONE,NONE,7,6,0,0,3
copy the 2nd text,copy,text,NONE,NONE,NONE,2nd,2,9,0,0,1
paste the 1st text,paste,text,NONE,NONE,NONE,1st,6,9,0,0,0
copy white text to the left of the first email,copy,text,white,left_of,first email,NONE,2,9,9,3,3
delete black image,delete,image,black,NONE,NONE,NONE,3,4,1,0,3
paste white text above the first email,paste,text,white,above,first email,NONE,6,9,9,1,3
long-press button next to the menu,long-press,button,NONE,next_to,menu,NONE,4,1,0,4,3
select image,click,image,NONE,NONE,NONE,NONE,1,4,0,0,3
paste text next to the login,paste,text,NONE,next_to,login,NONE,6,9,0,4,3
scroll down to the 1st pink tab to the right of the settings,scroll,tab,pink,right_of,settings,1st,7,8,6,5,0
paste the 3rd blue text below the menu,paste,text,blue,below,menu,3rd,6,9,2,2,2
press the 1st link to the right of the settings,click,link,NONE,right_of,settings,1st,1,5,0,5,0
open red tab next to the login,open,tab,red,next_to,login,NONE,5,8,8,4,3
click on orange icon,click,icon,orange,NONE,NONE,NONE,1,3,5,0,3
open the last red icon,open,icon,red,NONE,NONE,last,5,3,8,0,4
click button below the address,click,button,NONE,below,address,NONE,1,1,0,2,3
paste white text to the right of the address,paste,text,white,right_of,address,NONE,6,9,9,5,3
remove image to the left of the menu,delete,image,NONE,left_of,menu,NONE,3,4,0,3,3
press and hold button,long-press,button,NONE,NONE,NONE,NONE,4,1,0,0,3
trash the 1st button next to the first email,delete,button,NONE,next_to,first email,1st,3,1,0,4,0
scroll down to the 1st menu,scroll,menu,NONE,NONE,NONE,1st,7,6,0,0,0
press the 2nd green image to the right of the settings,click,image,green,right_of,settings,2nd,1,4,4,5,1
trash the 3rd white button,delete,button,white,NONE,NONE,3rd,3,1,9,0,2
open blue icon next to the last item,open,icon,blue,next_to,last item,NONE,5,3,2,4,3
copy the 2nd purple text,copy,text,purple,NONE,NONE,2nd,2,9,7,0,1
tap on the last link to the left of the checkout,tap,link,NONE,left_of,checkout,last,8,5,0,3,4
launch icon next to the wi-fi,open,icon,NONE,next_to,wi-fi,NONE,5,3,0,4,3
paste orange text,paste,text,orange,NONE,NONE,NONE,6,9,5,0,3
delete the last green button next to the notifications,delete,button,green,next_to,notifications,last,3,1,4,4,4
remove text,delete,text,NONE,NONE,NONE,NONE,3,9,0,0,3
copy text to the right of the settings,copy,text,NONE,right_of,settings,NONE,2,9,0,5,3
copy the last yellow text,copy,text,yellow,NONE,NONE,last,2,9,10,0,4
remove pink text next to the menu,delete,text,pink,next_to,menu,NONE,3,9,6,4,3
delete button to the right of the payment,delete,button,NONE,right_of,payment,NONE,3,1,0,5,3
launch gray icon above the payment,open,icon,gray,above,payment,NONE,5,3,3,1,3
tap blue icon,tap,icon,blue,NONE,NONE,NONE,8,3,2,0,3
tap checkbox,tap,checkbox,NONE,NONE,NONE,NONE,8,2,0,0,3
paste gray text to the right of the profile,paste,text,gray,right_of,profile,NONE,6,9,3,5,3
copy text next to the help,copy,text,NONE,next_to,help,NONE,2,9,0,4,3
remove text,delete,text,NONE,NONE,NONE,NONE,3,9,0,0,3
remove text to the left of the search,delete,text,NONE,left_of,search,NONE,3,9,0,3,3
select orange image next to the help,click,image,orange,next_to,help,NONE,1,4,5,4,3
click the 3rd text to the right of the login,click,text,NONE,right_of,login,3rd,1,9,0,5,2
paste text to the right of the search,paste,text,NONE,right_of,search,NONE,6,9,0,5,3
select text to the left of the checkout,click,text,NONE,left_of,checkout,NONE,1,9,0,3,3
paste text below the help,paste,text,NONE,below,help,NONE,6,9,0,2,3
click the 1st icon,click,icon,NONE,NONE,NONE,1st,1,3,0,0,0
scroll to text,scroll,text,NONE,NONE,NONE,NONE,7,9,0,0,3
tap green checkbox to the left of the help,tap,checkbox,green,left_of,help,NONE,8,2,4,3,3
scroll down to text below the first email,scroll,text,NONE,below,first email,NONE,7,9,0,2,3
click yellow link,click,link,yellow,NONE,NONE,NONE,1,5,10,0,3
long-press text below the wi-fi,long-press,text,NONE,below,wi-fi,NONE,4,9,0,2,3
tap on the 3rd tab,tap,tab,NONE,NONE,NONE,3rd,8,8,0,0,2
delete text to the left of the login,delete,text,NONE,left_of,login,NONE,3,9,0,3,3
copy text to the right of the cart,copy,text,NONE,right_of,cart,NONE,2,9,0,5,3
remove orange image next to the wi-fi,delete,image,orange,next_to,wi-fi,NONE,3,4,5,4,3
scroll down to the 3rd text,scroll,text,NONE,NONE,NONE,3rd,7,9,0,0,2
trash text next to the last item,delete,text,NONE,next_to,last item,NONE,3,9,0,4,3
remove button,delete,button,NONE,NONE,NONE,NONE,3,1,0,0,3
press and hold red image,long-press,image,red,NONE,NONE,NONE,4,4,8,0,3
press and hold image to the left of the first email,long-press,image,NONE,left_of,first email,NONE,4,4,0,3,3
tap on the 1st checkbox above the profile,tap,checkbox,NONE,above,profile,1st,8,2,0,1,0
copy the 1st text,copy,text,NONE,NONE,NONE,1st,2,9,0,0,0
click switch below the first email,click,switch,NONE,below,first email,NONE,1,7,0,2,3
delete image next to the menu,delete,image,NONE,next_to,menu,NONE,3,4,0,4,3
press gray icon above the checkout,click,icon,gray,above,checkout,NONE,1,3,3,1,3
paste text below the menu,paste,text,NONE,below,menu,NONE,6,9,0,2,3
copy text to the right of the cart,copy,text,NONE,right_of,cart,NONE,2,9,0,5,3
press and hold purple image to the right of the home,long-press,image,purple,right_of,home,NONE,4,4,7,5,3
long-press gray text next to the first email,long-press,text,gray,next_to,first email,NONE,4,9,3,4,3
paste the 1st text,paste,text,NONE,NONE,NONE,1st,6,9,0,0,0
trash text to the left of the home,delete,text,NONE,left_of,home,NONE,3,9,0,3,3
scroll to menu,scroll,menu,NONE,NONE,NONE,NONE,7,6,0,0,3
remove button to the right of the first email,delete,button,NONE,right_of,first email,NONE,3,1,0,5,3
trash the 1st image,delete,image,NONE,NONE,NONE,1st,3,4,0,0,0
trash the 1st text,delete,text,NONE,NONE,NONE,1st,3,9,0,0,0
paste white text,paste,text,white,NONE,NONE,NONE,6,9,9,0,3
copy red text to the right of the notifications,copy,text,red,right_of,notifications,NONE,2,9,8,5,3
tap on black link,tap,link,black,NONE,NONE,NONE,8,5,1,0,3
scroll to the 2nd tab,scroll,tab,NONE,NONE,NONE,2nd,7,8,0,0,1
click on the last switch to the right of the notifications,click,switch,NONE,right_of,notifications,last,1,7,0,5,4
copy blue text to the left of the cart,copy,text,blue,left_of,cart,NONE,2,9,2,3,3
paste green text to the right of the home,paste,text,green,right_of,home,NONE,6,9,4,5,3
long-press pink button,long-press,button,pink,NONE,NONE,NONE,4,1,6,0,3
open tab below the help,open,tab,NONE,below,help,NONE,5,8,0,2,3
launch icon,open,icon,NONE,NONE,NONE,NONE,5,3,0,0,3
paste white text to the left of the wi-fi,paste,text,white,left_of,wi-fi,NONE,6,9,9,3,3
press and hold the 2nd yellow button to the left of the checkout,long-press,button,yellow,left_of,checkout,2nd,4,1,10,3,1
delete the last button,delete,button,NONE,NONE,NONE,last,3,1,0,0,4
delete image,delete,image,NONE,NONE,NONE,NONE,3,4,0,0,3
click the 2nd icon,click,icon,NONE,NONE,NONE,2nd,1,3,0,0,1
launch tab,open,tab,NONE,NONE,NONE,NONE,5,8,0,0,3
open the 2nd black button next to the first email,open,button,black,next_to,first email,2nd,5,1,1,4,1
press and hold the last red button above the checkout,long-press,button,red,above,checkout,last,4,1,8,1,4
delete button to the left of the help,delete,button,NONE,left_of,help,NONE,3,1,0,3,3
scroll to the 2nd menu,scroll,menu,NONE,NONE,NONE,2nd,7,6,0,0,1
launch gray link,open,link,gray,NONE,NONE,NONE,5,5,3,0,3
long-press white icon to the right of the cart,long-press,icon,white,right_of,cart,NONE,4,3,9,5,3
scroll down to the 1st menu to the left of the notifications,scroll,menu,NONE,left_of,notifications,1st,7,6,0,3,0
press blue button to the right of the payment,click,button,blue,right_of,payment,NONE,1,1,2,5,3
delete button above the cart,delete,button,NONE,above,cart,NONE,3,1,0,1,3
scroll down to black tab next to the address,scroll,tab,black,next_to,address,NONE,7,8,1,4,3
paste the 3rd text next to the home,paste,text,NONE,next_to,home,3rd,6,9,0,4,2
scroll to tab next to the payment,scroll,tab,NONE,next_to,payment,NONE,7,8,0,4,3
copy the 3rd text,copy,text,NONE,NONE,NONE,3rd,2,9,0,0,2
remove text below the first email,delete,text,NONE,below,first email,NONE,3,9,0,2,3
tap black switch next to the cart,tap,switch,black,next_to,cart,NONE,8,7,1,4,3
tap black checkbox next to the wi-fi,tap,checkbox,black,next_to,wi-fi,NONE,8,2,1,4,3
paste gray text above the payment,paste,text,gray,above,payment,NONE,6,9,3,1,3
paste the 1st text next to the address,paste,text,NONE,next_to,address,1st,6,9,0,4,0
trash text to the right of the last item,delete,text,NONE,right_of,last item,NONE,3,9,0,5,3
paste text to the left of the home,paste,text,NONE,left_of,home,NONE,6,9,0,3,3
press and hold the last icon,long-press,icon,NONE,NONE,NONE,last,4,3,0,0,4
trash image,delete,image,NONE,NONE,NONE,NONE,3,4,0,0,3
open menu,open,menu,NONE,NONE,NONE,NONE,5,6,0,0,3
scroll down to text above the menu,scroll,text,NONE,above,menu,NONE,7,9,0,1,3
tap on the last checkbox to the left of the address,tap,checkbox,NONE,left_of,address,last,8,2,0,3,4
launch the last button,open,button,NONE,NONE,NONE,last,5,1,0,0,4
press and hold text next to the profile,long-press,text,NONE,next_to,profile,NONE,4,9,0,4,3
remove button to the right of the login,delete,button,NONE,right_of,login,NONE,3,1,0,5,3
scroll down to gray tab to the left of the home,scroll,tab,gray,left_of,home,NONE,7,8,3,3,3
click checkbox,click,checkbox,NONE,NONE,NONE,NONE,1,2,0,0,3
select the last purple button to the left of the search,click,button,purple,left_of,search,last,1,1,7,3,4
press and hold red image to the right of the wi-fi,long-press,image,red,right_of,wi-fi,NONE,4,4,8,5,3
launch the last button to the right of the profile,open,button,NONE,right_of,profile,last,5,1,0,5,4
copy black text to the left of the address,copy,text,black,left_of,address,NONE,2,9,1,3,3
select orange button next to the menu,click,button,orange,next_to,menu,NONE,1,1,5,4,3
open black link above the login,open,link,black,above,login,NONE,5,5,1,1,3
select button above the settings,click,button,NONE,above,settings,NONE,1,1,0,1,3
launch menu to the right of the notifications,open,menu,NONE,right_of,notifications,NONE,5,6,0,5,3
tap the 2nd icon,tap,icon,NONE,NONE,NONE,2nd,8,3,0,0,1
open button,open,button,NONE,NONE,NONE,NONE,5,1,0,0,3
tap checkbox to the left of the wi-fi,tap,checkbox,NONE,left_of,wi-fi,NONE,8,2,0,3,3
remove text above the checkout,delete,text,NONE,above,checkout,NONE,3,9,0,1,3
trash button to the right of the first email,delete,button,NONE,right_of,first email,NONE,3,1,0,5,3
copy text below the search,copy,text,NONE,below,search,NONE,2,9,0,2,3
click on red checkbox below the profile,click,checkbox,red,below,profile,NONE,1,2,8,2,3
paste purple text,paste,text,purple,NONE,NONE,NONE,6,9,7,0,3
scroll down to the last tab,scroll,tab,NONE,NONE,NONE,last,7,8,0,0,4
copy purple text,copy,text,purple,NONE,NONE,NONE,2,9,7,0,3
paste blue text next to the home,paste,text,blue,next_to,home,NONE,6,9,2,4,3
select orange image,click,image,orange,NONE,NONE,NONE,1,4,5,0,3
copy orange text to the right of the last item,copy,text,orange,right_of,last item,NONE,2,9,5,5,3
paste pink text,paste,text,pink,NONE,NONE,NONE,6,9,6,0,3
select link,click,link,NONE,NONE,NONE,NONE,1,5,0,0,3
scroll to text,scroll,text,NONE,NONE,NONE,NONE,7,9,0,0,3
scroll to tab below the checkout,scroll,tab,NONE,below,checkout,NONE,7,8,0,2,3
copy text to the left of the last item,copy,text,NONE,left_of,last item,NONE,2,9,0,3,3
paste orange text,paste,text,orange,NONE,NONE,NONE,6,9,5,0,3
copy the 1st text,copy,text,NONE,NONE,NONE,1st,2,9,0,0,0
long-press the 3rd button,long-press,button,NONE,NONE,NONE,3rd,4,1,0,0,2
scroll to tab to the left of the address,scroll,tab,NONE,left_of,address,NONE,7,8,0,3,3
click the 3rd checkbox to the right of the checkout,click,checkbox,NONE,right_of,checkout,3rd,1,2,0,5,2
scroll to text below the checkout,scroll,text,NONE,below,checkout,NONE,7,9,0,2,3
launch the last menu above the profile,open,menu,NONE,above,profile,last,5,6,0,1,4
press and hold button below the checkout,long-press,button,NONE,below,checkout,NONE,4,1,0,2,3
select the 2nd image,click,image,NONE,NONE,NONE,2nd,1,4,0,0,1
copy green text to the left of the last item,copy,text,green,left_of,last item,NONE,2,9,4,3,3
scroll down to yellow text,scroll,text,yellow,NONE,NONE,NONE,7,9,10,0,3
scroll down to red text below the last item,scroll,text,red,below,last item,NONE,7,9,8,2,3
click on image to the right of the home,click,image,NONE,right_of,home,NONE,1,4,0,5,3
long-press the last pink button,long-press,button,pink,NONE,NONE,last,4,1,6,0,4
copy text to the left of the address,copy,text,NONE,left_of,address,NONE,2,9,0,3,3
long-press purple icon above the cart,long-press,icon,purple,above,cart,NONE,4,3,7,1,3
paste the 1st text above the address,paste,text,NONE,above,address,1st,6,9,0,1,0
open menu to the right of the last item,open,menu,NONE,right_of,last item,NONE,5,6,0,5,3
paste gray text next to the first email,paste,text,gray,next_to,first email,NONE,6,9,3,4,3
long-press yellow icon,long-press,icon,yellow,NONE,NONE,NONE,4,3,10,0,3
paste the 1st text above the last item,paste,text,NONE,above,last item,1st,6,9,0,1,0
scroll down to pink tab above the profile,scroll,tab,pink,above,profile,NONE,7,8,6,1,3
open pink menu above the help,open,menu,pink,above,help,NONE,5,6,6,1,3
tap the 3rd link,tap,link,NONE,NONE,NONE,3rd,8,5,0,0,2
open icon,open,icon,NONE,NONE,NONE,NONE,5,3,0,0,3
click on the 1st tab below the first email,click,tab,NONE,below,first email,1st,1,8,0,2,0
delete image next to the settings,delete,image,NONE,next_to,settings,NONE,3,4,0,4,3
paste text to the right of the help,paste,text,NONE,right_of,help,NONE,6,9,0,5,3
open button next to the help,open,button,NONE,next_to,help,NONE,5,1,0,4,3
launch button below the login,open,button,NONE,below,login,NONE,5,1,0,2,3
press purple text,click,text,purple,NONE,NONE,NONE,1,9,7,0,3
copy the 3rd text,copy,text,NONE,NONE,NONE,3rd,2,9,0,0,2
scroll down to the 2nd text,scroll,text,NONE,NONE,NONE,2nd,7,9,0,0,1
tap on icon,tap,icon,NONE,NONE,NONE,NONE,8,3,0,0,3
paste the last text above the login,paste,text,NONE,above,login,last,6,9,0,1,4
scroll down to black tab next to the login,scroll,tab,black,next_to,login,NONE,7,8,1,4,3
remove white button below the last item,delete,button,white,below,last item,NONE,3,1,9,2,3
remove the last image below the profile,delete,image,NONE,below,profile,last,3,4,0,2,4
trash button next to the profile,delete,button,NONE,next_to,profile,NONE,3,1,0,4,3
scroll to the 2nd menu,scroll,menu,NONE,NONE,NONE,2nd,7,6,0,0,1
click on purple tab below the checkout,click,tab,purple,below,checkout,NONE,1,8,7,2,3
scroll to orange tab below the home,scroll,tab,orange,below,home,NONE,7,8,5,2,3
trash button to the left of the notifications,delete,button,NONE,left_of,notifications,NONE,3,1,0,3,3
launch gray tab,open,tab,gray,NONE,NONE,NONE,5,8,3,0,3
paste text,paste,text,NONE,NONE,NONE,NONE,6,9,0,0,3
scroll to the 1st tab,scroll,tab,NONE,NONE,NONE,1st,7,8,0,0,0
copy black text,copy,text,black,NONE,NONE,NONE,2,9,1,0,3
press and hold the 1st purple button next to the address,long-press,button,purple,next_to,address,1st,4,1,7,4,0
copy text,copy,text,NONE,NONE,NONE,NONE,2,9,0,0,3
scroll down to pink text to the right of the settings,scroll,text,pink,right_of,settings,NONE,7,9,6,5,3
scroll down to text to the left of the menu,scroll,text,NONE,left_of,menu,NONE,7,9,0,3,3
select text below the home,click,text,NONE,below,home,NONE,1,9,0,2,3
copy the last orange text,copy,text,orange,NONE,NONE,last,2,9,5,0,4
copy text above the login,copy,text,NONE,above,login,NONE,2,9,0,1,3
tap on tab below the wi-fi,tap,tab,NONE,below,wi-fi,NONE,8,8,0,2,3
paste the last text below the settings,paste,text,NONE,below,settings,last,6,9,0,2,4
paste text,paste,text,NONE,NONE,NONE,NONE,6,9,0,0,3
remove the last text to the right of the settings,delete,text,NONE,right_of,settings,last,3,9,0,5,4
delete black button below the settings,delete,button,black,below,settings,NONE,3,1,1,2,3
paste text below the login,paste,text,NONE,below,login,NONE,6,9,0,2,3
copy the 1st text,copy,text,NONE,NONE,NONE,1st,2,9,0,0,0
long-press green button,long-press,button,green,NONE,NONE,NONE,4,1,4,0,3
copy text,copy,text,NONE,NONE,NONE,NONE,2,9,0,0,3
tap switch to the left of the last item,tap,switch,NONE,left_of,last item,NONE,8,7,0,3,3
copy text below the menu,copy,text,NONE,below,menu,NONE,2,9,0,2,3
press and hold text to the right of the cart,long-press,text,NONE,right_of,cart,NONE,4,9,0,5,3
copy the last text,copy,text,NONE,NONE,NONE,last,2,9,0,0,4
click tab below the address,click,tab,NONE,below,address,NONE,1,8,0,2,3
press and hold text to the left of the menu,long-press,text,NONE,left_of,menu,NONE,4,9,0,3,3
launch link above the last item,open,link,NONE,above,last item,NONE,5,5,0,1,3
paste text to the right of the last item,paste,text,NONE,right_of,last item,NONE,6,9,0,5,3
scroll to the 3rd orange tab,scroll,tab,orange,NONE,NONE,3rd,7,8,5,0,2
launch menu to the right of the login,open,menu,NONE,right_of,login,NONE,5,6,0,5,3
click the 1st switch,click,switch,NONE,NONE,NONE,1st,1,7,0,0,0
tap the 2nd switch to the left of the login,tap,switch,NONE,left_of,login,2nd,8,7,0,3,1
tap on switch,tap,switch,NONE,NONE,NONE,NONE,8,7,0,0,3
long-press the 1st image next to the first email,long-press,image,NONE,next_to,first email,1st,4,4,0,4,0
trash the last button next to the notifications,delete,button,NONE,next_to,notifications,last,3,1,0,4,4
launch menu to the right of the cart,open,menu,NONE,right_of,cart,NONE,5,6,0,5,3
scroll to gray menu,scroll,menu,gray,NONE,NONE,NONE,7,6,3,0,3
trash white text,delete,text,white,NONE,NONE,NONE,3,9,9,0,3
scroll down to tab above the address,scroll,tab,NONE,above,address,NONE,7,8,0,1,3
scroll to the 2nd blue text,scroll,text,blue,NONE,NONE,2nd,7,9,2,0,1
scroll to text above the home,scroll,text,NONE,above,home,NONE,7,9,0,1,3
press and hold button to the left of the help,long-press,button,NONE,left_of,help,NONE,4,1,0,3,3
select red link,click,link,red,NONE,NONE,NONE,1,5,8,0,3
launch yellow button,open,button,yellow,NONE,NONE,NONE,5,1,10,0,3
launch purple button next to the home,open,button,purple,next_to,home,NONE,5,1,7,4,3
scroll to yellow tab below the wi-fi,scroll,tab,yellow,below,wi-fi,NONE,7,8,10,2,3
press red button,click,button,red,NONE,NONE,NONE,1,1,8,0,3
copy pink text to the right of the home,copy,text,pink,right_of,home,NONE,2,9,6,5,3
launch black menu to the left of the help,open,menu,black,left_of,help,NONE,5,6,1,3,3
press pink tab to the right of the notifications,click,tab,pink,right_of,notifications,NONE,1,8,6,5,3
delete the 2nd image below the search,delete,image,NONE,below,search,2nd,3,4,0,2,1
launch the last red menu above the address,open,menu,red,above,address,last,5,6,8,1,4
tap on the 1st gray button below the login,tap,button,gray,below,login,1st,8,1,3,2,0
tap green link,tap,link,green,NONE,NONE,NONE,8,5,4,0,3
copy text to the left of the menu,copy,text,NONE,left_of,menu,NONE,2,9,0,3,3
click on image,click,image,NONE,NONE,NONE,NONE,1,4,0,0,3
trash the last white image next to the menu,delete,image,white,next_to,menu,last,3,4,9,4,4
remove text above the checkout,delete,text,NONE,above,checkout,NONE,3,9,0,1,3
scroll to the 1st text above the wi-fi,scroll,text,NONE,above,wi-fi,1st,7,9,0,1,0
copy text,copy,text,NONE,NONE,NONE,NONE,2,9,0,0,3
click on link below the checkout,click,link,NONE,below,checkout,NONE,1,5,0,2,3
paste text,paste,text,NONE,NONE,NONE,NONE,6,9,0,0,3
paste purple text below the address,paste,text,purple,below,address,NONE,6,9,7,2,3
click the 2nd image to the right of the payment,click,image,NONE,right_of,payment,2nd,1,4,0,5,1
scroll to red text to the left of the checkout,scroll,text,red,left_of,checkout,NONE,7,9,8,3,3
launch menu to the left of the login,open,menu,NONE,left_of,login,NONE,5,6,0,3,3
paste text next to the address,paste,text,NONE,next_to,address,NONE,6,9,0,4,3
open button below the menu,open,button,NONE,below,menu,NONE,5,1,0,2,3
long-press image to the right of the home,long-press,image,NONE,right_of,home,NONE,4,4,0,5,3
paste green text,paste,text,green,NONE,NONE,NONE,6,9,4,0,3
paste text,paste,text,NONE,NONE,NONE,NONE,6,9,0,0,3
press and hold button below the settings,long-press,button,NONE,below,settings,NONE,4,1,0,2,3
copy red text,copy,text,red,NONE,NONE,NONE,2,9,8,0,3
copy pink text,copy,text,pink,NONE,NONE,NONE,2,9,6,0,3
delete the 2nd image to the right of the profile,delete,image,NONE,right_of,profile,2nd,3,4,0,5,1
select the 1st button,click,button,NONE,NONE,NONE,1st,1,1,0,0,0
long-press the 1st button below the notifications,long-press,button,NONE,below,notifications,1st,4,1,0,2,0
scroll to menu to the right of the notifications,scroll,menu,NONE,right_of,notifications,NONE,7,6,0,5,3
select blue image above the search,click,image,blue,above,search,NONE,1,4,2,1,3
paste the 1st text next to the menu,paste,text,NONE,next_to,menu,1st,6,9,0,4,0
paste text to the right of the search,paste,text,NONE,right_of,search,NONE,6,9,0,5,3
click white text above the help,click,text,white,above,help,NONE,1,9,9,1,3
launch button,open,button,NONE,NONE,NONE,NONE,5,1,0,0,3
open orange tab to the left of the search,open,tab,orange,left_of,search,NONE,5,8,5,3,3
paste green text,paste,text,green,NONE,NONE,NONE,6,9,4,0,3
paste text to the right of the first email,paste,text,NONE,right_of,first email,NONE,6,9,0,5,3
paste pink text to the right of the help,paste,text,pink,right_of,help,NONE,6,9,6,5,3
paste text to the left of the cart,paste,text,NONE,left_of,cart,NONE,6,9,0,3,3
trash button,delete,button,NONE,NONE,NONE,NONE,3,1,0,0,3
open menu,open,menu,NONE,NONE,NONE,NONE,5,6,0,0,3
delete orange text,delete,text,orange,NONE,NONE,NONE,3,9,5,0,3
scroll down to text,scroll,text,NONE,NONE,NONE,NONE,7,9,0,0,3
tap tab above the settings,tap,tab,NONE,above,settings,NONE,8,8,0,1,3
launch icon below the login,open,icon,NONE,below,login,NONE,5,3,0,2,3
select tab above the checkout,click,tab,NONE,above,checkout,NONE,1,8,0,1,3
click blue link,click,link,blue,NONE,NONE,NONE,1,5,2,0,3
remove yellow image below the address,delete,image,yellow,below,address,NONE,3,4,10,2,3
tap green icon below the help,tap,icon,green,below,help,NONE,8,3,4,2,3
paste the 3rd purple text to the left of the first email,paste,text,purple,left_of,first email,3rd,6,9,7,3,2
open red tab,open,tab,red,NONE,NONE,NONE,5,8,8,0,3
launch the last menu to the right of the menu,open,menu,NONE,right_of,menu,last,5,6,0,5,4
launch black tab next to the search,open,tab,black,next_to,search,NONE,5,8,1,4,3
long-press the 3rd blue text,long-press,text,blue,NONE,NONE,3rd,4,9,2,0,2
copy text above the search,copy,text,NONE,above,search,NONE,2,9,0,1,3
tap link below the profile,tap,link,NONE,below,profile,NONE,8,5,0,2,3
copy text,copy,text,NONE,NONE,NONE,NONE,2,9,0,0,3
long-press text,long-press,text,NONE,NONE,NONE,NONE,4,9,0,0,3
select icon,click,icon,NONE,NONE,NONE,NONE,1,3,0,0,3
paste gray text next to the home,paste,text,gray,next_to,home,NONE,6,9,3,4,3
tap on the last yellow tab,tap,tab,yellow,NONE,NONE,last,8,8,10,0,4
select the last purple tab below the checkout,click,tab,purple,below,checkout,last,1,8,7,2,4
copy text,copy,text,NONE,NONE,NONE,NONE,2,9,0,0,3
tap link to the left of the address,tap,link,NONE,left_of,address,NONE,8,5,0,3,3
click link,click,link,NONE,NONE,NONE,NONE,1,5,0,0,3
launch menu next to the wi-fi,open,menu,NONE,next_to,wi-fi,NONE,5,6,0,4,3
launch button,open,button,NONE,NONE,NONE,NONE,5,1,0,0,3
select icon,click,icon,NONE,NONE,NONE,NONE,1,3,0,0,3
launch menu,open,menu,NONE,NONE,NONE,NONE,5,6,0,0,3
scroll to text to the right of the wi-fi,scroll,text,NONE,right_of,wi-fi,NONE,7,9,0,5,3
launch menu to the left of the last item,open,menu,NONE,left_of,last item,NONE,5,6,0,3,3
trash the 2nd green button below the payment,delete,button,green,below,payment,2nd,3,1,4,2,1
remove image to the left of the first email,delete,image,NONE,left_of,first email,NONE,3,4,0,3,3
open green tab,open,tab,green,NONE,NONE,NONE,5,8,4,0,3
remove button,delete,button,NONE,NONE,NONE,NONE,3,1,0,0,3
tap button,tap,button,NONE,NONE,NONE,NONE,8,1,0,0,3
tap checkbox above the profile,tap,checkbox,NONE,above,profile,NONE,8,2,0,1,3
open the 1st gray icon next to the menu,open,icon,gray,next_to,menu,1st,5,3,3,4,0
select tab,click,tab,NONE,NONE,NONE,NONE,1,8,0,0,3
press and hold icon below the home,long-press,icon,NONE,below,home,NONE,4,3,0,2,3
scroll to text to the left of the last item,scroll,text,NONE,left_of,last item,NONE,7,9,0,3,3
copy the last text below the menu,copy,text,NONE,below,menu,last,2,9,0,2,4
copy the 1st text to the left of the wi-fi,copy,text,NONE,left_of,wi-fi,1st,2,9,0,3,0
copy white text above the last item,copy,text,white,above,last item,NONE,2,9,9,1,3
tap the 3rd link next to the address,tap,link,NONE,next_to,address,3rd,8,5,0,4,2
paste pink text above the menu,paste,text,pink,above,menu,NONE,6,9,6,1,3
long-press white button to the left of the last item,long-press,button,white,left_of,last item,NONE,4,1,9,3,3
tap on blue button to the right of the cart,tap,button,blue,right_of,cart,NONE,8,1,2,5,3
delete yellow image next to the first email,delete,image,yellow,next_to,first email,NONE,3,4,10,4,3
remove the last text above the cart,delete,text,NONE,above,cart,last,3,9,0,1,4
click on pink link to the left of the payment,click,link,pink,left_of,payment,NONE,1,5,6,3,3
trash the 2nd button,delete,button,NONE,NONE,NONE,2nd,3,1,0,0,1
tap on red button next to the checkout,tap,button,red,next_to,checkout,NONE,8,1,8,4,3
tap orange link,tap,link,orange,NONE,NONE,NONE,8,5,5,0,3
remove pink text next to the settings,delete,text,pink,next_to,settings,NONE,3,9,6,4,3
tap on link,tap,link,NONE,NONE,NONE,NONE,8,5,0,0,3
paste text next to the notifications,paste,text,NONE,next_to,notifications,NONE,6,9,0,4,3
copy text,copy,text,NONE,NONE,NONE,NONE,2,9,0,0,3
open the 1st icon above the login,open,icon,NONE,above,login,1st,5,3,0,1,0
tap on link next to the profile,tap,link,NONE,next_to,profile,NONE,8,5,0,4,3
tap on checkbox,tap,checkbox,NONE,NONE,NONE,NONE,8,2,0,0,3
scroll to blue tab,scroll,tab,blue,NONE,NONE,NONE,7,8,2,0,3
long-press image,long-press,image,NONE,NONE,NONE,NONE,4,4,0,0,3
scroll down to text next to the help,scroll,text,NONE,next_to,help,NONE,7,9,0,4,3
tap yellow tab to the left of the menu,tap,tab,yellow,left_of,menu,NONE,8,8,10,3,3
click on tab below the login,click,tab,NONE,below,login,NONE,1,8,0,2,3
tap on the 2nd gray tab next to the notifications,tap,tab,gray,next_to,notifications,2nd,8,8,3,4,1
copy gray text to the right of the help,copy,text,gray,right_of,help,NONE,2,9,3,5,3
paste the last text next to the home,paste,text,NONE,next_to,home,last,6,9,0,4,4
copy text to the right of the settings,copy,text,NONE,right_of,settings,NONE,2,9,0,5,3
paste pink text below the last item,paste,text,pink,below,last item,NONE,6,9,6,2,3
paste text to the right of the first email,paste,text,NONE,right_of,first email,NONE,6,9,0,5,3
scroll down to the 2nd white tab above the wi-fi,scroll,tab,white,above,wi-fi,2nd,7,8,9,1,1
scroll down to red tab to the right of the last item,scroll,tab,red,right_of,last item,NONE,7,8,8,5,3
copy text to the right of the first email,copy,text,NONE,right_of,first email,NONE,2,9,0,5,3
tap on the 3rd yellow checkbox,tap,checkbox,yellow,NONE,NONE,3rd,8,2,10,0,2
long-press image to the right of the login,long-press,image,NONE,right_of,login,NONE,4,4,0,5,3
paste text,paste,text,NONE,NONE,NONE,NONE,6,9,0,0,3
paste yellow text,paste,text,yellow,NONE,NONE,NONE,6,9,10,0,3
delete button to the left of the wi-fi,delete,button,NONE,left_of,wi-fi,NONE,3,1,0,3,3
paste text,paste,text,NONE,NONE,NONE,NONE,6,9,0,0,3
tap on switch next to the notifications,tap,switch,NONE,next_to,notifications,NONE,8,7,0,4,3
click on image to the right of the help,click,image,NONE,right_of,help,NONE,1,4,0,5,3
copy blue text above the profile,copy,text,blue,above,profile,NONE,2,9,2,1,3
copy text,copy,text,NONE,NONE,NONE,NONE,2,9,0,0,3
scroll to tab above the menu,scroll,tab,NONE,above,menu,NONE,7,8,0,1,3
tap on button,tap,button,NONE,NONE,NONE,NONE,8,1,0,0,3
scroll down to the 3rd orange tab to the left of the last item,scroll,tab,orange,left_of,last item,3rd,7,8,5,3,2
paste text next to the notifications,paste,text,NONE,next_to,notifications,NONE,6,9,0,4,3
launch the 3rd purple icon,open,icon,purple,NONE,NONE,3rd,5,3,7,0,2
long-press button above the help,long-press,button,NONE,above,help,NONE,4,1,0,1,3
click on red text,click,text,red,NONE,NONE,NONE,1,9,8,0,3
tap green button below the home,tap,button,green,below,home,NONE,8,1,4,2,3
paste text below the search,paste,text,NONE,below,search,NONE,6,9,0,2,3
paste green text above the home,paste,text,green,above,home,NONE,6,9,4,1,3
paste text,paste,text,NONE,NONE,NONE,NONE,6,9,0,0,3
scroll down to menu to the left of the first email,scroll,menu,NONE,left_of,first email,NONE,7,6,0,3,3
copy the 3rd purple text to the right of the login,copy,text,purple,right_of,login,3rd,2,9,7,5,2
launch link below the home,open,link,NONE,below,home,NONE,5,5,0,2,3
trash text,delete,text,NONE,NONE,NONE,NONE,3,9,0,0,3
paste the 1st text,paste,text,NONE,NONE,NONE,1st,6,9,0,0,0
scroll to the 2nd text next to the checkout,scroll,text,NONE,next_to,checkout,2nd,7,9,0,4,1
tap on the 1st tab below the address,tap,tab,NONE,below,address,1st,8,8,0,2,0
paste text next to the address,paste,text,NONE,next_to,address,NONE,6,9,0,4,3
launch tab,open,tab,NONE,NONE,NONE,NONE,5,8,0,0,3
launch purple menu to the right of the notifications,open,menu,purple,right_of,notifications,NONE,5,6,7,5,3
paste text below the first email,paste,text,NONE,below,first email,NONE,6,9,0,2,3
scroll down to text to the right of the cart,scroll,text,NONE,right_of,cart,NONE,7,9,0,5,3
tap on yellow link,tap,link,yellow,NONE,NONE,NONE,8,5,10,0,3
copy text,copy,text,NONE,NONE,NONE,NONE,2,9,0,0,3
launch menu above the checkout,open,menu,NONE,above,checkout,NONE,5,6,0,1,3
long-press text to the left of the first email,long-press,text,NONE,left_of,first email,NONE,4,9,0,3,3
long-press black image to the left of the last item,long-press,image,black,left_of,last item,NONE,4,4,1,3,3
tap on checkbox next to the notifications,tap,checkbox,NONE,next_to,notifications,NONE,8,2,0,4,3
open button,open,button,NONE,NONE,NONE,NONE,5,1,0,0,3
scroll down to tab,scroll,tab,NONE,NONE,NONE,NONE,7,8,0,0,3
open tab next to the help,open,tab,NONE,next_to,help,NONE,5,8,0,4,3
trash gray text to the right of the menu,delete,text,gray,right_of,menu,NONE,3,9,3,5,3
select the 3rd orange image,click,image,orange,NONE,NONE,3rd,1,4,5,0,2
tap on button to the right of the search,tap,button,NONE,right_of,search,NONE,8,1,0,5,3
paste text below the notifications,paste,text,NONE,below,notifications,NONE,6,9,0,2,3
tap on pink icon,tap,icon,pink,NONE,NONE,NONE,8,3,6,0,3
scroll down to menu next to the notifications,scroll,menu,NONE,next_to,notifications,NONE,7,6,0,4,3
paste the 1st text above the checkout,paste,text,NONE,above,checkout,1st,6,9,0,1,0
long-press black icon to the right of the wi-fi,long-press,icon,black,right_of,wi-fi,NONE,4,3,1,5,3
paste text to the right of the wi-fi,paste,text,NONE,right_of,wi-fi,NONE,6,9,0,5,3
scroll down to the 3rd menu,scroll,menu,NONE,NONE,NONE,3rd,7,6,0,0,2
tap on gray icon below the home,tap,icon,gray,below,home,NONE,8,3,3,2,3
scroll to menu below the home,scroll,menu,NONE,below,home,NONE,7,6,0,2,3
paste text,paste,text,NONE,NONE,NONE,NONE,6,9,0,0,3
paste red text to the right of the home,paste,text,red,right_of,home,NONE,6,9,8,5,3
scroll down to pink text to the left of the search,scroll,text,pink,left_of,search,NONE,7,9,6,3,3
copy the 2nd orange text to the left of the last item,copy,text,orange,left_of,last item,2nd,2,9,5,3,1
copy the 2nd text,copy,text,NONE,NONE,NONE,2nd,2,9,0,0,1
tap checkbox to the left of the profile,tap,checkbox,NONE,left_of,profile,NONE,8,2,0,3,3
scroll down to yellow menu,scroll,menu,yellow,NONE,NONE,NONE,7,6,10,0,3
press the 2nd yellow text,click,text,yellow,NONE,NONE,2nd,1,9,10,0,1
scroll to tab next to the help,scroll,tab,NONE,next_to,help,NONE,7,8,0,4,3
launch tab,open,tab,NONE,NONE,NONE,NONE,5,8,0,0,3
press and hold button below the login,long-press,button,NONE,below,login,NONE,4,1,0,2,3
tap black checkbox next to the profile,tap,checkbox,black,next_to,profile,NONE,8,2,1,4,3
copy the 3rd text next to the profile,copy,text,NONE,next_to,profile,3rd,2,9,0,4,2
paste text next to the search,paste,text,NONE,next_to,search,NONE,6,9,0,4,3
press and hold image,long-press,image,NONE,NONE,NONE,NONE,4,4,0,0,3
click image below the checkout,click,image,NONE,below,checkout,NONE,1,4,0,2,3
long-press image to the right of the profile,long-press,image,NONE,right_of,profile,NONE,4,4,0,5,3
scroll to purple menu,scroll,menu,purple,NONE,NONE,NONE,7,6,7,0,3
click on text to the left of the first email,click,text,NONE,left_of,first email,NONE,1,9,0,3,3
press and hold icon to the left of the profile,long-press,icon,NONE,left_of,profile,NONE,4,3,0,3,3
paste text to the left of the address,paste,text,NONE,left_of,address,NONE,6,9,0,3,3
trash pink text below the wi-fi,delete,text,pink,below,wi-fi,NONE,3,9,6,2,3
remove image,delete,image,NONE,NONE,NONE,NONE,3,4,0,0,3
select checkbox next to the login,click,checkbox,NONE,next_to,login,NONE,1,2,0,4,3
click black text below the home,click,text,black,below,home,NONE,1,9,1,2,3
tap on purple checkbox to the right of the settings,tap,checkbox,purple,right_of,settings,NONE,8,2,7,5,3
copy text,copy,text,NONE,NONE,NONE,NONE,2,9,0,0,3
open the 2nd icon,open,icon,NONE,NONE,NONE,2nd,5,3,0,0,1
launch the 2nd tab to the left of the home,open,tab,NONE,left_of,home,2nd,5,8,0,3,1
press and hold white icon,long-press,icon,white,NONE,NONE,NONE,4,3,9,0,3
scroll to the 1st tab,scroll,tab,NONE,NONE,NONE,1st,7,8,0,0,0
paste text,paste,text,NONE,NONE,NONE,NONE,6,9,0,0,3
press and hold green button,long-press,button,green,NONE,NONE,NONE,4,1,4,0,3
select the 3rd button next to the notifications,click,button,NONE,next_to,notifications,3rd,1,1,0,4,2
scroll down to the 1st tab above the cart,scroll,tab,NONE,above,cart,1st,7,8,0,1,0
tap the 2nd purple checkbox,tap,checkbox,purple,NONE,NONE,2nd,8,2,7,0,1
tap on the 3rd green checkbox to the right of the cart,tap,checkbox,green,right_of,cart,3rd,8,2,4,5,2
paste text above the settings,paste,text,NONE,above,settings,NONE,6,9,0,1,3
trash image,delete,image,NONE,NONE,NONE,NONE,3,4,0,0,3
copy text above the address,copy,text,NONE,above,address,NONE,2,9,0,1,3
scroll down to the 1st black text next to the wi-fi,scroll,text,black,next_to,wi-fi,1st,7,9,1,4,0
press the 2nd purple button,click,button,purple,NONE,NONE,2nd,1,1,7,0,1
launch icon next to the last item,open,icon,NONE,next_to,last item,NONE,5,3,0,4,3
launch the 3rd green icon next to the settings,open,icon,green,next_to,settings,3rd,5,3,4,4,2
paste green text,paste,text,green,NONE,NONE,NONE,6,9,4,0,3
paste the last yellow text,paste,text,yellow,NONE,NONE,last,6,9,10,0,4
remove image,delete,image,NONE,NONE,NONE,NONE,3,4,0,0,3
copy gray text,copy,text,gray,NONE,NONE,NONE,2,9,3,0,3
select switch next to the settings,click,switch,NONE,next_to,settings,NONE,1,7,0,4,3
scroll down to text below the address,scroll,text,NONE,below,address,NONE,7,9,0,2,3
press and hold text to the right of the checkout,long-press,text,NONE,right_of,checkout,NONE,4,9,0,5,3
tap tab to the right of the first email,tap,tab,NONE,right_of,first email,NONE,8,8,0,5,3
scroll to pink text,scroll,text,pink,NONE,NONE,NONE,7,9,6,0,3
copy the last text,copy,text,NONE,NONE,NONE,last,2,9,0,0,4
delete image next to the first email,delete,image,NONE,next_to,first email,NONE,3,4,0,4,3
press and hold the 1st image to the left of the wi-fi,long-press,image,NONE,left_of,wi-fi,1st,4,4,0,3,0
click the 2nd text to the left of the search,click,text,NONE,left_of,search,2nd,1,9,0,3,1
copy text next to the menu,copy,text,NONE,next_to,menu,NONE,2,9,0,4,3
click button,click,button,NONE,NONE,NONE,NONE,1,1,0,0,3
scroll to yellow text,scroll,text,yellow,NONE,NONE,NONE,7,9,10,0,3
scroll down to menu above the settings,scroll,menu,NONE,above,settings,NONE,7,6,0,1,3
scroll to purple tab,scroll,tab,purple,NONE,NONE,NONE,7,8,7,0,3
select gray text,click,text,gray,NONE,NONE,NONE,1,9,3,0,3
launch button to the right of the payment,open,button,NONE,right_of,payment,NONE,5,1,0,5,3
open icon,open,icon,NONE,NONE,NONE,NONE,5,3,0,0,3
select the 3rd black checkbox to the left of the payment,click,checkbox,black,left_of,payment,3rd,1,2,1,3,2
launch tab to the right of the wi-fi,open,tab,NONE,right_of,wi-fi,NONE,5,8,0,5,3
copy text,copy,text,NONE,NONE,NONE,NONE,2,9,0,0,3
scroll to menu to the right of the search,scroll,menu,NONE,right_of,search,NONE,7,6,0,5,3
copy text above the wi-fi,copy,text,NONE,above,wi-fi,NONE,2,9,0,1,3
copy gray text,copy,text,gray,NONE,NONE,NONE,2,9,3,0,3
paste text,paste,text,NONE,NONE,NONE,NONE,6,9,0,0,3
launch the 1st link above the last item,open,link,NONE,above,last item,1st,5,5,0,1,0
tap on switch below the settings,tap,switch,NONE,below,settings,NONE,8,7,0,2,3
launch icon above the notifications,open,icon,NONE,above,notifications,NONE,5,3,0,1,3
press image,click,image,NONE,NONE,NONE,NONE,1,4,0,0,3
press and hold yellow image,long-press,image,yellow,NONE,NONE,NONE,4,4,10,0,3
tap checkbox,tap,checkbox,NONE,NONE,NONE,NONE,8,2,0,0,3
trash green text to the left of the login,delete,text,green,left_of,login,NONE,3,9,4,3,3
copy text,copy,text,NONE,NONE,NONE,NONE,2,9,0,0,3
click tab,click,tab,NONE,NONE,NONE,NONE,1,8,0,0,3
remove image above the checkout,delete,image,NONE,above,checkout,NONE,3,4,0,1,3
delete green image to the left of the notifications,delete,image,green,left_of,notifications,NONE,3,4,4,3,3
remove image to the right of the menu,delete,image,NONE,right_of,menu,NONE,3,4,0,5,3
copy text below the profile,copy,text,NONE,below,profile,NONE,2,9,0,2,3
long-press button next to the login,long-press,button,NONE,next_to,login,NONE,4,1,0,4,3
trash pink text above the payment,delete,text,pink,above,payment,NONE,3,9,6,1,3
launch white button,open,button,white,NONE,NONE,NONE,5,1,9,0,3
tap on icon,tap,icon,NONE,NONE,NONE,NONE,8,3,0,0,3
paste white text to the left of the menu,paste,text,white,left_of,menu,NONE,6,9,9,3,3
launch orange link,open,link,orange,NONE,NONE,NONE,5,5,5,0,3
scroll to the 3rd menu next to the search,scroll,menu,NONE,next_to,search,3rd,7,6,0,4,2
paste text,paste,text,NONE,NONE,NONE,NONE,6,9,0,0,3
tap the 1st green icon,tap,icon,green,NONE,NONE,1st,8,3,4,0,0
press the last gray image below the checkout,click,image,gray,below,checkout,last,1,4,3,2,4
scroll down to the 2nd orange menu,scroll,menu,orange,NONE,NONE,2nd,7,6,5,0,1
tap the last green button,tap,button,green,NONE,NONE,last,8,1,4,0,4
copy text next to the payment,copy,text,NONE,next_to,payment,NONE,2,9,0,4,3
paste purple text to the right of the last item,paste,text,purple,right_of,last item,NONE,6,9,7,5,3
scroll down to menu next to the home,scroll,menu,NONE,next_to,home,NONE,7,6,0,4,3
tap on checkbox above the payment,tap,checkbox,NONE,above,payment,NONE,8,2,0,1,3
remove gray button,delete,button,gray,NONE,NONE,NONE,3,1,3,0,3
click on the 1st image,click,image,NONE,NONE,NONE,1st,1,4,0,0,0
copy the 1st gray text above the settings,copy,text,gray,above,settings,1st,2,9,3,1,0
paste the 1st text next to the checkout,paste,text,NONE,next_to,checkout,1st,6,9,0,4,0
long-press text,long-press,text,NONE,NONE,NONE,NONE,4,9,0,0,3
press and hold blue button to the right of the home,long-press,button,blue,right_of,home,NONE,4,1,2,5,3
scroll down to tab,scroll,tab,NONE,NONE,NONE,NONE,7,8,0,0,3
scroll down to menu,scroll,menu,NONE,NONE,NONE,NONE,7,6,0,0,3
long-press icon next to the last item,long-press,icon,NONE,next_to,last item,NONE,4,3,0,4,3
long-press the 3rd text,long-press,text,NONE,NONE,NONE,3rd,4,9,0,0,2
long-press text,long-press,text,NONE,NONE,NONE,NONE,4,9,0,0,3
remove the 1st gray button next to the search,delete,button,gray,next_to,search,1st,3,1,3,4,0
delete the 3rd image to the right of the payment,delete,image,NONE,right_of,payment,3rd,3,4,0,5,2
delete purple image to the right of the menu,delete,image,purple,right_of,menu,NONE,3,4,7,5,3
tap on the 3rd button,tap,button,NONE,NONE,NONE,3rd,8,1,0,0,2
long-press the 3rd red button next to the cart,long-press,button,red,next_to,cart,3rd,4,1,8,4,2
paste yellow text,paste,text,yellow,NONE,NONE,NONE,6,9,10,0,3
copy text next to the payment,copy,text,NONE,next_to,payment,NONE,2,9,0,4,3
tap on the 2nd green tab to the left of the last item,tap,tab,green,left_of,last item,2nd,8,8,4,3,1
press and hold orange image to the left of the settings,long-press,image,orange,left_of,settings,NONE,4,4,5,3,3
select the last icon,click,icon,NONE,NONE,NONE,last,1,3,0,0,4
press red tab above the wi-fi,click,tab,red,above,wi-fi,NONE,1,8,8,1,3
launch the 2nd red button below the menu,open,button,red,below,menu,2nd,5,1,8,2,1
long-press image to the right of the settings,long-press,image,NONE,right_of,settings,NONE,4,4,0,5,3
press and hold black image,long-press,image,black,NONE,NONE,NONE,4,4,1,0,3
paste text to the right of the settings,paste,text,NONE,right_of,settings,NONE,6,9,0,5,3
trash the 1st red text to the left of the address,delete,text,red,left_of,address,1st,3,9,8,3,0
copy the 1st text next to the wi-fi,copy,text,NONE,next_to,wi-fi,1st,2,9,0,4,0
paste text,paste,text,NONE,NONE,NONE,NONE,6,9,0,0,3
long-press pink button above the last item,long-press,button,pink,above,last item,NONE,4,1,6,1,3
copy the 1st text,copy,text,NONE,NONE,NONE,1st,2,9,0,0,0
delete the last text,delete,text,NONE,NONE,NONE,last,3,9,0,0,4
delete pink button to the left of the address,delete,button,pink,left_of,address,NONE,3,1,6,3,3
open the 1st tab next to the checkout,open,tab,NONE,next_to,checkout,1st,5,8,0,4,0
open black tab to the left of the wi-fi,open,tab,black,left_of,wi-fi,NONE,5,8,1,3,3
scroll to menu to the left of the settings,scroll,menu,NONE,left_of,settings,NONE,7,6,0,3,3
remove orange button next to the notifications,delete,button,orange,next_to,notifications,NONE,3,1,5,4,3
press and hold image below the home,long-press,image,NONE,below,home,NONE,4,4,0,2,3
delete the 2nd button,delete,button,NONE,NONE,NONE,2nd,3,1,0,0,1
tap on icon,tap,icon,NONE,NONE,NONE,NONE,8,3,0,0,3
copy the 2nd text above the home,copy,text,NONE,above,home,2nd,2,9,0,1,1
paste text,paste,text,NONE,NONE,NONE,NONE,6,9,0,0,3
copy text to the left of the wi-fi,copy,text,NONE,left_of,wi-fi,NONE,2,9,0,3,3
long-press text below the search,long-press,text,NONE,below,search,NONE,4,9,0,2,3
copy red text below the help,copy,text,red,below,help,NONE,2,9,8,2,3
delete the 1st white text,delete,text,white,NONE,NONE,1st,3,9,9,0,0
remove orange button,delete,button,orange,NONE,NONE,NONE,3,1,5,0,3
long-press the 1st image,long-press,image,NONE,NONE,NONE,1st,4,4,0,0,0
launch the last menu to the right of the home,open,menu,NONE,right_of,home,last,5,6,0,5,4
scroll down to text to the left of the login,scroll,text,NONE,left_of,login,NONE,7,9,0,3,3
trash white image above the home,delete,image,white,above,home,NONE,3,4,9,1,3
paste blue text,paste,text,blue,NONE,NONE,NONE,6,9,2,0,3
press and hold button below the notifications,long-press,button,NONE,below,notifications,NONE,4,1,0,2,3
remove red image,delete,image,red,NONE,NONE,NONE,3,4,8,0,3
long-press text below the address,long-press,text,NONE,below,address,NONE,4,9,0,2,3
paste the 2nd green text to the right of the first email,paste,text,green,right_of,first email,2nd,6,9,4,5,1
delete the 3rd text next to the payment,delete,text,NONE,next_to,payment,3rd,3,9,0,4,2
copy the 1st purple text,copy,text,purple,NONE,NONE,1st,2,9,7,0,0
remove the 3rd blue image,delete,image,blue,NONE,NONE,3rd,3,4,2,0,2
copy text,copy,text,NONE,NONE,NONE,NONE,2,9,0,0,3
tap purple icon to the left of the login,tap,icon,purple,left_of,login,NONE,8,3,7,3,3
launch button next to the login,open,button,NONE,next_to,login,NONE,5,1,0,4,3
trash the 3rd gray image below the search,delete,image,gray,below,search,3rd,3,4,3,2,2
trash yellow text below the home,delete,text,yellow,below,home,NONE,3,9,10,2,3
press blue image next to the notifications,click,image,blue,next_to,notifications,NONE,1,4,2,4,3
launch menu below the help,open,menu,NONE,below,help,NONE,5,6,0,2,3
remove the 1st image to the right of the address,delete,image,NONE,right_of,address,1st,3,4,0,5,0
click on tab to the left of the checkout,click,tab,NONE,left_of,checkout,NONE,1,8,0,3,3
tap on the last button below the wi-fi,tap,button,NONE,below,wi-fi,last,8,1,0,2,4
copy the last text,copy,text,NONE,NONE,NONE,last,2,9,0,0,4
click on checkbox to the left of the login,click,checkbox,NONE,left_of,login,NONE,1,2,0,3,3
scroll to green menu,scroll,menu,green,NONE,NONE,NONE,7,6,4,0,3
scroll to the 1st tab next to the settings,scroll,tab,NONE,next_to,settings,1st,7,8,0,4,0
tap on pink checkbox,tap,checkbox,pink,NONE,NONE,NONE,8,2,6,0,3
paste the last red text,paste,text,red,NONE,NONE,last,6,9,8,0,4
paste text to the right of the first email,paste,text,NONE,right_of,first email,NONE,6,9,0,5,3
trash text,delete,text,NONE,NONE,NONE,NONE,3,9,0,0,3
scroll to menu,scroll,menu,NONE,NONE,NONE,NONE,7,6,0,0,3
press and hold the 1st button below the wi-fi,long-press,button,NONE,below,wi-fi,1st,4,1,0,2,0
remove button to the left of the notifications,delete,button,NONE,left_of,notifications,NONE,3,1,0,3,3
copy black text below the login,copy,text,black,below,login,NONE,2,9,1,2,3
scroll down to text,scroll,text,NONE,NONE,NONE,NONE,7,9,0,0,3
copy the last text,copy,text,NONE,NONE,NONE,last,2,9,0,0,4
launch gray button below the home,open,button,gray,below,home,NONE,5,1,3,2,3
scroll down to purple text above the help,scroll,text,purple,above,help,NONE,7,9,7,1,3
tap on icon to the right of the checkout,tap,icon,NONE,right_of,checkout,NONE,8,3,0,5,3
trash button to the right of the notifications,delete,button,NONE,right_of,notifications,NONE,3,1,0,5,3
click checkbox to the right of the checkout,click,checkbox,NONE,right_of,checkout,NONE,1,2,0,5,3
long-press image,long-press,image,NONE,NONE,NONE,NONE,4,4,0,0,3
tap button,tap,button,NONE,NONE,NONE,NONE,8,1,0,0,3
tap switch below the search,tap,switch,NONE,below,search,NONE,8,7,0,2,3
tap the 2nd button to the right of the wi-fi,tap,button,NONE,right_of,wi-fi,2nd,8,1,0,5,1
remove the 1st image below the payment,delete,image,NONE,below,payment,1st,3,4,0,2,0
trash red image,delete,image,red,NONE,NONE,NONE,3,4,8,0,3
open menu,open,menu,NONE,NONE,NONE,NONE,5,6,0,0,3
scroll down to text to the left of the settings,scroll,text,NONE,left_of,settings,NONE,7,9,0,3,3
scroll down to the 2nd tab to the right of the address,scroll,tab,NONE,right_of,address,2nd,7,8,0,5,1
scroll to menu next to the checkout,scroll,menu,NONE,next_to,checkout,NONE,7,6,0,4,3
scroll to white tab below the home,scroll,tab,white,below,home,NONE,7,8,9,2,3
scroll down to menu above the menu,scroll,menu,NONE,above,menu,NONE,7,6,0,1,3
paste the 3rd text below the profile,paste,text,NONE,below,profile,3rd,6,9,0,2,2
tap on the 2nd tab to the left of the help,tap,tab,NONE,left_of,help,2nd,8,8,0,3,1
trash the 1st image,delete,image,NONE,NONE,NONE,1st,3,4,0,0,0
click tab,click,tab,NONE,NONE,NONE,NONE,1,8,0,0,3
launch tab above the login,open,tab,NONE,above,login,NONE,5,8,0,1,3
copy text to the left of the search,copy,text,NONE,left_of,search,NONE,2,9,0,3,3
select button above the profile,click,button,NONE,above,profile,NONE,1,1,0,1,3
open tab,open,tab,NONE,NONE,NONE,NONE,5,8,0,0,3
scroll to tab to the left of the notifications,scroll,tab,NONE,left_of,notifications,NONE,7,8,0,3,3
select the last yellow switch to the right of the home,click,switch,yellow,right_of,home,last,1,7,10,5,4
press and hold blue image,long-press,image,blue,NONE,NONE,NONE,4,4,2,0,3
scroll down to the 2nd tab next to the last item,scroll,tab,NONE,next_to,last item,2nd,7,8,0,4,1
trash the 3rd text to the right of the payment,delete,text,NONE,right_of,payment,3rd,3,9,0,5,2
tap on button above the help,tap,button,NONE,above,help,NONE,8,1,0,1,3
paste text,paste,text,NONE,NONE,NONE,NONE,6,9,0,0,3
delete orange image,delete,image,orange,NONE,NONE,NONE,3,4,5,0,3
scroll down to the 1st black tab above the wi-fi,scroll,tab,black,above,wi-fi,1st,7,8,1,1,0
long-press text to the left of the help,long-press,text,NONE,left_of,help,NONE,4,9,0,3,3
open gray menu to the right of the profile,open,menu,gray,right_of,profile,NONE,5,6,3,5,3
open menu above the checkout,open,menu,NONE,above,checkout,NONE,5,6,0,1,3
click on text,click,text,NONE,NONE,NONE,NONE,1,9,0,0,3
click on link below the wi-fi,click,link,NONE,below,wi-fi,NONE,1,5,0,2,3
remove image below the home,delete,image,NONE,below,home,NONE,3,4,0,2,3
open gray button below the cart,open,button,gray,below,cart,NONE,5,1,3,2,3
paste text to the right of the last item,paste,text,NONE,right_of,last item,NONE,6,9,0,5,3
paste text,paste,text,NONE,NONE,NONE,NONE,6,9,0,0,3
paste text,paste,text,NONE,NONE,NONE,NONE,6,9,0,0,3
launch icon to the left of the first email,open,icon,NONE,left_of,first email,NONE,5,3,0,3,3
long-press yellow text below the checkout,long-press,text,yellow,below,checkout,NONE,4,9,10,2,3
scroll down to tab above the payment,scroll,tab,NONE,above,payment,NONE,7,8,0,1,3
click on the last checkbox,click,checkbox,NONE,NONE,NONE,last,1,2,0,0,4
press the 3rd yellow icon below the last item,click,icon,yellow,below,last item,3rd,1,3,10,2,2
tap on button above the cart,tap,button,NONE,above,cart,NONE,8,1,0,1,3
copy text below the help,copy,text,NONE,below,help,NONE,2,9,0,2,3
paste orange text,paste,text,orange,NONE,NONE,NONE,6,9,5,0,3
select button to the right of the profile,click,button,NONE,right_of,profile,NONE,1,1,0,5,3
press text to the left of the notifications,click,text,NONE,left_of,notifications,NONE,1,9,0,3,3
click tab to the right of the search,click,tab,NONE,right_of,search,NONE,1,8,0,5,3
scroll to black menu,scroll,menu,black,NONE,NONE,NONE,7,6,1,0,3
paste black text below the settings,paste,text,black,below,settings,NONE,6,9,1,2,3
tap on the 1st gray checkbox to the left of the menu,tap,checkbox,gray,left_of,menu,1st,8,2,3,3,0
open link next to the search,open,link,NONE,next_to,search,NONE,5,5,0,4,3
select text next to the checkout,click,text,NONE,next_to,checkout,NONE,1,9,0,4,3
select orange checkbox,click,checkbox,orange,NONE,NONE,NONE,1,2,5,0,3
paste gray text below the profile,paste,text,gray,below,profile,NONE,6,9,3,2,3
tap orange checkbox below the last item,tap,checkbox,orange,below,last item,NONE,8,2,5,2,3
press the 3rd link,click,link,NONE,NONE,NONE,3rd,1,5,0,0,2
remove gray image,delete,image,gray,NONE,NONE,NONE,3,4,3,0,3
delete image below the address,delete,image,NONE,below,address,NONE,3,4,0,2,3
paste the 3rd black text,paste,text,black,NONE,NONE,3rd,6,9,1,0,2
long-press white image,long-press,image,white,NONE,NONE,NONE,4,4,9,0,3
long-press the last red text next to the home,long-press,text,red,next_to,home,last,4,9,8,4,4
press pink tab next to the payment,click,tab,pink,next_to,payment,NONE,1,8,6,4,3
press and hold the 1st red image above the cart,long-press,image,red,above,cart,1st,4,4,8,1,0
trash text to the left of the menu,delete,text,NONE,left_of,menu,NONE,3,9,0,3,3
delete the 2nd button below the settings,delete,button,NONE,below,settings,2nd,3,1,0,2,1
copy the 3rd gray text to the right of the address,copy,text,gray,right_of,address,3rd,2,9,3,5,2
paste pink text below the home,paste,text,pink,below,home,NONE,6,9,6,2,3
delete pink text above the wi-fi,delete,text,pink,above,wi-fi,NONE,3,9,6,1,3
tap on checkbox below the profile,tap,checkbox,NONE,below,profile,NONE,8,2,0,2,3
click on the last image,click,image,NONE,NONE,NONE,last,1,4,0,0,4
press and hold button to the right of the home,long-press,button,NONE,right_of,home,NONE,4,1,0,5,3
copy the 2nd text below the menu,copy,text,NONE,below,menu,2nd,2,9,0,2,1
delete black text to the left of the help,delete,text,black,left_of,help,NONE,3,9,1,3,3
launch purple tab,open,tab,purple,NONE,NONE,NONE,5,8,7,0,3
open the 2nd button to the right of the payment,open,button,NONE,right_of,payment,2nd,5,1,0,5,1
paste text below the help,paste,text,NONE,below,help,NONE,6,9,0,2,3
copy the 1st text above the login,copy,text,NONE,above,login,1st,2,9,0,1,0
long-press the 1st image below the menu,long-press,image,NONE,below,menu,1st,4,4,0,2,0
scroll down to the 1st tab to the right of the home,scroll,tab,NONE,right_of,home,1st,7,8,0,5,0
copy yellow text,copy,text,yellow,NONE,NONE,NONE,2,9,10,0,3
click on icon,click,icon,NONE,NONE,NONE,NONE,1,3,0,0,3
scroll to menu,scroll,menu,NONE,NONE,NONE,NONE,7,6,0,0,3
paste pink text,paste,text,pink,NONE,NONE,NONE,6,9,6,0,3
launch the 3rd blue link to the right of the menu,open,link,blue,right_of,menu,3rd,5,5,2,5,2
scroll to text above the menu,scroll,text,NONE,above,menu,NONE,7,9,0,1,3
launch menu,open,menu,NONE,NONE,NONE,NONE,5,6,0,0,3
paste pink text,paste,text,pink,NONE,NONE,NONE,6,9,6,0,3
press and hold red button above the payment,long-press,button,red,above,payment,NONE,4,1,8,1,3
delete image,delete,image,NONE,NONE,NONE,NONE,3,4,0,0,3
press and hold black image above the notifications,long-press,image,black,above,notifications,NONE,4,4,1,1,3
copy the 3rd text to the right of the cart,copy,text,NONE,right_of,cart,3rd,2,9,0,5,2
long-press purple button to the right of the menu,long-press,button,purple,right_of,menu,NONE,4,1,7,5,3
scroll down to the 3rd tab,scroll,tab,NONE,NONE,NONE,3rd,7,8,0,0,2
tap on button above the notifications,tap,button,NONE,above,notifications,NONE,8,1,0,1,3
click gray button to the left of the last item,click,button,gray,left_of,last item,NONE,1,1,3,3,3
trash text to the right of the settings,delete,text,NONE,right_of,settings,NONE,3,9,0,5,3
remove the last red text to the left of the profile,delete,text,red,left_of,profile,last,3,9,8,3,4
scroll to menu,scroll,menu,NONE,NONE,NONE,NONE,7,6,0,0,3
trash the 1st text next to the payment,delete,text,NONE,next_to,payment,1st,3,9,0,4,0
open menu next to the menu,open,menu,NONE,next_to,menu,NONE,5,6,0,4,3
paste the 2nd yellow text next to the payment,paste,text,yellow,next_to,payment,2nd,6,9,10,4,1
tap on button above the checkout,tap,button,NONE,above,checkout,NONE,8,1,0,1,3
select green image next to the search,click,image,green,next_to,search,NONE,1,4,4,4,3
press and hold yellow text,long-press,text,yellow,NONE,NONE,NONE,4,9,10,0,3
paste purple text above the wi-fi,paste,text,purple,above,wi-fi,NONE,6,9,7,1,3
paste text to the right of the login,paste,text,NONE,right_of,login,NONE,6,9,0,5,3
tap button,tap,button,NONE,NONE,NONE,NONE,8,1,0,0,3
paste text to the left of the wi-fi,paste,text,NONE,left_of,wi-fi,NONE,6,9,0,3,3
trash text to the left of the cart,delete,text,NONE,left_of,cart,NONE,3,9,0,3,3
tap tab,tap,tab,NONE,NONE,NONE,NONE,8,8,0,0,3
tap on icon,tap,icon,NONE,NONE,NONE,NONE,8,3,0,0,3
paste text below the cart,paste,text,NONE,below,cart,NONE,6,9,0,2,3
copy text above the checkout,copy,text,NONE,above,checkout,NONE,2,9,0,1,3
tap white icon,tap,icon,white,NONE,NONE,NONE,8,3,9,0,3
remove button next to the address,delete,button,NONE,next_to,address,NONE,3,1,0,4,3
long-press the 2nd image below the cart,long-press,image,NONE,below,cart,2nd,4,4,0,2,1
scroll to tab next to the wi-fi,scroll,tab,NONE,next_to,wi-fi,NONE,7,8,0,4,3
select text above the help,click,text,NONE,above,help,NONE,1,9,0,1,3
select icon,click,icon,NONE,NONE,NONE,NONE,1,3,0,0,3
tap orange switch above the checkout,tap,switch,orange,above,checkout,NONE,8,7,5,1,3
click on button next to the checkout,click,button,NONE,next_to,checkout,NONE,1,1,0,4,3
open button above the login,open,button,NONE,above,login,NONE,5,1,0,1,3
scroll down to text above the wi-fi,scroll,text,NONE,above,wi-fi,NONE,7,9,0,1,3
tap on white switch to the right of the notifications,tap,switch,white,right_of,notifications,NONE,8,7,9,5,3
copy the 1st pink text to the right of the last item,copy,text,pink,right_of,last item,1st,2,9,6,5,0
scroll down to tab next to the login,scroll,tab,NONE,next_to,login,NONE,7,8,0,4,3
click the 3rd image to the left of the address,click,image,NONE,left_of,address,3rd,1,4,0,3,2
scroll to text to the right of the checkout,scroll,text,NONE,right_of,checkout,NONE,7,9,0,5,3
scroll to text,scroll,text,NONE,NONE,NONE,NONE,7,9,0,0,3
press and hold text,long-press,text,NONE,NONE,NONE,NONE,4,9,0,0,3
scroll to the 3rd purple tab below the settings,scroll,tab,purple,below,settings,3rd,7,8,7,2,2
tap on button,tap,button,NONE,NONE,NONE,NONE,8,1,0,0,3
scroll to menu to the left of the help,scroll,menu,NONE,left_of,help,NONE,7,6,0,3,3
tap on the last black link above the wi-fi,tap,link,black,above,wi-fi,last,8,5,1,1,4
tap on yellow link above the payment,tap,link,yellow,above,payment,NONE,8,5,10,1,3
open purple menu to the left of the wi-fi,open,menu,purple,left_of,wi-fi,NONE,5,6,7,3,3
long-press yellow text below the settings,long-press,text,yellow,below,settings,NONE,4,9,10,2,3
open icon above the search,open,icon,NONE,above,search,NONE,5,3,0,1,3
scroll down to purple tab above the home,scroll,tab,purple,above,home,NONE,7,8,7,1,3
delete the last red button above the search,delete,button,red,above,search,last,3,1,8,1,4
copy text next to the help,copy,text,NONE,next_to,help,NONE,2,9,0,4,3
scroll to menu,scroll,menu,NONE,NONE,NONE,NONE,7,6,0,0,3
copy black text below the notifications,copy,text,black,below,notifications,NONE,2,9,1,2,3
paste blue text to the left of the first email,paste,text,blue,left_of,first email,NONE,6,9,2,3,3
trash text above the profile,delete,text,NONE,above,profile,NONE,3,9,0,1,3
paste text below the first email,paste,text,NONE,below,first email,NONE,6,9,0,2,3
launch yellow menu,open,menu,yellow,NONE,NONE,NONE,5,6,10,0,3
copy green text,copy,text,green,NONE,NONE,NONE,2,9,4,0,3
scroll down to white text to the right of the login,scroll,text,white,right_of,login,NONE,7,9,9,5,3
remove the last button next to the cart,delete,button,NONE,next_to,cart,last,3,1,0,4,4
copy black text,copy,text,black,NONE,NONE,NONE,2,9,1,0,3
select checkbox below the settings,click,checkbox,NONE,below,settings,NONE,1,2,0,2,3
long-press blue text below the login,long-press,text,blue,below,login,NONE,4,9,2,2,3
paste text to the right of the notifications,paste,text,NONE,right_of,notifications,NONE,6,9,0,5,3
press the 1st yellow tab next to the last item,click,tab,yellow,next_to,last item,1st,1,8,10,4,0
press white text to the right of the login,click,text,white,right_of,login,NONE,1,9,9,5,3
open orange button above the wi-fi,open,button,orange,above,wi-fi,NONE,5,1,5,1,3
paste text,paste,text,NONE,NONE,NONE,NONE,6,9,0,0,3
click on checkbox next to the profile,click,checkbox,NONE,next_to,profile,NONE,1,2,0,4,3
press and hold icon to the right of the cart,long-press,icon,NONE,right_of,cart,NONE,4,3,0,5,3
paste the 1st black text next to the search,paste,text,black,next_to,search,1st,6,9,1,4,0
select red button above the profile,click,button,red,above,profile,NONE,1,1,8,1,3
paste text above the cart,paste,text,NONE,above,cart,NONE,6,9,0,1,3
copy the last text above the settings,copy,text,NONE,above,settings,last,2,9,0,1,4
paste green text,paste,text,green,NONE,NONE,NONE,6,9,4,0,3
tap checkbox next to the address,tap,checkbox,NONE,next_to,address,NONE,8,2,0,4,3
scroll down to text below the login,scroll,text,NONE,below,login,NONE,7,9,0,2,3
copy text below the checkout,copy,text,NONE,below,checkout,NONE,2,9,0,2,3
scroll to menu,scroll,menu,NONE,NONE,NONE,NONE,7,6,0,0,3
tap tab above the cart,tap,tab,NONE,above,cart,NONE,8,8,0,1,3
delete the last image to the left of the checkout,delete,image,NONE,left_of,checkout,last,3,4,0,3,4
paste red text to the left of the checkout,paste,text,red,left_of,checkout,NONE,6,9,8,3,3
scroll to tab to the left of the wi-fi,scroll,tab,NONE,left_of,wi-fi,NONE,7,8,0,3,3
select the 2nd purple button to the left of the home,click,button,purple,left_of,home,2nd,1,1,7,3,1
paste the last yellow text,paste,text,yellow,NONE,NONE,last,6,9,10,0,4
open white tab next to the search,open,tab,white,next_to,search,NONE,5,8,9,4,3
copy blue text to the left of the settings,copy,text,blue,left_of,settings,NONE,2,9,2,3,3
launch red link next to the profile,open,link,red,next_to,profile,NONE,5,5,8,4,3
copy the 2nd green text to the left of the address,copy,text,green,left_of,address,2nd,2,9,4,3,1
paste text,paste,text,NONE,NONE,NONE,NONE,6,9,0,0,3
tap link,tap,link,NONE,NONE,NONE,NONE,8,5,0,0,3
copy text to the right of the address,copy,text,NONE,right_of,address,NONE,2,9,0,5,3
tap link to the right of the first email,tap,link,NONE,right_of,first email,NONE,8,5,0,5,3
launch icon,open,icon,NONE,NONE,NONE,NONE,5,3,0,0,3
trash button,delete,button,NONE,NONE,NONE,NONE,3,1,0,0,3
press and hold the 1st icon,long-press,icon,NONE,NONE,NONE,1st,4,3,0,0,0
press and hold the last blue image below the notifications,long-press,image,blue,below,notifications,last,4,4,2,2,4
remove pink image below the checkout,delete,image,pink,below,checkout,NONE,3,4,6,2,3
paste the 1st text,paste,text,NONE,NONE,NONE,1st,6,9,0,0,0
long-press the last text next to the home,long-press,text,NONE,next_to,home,last,4,9,0,4,4
long-press white image next to the cart,long-press,image,white,next_to,cart,NONE,4,4,9,4,3
delete button next to the last item,delete,button,NONE,next_to,last item,NONE,3,1,0,4,3
paste gray text to the left of the last item,paste,text,gray,left_of,last item,NONE,6,9,3,3,3
paste text to the left of the first email,paste,text,NONE,left_of,first email,NONE,6,9,0,3,3
click on image,click,image,NONE,NONE,NONE,NONE,1,4,0,0,3
tap the 1st checkbox next to the payment,tap,checkbox,NONE,next_to,payment,1st,8,2,0,4,0
press button above the notifications,click,button,NONE,above,notifications,NONE,1,1,0,1,3
scroll down to the 2nd text next to the profile,scroll,text,NONE,next_to,profile,2nd,7,9,0,4,1
press and hold green image to the left of the checkout,long-press,image,green,left_of,checkout,NONE,4,4,4,3,3
paste text above the help,paste,text,NONE,above,help,NONE,6,9,0,1,3
trash text to the left of the checkout,delete,text,NONE,left_of,checkout,NONE,3,9,0,3,3
open the 3rd button to the left of the payment,open,button,NONE,left_of,payment,3rd,5,1,0,3,2
press and hold red icon below the first email,long-press,icon,red,below,first email,NONE,4,3,8,2,3
paste the 3rd text to the left of the help,paste,text,NONE,left_of,help,3rd,6,9,0,3,2
tap on tab to the left of the payment,tap,tab,NONE,left_of,payment,NONE,8,8,0,3,3
press black checkbox to the right of the home,click,checkbox,black,right_of,home,NONE,1,2,1,5,3
copy text to the left of the cart,copy,text,NONE,left_of,cart,NONE,2,9,0,3,3
tap on switch to the left of the notifications,tap,switch,NONE,left_of,notifications,NONE,8,7,0,3,3
paste text,paste,text,NONE,NONE,NONE,NONE,6,9,0,0,3
tap on link,tap,link,NONE,NONE,NONE,NONE,8,5,0,0,3
press button to the right of the wi-fi,click,button,NONE,right_of,wi-fi,NONE,1,1,0,5,3
paste text,paste,text,NONE,NONE,NONE,NONE,6,9,0,0,3
long-press image to the right of the menu,long-press,image,NONE,right_of,menu,NONE,4,4,0,5,3
open tab to the left of the help,open,tab,NONE,left_of,help,NONE,5,8,0,3,3
copy the 3rd orange text above the address,copy,text,orange,above,address,3rd,2,9,5,1,2
paste gray text,paste,text,gray,NONE,NONE,NONE,6,9,3,0,3
press and hold the last button above the cart,long-press,button,NONE,above,cart,last,4,1,0,1,4
scroll down to orange text to the right of the search,scroll,text,orange,right_of,search,NONE,7,9,5,5,3
delete button to the right of the first email,delete,button,NONE,right_of,first email,NONE,3,1,0,5,3
remove the 1st image to the right of the checkout,delete,image,NONE,right_of,checkout,1st,3,4,0,5,0
scroll to the 2nd yellow tab,scroll,tab,yellow,NONE,NONE,2nd,7,8,10,0,1
paste the 3rd yellow text below the notifications,paste,text,yellow,below,notifications,3rd,6,9,10,2,2
click the 3rd blue icon,click,icon,blue,NONE,NONE,3rd,1,3,2,0,2
copy text to the right of the search,copy,text,NONE,right_of,search,NONE,2,9,0,5,3
paste blue text,paste,text,blue,NONE,NONE,NONE,6,9,2,0,3
scroll to gray menu to the left of the checkout,scroll,menu,gray,left_of,checkout,NONE,7,6,3,3,3
tap the 1st link,tap,link,NONE,NONE,NONE,1st,8,5,0,0,0
press and hold the 2nd red button to the right of the notifications,long-press,button,red,right_of,notifications,2nd,4,1,8,5,1
tap switch above the profile,tap,switch,NONE,above,profile,NONE,8,7,0,1,3
tap on checkbox,tap,checkbox,NONE,NONE,NONE,NONE,8,2,0,0,3
delete the 1st button to the left of the search,delete,button,NONE,left_of,search,1st,3,1,0,3,0
remove image below the first email,delete,image,NONE,below,first email,NONE,3,4,0,2,3
trash button next to the cart,delete,button,NONE,next_to,cart,NONE,3,1,0,4,3
scroll down to text,scroll,text,NONE,NONE,NONE,NONE,7,9,0,0,3
tap checkbox to the right of the wi-fi,tap,checkbox,NONE,right_of,wi-fi,NONE,8,2,0,5,3
copy the last text,copy,text,NONE,NONE,NONE,last,2,9,0,0,4
paste text to the right of the menu,paste,text,NONE,right_of,menu,NONE,6,9,0,5,3
paste yellow text to the left of the search,paste,text,yellow,left_of,search,NONE,6,9,10,3,3
copy pink text above the menu,copy,text,pink,above,menu,NONE,2,9,6,1,3
tap the last green switch,tap,switch,green,NONE,NONE,last,8,7,4,0,4
select the 1st image above the profile,click,image,NONE,above,profile,1st,1,4,0,1,0
press and hold text,long-press,text,NONE,NONE,NONE,NONE,4,9,0,0,3
paste text,paste,text,NONE,NONE,NONE,NONE,6,9,0,0,3
paste yellow text next to the settings,paste,text,yellow,next_to,settings,NONE,6,9,10,4,3
long-press purple button above the menu,long-press,button,purple,above,menu,NONE,4,1,7,1,3
remove the 1st red text next to the cart,delete,text,red,next_to,cart,1st,3,9,8,4,0
paste text,paste,text,NONE,NONE,NONE,NONE,6,9,0,0,3
long-press the 1st text to the right of the address,long-press,text,NONE,right_of,address,1st,4,9,0,5,0
paste the 3rd text to the left of the home,paste,text,NONE,left_of,home,3rd,6,9,0,3,2
scroll down to blue tab,scroll,tab,blue,NONE,NONE,NONE,7,8,2,0,3
tap on the 2nd tab above the cart,tap,tab,NONE,above,cart,2nd,8,8,0,1,1
launch menu below the notifications,open,menu,NONE,below,notifications,NONE,5,6,0,2,3
launch tab,open,tab,NONE,NONE,NONE,NONE,5,8,0,0,3
scroll to the 3rd tab below the checkout,scroll,tab,NONE,below,checkout,3rd,7,8,0,2,2
copy the 3rd text below the notifications,copy,text,NONE,below,notifications,3rd,2,9,0,2,2
paste text,paste,text,NONE,NONE,NONE,NONE,6,9,0,0,3
press and hold the 2nd green text below the checkout,long-press,text,green,below,checkout,2nd,4,9,4,2,1
paste purple text,paste,text,purple,NONE,NONE,NONE,6,9,7,0,3
copy green text to the left of the help,copy,text,green,left_of,help,NONE,2,9,4,3,3
paste the 3rd text to the left of the profile,paste,text,NONE,left_of,profile,3rd,6,9,0,3,2
click on black text next to the checkout,click,text,black,next_to,checkout,NONE,1,9,1,4,3
scroll to the 2nd gray tab below the notifications,scroll,tab,gray,below,notifications,2nd,7,8,3,2,1
press and hold text,long-press,text,NONE,NONE,NONE,NONE,4,9,0,0,3
scroll to menu above the address,scroll,menu,NONE,above,address,NONE,7,6,0,1,3
copy red text,copy,text,red,NONE,NONE,NONE,2,9,8,0,3
launch button to the left of the help,open,button,NONE,left_of,help,NONE,5,1,0,3,3
paste the 2nd text,paste,text,NONE,NONE,NONE,2nd,6,9,0,0,1
launch the 1st icon below the cart,open,icon,NONE,below,cart,1st,5,3,0,2,0
copy text,copy,text,NONE,NONE,NONE,NONE,2,9,0,0,3
paste text,paste,text,NONE,NONE,NONE,NONE,6,9,0,0,3
scroll down to tab,scroll,tab,NONE,NONE,NONE,NONE,7,8,0,0,3
tap on checkbox above the notifications,tap,checkbox,NONE,above,notifications,NONE,8,2,0,1,3
paste text,paste,text,NONE,NONE,NONE,NONE,6,9,0,0,3
copy text,copy,text,NONE,NONE,NONE,NONE,2,9,0,0,3
delete button next to the settings,delete,button,NONE,next_to,settings,NONE,3,1,0,4,3
launch the 3rd link next to the cart,open,link,NONE,next_to,cart,3rd,5,5,0,4,2
scroll to tab to the left of the settings,scroll,tab,NONE,left_of,settings,NONE,7,8,0,3,3
delete the last button below the address,delete,button,NONE,below,address,last,3,1,0,2,4
copy text next to the checkout,copy,text,NONE,next_to,checkout,NONE,2,9,0,4,3
launch tab to the left of the last item,open,tab,NONE,left_of,last item,NONE,5,8,0,3,3
tap tab,tap,tab,NONE,NONE,NONE,NONE,8,8,0,0,3
click on the 2nd switch,click,switch,NONE,NONE,NONE,2nd,1,7,0,0,1
tap on the last checkbox to the left of the cart,tap,checkbox,NONE,left_of,cart,last,8,2,0,3,4
select black icon,click,icon,black,NONE,NONE,NONE,1,3,1,0,3
long-press icon,long-press,icon,NONE,NONE,NONE,NONE,4,3,0,0,3
scroll to text,scroll,text,NONE,NONE,NONE,NONE,7,9,0,0,3
long-press image below the menu,long-press,image,NONE,below,menu,NONE,4,4,0,2,3
tap checkbox above the menu,tap,checkbox,NONE,above,menu,NONE,8,2,0,1,3
copy text to the right of the first email,copy,text,NONE,right_of,first email,NONE,2,9,0,5,3
open gray tab next to the settings,open,tab,gray,next_to,settings,NONE,5,8,3,4,3
scroll to tab,scroll,tab,NONE,NONE,NONE,NONE,7,8,0,0,3
scroll to the last menu above the wi-fi,scroll,menu,NONE,above,wi-fi,last,7,6,0,1,4
paste green text above the settings,paste,text,green,above,settings,NONE,6,9,4,1,3
copy the 3rd text below the home,copy,text,NONE,below,home,3rd,2,9,0,2,2
launch button,open,button,NONE,NONE,NONE,NONE,5,1,0,0,3
tap on yellow tab,tap,tab,yellow,NONE,NONE,NONE,8,8,10,0,3
tap blue checkbox next to the payment,tap,checkbox,blue,next_to,payment,NONE,8,2,2,4,3
open red link above the address,open,link,red,above,address,NONE,5,5,8,1,3
copy the 1st blue text to the left of the login,copy,text,blue,left_of,login,1st,2,9,2,3,0
open icon below the menu,open,icon,NONE,below,menu,NONE,5,3,0,2,3
delete the last text to the left of the cart,delete,text,NONE,left_of,cart,last,3,9,0,3,4
scroll to tab,scroll,tab,NONE,NONE,NONE,NONE,7,8,0,0,3
scroll to tab,scroll,tab,NONE,NONE,NONE,NONE,7,8,0,0,3
tap on white tab next to the notifications,tap,tab,white,next_to,notifications,NONE,8,8,9,4,3
paste the 3rd pink text to the left of the profile,paste,text,pink,left_of,profile,3rd,6,9,6,3,2
paste orange text to the right of the home,paste,text,orange,right_of,home,NONE,6,9,5,5,3
tap switch,tap,switch,NONE,NONE,NONE,NONE,8,7,0,0,3
paste black text below the help,paste,text,black,below,help,NONE,6,9,1,2,3
press the last gray image next to the wi-fi,click,image,gray,next_to,wi-fi,last,1,4,3,4,4
paste text below the settings,paste,text,NONE,below,settings,NONE,6,9,0,2,3
open link,open,link,NONE,NONE,NONE,NONE,5,5,0,0,3
open white tab next to the help,open,tab,white,next_to,help,NONE,5,8,9,4,3
launch the 2nd tab to the left of the settings,open,tab,NONE,left_of,settings,2nd,5,8,0,3,1
open tab,open,tab,NONE,NONE,NONE,NONE,5,8,0,0,3
trash purple button,delete,button,purple,NONE,NONE,NONE,3,1,7,0,3
remove red text above the first email,delete,text,red,above,first email,NONE,3,9,8,1,3
open the 3rd menu below the cart,open,menu,NONE,below,cart,3rd,5,6,0,2,2
open the 1st button above the wi-fi,open,button,NONE,above,wi-fi,1st,5,1,0,1,0
open link to the left of the wi-fi,open,link,NONE,left_of,wi-fi,NONE,5,5,0,3,3
press and hold black image,long-press,image,black,NONE,NONE,NONE,4,4,1,0,3
press text to the left of the cart,click,text,NONE,left_of,cart,NONE,1,9,0,3,3
click the 2nd checkbox,click,checkbox,NONE,NONE,NONE,2nd,1,2,0,0,1
press and hold button,long-press,button,NONE,NONE,NONE,NONE,4,1,0,0,3
tap on the last switch to the right of the address,tap,switch,NONE,right_of,address,last,8,7,0,5,4
copy text to the left of the menu,copy,text,NONE,left_of,menu,NONE,2,9,0,3,3
open gray icon,open,icon,gray,NONE,NONE,NONE,5,3,3,0,3
tap checkbox to the right of the home,tap,checkbox,NONE,right_of,home,NONE,8,2,0,5,3
select red button,click,button,red,NONE,NONE,NONE,1,1,8,0,3
tap green link above the first email,tap,link,green,above,first email,NONE,8,5,4,1,3
select orange image,click,image,orange,NONE,NONE,NONE,1,4,5,0,3
click red image to the left of the settings,click,image,red,left_of,settings,NONE,1,4,8,3,3
remove text to the right of the notifications,delete,text,NONE,right_of,notifications,NONE,3,9,0,5,3
tap on switch to the right of the profile,tap,switch,NONE,right_of,profile,NONE,8,7,0,5,3
press and hold the 2nd text,long-press,text,NONE,NONE,NONE,2nd,4,9,0,0,1
paste text to the left of the wi-fi,paste,text,NONE,left_of,wi-fi,NONE,6,9,0,3,3
select switch,click,switch,NONE,NONE,NONE,NONE,1,7,0,0,3
launch icon above the menu,open,icon,NONE,above,menu,NONE,5,3,0,1,3
open the 1st tab,open,tab,NONE,NONE,NONE,1st,5,8,0,0,0
open menu,open,menu,NONE,NONE,NONE,NONE,5,6,0,0,3
scroll down to text next to the settings,scroll,text,NONE,next_to,settings,NONE,7,9,0,4,3
scroll to tab to the left of the help,scroll,tab,NONE,left_of,help,NONE,7,8,0,3,3
long-press black icon to the left of the notifications,long-press,icon,black,left_of,notifications,NONE,4,3,1,3,3
long-press image below the search,long-press,image,NONE,below,search,NONE,4,4,0,2,3
delete button,delete,button,NONE,NONE,NONE,NONE,3,1,0,0,3
click green checkbox,click,checkbox,green,NONE,NONE,NONE,1,2,4,0,3
select the 2nd purple image,click,image,purple,NONE,NONE,2nd,1,4,7,0,1
press and hold icon below the address,long-press,icon,NONE,below,address,NONE,4,3,0,2,3
copy blue text,copy,text,blue,NONE,NONE,NONE,2,9,2,0,3
long-press black button below the home,long-press,button,black,below,home,NONE,4,1,1,2,3
copy text to the right of the search,copy,text,NONE,right_of,search,NONE,2,9,0,5,3
long-press button,long-press,button,NONE,NONE,NONE,NONE,4,1,0,0,3
open orange tab to the right of the profile,open,tab,orange,right_of,profile,NONE,5,8,5,5,3
tap on the last red icon,tap,icon,red,NONE,NONE,last,8,3,8,0,4
delete the 2nd image to the right of the address,delete,image,NONE,right_of,address,2nd,3,4,0,5,1
long-press the 3rd button to the right of the profile,long-press,button,NONE,right_of,profile,3rd,4,1,0,5,2
long-press button below the login,long-press,button,NONE,below,login,NONE,4,1,0,2,3
long-press the 2nd icon below the payment,long-press,icon,NONE,below,payment,2nd,4,3,0,2,1
open the 3rd red button,open,button,red,NONE,NONE,3rd,5,1,8,0,2
launch blue button above the settings,open,button,blue,above,settings,NONE,5,1,2,1,3
scroll down to the 1st menu next to the payment,scroll,menu,NONE,next_to,payment,1st,7,6,0,4,0
paste text,paste,text,NONE,NONE,NONE,NONE,6,9,0,0,3
paste orange text above the home,paste,text,orange,above,home,NONE,6,9,5,1,3
press and hold the 1st text to the right of the home,long-press,text,NONE,right_of,home,1st,4,9,0,5,0
scroll to the 1st menu to the right of the login,scroll,menu,NONE,right_of,login,1st,7,6,0,5,0
tap checkbox,tap,checkbox,NONE,NONE,NONE,NONE,8,2,0,0,3
remove the 2nd text,delete,text,NONE,NONE,NONE,2nd,3,9,0,0,1
open pink tab,open,tab,pink,NONE,NONE,NONE,5,8,6,0,3
paste red text to the right of the search,paste,text,red,right_of,search,NONE,6,9,8,5,3
tap on tab above the settings,tap,tab,NONE,above,settings,NONE,8,8,0,1,3
paste the last text below the first email,paste,text,NONE,below,first email,last,6,9,0,2,4
click on white button,click,button,white,NONE,NONE,NONE,1,1,9,0,3
paste the 3rd orange text to the right of the home,paste,text,orange,right_of,home,3rd,6,9,5,5,2
scroll down to tab,scroll,tab,NONE,NONE,NONE,NONE,7,8,0,0,3
press and hold button,long-press,button,NONE,NONE,NONE,NONE,4,1,0,0,3
paste text,paste,text,NONE,NONE,NONE,NONE,6,9,0,0,3
copy the 1st text next to the payment,copy,text,NONE,next_to,payment,1st,2,9,0,4,0
launch the 2nd link,open,link,NONE,NONE,NONE,2nd,5,5,0,0,1
launch the 2nd menu to the left of the first email,open,menu,NONE,left_of,first email,2nd,5,6,0,3,1
launch the 2nd menu to the right of the menu,open,menu,NONE,right_of,menu,2nd,5,6,0,5,1
press the last orange link to the left of the home,click,link,orange,left_of,home,last,1,5,5,3,4
click icon next to the last item,click,icon,NONE,next_to,last item,NONE,1,3,0,4,3
scroll to white tab to the right of the profile,scroll,tab,white,right_of,profile,NONE,7,8,9,5,3
click on white image above the profile,click,image,white,above,profile,NONE,1,4,9,1,3
scroll down to the last menu below the notifications,scroll,menu,NONE,below,notifications,last,7,6,0,2,4
delete red text to the left of the search,delete,text,red,left_of,search,NONE,3,9,8,3,3
press and hold icon to the left of the wi-fi,long-press,icon,NONE,left_of,wi-fi,NONE,4,3,0,3,3
scroll to pink menu next to the checkout,scroll,menu,pink,next_to,checkout,NONE,7,6,6,4,3
scroll down to the 1st menu below the login,scroll,menu,NONE,below,login,1st,7,6,0,2,0
tap on icon next to the login,tap,icon,NONE,next_to,login,NONE,8,3,0,4,3
long-press the last button,long-press,button,NONE,NONE,NONE,last,4,1,0,0,4
long-press blue image,long-press,image,blue,NONE,NONE,NONE,4,4,2,0,3
delete the last image below the menu,delete,image,NONE,below,menu,last,3,4,0,2,4
copy text next to the last item,copy,text,NONE,next_to,last item,NONE,2,9,0,4,3
launch link,open,link,NONE,NONE,NONE,NONE,5,5,0,0,3
paste text below the last item,paste,text,NONE,below,last item,NONE,6,9,0,2,3
tap on yellow button,tap,button,yellow,NONE,NONE,NONE,8,1,10,0,3
scroll down to text next to the cart,scroll,text,NONE,next_to,cart,NONE,7,9,0,4,3
delete white button below the first email,delete,button,white,below,first email,NONE,3,1,9,2,3
press the 1st blue image next to the help,click,image,blue,next_to,help,1st,1,4,2,4,0
trash image to the right of the address,delete,image,NONE,right_of,address,NONE,3,4,0,5,3
scroll down to text,scroll,text,NONE,NONE,NONE,NONE,7,9,0,0,3
copy the 1st text,copy,text,NONE,NONE,NONE,1st,2,9,0,0,0
tap the 3rd tab,tap,tab,NONE,NONE,NONE,3rd,8,8,0,0,2
tap on blue icon next to the help,tap,icon,blue,next_to,help,NONE,8,3,2,4,3
click on the last icon below the last item,click,icon,NONE,below,last item,last,1,3,0,2,4
tap on purple button to the left of the login,tap,button,purple,left_of,login,NONE,8,1,7,3,3
tap the 2nd icon to the right of the menu,tap,icon,NONE,right_of,menu,2nd,8,3,0,5,1
delete green button,delete,button,green,NONE,NONE,NONE,3,1,4,0,3
trash image above the menu,delete,image,NONE,above,menu,NONE,3,4,0,1,3
paste green text to the right of the wi-fi,paste,text,green,right_of,wi-fi,NONE,6,9,4,5,3
tap on blue checkbox,tap,checkbox,blue,NONE,NONE,NONE,8,2,2,0,3
delete the 3rd image,delete,image,NONE,NONE,NONE,3rd,3,4,0,0,2
tap black button,tap,button,black,NONE,NONE,NONE,8,1,1,0,3
press and hold text to the left of the home,long-press,text,NONE,left_of,home,NONE,4,9,0,3,3
press and hold the 1st text next to the settings,long-press,text,NONE,next_to,settings,1st,4,9,0,4,0
delete blue image above the payment,delete,image,blue,above,payment,NONE,3,4,2,1,3
tap on black link,tap,link,black,NONE,NONE,NONE,8,5,1,0,3
paste black text to the left of the help,paste,text,black,left_of,help,NONE,6,9,1,3,3
press and hold image above the checkout,long-press,image,NONE,above,checkout,NONE,4,4,0,1,3
scroll down to the 2nd green menu next to the first email,scroll,menu,green,next_to,first email,2nd,7,6,4,4,1
paste the 3rd text,paste,text,NONE,NONE,NONE,3rd,6,9,0,0,2
click on checkbox above the login,click,checkbox,NONE,above,login,NONE,1,2,0,1,3
copy white text above the wi-fi,copy,text,white,above,wi-fi,NONE,2,9,9,1,3
scroll down to the last pink tab to the right of the home,scroll,tab,pink,right_of,home,last,7,8,6,5,4
tap on the 1st checkbox to the right of the login,tap,checkbox,NONE,right_of,login,1st,8,2,0,5,0
paste blue text to the right of the settings,paste,text,blue,right_of,settings,NONE,6,9,2,5,3
scroll to menu,scroll,menu,NONE,NONE,NONE,NONE,7,6,0,0,3
open the 3rd button,open,button,NONE,NONE,NONE,3rd,5,1,0,0,2
copy text,copy,text,NONE,NONE,NONE,NONE,2,9,0,0,3
press and hold text next to the checkout,long-press,text,NONE,next_to,checkout,NONE,4,9,0,4,3
scroll down to menu to the left of the first email,scroll,menu,NONE,left_of,first email,NONE,7,6,0,3,3
tap icon next to the checkout,tap,icon,NONE,next_to,checkout,NONE,8,3,0,4,3
trash gray button next to the checkout,delete,button,gray,next_to,checkout,NONE,3,1,3,4,3
launch link,open,link,NONE,NONE,NONE,NONE,5,5,0,0,3
open link below the payment,open,link,NONE,below,payment,NONE,5,5,0,2,3
tap link above the settings,tap,link,NONE,above,settings,NONE,8,5,0,1,3
trash button below the last item,delete,button,NONE,below,last item,NONE,3,1,0,2,3
scroll down to text below the cart,scroll,text,NONE,below,cart,NONE,7,9,0,2,3
select red switch to the left of the home,click,switch,red,left_of,home,NONE,1,7,8,3,3
scroll to the last yellow text to the right of the help,scroll,text,yellow,right_of,help,last,7,9,10,5,4
click text below the home,click,text,NONE,below,home,NONE,1,9,0,2,3
open purple menu,open,menu,purple,NONE,NONE,NONE,5,6,7,0,3
paste the 2nd text to the left of the first email,paste,text,NONE,left_of,first email,2nd,6,9,0,3,1
copy text,copy,text,NONE,NONE,NONE,NONE,2,9,0,0,3
open tab,open,tab,NONE,NONE,NONE,NONE,5,8,0,0,3
copy white text below the cart,copy,text,white,below,cart,NONE,2,9,9,2,3
click tab above the home,click,tab,NONE,above,home,NONE,1,8,0,1,3
tap the last button to the right of the first email,tap,button,NONE,right_of,first email,last,8,1,0,5,4
scroll down to tab to the left of the payment,scroll,tab,NONE,left_of,payment,NONE,7,8,0,3,3
paste text below the search,paste,text,NONE,below,search,NONE,6,9,0,2,3
tap on checkbox above the login,tap,checkbox,NONE,above,login,NONE,8,2,0,1,3
remove button,delete,button,NONE,NONE,NONE,NONE,3,1,0,0,3
press and hold green text next to the payment,long-press,text,green,next_to,payment,NONE,4,9,4,4,3
tap red switch to the left of the login,tap,switch,red,left_of,login,NONE,8,7,8,3,3
launch the 1st icon next to the settings,open,icon,NONE,next_to,settings,1st,5,3,0,4,0
delete green button below the payment,delete,button,green,below,payment,NONE,3,1,4,2,3
select yellow image next to the notifications,click,image,yellow,next_to,notifications,NONE,1,4,10,4,3
paste text to the left of the notifications,paste,text,NONE,left_of,notifications,NONE,6,9,0,3,3
tap link above the notifications,tap,link,NONE,above,notifications,NONE,8,5,0,1,3
paste the 3rd text,paste,text,NONE,NONE,NONE,3rd,6,9,0,0,2
remove image,delete,image,NONE,NONE,NONE,NONE,3,4,0,0,3
click on the 1st gray button above the notifications,click,button,gray,above,notifications,1st,1,1,3,1,0
delete the 2nd text,delete,text,NONE,NONE,NONE,2nd,3,9,0,0,1
tap on link above the checkout,tap,link,NONE,above,checkout,NONE,8,5,0,1,3
remove text above the search,delete,text,NONE,above,search,NONE,3,9,0,1,3
tap tab below the notifications,tap,tab,NONE,below,notifications,NONE,8,8,0,2,3
trash the last image above the cart,delete,image,NONE,above,cart,last,3,4,0,1,4
scroll down to menu below the wi-fi,scroll,menu,NONE,below,wi-fi,NONE,7,6,0,2,3
scroll to pink menu next to the wi-fi,scroll,menu,pink,next_to,wi-fi,NONE,7,6,6,4,3
paste the 2nd text to the right of the search,paste,text,NONE,right_of,search,2nd,6,9,0,5,1
press button,click,button,NONE,NONE,NONE,NONE,1,1,0,0,3
remove image,delete,image,NONE,NONE,NONE,NONE,3,4,0,0,3
paste text to the right of the settings,paste,text,NONE,right_of,settings,NONE,6,9,0,5,3
select the 3rd icon next to the settings,click,icon,NONE,next_to,settings,3rd,1,3,0,4,2
delete image to the right of the last item,delete,image,NONE,right_of,last item,NONE,3,4,0,5,3
remove the 3rd pink button to the left of the help,delete,button,pink,left_of,help,3rd,3,1,6,3,2
paste the 2nd text next to the last item,paste,text,NONE,next_to,last item,2nd,6,9,0,4,1
tap on link below the settings,tap,link,NONE,below,settings,NONE,8,5,0,2,3
paste the 3rd text to the right of the last item,paste,text,NONE,right_of,last item,3rd,6,9,0,5,2
paste yellow text to the left of the payment,paste,text,yellow,left_of,payment,NONE,6,9,10,3,3
scroll down to white tab to the right of the address,scroll,tab,white,right_of,address,NONE,7,8,9,5,3
launch the 1st menu above the settings,open,menu,NONE,above,settings,1st,5,6,0,1,0
press the 1st text to the left of the search,click,text,NONE,left_of,search,1st,1,9,0,3,0
tap on link,tap,link,NONE,NONE,NONE,NONE,8,5,0,0,3
open blue tab to the right of the first email,open,tab,blue,right_of,first email,NONE,5,8,2,5,3
scroll to menu to the left of the help,scroll,menu,NONE,left_of,help,NONE,7,6,0,3,3
remove the last text to the left of the profile,delete,text,NONE,left_of,profile,last,3,9,0,3,4
click black switch to the left of the login,click,switch,black,left_of,login,NONE,1,7,1,3,3
click on orange switch below the menu,click,switch,orange,below,menu,NONE,1,7,5,2,3
long-press text to the left of the search,long-press,text,NONE,left_of,search,NONE,4,9,0,3,3
click on image,click,image,NONE,NONE,NONE,NONE,1,4,0,0,3
trash blue image,delete,image,blue,NONE,NONE,NONE,3,4,2,0,3
scroll to tab next to the first email,scroll,tab,NONE,next_to,first email,NONE,7,8,0,4,3
tap on the 1st gray link above the notifications,tap,link,gray,above,notifications,1st,8,5,3,1,0
paste yellow text,paste,text,yellow,NONE,NONE,NONE,6,9,10,0,3
scroll to green menu,scroll,menu,green,NONE,NONE,NONE,7,6,4,0,3
press switch to the right of the first email,click,switch,NONE,right_of,first email,NONE,1,7,0,5,3
remove button,delete,button,NONE,NONE,NONE,NONE,3,1,0,0,3
trash the last text to the right of the address,delete,text,NONE,right_of,address,last,3,9,0,5,4
remove button,delete,button,NONE,NONE,NONE,NONE,3,1,0,0,3
trash text,delete,text,NONE,NONE,NONE,NONE,3,9,0,0,3
paste text to the right of the search,paste,text,NONE,right_of,search,NONE,6,9,0,5,3
click gray icon,click,icon,gray,NONE,NONE,NONE,1,3,3,0,3
scroll down to text above the help,scroll,text,NONE,above,help,NONE,7,9,0,1,3
open orange tab,open,tab,orange,NONE,NONE,NONE,5,8,5,0,3
copy orange text to the left of the settings,copy,text,orange,left_of,settings,NONE,2,9,5,3,3
scroll to tab to the right of the last item,scroll,tab,NONE,right_of,last item,NONE,7,8,0,5,3
scroll to red menu above the first email,scroll,menu,red,above,first email,NONE,7,6,8,1,3
scroll to black text to the right of the address,scroll,text,black,right_of,address,NONE,7,9,1,5,3
scroll to green menu to the right of the home,scroll,menu,green,right_of,home,NONE,7,6,4,5,3
tap the last green switch below the home,tap,switch,green,below,home,last,8,7,4,2,4
copy text to the left of the checkout,copy,text,NONE,left_of,checkout,NONE,2,9,0,3,3
paste text above the notifications,paste,text,NONE,above,notifications,NONE,6,9,0,1,3
copy text to the left of the first email,copy,text,NONE,left_of,first email,NONE,2,9,0,3,3
copy text,copy,text,NONE,NONE,NONE,NONE,2,9,0,0,3
tap tab,tap,tab,NONE,NONE,NONE,NONE,8,8,0,0,3
copy the last blue text to the left of the notifications,copy,text,blue,left_of,notifications,last,2,9,2,3,4
press and hold button,long-press,button,NONE,NONE,NONE,NONE,4,1,0,0,3
copy yellow text next to the login,copy,text,yellow,next_to,login,NONE,2,9,10,4,3
copy red text to the right of the wi-fi,copy,text,red,right_of,wi-fi,NONE,2,9,8,5,3
paste gray text to the left of the payment,paste,text,gray,left_of,payment,NONE,6,9,3,3,3
remove button above the search,delete,button,NONE,above,search,NONE,3,1,0,1,3
scroll to tab above the settings,scroll,tab,NONE,above,settings,NONE,7,8,0,1,3
paste text next to the home,paste,text,NONE,next_to,home,NONE,6,9,0,4,3
click on button next to the last item,click,button,NONE,next_to,last item,NONE,1,1,0,4,3
copy text next to the address,copy,text,NONE,next_to,address,NONE,2,9,0,4,3
paste text above the home,paste,text,NONE,above,home,NONE,6,9,0,1,3
trash button to the right of the cart,delete,button,NONE,right_of,cart,NONE,3,1,0,5,3
paste text to the left of the payment,paste,text,NONE,left_of,payment,NONE,6,9,0,3,3
remove the 1st button to the left of the menu,delete,button,NONE,left_of,menu,1st,3,1,0,3,0
scroll to the 2nd purple menu to the left of the help,scroll,menu,purple,left_of,help,2nd,7,6,7,3,1
click image above the cart,click,image,NONE,above,cart,NONE,1,4,0,1,3
click on switch above the payment,click,switch,NONE,above,payment,NONE,1,7,0,1,3
tap checkbox to the right of the notifications,tap,checkbox,NONE,right_of,notifications,NONE,8,2,0,5,3
long-press button,long-press,button,NONE,NONE,NONE,NONE,4,1,0,0,3
delete orange button to the left of the last item,delete,button,orange,left_of,last item,NONE,3,1,5,3,3
scroll to tab below the login,scroll,tab,NONE,below,login,NONE,7,8,0,2,3
paste text below the first email,paste,text,NONE,below,first email,NONE,6,9,0,2,3
open yellow tab below the wi-fi,open,tab,yellow,below,wi-fi,NONE,5,8,10,2,3
scroll to tab,scroll,tab,NONE,NONE,NONE,NONE,7,8,0,0,3
scroll to text to the right of the address,scroll,text,NONE,right_of,address,NONE,7,9,0,5,3
copy text,copy,text,NONE,NONE,NONE,NONE,2,9,0,0,3
paste the 1st gray text next to the wi-fi,paste,text,gray,next_to,wi-fi,1st,6,9,3,4,0
press and hold button,long-press,button,NONE,NONE,NONE,NONE,4,1,0,0,3
paste the 2nd text to the left of the menu,paste,text,NONE,left_of,menu,2nd,6,9,0,3,1
tap on blue switch above the settings,tap,switch,blue,above,settings,NONE,8,7,2,1,3
click button,click,button,NONE,NONE,NONE,NONE,1,1,0,0,3
press and hold button above the help,long-press,button,NONE,above,help,NONE,4,1,0,1,3
trash image below the cart,delete,image,NONE,below,cart,NONE,3,4,0,2,3
scroll to orange menu next to the settings,scroll,menu,orange,next_to,settings,NONE,7,6,5,4,3
copy the 3rd text,copy,text,NONE,NONE,NONE,3rd,2,9,0,0,2
launch link below the home,open,link,NONE,below,home,NONE,5,5,0,2,3
paste the 2nd text above the last item,paste,text,NONE,above,last item,2nd,6,9,0,1,1
press and hold orange image to the right of the home,long-press,image,orange,right_of,home,NONE,4,4,5,5,3
copy text below the address,copy,text,NONE,below,address,NONE,2,9,0,2,3
select text next to the home,click,text,NONE,next_to,home,NONE,1,9,0,4,3
copy the 2nd text below the payment,copy,text,NONE,below,payment,2nd,2,9,0,2,1
long-press text to the left of the checkout,long-press,text,NONE,left_of,checkout,NONE,4,9,0,3,3
launch icon next to the address,open,icon,NONE,next_to,address,NONE,5,3,0,4,3
tap the 1st switch next to the address,tap,switch,NONE,next_to,address,1st,8,7,0,4,0
delete black text to the left of the wi-fi,delete,text,black,left_of,wi-fi,NONE,3,9,1,3,3
press the last purple switch,click,switch,purple,NONE,NONE,last,1,7,7,0,4
remove text above the payment,delete,text,NONE,above,payment,NONE,3,9,0,1,3
remove black text to the right of the settings,delete,text,black,right_of,settings,NONE,3,9,1,5,3
click on text below the notifications,click,text,NONE,below,notifications,NONE,1,9,0,2,3
trash the 2nd black image,delete,image,black,NONE,NONE,2nd,3,4,1,0,1
select switch above the help,click,switch,NONE,above,help,NONE,1,7,0,1,3
long-press white icon next to the cart,long-press,icon,white,next_to,cart,NONE,4,3,9,4,3
select checkbox,click,checkbox,NONE,NONE,NONE,NONE,1,2,0,0,3
trash yellow text,delete,text,yellow,NONE,NONE,NONE,3,9,10,0,3
press and hold gray button,long-press,button,gray,NONE,NONE,NONE,4,1,3,0,3
scroll to menu,scroll,menu,NONE,NONE,NONE,NONE,7,6,0,0,3
copy text next to the menu,copy,text,NONE,next_to,menu,NONE,2,9,0,4,3
copy the 2nd text,copy,text,NONE,NONE,NONE,2nd,2,9,0,0,1
press purple icon above the login,click,icon,purple,above,login,NONE,1,3,7,1,3
delete image to the left of the address,delete,image,NONE,left_of,address,NONE,3,4,0,3,3
long-press the last image,long-press,image,NONE,NONE,NONE,last,4,4,0,0,4
long-press red image,long-press,image,red,NONE,NONE,NONE,4,4,8,0,3
long-press gray image to the right of the first email,long-press,image,gray,right_of,first email,NONE,4,4,3,5,3
tap pink switch above the payment,tap,switch,pink,above,payment,NONE,8,7,6,1,3
copy text below the help,copy,text,NONE,below,help,NONE,2,9,0,2,3
open the 3rd icon above the last item,open,icon,NONE,above,last item,3rd,5,3,0,1,2
click tab to the right of the first email,click,tab,NONE,right_of,first email,NONE,1,8,0,5,3
trash button,delete,button,NONE,NONE,NONE,NONE,3,1,0,0,3
open the last green icon to the right of the wi-fi,open,icon,green,right_of,wi-fi,last,5,3,4,5,4
tap checkbox to the left of the profile,tap,checkbox,NONE,left_of,profile,NONE,8,2,0,3,3
copy the last text to the left of the wi-fi,copy,text,NONE,left_of,wi-fi,last,2,9,0,3,4
copy text to the right of the notifications,copy,text,NONE,right_of,notifications,NONE,2,9,0,5,3
tap checkbox above the login,tap,checkbox,NONE,above,login,NONE,8,2,0,1,3
copy text next to the checkout,copy,text,NONE,next_to,checkout,NONE,2,9,0,4,3
click on the 1st button,click,button,NONE,NONE,NONE,1st,1,1,0,0,0
copy the last text below the cart,copy,text,NONE,below,cart,last,2,9,0,2,4
long-press text above the cart,long-press,text,NONE,above,cart,NONE,4,9,0,1,3
remove button,delete,button,NONE,NONE,NONE,NONE,3,1,0,0,3
tap the 3rd gray link next to the last item,tap,link,gray,next_to,last item,3rd,8,5,3,4,2
tap on pink switch below the address,tap,switch,pink,below,address,NONE,8,7,6,2,3
delete the 3rd text below the wi-fi,delete,text,NONE,below,wi-fi,3rd,3,9,0,2,2
copy text above the login,copy,text,NONE,above,login,NONE,2,9,0,1,3
copy the 2nd text,copy,text,NONE,NONE,NONE,2nd,2,9,0,0,1
open button,open,button,NONE,NONE,NONE,NONE,5,1,0,0,3
press and hold button to the left of the first email,long-press,button,NONE,left_of,first email,NONE,4,1,0,3,3
launch the 1st link to the left of the menu,open,link,NONE,left_of,menu,1st,5,5,0,3,0
click image to the right of the settings,click,image,NONE,right_of,settings,NONE,1,4,0,5,3
click on checkbox,click,checkbox,NONE,NONE,NONE,NONE,1,2,0,0,3
tap on icon,tap,icon,NONE,NONE,NONE,NONE,8,3,0,0,3
copy text below the payment,copy,text,NONE,below,payment,NONE,2,9,0,2,3
open the 2nd tab next to the help,open,tab,NONE,next_to,help,2nd,5,8,0,4,1
scroll down to menu to the right of the address,scroll,menu,NONE,right_of,address,NONE,7,6,0,5,3
paste the 1st text to the right of the last item,paste,text,NONE,right_of,last item,1st,6,9,0,5,0
scroll to green tab,scroll,tab,green,NONE,NONE,NONE,7,8,4,0,3
copy the 2nd yellow text,copy,text,yellow,NONE,NONE,2nd,2,9,10,0,1
paste red text to the left of the last item,paste,text,red,left_of,last item,NONE,6,9,8,3,3
long-press button above the login,long-press,button,NONE,above,login,NONE,4,1,0,1,3
open the last link,open,link,NONE,NONE,NONE,last,5,5,0,0,4
trash image,delete,image,NONE,NONE,NONE,NONE,3,4,0,0,3
tap on yellow icon,tap,icon,yellow,NONE,NONE,NONE,8,3,10,0,3
long-press the 3rd red icon,long-press,icon,red,NONE,NONE,3rd,4,3,8,0,2
tap on green tab,tap,tab,green,NONE,NONE,NONE,8,8,4,0,3
launch menu next to the notifications,open,menu,NONE,next_to,notifications,NONE,5,6,0,4,3
remove the 1st button to the left of the settings,delete,button,NONE,left_of,settings,1st,3,1,0,3,0
copy text to the left of the wi-fi,copy,text,NONE,left_of,wi-fi,NONE,2,9,0,3,3
copy text,copy,text,NONE,NONE,NONE,NONE,2,9,0,0,3
paste text to the left of the checkout,paste,text,NONE,left_of,checkout,NONE,6,9,0,3,3
trash button,delete,button,NONE,NONE,NONE,NONE,3,1,0,0,3
copy text to the right of the wi-fi,copy,text,NONE,right_of,wi-fi,NONE,2,9,0,5,3
copy the last text,copy,text,NONE,NONE,NONE,last,2,9,0,0,4
remove image to the right of the login,delete,image,NONE,right_of,login,NONE,3,4,0,5,3
scroll to tab below the help,scroll,tab,NONE,below,help,NONE,7,8,0,2,3
long-press image above the wi-fi,long-press,image,NONE,above,wi-fi,NONE,4,4,0,1,3
press purple checkbox next to the wi-fi,click,checkbox,purple,next_to,wi-fi,NONE,1,2,7,4,3
click tab,click,tab,NONE,NONE,NONE,NONE,1,8,0,0,3
tap yellow link,tap,link,yellow,NONE,NONE,NONE,8,5,10,0,3
long-press the 3rd image next to the first email,long-press,image,NONE,next_to,first email,3rd,4,4,0,4,2
copy the 2nd black text,copy,text,black,NONE,NONE,2nd,2,9,1,0,1
click gray checkbox next to the cart,click,checkbox,gray,next_to,cart,NONE,1,2,3,4,3
press checkbox,click,checkbox,NONE,NONE,NONE,NONE,1,2,0,0,3
copy the 2nd text below the settings,copy,text,NONE,below,settings,2nd,2,9,0,2,1
paste green text to the right of the settings,paste,text,green,right_of,settings,NONE,6,9,4,5,3
select the last purple text,click,text,purple,NONE,NONE,last,1,9,7,0,4
click on tab above the menu,click,tab,NONE,above,menu,NONE,1,8,0,1,3
launch white link to the right of the wi-fi,open,link,white,right_of,wi-fi,NONE,5,5,9,5,3
press and hold the 1st button,long-press,button,NONE,NONE,NONE,1st,4,1,0,0,0
long-press text next to the checkout,long-press,text,NONE,next_to,checkout,NONE,4,9,0,4,3
click on the 2nd pink icon below the first email,click,icon,pink,below,first email,2nd,1,3,6,2,1
long-press button above the settings,long-press,button,NONE,above,settings,NONE,4,1,0,1,3
copy the 3rd orange text,copy,text,orange,NONE,NONE,3rd,2,9,5,0,2
paste text,paste,text,NONE,NONE,NONE,NONE,6,9,0,0,3
tap on purple link,tap,link,purple,NONE,NONE,NONE,8,5,7,0,3
copy text above the cart,copy,text,NONE,above,cart,NONE,2,9,0,1,3
select purple image above the profile,click,image,purple,above,profile,NONE,1,4,7,1,3
delete text to the right of the cart,delete,text,NONE,right_of,cart,NONE,3,9,0,5,3
copy text to the left of the payment,copy,text,NONE,left_of,payment,NONE,2,9,0,3,3
press and hold the 1st pink image above the payment,long-press,image,pink,above,payment,1st,4,4,6,1,0
delete image next to the checkout,delete,image,NONE,next_to,checkout,NONE,3,4,0,4,3
remove pink button next to the wi-fi,delete,button,pink,next_to,wi-fi,NONE,3,1,6,4,3
trash image next to the menu,delete,image,NONE,next_to,menu,NONE,3,4,0,4,3
press yellow switch,click,switch,yellow,NONE,NONE,NONE,1,7,10,0,3
copy pink text,copy,text,pink,NONE,NONE,NONE,2,9,6,0,3
copy the 2nd yellow text,copy,text,yellow,NONE,NONE,2nd,2,9,10,0,1
copy text to the right of the address,copy,text,NONE,right_of,address,NONE,2,9,0,5,3
tap button,tap,button,NONE,NONE,NONE,NONE,8,1,0,0,3
tap on the 2nd black switch,tap,switch,black,NONE,NONE,2nd,8,7,1,0,1
copy orange text to the right of the payment,copy,text,orange,right_of,payment,NONE,2,9,5,5,3
click red switch,click,switch,red,NONE,NONE,NONE,1,7,8,0,3
copy text above the last item,copy,text,NONE,above,last item,NONE,2,9,0,1,3
open button to the left of the payment,open,button,NONE,left_of,payment,NONE,5,1,0,3,3
copy green text below the home,copy,text,green,below,home,NONE,2,9,4,2,3
copy text,copy,text,NONE,NONE,NONE,NONE,2,9,0,0,3
tap on the 2nd button below the help,tap,button,NONE,below,help,2nd,8,1,0,2,1
click the 1st image next to the profile,click,image,NONE,next_to,profile,1st,1,4,0,4,0
paste text above the checkout,paste,text,NONE,above,checkout,NONE,6,9,0,1,3
long-press orange icon,long-press,icon,orange,NONE,NONE,NONE,4,3,5,0,3
tap the 3rd yellow tab to the left of the profile,tap,tab,yellow,left_of,profile,3rd,8,8,10,3,2
scroll down to purple menu next to the payment,scroll,menu,purple,next_to,payment,NONE,7,6,7,4,3
copy the last white text next to the notifications,copy,text,white,next_to,notifications,last,2,9,9,4,4
tap on checkbox to the right of the notifications,tap,checkbox,NONE,right_of,notifications,NONE,8,2,0,5,3
click gray switch to the right of the payment,click,switch,gray,right_of,payment,NONE,1,7,3,5,3
paste the 3rd text,paste,text,NONE,NONE,NONE,3rd,6,9,0,0,2
paste the 1st text,paste,text,NONE,NONE,NONE,1st,6,9,0,0,0
press link to the right of the payment,click,link,NONE,right_of,payment,NONE,1,5,0,5,3
remove the 3rd text next to the last item,delete,text,NONE,next_to,last item,3rd,3,9,0,4,2
delete the 2nd purple image,delete,image,purple,NONE,NONE,2nd,3,4,7,0,1
trash button below the wi-fi,delete,button,NONE,below,wi-fi,NONE,3,1,0,2,3
press and hold icon to the right of the search,long-press,icon,NONE,right_of,search,NONE,4,3,0,5,3
tap the 2nd button to the right of the checkout,tap,button,NONE,right_of,checkout,2nd,8,1,0,5,1
tap gray link next to the cart,tap,link,gray,next_to,cart,NONE,8,5,3,4,3
press and hold text,long-press,text,NONE,NONE,NONE,NONE,4,9,0,0,3
copy purple text,copy,text,purple,NONE,NONE,NONE,2,9,7,0,3
paste purple text,paste,text,purple,NONE,NONE,NONE,6,9,7,0,3
paste yellow text,paste,text,yellow,NONE,NONE,NONE,6,9,10,0,3
trash image next to the help,delete,image,NONE,next_to,help,NONE,3,4,0,4,3
paste the 1st text next to the home,paste,text,NONE,next_to,home,1st,6,9,0,4,0
scroll to the 3rd menu,scroll,menu,NONE,NONE,NONE,3rd,7,6,0,0,2
scroll to menu below the login,scroll,menu,NONE,below,login,NONE,7,6,0,2,3
tap on icon,tap,icon,NONE,NONE,NONE,NONE,8,3,0,0,3
paste the 3rd text to the right of the menu,paste,text,NONE,right_of,menu,3rd,6,9,0,5,2
launch menu to the right of the help,open,menu,NONE,right_of,help,NONE,5,6,0,5,3
open the 2nd tab next to the settings,open,tab,NONE,next_to,settings,2nd,5,8,0,4,1
select tab to the right of the payment,click,tab,NONE,right_of,payment,NONE,1,8,0,5,3
launch tab above the checkout,open,tab,NONE,above,checkout,NONE,5,8,0,1,3
tap the last tab above the settings,tap,tab,NONE,above,settings,last,8,8,0,1,4
delete the 1st text,delete,text,NONE,NONE,NONE,1st,3,9,0,0,0
paste text next to the help,paste,text,NONE,next_to,help,NONE,6,9,0,4,3
tap on the 1st tab above the profile,tap,tab,NONE,above,profile,1st,8,8,0,1,0
press and hold the 3rd yellow icon to the right of the first email,long-press,icon,yellow,right_of,first email,3rd,4,3,10,5,2
launch link next to the address,open,link,NONE,next_to,address,NONE,5,5,0,4,3
scroll down to the 3rd tab,scroll,tab,NONE,NONE,NONE,3rd,7,8,0,0,2
scroll down to orange menu next to the search,scroll,menu,orange,next_to,search,NONE,7,6,5,4,3
open the 3rd icon,open,icon,NONE,NONE,NONE,3rd,5,3,0,0,2
scroll to pink menu,scroll,menu,pink,NONE,NONE,NONE,7,6,6,0,3
trash image,delete,image,NONE,NONE,NONE,NONE,3,4,0,0,3
paste text to the right of the menu,paste,text,NONE,right_of,menu,NONE,6,9,0,5,3
paste the 2nd text above the payment,paste,text,NONE,above,payment,2nd,6,9,0,1,1
tap the 2nd button below the login,tap,button,NONE,below,login,2nd,8,1,0,2,1
scroll down to menu to the right of the checkout,scroll,menu,NONE,right_of,checkout,NONE,7,6,0,5,3
tap the 2nd blue switch to the right of the first email,tap,switch,blue,right_of,first email,2nd,8,7,2,5,1
paste text,paste,text,NONE,NONE,NONE,NONE,6,9,0,0,3
delete red image to the right of the login,delete,image,red,right_of,login,NONE,3,4,8,5,3
scroll to tab above the search,scroll,tab,NONE,above,search,NONE,7,8,0,1,3
paste text,paste,text,NONE,NONE,NONE,NONE,6,9,0,0,3
open pink button above the help,open,button,pink,above,help,NONE,5,1,6,1,3
press the last link,click,link,NONE,NONE,NONE,last,1,5,0,0,4
trash button below the login,delete,button,NONE,below,login,NONE,3,1,0,2,3
tap on switch to the left of the address,tap,switch,NONE,left_of,address,NONE,8,7,0,3,3
paste text above the notifications,paste,text,NONE,above,notifications,NONE,6,9,0,1,3
open icon,open,icon,NONE,NONE,NONE,NONE,5,3,0,0,3
copy text,copy,text,NONE,NONE,NONE,NONE,2,9,0,0,3
select the 1st blue text to the right of the menu,click,text,blue,right_of,menu,1st,1,9,2,5,0
delete the 2nd button above the search,delete,button,NONE,above,search,2nd,3,1,0,1,1
open purple tab,open,tab,purple,NONE,NONE,NONE,5,8,7,0,3
paste text above the help,paste,text,NONE,above,help,NONE,6,9,0,1,3
long-press button,long-press,button,NONE,NONE,NONE,NONE,4,1,0,0,3
remove the 3rd orange image to the right of the login,delete,image,orange,right_of,login,3rd,3,4,5,5,2
press and hold image,long-press,image,NONE,NONE,NONE,NONE,4,4,0,0,3
tap the 3rd switch to the right of the first email,tap,switch,NONE,right_of,first email,3rd,8,7,0,5,2
paste text to the right of the settings,paste,text,NONE,right_of,settings,NONE,6,9,0,5,3
tap on button,tap,button,NONE,NONE,NONE,NONE,8,1,0,0,3
open white link next to the search,open,link,white,next_to,search,NONE,5,5,9,4,3
paste text to the left of the first email,paste,text,NONE,left_of,first email,NONE,6,9,0,3,3
launch button,open,button,NONE,NONE,NONE,NONE,5,1,0,0,3
scroll down to the last text,scroll,text,NONE,NONE,NONE,last,7,9,0,0,4
tap white link to the right of the wi-fi,tap,link,white,right_of,wi-fi,NONE,8,5,9,5,3
click on red switch above the address,click,switch,red,above,address,NONE,1,7,8,1,3
tap on tab,tap,tab,NONE,NONE,NONE,NONE,8,8,0,0,3
tap on the 3rd checkbox to the right of the help,tap,checkbox,NONE,right_of,help,3rd,8,2,0,5,2
press and hold the 3rd icon,long-press,icon,NONE,NONE,NONE,3rd,4,3,0,0,2
tap the 3rd switch,tap,switch,NONE,NONE,NONE,3rd,8,7,0,0,2
scroll down to tab to the left of the last item,scroll,tab,NONE,left_of,last item,NONE,7,8,0,3,3
remove text next to the home,delete,text,NONE,next_to,home,NONE,3,9,0,4,3
long-press image below the notifications,long-press,image,NONE,below,notifications,NONE,4,4,0,2,3
press icon below the search,click,icon,NONE,below,search,NONE,1,3,0,2,3
tap tab,tap,tab,NONE,NONE,NONE,NONE,8,8,0,0,3
launch button,open,button,NONE,NONE,NONE,NONE,5,1,0,0,3
tap the 2nd orange tab to the left of the search,tap,tab,orange,left_of,search,2nd,8,8,5,3,1
copy white text below the search,copy,text,white,below,search,NONE,2,9,9,2,3
copy text next to the menu,copy,text,NONE,next_to,menu,NONE,2,9,0,4,3
press the 3rd tab,click,tab,NONE,NONE,NONE,3rd,1,8,0,0,2
paste the 1st text to the left of the notifications,paste,text,NONE,left_of,notifications,1st,6,9,0,3,0
paste pink text,paste,text,pink,NONE,NONE,NONE,6,9,6,0,3
trash image to the right of the home,delete,image,NONE,right_of,home,NONE,3,4,0,5,3
scroll to tab to the right of the first email,scroll,tab,NONE,right_of,first email,NONE,7,8,0,5,3
delete the 1st text,delete,text,NONE,NONE,NONE,1st,3,9,0,0,0
tap gray tab to the right of the help,tap,tab,gray,right_of,help,NONE,8,8,3,5,3
copy text,copy,text,NONE,NONE,NONE,NONE,2,9,0,0,3
trash the 2nd image next to the wi-fi,delete,image,NONE,next_to,wi-fi,2nd,3,4,0,4,1
long-press text to the left of the login,long-press,text,NONE,left_of,login,NONE,4,9,0,3,3
paste the 3rd gray text,paste,text,gray,NONE,NONE,3rd,6,9,3,0,2
trash text above the notifications,delete,text,NONE,above,notifications,NONE,3,9,0,1,3
click link next to the first email,click,link,NONE,next_to,first email,NONE,1,5,0,4,3
launch the last menu,open,menu,NONE,NONE,NONE,last,5,6,0,0,4
press the 3rd image,click,image,NONE,NONE,NONE,3rd,1,4,0,0,2
tap checkbox next to the home,tap,checkbox,NONE,next_to,home,NONE,8,2,0,4,3
scroll down to the 1st menu to the right of the notifications,scroll,menu,NONE,right_of,notifications,1st,7,6,0,5,0
scroll to text to the left of the cart,scroll,text,NONE,left_of,cart,NONE,7,9,0,3,3
scroll down to text above the search,scroll,text,NONE,above,search,NONE,7,9,0,1,3
tap on the 3rd white button next to the settings,tap,button,white,next_to,settings,3rd,8,1,9,4,2
delete white image above the search,delete,image,white,above,search,NONE,3,4,9,1,3
paste blue text below the settings,paste,text,blue,below,settings,NONE,6,9,2,2,3
tap icon,tap,icon,NONE,NONE,NONE,NONE,8,3,0,0,3
click on white text,click,text,white,NONE,NONE,NONE,1,9,9,0,3
launch the 2nd menu to the left of the login,open,menu,NONE,left_of,login,2nd,5,6,0,3,1
trash image,delete,image,NONE,NONE,NONE,NONE,3,4,0,0,3
paste text,paste,text,NONE,NONE,NONE,NONE,6,9,0,0,3
remove text above the first email,delete,text,NONE,above,first email,NONE,3,9,0,1,3
paste white text next to the cart,paste,text,white,next_to,cart,NONE,6,9,9,4,3
press and hold the 2nd icon to the left of the login,long-press,icon,NONE,left_of,login,2nd,4,3,0,3,1
tap green switch next to the wi-fi,tap,switch,green,next_to,wi-fi,NONE,8,7,4,4,3
paste purple text,paste,text,purple,NONE,NONE,NONE,6,9,7,0,3
press and hold button to the right of the settings,long-press,button,NONE,right_of,settings,NONE,4,1,0,5,3
copy the 1st text,copy,text,NONE,NONE,NONE,1st,2,9,0,0,0
open the 1st tab above the payment,open,tab,NONE,above,payment,1st,5,8,0,1,0
launch icon next to the checkout,open,icon,NONE,next_to,checkout,NONE,5,3,0,4,3
launch link to the left of the notifications,open,link,NONE,left_of,notifications,NONE,5,5,0,3,3
launch menu,open,menu,NONE,NONE,NONE,NONE,5,6,0,0,3
long-press the 2nd text,long-press,text,NONE,NONE,NONE,2nd,4,9,0,0,1
click on the last blue link below the cart,click,link,blue,below,cart,last,1,5,2,2,4
copy text above the last item,copy,text,NONE,above,last item,NONE,2,9,0,1,3
remove the 1st image above the settings,delete,image,NONE,above,settings,1st,3,4,0,1,0
trash gray button below the notifications,delete,button,gray,below,notifications,NONE,3,1,3,2,3
copy pink text next to the wi-fi,copy,text,pink,next_to,wi-fi,NONE,2,9,6,4,3
scroll to the 3rd menu above the address,scroll,menu,NONE,above,address,3rd,7,6,0,1,2
copy text to the right of the payment,copy,text,NONE,right_of,payment,NONE,2,9,0,5,3
remove image,delete,image,NONE,NONE,NONE,NONE,3,4,0,0,3
press the 2nd image,click,image,NONE,NONE,NONE,2nd,1,4,0,0,1
trash button next to the help,delete,button,NONE,next_to,help,NONE,3,1,0,4,3
tap checkbox,tap,checkbox,NONE,NONE,NONE,NONE,8,2,0,0,3
scroll down to yellow tab below the checkout,scroll,tab,yellow,below,checkout,NONE,7,8,10,2,3
click on the last green tab to the right of the settings,click,tab,green,right_of,settings,last,1,8,4,5,4
long-press the 2nd button to the left of the settings,long-press,button,NONE,left_of,settings,2nd,4,1,0,3,1
press and hold text below the address,long-press,text,NONE,below,address,NONE,4,9,0,2,3
press and hold gray button,long-press,button,gray,NONE,NONE,NONE,4,1,3,0,3
remove the 2nd black button above the menu,delete,button,black,above,menu,2nd,3,1,1,1,1
scroll to menu,scroll,menu,NONE,NONE,NONE,NONE,7,6,0,0,3
copy orange text above the notifications,copy,text,orange,above,notifications,NONE,2,9,5,1,3
delete text to the right of the menu,delete,text,NONE,right_of,menu,NONE,3,9,0,5,3
copy the 2nd text,copy,text,NONE,NONE,NONE,2nd,2,9,0,0,1
press and hold the 2nd pink button next to the menu,long-press,button,pink,next_to,menu,2nd,4,1,6,4,1
scroll to menu,scroll,menu,NONE,NONE,NONE,NONE,7,6,0,0,3
scroll to white tab,scroll,tab,white,NONE,NONE,NONE,7,8,9,0,3
press and hold yellow icon above the search,long-press,icon,yellow,above,search,NONE,4,3,10,1,3
launch tab to the right of the cart,open,tab,NONE,right_of,cart,NONE,5,8,0,5,3
tap the 1st button to the right of the home,tap,button,NONE,right_of,home,1st,8,1,0,5,0
paste purple text below the home,paste,text,purple,below,home,NONE,6,9,7,2,3
paste red text to the left of the home,paste,text,red,left_of,home,NONE,6,9,8,3,3
select the last gray link to the right of the payment,click,link,gray,right_of,payment,last,1,5,3,5,4
delete the 2nd red image,delete,image,red,NONE,NONE,2nd,3,4,8,0,1
press and hold image,long-press,image,NONE,NONE,NONE,NONE,4,4,0,0,3
copy text,copy,text,NONE,NONE,NONE,NONE,2,9,0,0,3
paste white text to the right of the checkout,paste,text,white,right_of,checkout,NONE,6,9,9,5,3
copy text to the left of the help,copy,text,NONE,left_of,help,NONE,2,9,0,3,3
launch the last link next to the cart,open,link,NONE,next_to,cart,last,5,5,0,4,4
press and hold the 3rd pink text,long-press,text,pink,NONE,NONE,3rd,4,9,6,0,2
copy text below the home,copy,text,NONE,below,home,NONE,2,9,0,2,3
paste the 1st purple text,paste,text,purple,NONE,NONE,1st,6,9,7,0,0
click on checkbox above the last item,click,checkbox,NONE,above,last item,NONE,1,2,0,1,3
press and hold the last yellow text to the right of the wi-fi,long-press,text,yellow,right_of,wi-fi,last,4,9,10,5,4
scroll down to the 1st tab,scroll,tab,NONE,NONE,NONE,1st,7,8,0,0,0
tap on yellow tab,tap,tab,yellow,NONE,NONE,NONE,8,8,10,0,3
launch blue tab,open,tab,blue,NONE,NONE,NONE,5,8,2,0,3
trash button,delete,button,NONE,NONE,NONE,NONE,3,1,0,0,3
long-press orange button next to the checkout,long-press,button,orange,next_to,checkout,NONE,4,1,5,4,3
press checkbox,click,checkbox,NONE,NONE,NONE,NONE,1,2,0,0,3
press tab to the right of the payment,click,tab,NONE,right_of,payment,NONE,1,8,0,5,3
launch the 2nd blue menu next to the notifications,open,menu,blue,next_to,notifications,2nd,5,6,2,4,1
open the 2nd icon to the left of the payment,open,icon,NONE,left_of,payment,2nd,5,3,0,3,1
select the 2nd yellow switch next to the checkout,click,switch,yellow,next_to,checkout,2nd,1,7,10,4,1
paste the 1st text to the right of the notifications,paste,text,NONE,right_of,notifications,1st,6,9,0,5,0
scroll down to the 3rd red text above the notifications,scroll,text,red,above,notifications,3rd,7,9,8,1,2
trash image,delete,image,NONE,NONE,NONE,NONE,3,4,0,0,3
launch white icon below the payment,open,icon,white,below,payment,NONE,5,3,9,2,3
click on link below the notifications,click,link,NONE,below,notifications,NONE,1,5,0,2,3
tap checkbox,tap,checkbox,NONE,NONE,NONE,NONE,8,2,0,0,3
long-press the 3rd black text,long-press,text,black,NONE,NONE,3rd,4,9,1,0,2
click image,click,image,NONE,NONE,NONE,NONE,1,4,0,0,3
paste text below the search,paste,text,NONE,below,search,NONE,6,9,0,2,3
press and hold the 1st gray image,long-press,image,gray,NONE,NONE,1st,4,4,3,0,0
scroll down to tab,scroll,tab,NONE,NONE,NONE,NONE,7,8,0,0,3
tap on checkbox,tap,checkbox,NONE,NONE,NONE,NONE,8,2,0,0,3
tap red tab above the settings,tap,tab,red,above,settings,NONE,8,8,8,1,3
delete blue button next to the first email,delete,button,blue,next_to,first email,NONE,3,1,2,4,3
tap on switch to the left of the settings,tap,switch,NONE,left_of,settings,NONE,8,7,0,3,3
tap on white checkbox,tap,checkbox,white,NONE,NONE,NONE,8,2,9,0,3
copy the last text to the right of the home,copy,text,NONE,right_of,home,last,2,9,0,5,4
remove button,delete,button,NONE,NONE,NONE,NONE,3,1,0,0,3
remove orange image next to the notifications,delete,image,orange,next_to,notifications,NONE,3,4,5,4,3
remove button,delete,button,NONE,NONE,NONE,NONE,3,1,0,0,3
scroll to menu above the wi-fi,scroll,menu,NONE,above,wi-fi,NONE,7,6,0,1,3
tap checkbox,tap,checkbox,NONE,NONE,NONE,NONE,8,2,0,0,3
paste the 1st black text above the last item,paste,text,black,above,last item,1st,6,9,1,1,0
copy text next to the login,copy,text,NONE,next_to,login,NONE,2,9,0,4,3
press and hold blue icon below the first email,long-press,icon,blue,below,first email,NONE,4,3,2,2,3
press and hold button,long-press,button,NONE,NONE,NONE,NONE,4,1,0,0,3
select red text to the right of the notifications,click,text,red,right_of,notifications,NONE,1,9,8,5,3
long-press purple button next to the profile,long-press,button,purple,next_to,profile,NONE,4,1,7,4,3
paste black text below the last item,paste,text,black,below,last item,NONE,6,9,1,2,3
remove white image to the right of the last item,delete,image,white,right_of,last item,NONE,3,4,9,5,3
delete text to the right of the menu,delete,text,NONE,right_of,menu,NONE,3,9,0,5,3
copy the 3rd text to the left of the search,copy,text,NONE,left_of,search,3rd,2,9,0,3,2
copy the 3rd text below the address,copy,text,NONE,below,address,3rd,2,9,0,2,2
click on checkbox above the help,click,checkbox,NONE,above,help,NONE,1,2,0,1,3
scroll down to menu above the profile,scroll,menu,NONE,above,profile,NONE,7,6,0,1,3
paste text to the right of the home,paste,text,NONE,right_of,home,NONE,6,9,0,5,3
copy the last gray text to the right of the cart,copy,text,gray,right_of,cart,last,2,9,3,5,4
long-press image to the right of the wi-fi,long-press,image,NONE,right_of,wi-fi,NONE,4,4,0,5,3
delete button below the help,delete,button,NONE,below,help,NONE,3,1,0,2,3
press and hold image above the address,long-press,image,NONE,above,address,NONE,4,4,0,1,3
copy text below the profile,copy,text,NONE,below,profile,NONE,2,9,0,2,3
scroll to tab,scroll,tab,NONE,NONE,NONE,NONE,7,8,0,0,3
trash red button,delete,button,red,NONE,NONE,NONE,3,1,8,0,3
press and hold orange icon to the left of the help,long-press,icon,orange,left_of,help,NONE,4,3,5,3,3
click pink link,click,link,pink,NONE,NONE,NONE,1,5,6,0,3
scroll down to tab below the home,scroll,tab,NONE,below,home,NONE,7,8,0,2,3
copy text,copy,text,NONE,NONE,NONE,NONE,2,9,0,0,3
click on the 1st icon to the right of the settings,click,icon,NONE,right_of,settings,1st,1,3,0,5,0
trash image above the wi-fi,delete,image,NONE,above,wi-fi,NONE,3,4,0,1,3
press and hold the 2nd icon,long-press,icon,NONE,NONE,NONE,2nd,4,3,0,0,1
click green button above the settings,click,button,green,above,settings,NONE,1,1,4,1,3
click on link next to the checkout,click,link,NONE,next_to,checkout,NONE,1,5,0,4,3
tap checkbox,tap,checkbox,NONE,NONE,NONE,NONE,8,2,0,0,3
open yellow tab,open,tab,yellow,NONE,NONE,NONE,5,8,10,0,3
open purple button above the checkout,open,button,purple,above,checkout,NONE,5,1,7,1,3
copy red text,copy,text,red,NONE,NONE,NONE,2,9,8,0,3
tap the 3rd tab,tap,tab,NONE,NONE,NONE,3rd,8,8,0,0,2
tap tab next to the search,tap,tab,NONE,next_to,search,NONE,8,8,0,4,3
paste text above the home,paste,text,NONE,above,home,NONE,6,9,0,1,3
open black tab to the right of the payment,open,tab,black,right_of,payment,NONE,5,8,1,5,3
scroll to green text,scroll,text,green,NONE,NONE,NONE,7,9,4,0,3
tap on yellow button above the wi-fi,tap,button,yellow,above,wi-fi,NONE,8,1,10,1,3
remove image next to the home,delete,image,NONE,next_to,home,NONE,3,4,0,4,3
click on switch below the settings,click,switch,NONE,below,settings,NONE,1,7,0,2,3
press and hold orange button to the left of the menu,long-press,button,orange,left_of,menu,NONE,4,1,5,3,3
open pink tab below the cart,open,tab,pink,below,cart,NONE,5,8,6,2,3
launch button next to the address,open,button,NONE,next_to,address,NONE,5,1,0,4,3
copy text to the left of the notifications,copy,text,NONE,left_of,notifications,NONE,2,9,0,3,3
trash text,delete,text,NONE,NONE,NONE,NONE,3,9,0,0,3
paste blue text above the home,paste,text,blue,above,home,NONE,6,9,2,1,3
copy text,copy,text,NONE,NONE,NONE,NONE,2,9,0,0,3
launch purple link next to the first email,open,link,purple,next_to,first email,NONE,5,5,7,4,3
delete text to the left of the wi-fi,delete,text,NONE,left_of,wi-fi,NONE,3,9,0,3,3
press the 3rd button to the right of the checkout,click,button,NONE,right_of,checkout,3rd,1,1,0,5,2
select image above the cart,click,image,NONE,above,cart,NONE,1,4,0,1,3
paste red text to the left of the first email,paste,text,red,left_of,first email,NONE,6,9,8,3,3
click on tab to the left of the payment,click,tab,NONE,left_of,payment,NONE,1,8,0,3,3
tap purple tab,tap,tab,purple,NONE,NONE,NONE,8,8,7,0,3
paste the last text,paste,text,NONE,NONE,NONE,last,6,9,0,0,4
delete blue image next to the home,delete,image,blue,next_to,home,NONE,3,4,2,4,3
scroll down to tab to the left of the first email,scroll,tab,NONE,left_of,first email,NONE,7,8,0,3,3
open icon next to the first email,open,icon,NONE,next_to,first email,NONE,5,3,0,4,3
tap link above the home,tap,link,NONE,above,home,NONE,8,5,0,1,3
click image to the left of the profile,click,image,NONE,left_of,profile,NONE,1,4,0,3,3
scroll to the 3rd menu above the menu,scroll,menu,NONE,above,menu,3rd,7,6,0,1,2
launch button next to the address,open,button,NONE,next_to,address,NONE,5,1,0,4,3
tap on the 1st checkbox below the profile,tap,checkbox,NONE,below,profile,1st,8,2,0,2,0
click on pink icon to the right of the payment,click,icon,pink,right_of,payment,NONE,1,3,6,5,3
scroll down to tab next to the wi-fi,scroll,tab,NONE,next_to,wi-fi,NONE,7,8,0,4,3
launch icon below the login,open,icon,NONE,below,login,NONE,5,3,0,2,3
delete blue image next to the checkout,delete,image,blue,next_to,checkout,NONE,3,4,2,4,3
tap on link,tap,link,NONE,NONE,NONE,NONE,8,5,0,0,3
delete image,delete,image,NONE,NONE,NONE,NONE,3,4,0,0,3
tap on checkbox below the first email,tap,checkbox,NONE,below,first email,NONE,8,2,0,2,3
tap icon to the left of the home,tap,icon,NONE,left_of,home,NONE,8,3,0,3,3
select image to the right of the wi-fi,click,image,NONE,right_of,wi-fi,NONE,1,4,0,5,3
long-press gray icon,long-press,icon,gray,NONE,NONE,NONE,4,3,3,0,3
scroll down to text,scroll,text,NONE,NONE,NONE,NONE,7,9,0,0,3
paste purple text below the wi-fi,paste,text,purple,below,wi-fi,NONE,6,9,7,2,3
click on switch next to the login,click,switch,NONE,next_to,login,NONE,1,7,0,4,3
tap on the 2nd button,tap,button,NONE,NONE,NONE,2nd,8,1,0,0,1
press and hold pink image,long-press,image,pink,NONE,NONE,NONE,4,4,6,0,3
scroll down to purple text,scroll,text,purple,NONE,NONE,NONE,7,9,7,0,3
press the 3rd switch next to the login,click,switch,NONE,next_to,login,3rd,1,7,0,4,2
click purple link above the home,click,link,purple,above,home,NONE,1,5,7,1,3
tap gray button next to the settings,tap,button,gray,next_to,settings,NONE,8,1,3,4,3
click tab,click,tab,NONE,NONE,NONE,NONE,1,8,0,0,3
scroll down to menu below the login,scroll,menu,NONE,below,login,NONE,7,6,0,2,3
tap on icon next to the last item,tap,icon,NONE,next_to,last item,NONE,8,3,0,4,3
scroll down to text,scroll,text,NONE,NONE,NONE,NONE,7,9,0,0,3
paste white text,paste,text,white,NONE,NONE,NONE,6,9,9,0,3
open the 2nd button above the first email,open,button,NONE,above,first email,2nd,5,1,0,1,1
paste text next to the first email,paste,text,NONE,next_to,first email,NONE,6,9,0,4,3
open red menu,open,menu,red,NONE,NONE,NONE,5,6,8,0,3
copy the 2nd text,copy,text,NONE,NONE,NONE,2nd,2,9,0,0,1
trash text,delete,text,NONE,NONE,NONE,NONE,3,9,0,0,3
launch the 2nd button above the first email,open,button,NONE,above,first email,2nd,5,1,0,1,1
click on tab,click,tab,NONE,NONE,NONE,NONE,1,8,0,0,3
press link,click,link,NONE,NONE,NONE,NONE,1,5,0,0,3
copy the last text next to the profile,copy,text,NONE,next_to,profile,last,2,9,0,4,4
long-press green button,long-press,button,green,NONE,NONE,NONE,4,1,4,0,3
paste green text,paste,text,green,NONE,NONE,NONE,6,9,4,0,3
scroll to menu below the notifications,scroll,menu,NONE,below,notifications,NONE,7,6,0,2,3
paste text,paste,text,NONE,NONE,NONE,NONE,6,9,0,0,3
paste text,paste,text,NONE,NONE,NONE,NONE,6,9,0,0,3
scroll to the 2nd blue tab,scroll,tab,blue,NONE,NONE,2nd,7,8,2,0,1
scroll down to the last menu,scroll,menu,NONE,NONE,NONE,last,7,6,0,0,4
select button to the right of the home,click,button,NONE,right_of,home,NONE,1,1,0,5,3
paste white text next to the profile,paste,text,white,next_to,profile,NONE,6,9,9,4,3
launch icon to the right of the wi-fi,open,icon,NONE,right_of,wi-fi,NONE,5,3,0,5,3
long-press button above the checkout,long-press,button,NONE,above,checkout,NONE,4,1,0,1,3
tap on orange icon to the left of the payment,tap,icon,orange,left_of,payment,NONE,8,3,5,3,3
trash the last button above the login,delete,button,NONE,above,login,last,3,1,0,1,4
copy black text below the menu,copy,text,black,below,menu,NONE,2,9,1,2,3
select the 1st blue switch above the cart,click,switch,blue,above,cart,1st,1,7,2,1,0
paste the last text above the last item,paste,text,NONE,above,last item,last,6,9,0,1,4
scroll to the 3rd text,scroll,text,NONE,NONE,NONE,3rd,7,9,0,0,2
copy the last white text to the left of the search,copy,text,white,left_of,search,last,2,9,9,3,4
copy blue text next to the profile,copy,text,blue,next_to,profile,NONE,2,9,2,4,3
remove orange text to the right of the profile,delete,text,orange,right_of,profile,NONE,3,9,5,5,3
press and hold gray image,long-press,image,gray,NONE,NONE,NONE,4,4,3,0,3
tap the 3rd button,tap,button,NONE,NONE,NONE,3rd,8,1,0,0,2
launch menu above the menu,open,menu,NONE,above,menu,NONE,5,6,0,1,3
click tab above the payment,click,tab,NONE,above,payment,NONE,1,8,0,1,3
scroll to blue text,scroll,text,blue,NONE,NONE,NONE,7,9,2,0,3
tap the last icon,tap,icon,NONE,NONE,NONE,last,8,3,0,0,4
remove button to the left of the help,delete,button,NONE,left_of,help,NONE,3,1,0,3,3
trash the 2nd button,delete,button,NONE,NONE,NONE,2nd,3,1,0,0,1
scroll to text,scroll,text,NONE,NONE,NONE,NONE,7,9,0,0,3
delete orange text next to the notifications,delete,text,orange,next_to,notifications,NONE,3,9,5,4,3
trash orange text above the search,delete,text,orange,above,search,NONE,3,9,5,1,3
open pink link below the menu,open,link,pink,below,menu,NONE,5,5,6,2,3
launch button,open,button,NONE,NONE,NONE,NONE,5,1,0,0,3
press black link,click,link,black,NONE,NONE,NONE,1,5,1,0,3
click link above the menu,click,link,NONE,above,menu,NONE,1,5,0,1,3
tap on the 3rd green link,tap,link,green,NONE,NONE,3rd,8,5,4,0,2
scroll to the 3rd menu to the right of the payment,scroll,menu,NONE,right_of,payment,3rd,7,6,0,5,2
open the 3rd pink icon below the login,open,icon,pink,below,login,3rd,5,3,6,2,2
select the 3rd switch,click,switch,NONE,NONE,NONE,3rd,1,7,0,0,2
launch button above the profile,open,button,NONE,above,profile,NONE,5,1,0,1,3
paste text next to the profile,paste,text,NONE,next_to,profile,NONE,6,9,0,4,3
copy text,copy,text,NONE,NONE,NONE,NONE,2,9,0,0,3
trash the last image,delete,image,NONE,NONE,NONE,last,3,4,0,0,4
open the 1st button next to the payment,open,button,NONE,next_to,payment,1st,5,1,0,4,0
copy text to the left of the checkout,copy,text,NONE,left_of,checkout,NONE,2,9,0,3,3
scroll down to tab to the left of the payment,scroll,tab,NONE,left_of,payment,NONE,7,8,0,3,3
scroll down to text above the last item,scroll,text,NONE,above,last item,NONE,7,9,0,1,3
tap orange link to the left of the login,tap,link,orange,left_of,login,NONE,8,5,5,3,3
copy red text above the checkout,copy,text,red,above,checkout,NONE,2,9,8,1,3
press text to the left of the wi-fi,click,text,NONE,left_of,wi-fi,NONE,1,9,0,3,3
copy red text next to the menu,copy,text,red,next_to,menu,NONE,2,9,8,4,3
paste text above the checkout,paste,text,NONE,above,checkout,NONE,6,9,0,1,3
tap on icon,tap,icon,NONE,NONE,NONE,NONE,8,3,0,0,3
launch link above the settings,open,link,NONE,above,settings,NONE,5,5,0,1,3
press and hold the 3rd text,long-press,text,NONE,NONE,NONE,3rd,4,9,0,0,2
tap black icon above the checkout,tap,icon,black,above,checkout,NONE,8,3,1,1,3
remove red button above the menu,delete,button,red,above,menu,NONE,3,1,8,1,3
copy text,copy,text,NONE,NONE,NONE,NONE,2,9,0,0,3
scroll down to text above the first email,scroll,text,NONE,above,first email,NONE,7,9,0,1,3
launch the last tab above the login,open,tab,NONE,above,login,last,5,8,0,1,4
long-press text below the notifications,long-press,text,NONE,below,notifications,NONE,4,9,0,2,3
click on red text to the right of the search,click,text,red,right_of,search,NONE,1,9,8,5,3
open tab next to the cart,open,tab,NONE,next_to,cart,NONE,5,8,0,4,3
copy black text,copy,text,black,NONE,NONE,NONE,2,9,1,0,3
press and hold image next to the checkout,long-press,image,NONE,next_to,checkout,NONE,4,4,0,4,3
scroll to red text,scroll,text,red,NONE,NONE,NONE,7,9,8,0,3
launch icon below the checkout,open,icon,NONE,below,checkout,NONE,5,3,0,2,3
paste black text below the notifications,paste,text,black,below,notifications,NONE,6,9,1,2,3
click the 3rd switch above the payment,click,switch,NONE,above,payment,3rd,1,7,0,1,2
press pink button above the help,click,button,pink,above,help,NONE,1,1,6,1,3
paste text next to the profile,paste,text,NONE,next_to,profile,NONE,6,9,0,4,3
delete purple image to the right of the wi-fi,delete,image,purple,right_of,wi-fi,NONE,3,4,7,5,3
paste pink text below the login,paste,text,pink,below,login,NONE,6,9,6,2,3
press and hold white icon below the settings,long-press,icon,white,below,settings,NONE,4,3,9,2,3
long-press image next to the login,long-press,image,NONE,next_to,login,NONE,4,4,0,4,3
launch link to the left of the last item,open,link,NONE,left_of,last item,NONE,5,5,0,3,3
tap green icon to the right of the last item,tap,icon,green,right_of,last item,NONE,8,3,4,5,3
paste text above the address,paste,text,NONE,above,address,NONE,6,9,0,1,3
scroll to the 3rd tab above the wi-fi,scroll,tab,NONE,above,wi-fi,3rd,7,8,0,1,2
copy red text to the left of the payment,copy,text,red,left_of,payment,NONE,2,9,8,3,3
tap on link below the profile,tap,link,NONE,below,profile,NONE,8,5,0,2,3
click on red switch to the left of the profile,click,switch,red,left_of,profile,NONE,1,7,8,3,3
trash the 1st white text,delete,text,white,NONE,NONE,1st,3,9,9,0,0
scroll down to the 3rd orange tab next to the payment,scroll,tab,orange,next_to,payment,3rd,7,8,5,4,2
select link to the left of the profile,click,link,NONE,left_of,profile,NONE,1,5,0,3,3
remove button next to the cart,delete,button,NONE,next_to,cart,NONE,3,1,0,4,3
click link to the right of the search,click,link,NONE,right_of,search,NONE,1,5,0,5,3
paste text,paste,text,NONE,NONE,NONE,NONE,6,9,0,0,3
trash image to the left of the home,delete,image,NONE,left_of,home,NONE,3,4,0,3,3
copy the 1st yellow text,copy,text,yellow,NONE,NONE,1st,2,9,10,0,0
tap icon,tap,icon,NONE,NONE,NONE,NONE,8,3,0,0,3
open purple tab,open,tab,purple,NONE,NONE,NONE,5,8,7,0,3
click on pink button above the menu,click,button,pink,above,menu,NONE,1,1,6,1,3
press and hold image,long-press,image,NONE,NONE,NONE,NONE,4,4,0,0,3
long-press text next to the help,long-press,text,NONE,next_to,help,NONE,4,9,0,4,3
copy text above the address,copy,text,NONE,above,address,NONE,2,9,0,1,3
scroll to gray tab next to the profile,scroll,tab,gray,next_to,profile,NONE,7,8,3,4,3
scroll to menu next to the first email,scroll,menu,NONE,next_to,first email,NONE,7,6,0,4,3
launch the 3rd menu,open,menu,NONE,NONE,NONE,3rd,5,6,0,0,2
long-press the 3rd icon below the wi-fi,long-press,icon,NONE,below,wi-fi,3rd,4,3,0,2,2
tap on switch next to the cart,tap,switch,NONE,next_to,cart,NONE,8,7,0,4,3
launch the 1st menu next to the profile,open,menu,NONE,next_to,profile,1st,5,6,0,4,0
scroll to the 2nd text,scroll,text,NONE,NONE,NONE,2nd,7,9,0,0,1
delete image above the help,delete,image,NONE,above,help,NONE,3,4,0,1,3
press and hold white button to the right of the cart,long-press,button,white,right_of,cart,NONE,4,1,9,5,3
scroll to purple tab,scroll,tab,purple,NONE,NONE,NONE,7,8,7,0,3
paste the 2nd text to the right of the last item,paste,text,NONE,right_of,last item,2nd,6,9,0,5,1
click on link to the left of the payment,click,link,NONE,left_of,payment,NONE,1,5,0,3,3
delete image,delete,image,NONE,NONE,NONE,NONE,3,4,0,0,3
open icon,open,icon,NONE,NONE,NONE,NONE,5,3,0,0,3
select text,click,text,NONE,NONE,NONE,NONE,1,9,0,0,3
paste text,paste,text,NONE,NONE,NONE,NONE,6,9,0,0,3
delete the 1st green text to the left of the wi-fi,delete,text,green,left_of,wi-fi,1st,3,9,4,3,0
long-press button to the left of the menu,long-press,button,NONE,left_of,menu,NONE,4,1,0,3,3
scroll down to red menu,scroll,menu,red,NONE,NONE,NONE,7,6,8,0,3
open green tab,open,tab,green,NONE,NONE,NONE,5,8,4,0,3
click on gray link,click,link,gray,NONE,NONE,NONE,1,5,3,0,3
open white menu next to the search,open,menu,white,next_to,search,NONE,5,6,9,4,3
copy text to the left of the last item,copy,text,NONE,left_of,last item,NONE,2,9,0,3,3
tap the 3rd purple button above the checkout,tap,button,purple,above,checkout,3rd,8,1,7,1,2
copy red text to the left of the settings,copy,text,red,left_of,settings,NONE,2,9,8,3,3
tap link next to the login,tap,link,NONE,next_to,login,NONE,8,5,0,4,3
open button,open,button,NONE,NONE,NONE,NONE,5,1,0,0,3
paste the 2nd gray text,paste,text,gray,NONE,NONE,2nd,6,9,3,0,1
long-press icon below the profile,long-press,icon,NONE,below,profile,NONE,4,3,0,2,3
tap on the 2nd red tab to the left of the settings,tap,tab,red,left_of,settings,2nd,8,8,8,3,1
long-press icon next to the login,long-press,icon,NONE,next_to,login,NONE,4,3,0,4,3
launch pink button,open,button,pink,NONE,NONE,NONE,5,1,6,0,3
scroll to menu,scroll,menu,NONE,NONE,NONE,NONE,7,6,0,0,3
tap green button to the right of the wi-fi,tap,button,green,right_of,wi-fi,NONE,8,1,4,5,3
copy text,copy,text,NONE,NONE,NONE,NONE,2,9,0,0,3
scroll down to menu,scroll,menu,NONE,NONE,NONE,NONE,7,6,0,0,3
paste blue text below the search,paste,text,blue,below,search,NONE,6,9,2,2,3
click on text above the payment,click,text,NONE,above,payment,NONE,1,9,0,1,3
copy the 2nd text above the notifications,copy,text,NONE,above,notifications,2nd,2,9,0,1,1
delete image,delete,image,NONE,NONE,NONE,NONE,3,4,0,0,3
tap the last button,tap,button,NONE,NONE,NONE,last,8,1,0,0,4
press orange switch,click,switch,orange,NONE,NONE,NONE,1,7,5,0,3
open icon,open,icon,NONE,NONE,NONE,NONE,5,3,0,0,3
launch orange link,open,link,orange,NONE,NONE,NONE,5,5,5,0,3
scroll to white menu,scroll,menu,white,NONE,NONE,NONE,7,6,9,0,3
paste text,paste,text,NONE,NONE,NONE,NONE,6,9,0,0,3
tap link to the left of the search,tap,link,NONE,left_of,search,NONE,8,5,0,3,3
paste text next to the profile,paste,text,NONE,next_to,profile,NONE,6,9,0,4,3
remove orange button to the right of the payment,delete,button,orange,right_of,payment,NONE,3,1,5,5,3
press and hold button,long-press,button,NONE,NONE,NONE,NONE,4,1,0,0,3
copy red text next to the search,copy,text,red,next_to,search,NONE,2,9,8,4,3
scroll down to text,scroll,text,NONE,NONE,NONE,NONE,7,9,0,0,3
click the last image above the profile,click,image,NONE,above,profile,last,1,4,0,1,4
paste text next to the settings,paste,text,NONE,next_to,settings,NONE,6,9,0,4,3
click on link to the right of the home,click,link,NONE,right_of,home,NONE,1,5,0,5,3
scroll down to tab,scroll,tab,NONE,NONE,NONE,NONE,7,8,0,0,3
copy red text to the left of the checkout,copy,text,red,left_of,checkout,NONE,2,9,8,3,3
press yellow tab,click,tab,yellow,NONE,NONE,NONE,1,8,10,0,3
tap on link,tap,link,NONE,NONE,NONE,NONE,8,5,0,0,3
scroll down to tab,scroll,tab,NONE,NONE,NONE,NONE,7,8,0,0,3
press and hold black text next to the help,long-press,text,black,next_to,help,NONE,4,9,1,4,3
copy text,copy,text,NONE,NONE,NONE,NONE,2,9,0,0,3
paste purple text below the address,paste,text,purple,below,address,NONE,6,9,7,2,3
scroll to menu,scroll,menu,NONE,NONE,NONE,NONE,7,6,0,0,3
trash text,delete,text,NONE,NONE,NONE,NONE,3,9,0,0,3
tap on orange link above the first email,tap,link,orange,above,first email,NONE,8,5,5,1,3
paste orange text,paste,text,orange,NONE,NONE,NONE,6,9,5,0,3
trash the 2nd white text below the search,delete,text,white,below,search,2nd,3,9,9,2,1
tap on the 2nd white link to the right of the login,tap,link,white,right_of,login,2nd,8,5,9,5,1
press and hold image below the home,long-press,image,NONE,below,home,NONE,4,4,0,2,3
launch tab above the home,open,tab,NONE,above,home,NONE,5,8,0,1,3
select the 3rd switch to the left of the home,click,switch,NONE,left_of,home,3rd,1,7,0,3,2
launch icon to the right of the address,open,icon,NONE,right_of,address,NONE,5,3,0,5,3
copy black text,copy,text,black,NONE,NONE,NONE,2,9,1,0,3
tap the last link above the home,tap,link,NONE,above,home,last,8,5,0,1,4
long-press black button to the left of the address,long-press,button,black,left_of,address,NONE,4,1,1,3,3
click on image above the profile,click,image,NONE,above,profile,NONE,1,4,0,1,3
long-press yellow text next to the first email,long-press,text,yellow,next_to,first email,NONE,4,9,10,4,3
press tab to the left of the payment,click,tab,NONE,left_of,payment,NONE,1,8,0,3,3
paste text to the left of the search,paste,text,NONE,left_of,search,NONE,6,9,0,3,3
press and hold the last text,long-press,text,NONE,NONE,NONE,last,4,9,0,0,4
delete black button below the checkout,delete,button,black,below,checkout,NONE,3,1,1,2,3
launch menu to the left of the payment,open,menu,NONE,left_of,payment,NONE,5,6,0,3,3
copy purple text,copy,text,purple,NONE,NONE,NONE,2,9,7,0,3
tap the 2nd checkbox to the right of the profile,tap,checkbox,NONE,right_of,profile,2nd,8,2,0,5,1
paste the last text,paste,text,NONE,NONE,NONE,last,6,9,0,0,4
copy the last text to the left of the login,copy,text,NONE,left_of,login,last,2,9,0,3,4
launch the 2nd red link above the first email,open,link,red,above,first email,2nd,5,5,8,1,1
tap icon,tap,icon,NONE,NONE,NONE,NONE,8,3,0,0,3
copy text to the left of the profile,copy,text,NONE,left_of,profile,NONE,2,9,0,3,3
press and hold the last yellow icon to the left of the home,long-press,icon,yellow,left_of,home,last,4,3,10,3,4
remove image,delete,image,NONE,NONE,NONE,NONE,3,4,0,0,3
copy the 3rd text,copy,text,NONE,NONE,NONE,3rd,2,9,0,0,2
press and hold image next to the home,long-press,image,NONE,next_to,home,NONE,4,4,0,4,3
remove button,delete,button,NONE,NONE,NONE,NONE,3,1,0,0,3
press and hold button,long-press,button,NONE,NONE,NONE,NONE,4,1,0,0,3
long-press icon,long-press,icon,NONE,NONE,NONE,NONE,4,3,0,0,3
scroll to the 1st tab,scroll,tab,NONE,NONE,NONE,1st,7,8,0,0,0
paste the 3rd green text,paste,text,green,NONE,NONE,3rd,6,9,4,0,2
scroll to blue menu above the first email,scroll,menu,blue,above,first email,NONE,7,6,2,1,3
trash the 2nd button below the checkout,delete,button,NONE,below,checkout,2nd,3,1,0,2,1
launch the last gray link next to the first email,open,link,gray,next_to,first email,last,5,5,3,4,4
press and hold the 2nd gray icon to the left of the cart,long-press,icon,gray,left_of,cart,2nd,4,3,3,3,1
copy text,copy,text,NONE,NONE,NONE,NONE,2,9,0,0,3
press and hold image,long-press,image,NONE,NONE,NONE,NONE,4,4,0,0,3
scroll down to text next to the menu,scroll,text,NONE,next_to,menu,NONE,7,9,0,4,3
open purple menu to the left of the last item,open,menu,purple,left_of,last item,NONE,5,6,7,3,3
paste text below the notifications,paste,text,NONE,below,notifications,NONE,6,9,0,2,3
copy text to the left of the last item,copy,text,NONE,left_of,last item,NONE,2,9,0,3,3
long-press image,long-press,image,NONE,NONE,NONE,NONE,4,4,0,0,3
delete gray image,delete,image,gray,NONE,NONE,NONE,3,4,3,0,3
scroll to the 2nd tab,scroll,tab,NONE,NONE,NONE,2nd,7,8,0,0,1
open purple button,open,button,purple,NONE,NONE,NONE,5,1,7,0,3
open the 3rd icon to the right of the address,open,icon,NONE,right_of,address,3rd,5,3,0,5,2
delete the last green text to the left of the home,delete,text,green,left_of,home,last,3,9,4,3,4
select the 2nd tab above the wi-fi,click,tab,NONE,above,wi-fi,2nd,1,8,0,1,1
copy orange text to the right of the profile,copy,text,orange,right_of,profile,NONE,2,9,5,5,3
press and hold the 3rd text,long-press,text,NONE,NONE,NONE,3rd,4,9,0,0,2
copy text below the notifications,copy,text,NONE,below,notifications,NONE,2,9,0,2,3
launch icon next to the settings,open,icon,NONE,next_to,settings,NONE,5,3,0,4,3
press and hold yellow text next to the last item,long-press,text,yellow,next_to,last item,NONE,4,9,10,4,3
remove the 3rd text below the login,delete,text,NONE,below,login,3rd,3,9,0,2,2
copy text,copy,text,NONE,NONE,NONE,NONE,2,9,0,0,3
paste the 1st text to the right of the wi-fi,paste,text,NONE,right_of,wi-fi,1st,6,9,0,5,0
tap pink switch to the left of the last item,tap,switch,pink,left_of,last item,NONE,8,7,6,3,3
select button to the right of the search,click,button,NONE,right_of,search,NONE,1,1,0,5,3
scroll down to menu below the help,scroll,menu,NONE,below,help,NONE,7,6,0,2,3
click on the last text below the profile,click,text,NONE,below,profile,last,1,9,0,2,4
select the 2nd text,click,text,NONE,NONE,NONE,2nd,1,9,0,0,1
long-press image below the checkout,long-press,image,NONE,below,checkout,NONE,4,4,0,2,3
tap button to the left of the help,tap,button,NONE,left_of,help,NONE,8,1,0,3,3
select image to the right of the payment,click,image,NONE,right_of,payment,NONE,1,4,0,5,3
delete text below the address,delete,text,NONE,below,address,NONE,3,9,0,2,3
long-press button next to the search,long-press,button,NONE,next_to,search,NONE,4,1,0,4,3
tap switch to the right of the settings,tap,switch,NONE,right_of,settings,NONE,8,7,0,5,3
remove the 3rd red image next to the address,delete,image,red,next_to,address,3rd,3,4,8,4,2
delete text,delete,text,NONE,NONE,NONE,NONE,3,9,0,0,3
open link,open,link,NONE,NONE,NONE,NONE,5,5,0,0,3
press and hold text below the help,long-press,text,NONE,below,help,NONE,4,9,0,2,3
tap on the 2nd orange icon to the right of the first email,tap,icon,orange,right_of,first email,2nd,8,3,5,5,1
paste pink text to the left of the cart,paste,text,pink,left_of,cart,NONE,6,9,6,3,3
tap on tab to the right of the notifications,tap,tab,NONE,right_of,notifications,NONE,8,8,0,5,3
launch pink link to the left of the address,open,link,pink,left_of,address,NONE,5,5,6,3,3
tap on the 3rd icon to the left of the menu,tap,icon,NONE,left_of,menu,3rd,8,3,0,3,2
press the 2nd green button next to the payment,click,button,green,next_to,payment,2nd,1,1,4,4,1
copy the 3rd blue text,copy,text,blue,NONE,NONE,3rd,2,9,2,0,2
delete text,delete,text,NONE,NONE,NONE,NONE,3,9,0,0,3
tap the 3rd tab next to the checkout,tap,tab,NONE,next_to,checkout,3rd,8,8,0,4,2
long-press text,long-press,text,NONE,NONE,NONE,NONE,4,9,0,0,3
paste white text next to the menu,paste,text,white,next_to,menu,NONE,6,9,9,4,3
trash image to the left of the help,delete,image,NONE,left_of,help,NONE,3,4,0,3,3
paste text below the last item,paste,text,NONE,below,last item,NONE,6,9,0,2,3
select blue checkbox to the right of the home,click,checkbox,blue,right_of,home,NONE,1,2,2,5,3
long-press the 3rd button below the login,long-press,button,NONE,below,login,3rd,4,1,0,2,2
open the 3rd button to the left of the cart,open,button,NONE,left_of,cart,3rd,5,1,0,3,2
press and hold the 2nd black button next to the login,long-press,button,black,next_to,login,2nd,4,1,1,4,1
paste the 1st text,paste,text,NONE,NONE,NONE,1st,6,9,0,0,0
delete the 3rd red button next to the settings,delete,button,red,next_to,settings,3rd,3,1,8,4,2
paste text below the help,paste,text,NONE,below,help,NONE,6,9,0,2,3
open icon,open,icon,NONE,NONE,NONE,NONE,5,3,0,0,3
paste text below the last item,paste,text,NONE,below,last item,NONE,6,9,0,2,3
click checkbox next to the search,click,checkbox,NONE,next_to,search,NONE,1,2,0,4,3
trash text below the search,delete,text,NONE,below,search,NONE,3,9,0,2,3
trash the 2nd image next to the search,delete,image,NONE,next_to,search,2nd,3,4,0,4,1
press and hold the 1st purple image,long-press,image,purple,NONE,NONE,1st,4,4,7,0,0
paste text,paste,text,NONE,NONE,NONE,NONE,6,9,0,0,3
copy the last gray text,copy,text,gray,NONE,NONE,last,2,9,3,0,4
click on tab next to the menu,click,tab,NONE,next_to,menu,NONE,1,8,0,4,3
remove button,delete,button,NONE,NONE,NONE,NONE,3,1,0,0,3
click the last tab above the notifications,click,tab,NONE,above,notifications,last,1,8,0,1,4
delete white text next to the cart,delete,text,white,next_to,cart,NONE,3,9,9,4,3
tap on the 2nd green switch,tap,switch,green,NONE,NONE,2nd,8,7,4,0,1
select pink image next to the notifications,click,image,pink,next_to,notifications,NONE,1,4,6,4,3
open orange menu,open,menu,orange,NONE,NONE,NONE,5,6,5,0,3
launch orange link,open,link,orange,NONE,NONE,NONE,5,5,5,0,3
scroll to the 3rd menu below the checkout,scroll,menu,NONE,below,checkout,3rd,7,6,0,2,2
select the last white tab above the menu,click,tab,white,above,menu,last,1,8,9,1,4
paste text above the login,paste,text,NONE,above,login,NONE,6,9,0,1,3
scroll down to tab next to the first email,scroll,tab,NONE,next_to,first email,NONE,7,8,0,4,3
scroll to the last text,scroll,text,NONE,NONE,NONE,last,7,9,0,0,4
long-press the last text,long-press,text,NONE,NONE,NONE,last,4,9,0,0,4
scroll down to the 3rd text next to the payment,scroll,text,NONE,next_to,payment,3rd,7,9,0,4,2
launch red button,open,button,red,NONE,NONE,NONE,5,1,8,0,3
paste the 3rd text,paste,text,NONE,NONE,NONE,3rd,6,9,0,0,2
scroll to the 1st tab,scroll,tab,NONE,NONE,NONE,1st,7,8,0,0,0
click switch,click,switch,NONE,NONE,NONE,NONE,1,7,0,0,3
remove the 3rd button,delete,button,NONE,NONE,NONE,3rd,3,1,0,0,2
tap red switch to the right of the wi-fi,tap,switch,red,right_of,wi-fi,NONE,8,7,8,5,3
trash gray button next to the first email,delete,button,gray,next_to,first email,NONE,3,1,3,4,3
remove yellow text next to the cart,delete,text,yellow,next_to,cart,NONE,3,9,10,4,3
paste text to the right of the menu,paste,text,NONE,right_of,menu,NONE,6,9,0,5,3
scroll to red text,scroll,text,red,NONE,NONE,NONE,7,9,8,0,3
long-press the 1st icon,long-press,icon,NONE,NONE,NONE,1st,4,3,0,0,0
scroll down to purple text to the left of the checkout,scroll,text,purple,left_of,checkout,NONE,7,9,7,3,3
copy text,copy,text,NONE,NONE,NONE,NONE,2,9,0,0,3
press and hold button below the login,long-press,button,NONE,below,login,NONE,4,1,0,2,3
tap tab to the right of the address,tap,tab,NONE,right_of,address,NONE,8,8,0,5,3
launch white tab to the right of the home,open,tab,white,right_of,home,NONE,5,8,9,5,3
launch blue tab to the left of the checkout,open,tab,blue,left_of,checkout,NONE,5,8,2,3,3
long-press image above the payment,long-press,image,NONE,above,payment,NONE,4,4,0,1,3
copy the 3rd text to the left of the address,copy,text,NONE,left_of,address,3rd,2,9,0,3,2
tap on the 1st yellow button,tap,button,yellow,NONE,NONE,1st,8,1,10,0,0
long-press the 3rd green image next to the login,long-press,image,green,next_to,login,3rd,4,4,4,4,2
click blue text,click,text,blue,NONE,NONE,NONE,1,9,2,0,3
remove red button to the right of the cart,delete,button,red,right_of,cart,NONE,3,1,8,5,3
long-press the 3rd button,long-press,button,NONE,NONE,NONE,3rd,4,1,0,0,2
delete the last image next to the checkout,delete,image,NONE,next_to,checkout,last,3,4,0,4,4
remove text,delete,text,NONE,NONE,NONE,NONE,3,9,0,0,3
copy red text above the login,copy,text,red,above,login,NONE,2,9,8,1,3
tap switch to the right of the checkout,tap,switch,NONE,right_of,checkout,NONE,8,7,0,5,3
click text below the notifications,click,text,NONE,below,notifications,NONE,1,9,0,2,3
copy text,copy,text,NONE,NONE,NONE,NONE,2,9,0,0,3
trash black image to the right of the menu,delete,image,black,right_of,menu,NONE,3,4,1,5,3
scroll to menu above the profile,scroll,menu,NONE,above,profile,NONE,7,6,0,1,3
press and hold button to the left of the checkout,long-press,button,NONE,left_of,checkout,NONE,4,1,0,3,3
scroll to pink menu below the payment,scroll,menu,pink,below,payment,NONE,7,6,6,2,3
select the 2nd button,click,button,NONE,NONE,NONE,2nd,1,1,0,0,1
trash image,delete,image,NONE,NONE,NONE,NONE,3,4,0,0,3
trash text above the address,delete,text,NONE,above,address,NONE,3,9,0,1,3
paste text to the left of the search,paste,text,NONE,left_of,search,NONE,6,9,0,3,3
tap on checkbox,tap,checkbox,NONE,NONE,NONE,NONE,8,2,0,0,3
press green switch to the right of the profile,click,switch,green,right_of,profile,NONE,1,7,4,5,3
scroll to tab to the right of the cart,scroll,tab,NONE,right_of,cart,NONE,7,8,0,5,3
tap on icon next to the notifications,tap,icon,NONE,next_to,notifications,NONE,8,3,0,4,3
launch the 3rd gray button,open,button,gray,NONE,NONE,3rd,5,1,3,0,2
tap the 3rd button next to the search,tap,button,NONE,next_to,search,3rd,8,1,0,4,2
scroll to tab next to the login,scroll,tab,NONE,next_to,login,NONE,7,8,0,4,3
select link,click,link,NONE,NONE,NONE,NONE,1,5,0,0,3
select image next to the menu,click,image,NONE,next_to,menu,NONE,1,4,0,4,3
tap blue switch,tap,switch,blue,NONE,NONE,NONE,8,7,2,0,3
remove image,delete,image,NONE,NONE,NONE,NONE,3,4,0,0,3
scroll down to tab to the left of the search,scroll,tab,NONE,left_of,search,NONE,7,8,0,3,3
paste red text below the notifications,paste,text,red,below,notifications,NONE,6,9,8,2,3
select the last checkbox,click,checkbox,NONE,NONE,NONE,last,1,2,0,0,4
tap on icon below the cart,tap,icon,NONE,below,cart,NONE,8,3,0,2,3
launch tab below the search,open,tab,NONE,below,search,NONE,5,8,0,2,3
scroll down to menu,scroll,menu,NONE,NONE,NONE,NONE,7,6,0,0,3
delete image next to the home,delete,image,NONE,next_to,home,NONE,3,4,0,4,3
open button above the home,open,button,NONE,above,home,NONE,5,1,0,1,3
scroll to the last text next to the first email,scroll,text,NONE,next_to,first email,last,7,9,0,4,4
press and hold black text above the menu,long-press,text,black,above,menu,NONE,4,9,1,1,3
press button,click,button,NONE,NONE,NONE,NONE,1,1,0,0,3
launch the last menu next to the address,open,menu,NONE,next_to,address,last,5,6,0,4,4
copy the 3rd white text to the left of the search,copy,text,white,left_of,search,3rd,2,9,9,3,2
open yellow link to the left of the home,open,link,yellow,left_of,home,NONE,5,5,10,3,3
press the last purple switch,click,switch,purple,NONE,NONE,last,1,7,7,0,4
trash image next to the profile,delete,image,NONE,next_to,profile,NONE,3,4,0,4,3
remove image to the right of the first email,delete,image,NONE,right_of,first email,NONE,3,4,0,5,3
scroll to menu to the left of the search,scroll,menu,NONE,left_of,search,NONE,7,6,0,3,3
press the 3rd checkbox,click,checkbox,NONE,NONE,NONE,3rd,1,2,0,0,2
trash button below the wi-fi,delete,button,NONE,below,wi-fi,NONE,3,1,0,2,3
copy text to the right of the menu,copy,text,NONE,right_of,menu,NONE,2,9,0,5,3
scroll to the 1st gray text,scroll,text,gray,NONE,NONE,1st,7,9,3,0,0
launch gray button below the payment,open,button,gray,below,payment,NONE,5,1,3,2,3
copy white text,copy,text,white,NONE,NONE,NONE,2,9,9,0,3
delete button to the right of the checkout,delete,button,NONE,right_of,checkout,NONE,3,1,0,5,3
remove the 3rd text to the left of the first email,delete,text,NONE,left_of,first email,3rd,3,9,0,3,2
trash image below the address,delete,image,NONE,below,address,NONE,3,4,0,2,3
paste red text next to the settings,paste,text,red,next_to,settings,NONE,6,9,8,4,3
paste the last orange text,paste,text,orange,NONE,NONE,last,6,9,5,0,4
copy orange text to the right of the search,copy,text,orange,right_of,search,NONE,2,9,5,5,3
copy text next to the address,copy,text,NONE,next_to,address,NONE,2,9,0,4,3
tap the 1st button,tap,button,NONE,NONE,NONE,1st,8,1,0,0,0
delete the last yellow text to the right of the cart,delete,text,yellow,right_of,cart,last,3,9,10,5,4
paste the 3rd gray text above the payment,paste,text,gray,above,payment,3rd,6,9,3,1,2
launch the 3rd red button to the left of the checkout,open,button,red,left_of,checkout,3rd,5,1,8,3,2
scroll down to yellow tab next to the payment,scroll,tab,yellow,next_to,payment,NONE,7,8,10,4,3
remove image,delete,image,NONE,NONE,NONE,NONE,3,4,0,0,3
copy black text,copy,text,black,NONE,NONE,NONE,2,9,1,0,3
open the 1st tab to the right of the wi-fi,open,tab,NONE,right_of,wi-fi,1st,5,8,0,5,0
tap icon,tap,icon,NONE,NONE,NONE,NONE,8,3,0,0,3
copy the last text,copy,text,NONE,NONE,NONE,last,2,9,0,0,4
press and hold icon above the menu,long-press,icon,NONE,above,menu,NONE,4,3,0,1,3
press and hold image,long-press,image,NONE,NONE,NONE,NONE,4,4,0,0,3
delete gray button,delete,button,gray,NONE,NONE,NONE,3,1,3,0,3
delete text above the help,delete,text,NONE,above,help,NONE,3,9,0,1,3
copy the 1st text,copy,text,NONE,NONE,NONE,1st,2,9,0,0,0
launch button above the payment,open,button,NONE,above,payment,NONE,5,1,0,1,3
tap yellow checkbox,tap,checkbox,yellow,NONE,NONE,NONE,8,2,10,0,3
tap on switch to the left of the search,tap,switch,NONE,left_of,search,NONE,8,7,0,3,3
press and hold the last icon to the right of the address,long-press,icon,NONE,right_of,address,last,4,3,0,5,4
scroll to menu next to the settings,scroll,menu,NONE,next_to,settings,NONE,7,6,0,4,3
remove pink image,delete,image,pink,NONE,NONE,NONE,3,4,6,0,3
copy black text,copy,text,black,NONE,NONE,NONE,2,9,1,0,3
copy text,copy,text,NONE,NONE,NONE,NONE,2,9,0,0,3
delete the last image,delete,image,NONE,NONE,NONE,last,3,4,0,0,4
paste text to the left of the wi-fi,paste,text,NONE,left_of,wi-fi,NONE,6,9,0,3,3
tap on the 1st link,tap,link,NONE,NONE,NONE,1st,8,5,0,0,0
copy text to the right of the address,copy,text,NONE,right_of,address,NONE,2,9,0,5,3
copy text,copy,text,NONE,NONE,NONE,NONE,2,9,0,0,3
copy text,copy,text,NONE,NONE,NONE,NONE,2,9,0,0,3
copy red text below the settings,copy,text,red,below,settings,NONE,2,9,8,2,3
copy text above the cart,copy,text,NONE,above,cart,NONE,2,9,0,1,3
long-press image above the wi-fi,long-press,image,NONE,above,wi-fi,NONE,4,4,0,1,3
long-press button to the left of the home,long-press,button,NONE,left_of,home,NONE,4,1,0,3,3
copy text below the wi-fi,copy,text,NONE,below,wi-fi,NONE,2,9,0,2,3
paste text below the last item,paste,text,NONE,below,last item,NONE,6,9,0,2,3
launch black icon above the last item,open,icon,black,above,last item,NONE,5,3,1,1,3
copy the last text to the left of the wi-fi,copy,text,NONE,left_of,wi-fi,last,2,9,0,3,4
click purple tab below the help,click,tab,purple,below,help,NONE,1,8,7,2,3
long-press image,long-press,image,NONE,NONE,NONE,NONE,4,4,0,0,3
tap white icon next to the payment,tap,icon,white,next_to,payment,NONE,8,3,9,4,3
tap on red link next to the menu,tap,link,red,next_to,menu,NONE,8,5,8,4,3
paste green text below the profile,paste,text,green,below,profile,NONE,6,9,4,2,3
tap on the 2nd switch below the login,tap,switch,NONE,below,login,2nd,8,7,0,2,1
select switch next to the notifications,click,switch,NONE,next_to,notifications,NONE,1,7,0,4,3
launch the 2nd menu above the notifications,open,menu,NONE,above,notifications,2nd,5,6,0,1,1
copy gray text below the wi-fi,copy,text,gray,below,wi-fi,NONE,2,9,3,2,3
press icon,click,icon,NONE,NONE,NONE,NONE,1,3,0,0,3
launch icon to the left of the address,open,icon,NONE,left_of,address,NONE,5,3,0,3,3
remove image to the left of the menu,delete,image,NONE,left_of,menu,NONE,3,4,0,3,3
press the 3rd image to the right of the checkout,click,image,NONE,right_of,checkout,3rd,1,4,0,5,2
scroll down to the 2nd text,scroll,text,NONE,NONE,NONE,2nd,7,9,0,0,1
tap on icon below the settings,tap,icon,NONE,below,settings,NONE,8,3,0,2,3
copy red text above the cart,copy,text,red,above,cart,NONE,2,9,8,1,3
tap on icon to the left of the address,tap,icon,NONE,left_of,address,NONE,8,3,0,3,3
select the 1st white icon above the login,click,icon,white,above,login,1st,1,3,9,1,0
scroll down to orange tab,scroll,tab,orange,NONE,NONE,NONE,7,8,5,0,3
delete green image above the help,delete,image,green,above,help,NONE,3,4,4,1,3
copy the 3rd text,copy,text,NONE,NONE,NONE,3rd,2,9,0,0,2
remove image,delete,image,NONE,NONE,NONE,NONE,3,4,0,0,3
press the 3rd white link,click,link,white,NONE,NONE,3rd,1,5,9,0,2
paste the 2nd text to the right of the settings,paste,text,NONE,right_of,settings,2nd,6,9,0,5,1
tap the 1st icon next to the notifications,tap,icon,NONE,next_to,notifications,1st,8,3,0,4,0
trash orange image,delete,image,orange,NONE,NONE,NONE,3,4,5,0,3
click on white text,click,text,white,NONE,NONE,NONE,1,9,9,0,3
long-press the 1st red icon,long-press,icon,red,NONE,NONE,1st,4,3,8,0,0
scroll down to yellow tab to the right of the help,scroll,tab,yellow,right_of,help,NONE,7,8,10,5,3
copy green text to the left of the menu,copy,text,green,left_of,menu,NONE,2,9,4,3,3
paste the last text above the home,paste,text,NONE,above,home,last,6,9,0,1,4
scroll down to the 1st black tab to the right of the home,scroll,tab,black,right_of,home,1st,7,8,1,5,0
press and hold icon to the right of the home,long-press,icon,NONE,right_of,home,NONE,4,3,0,5,3
paste text,paste,text,NONE,NONE,NONE,NONE,6,9,0,0,3
press and hold button below the settings,long-press,button,NONE,below,settings,NONE,4,1,0,2,3
remove button to the left of the search,delete,button,NONE,left_of,search,NONE,3,1,0,3,3
paste white text above the last item,paste,text,white,above,last item,NONE,6,9,9,1,3
scroll down to the 1st tab next to the profile,scroll,tab,NONE,next_to,profile,1st,7,8,0,4,0
scroll to menu above the help,scroll,menu,NONE,above,help,NONE,7,6,0,1,3
paste text above the help,paste,text,NONE,above,help,NONE,6,9,0,1,3
click on green tab,click,tab,green,NONE,NONE,NONE,1,8,4,0,3
scroll to text to the right of the settings,scroll,text,NONE,right_of,settings,NONE,7,9,0,5,3
long-press image above the wi-fi,long-press,image,NONE,above,wi-fi,NONE,4,4,0,1,3
remove pink button next to the search,delete,button,pink,next_to,search,NONE,3,1,6,4,3
copy text below the home,copy,text,NONE,below,home,NONE,2,9,0,2,3
tap blue checkbox,tap,checkbox,blue,NONE,NONE,NONE,8,2,2,0,3
paste text next to the search,paste,text,NONE,next_to,search,NONE,6,9,0,4,3
scroll to pink tab,scroll,tab,pink,NONE,NONE,NONE,7,8,6,0,3
tap on the last checkbox above the checkout,tap,checkbox,NONE,above,checkout,last,8,2,0,1,4
delete red button to the left of the menu,delete,button,red,left_of,menu,NONE,3,1,8,3,3
paste the 2nd gray text,paste,text,gray,NONE,NONE,2nd,6,9,3,0,1
press tab,click,tab,NONE,NONE,NONE,NONE,1,8,0,0,3
press the 3rd image next to the settings,click,image,NONE,next_to,settings,3rd,1,4,0,4,2
copy the 2nd text to the left of the wi-fi,copy,text,NONE,left_of,wi-fi,2nd,2,9,0,3,1
copy the 1st text to the right of the search,copy,text,NONE,right_of,search,1st,2,9,0,5,0
trash the last button next to the notifications,delete,button,NONE,next_to,notifications,last,3,1,0,4,4
long-press the last black button,long-press,button,black,NONE,NONE,last,4,1,1,0,4
launch link next to the login,open,link,NONE,next_to,login,NONE,5,5,0,4,3
copy text next to the payment,copy,text,NONE,next_to,payment,NONE,2,9,0,4,3
tap on the last blue link to the right of the cart,tap,link,blue,right_of,cart,last,8,5,2,5,4
scroll down to tab to the left of the settings,scroll,tab,NONE,left_of,settings,NONE,7,8,0,3,3
tap on link next to the profile,tap,link,NONE,next_to,profile,NONE,8,5,0,4,3
scroll to menu above the checkout,scroll,menu,NONE,above,checkout,NONE,7,6,0,1,3
long-press the 1st button,long-press,button,NONE,NONE,NONE,1st,4,1,0,0,0
copy the 1st text below the notifications,copy,text,NONE,below,notifications,1st,2,9,0,2,0
paste text,paste,text,NONE,NONE,NONE,NONE,6,9,0,0,3
copy text to the left of the search,copy,text,NONE,left_of,search,NONE,2,9,0,3,3
scroll down to the 2nd tab,scroll,tab,NONE,NONE,NONE,2nd,7,8,0,0,1
trash text to the left of the wi-fi,delete,text,NONE,left_of,wi-fi,NONE,3,9,0,3,3
long-press the 2nd purple icon below the login,long-press,icon,purple,below,login,2nd,4,3,7,2,1
delete the last text to the right of the login,delete,text,NONE,right_of,login,last,3,9,0,5,4
tap the 1st icon above the profile,tap,icon,NONE,above,profile,1st,8,3,0,1,0
scroll to gray menu above the wi-fi,scroll,menu,gray,above,wi-fi,NONE,7,6,3,1,3
long-press green icon,long-press,icon,green,NONE,NONE,NONE,4,3,4,0,3
scroll to gray menu to the left of the search,scroll,menu,gray,left_of,search,NONE,7,6,3,3,3
trash green image next to the menu,delete,image,green,next_to,menu,NONE,3,4,4,4,3
open green link,open,link,green,NONE,NONE,NONE,5,5,4,0,3
delete the 2nd red image,delete,image,red,NONE,NONE,2nd,3,4,8,0,1
click on the 3rd icon,click,icon,NONE,NONE,NONE,3rd,1,3,0,0,2
paste purple text next to the home,paste,text,purple,next_to,home,NONE,6,9,7,4,3
scroll down to the last yellow text to the right of the cart,scroll,text,yellow,right_of,cart,last,7,9,10,5,4
select the last image to the right of the notifications,click,image,NONE,right_of,notifications,last,1,4,0,5,4
trash black button to the left of the wi-fi,delete,button,black,left_of,wi-fi,NONE,3,1,1,3,3
trash image to the right of the last item,delete,image,NONE,right_of,last item,NONE,3,4,0,5,3
tap on the last tab below the notifications,tap,tab,NONE,below,notifications,last,8,8,0,2,4
open the 2nd orange icon,open,icon,orange,NONE,NONE,2nd,5,3,5,0,1
press text,click,text,NONE,NONE,NONE,NONE,1,9,0,0,3
click on icon below the payment,click,icon,NONE,below,payment,NONE,1,3,0,2,3
delete image to the left of the home,delete,image,NONE,left_of,home,NONE,3,4,0,3,3
copy the 2nd black text to the left of the help,copy,text,black,left_of,help,2nd,2,9,1,3,1
press black link to the left of the last item,click,link,black,left_of,last item,NONE,1,5,1,3,3
select gray checkbox above the settings,click,checkbox,gray,above,settings,NONE,1,2,3,1,3
remove image next to the payment,delete,image,NONE,next_to,payment,NONE,3,4,0,4,3
paste text next to the settings,paste,text,NONE,next_to,settings,NONE,6,9,0,4,3
click green checkbox above the first email,click,checkbox,green,above,first email,NONE,1,2,4,1,3
copy the last text above the cart,copy,text,NONE,above,cart,last,2,9,0,1,4
tap the 2nd blue link,tap,link,blue,NONE,NONE,2nd,8,5,2,0,1
click button below the settings,click,button,NONE,below,settings,NONE,1,1,0,2,3
remove red image to the left of the notifications,delete,image,red,left_of,notifications,NONE,3,4,8,3,3
tap the 3rd red icon to the right of the notifications,tap,icon,red,right_of,notifications,3rd,8,3,8,5,2
tap the 1st icon,tap,icon,NONE,NONE,NONE,1st,8,3,0,0,0
remove image below the login,delete,image,NONE,below,login,NONE,3,4,0,2,3
tap on pink checkbox above the menu,tap,checkbox,pink,above,menu,NONE,8,2,6,1,3
tap button,tap,button,NONE,NONE,NONE,NONE,8,1,0,0,3
long-press the 3rd image to the left of the home,long-press,image,NONE,left_of,home,3rd,4,4,0,3,2
tap white tab below the home,tap,tab,white,below,home,NONE,8,8,9,2,3
paste text next to the settings,paste,text,NONE,next_to,settings,NONE,6,9,0,4,3
copy the 2nd text,copy,text,NONE,NONE,NONE,2nd,2,9,0,0,1
copy the last text to the left of the checkout,copy,text,NONE,left_of,checkout,last,2,9,0,3,4
scroll down to menu above the help,scroll,menu,NONE,above,help,NONE,7,6,0,1,3
scroll down to the 2nd menu to the right of the wi-fi,scroll,menu,NONE,right_of,wi-fi,2nd,7,6,0,5,1
long-press the last orange button,long-press,button,orange,NONE,NONE,last,4,1,5,0,4
copy text above the search,copy,text,NONE,above,search,NONE,2,9,0,1,3
trash image to the right of the help,delete,image,NONE,right_of,help,NONE,3,4,0,5,3
launch link next to the help,open,link,NONE,next_to,help,NONE,5,5,0,4,3
copy text,copy,text,NONE,NONE,NONE,NONE,2,9,0,0,3
remove red button,delete,button,red,NONE,NONE,NONE,3,1,8,0,3
select the 3rd orange checkbox to the right of the profile,click,checkbox,orange,right_of,profile,3rd,1,2,5,5,2
scroll down to the last menu to the right of the search,scroll,menu,NONE,right_of,search,last,7,6,0,5,4
open white menu,open,menu,white,NONE,NONE,NONE,5,6,9,0,3
press and hold text next to the home,long-press,text,NONE,next_to,home,NONE,4,9,0,4,3
paste text to the left of the search,paste,text,NONE,left_of,search,NONE,6,9,0,3,3
tap button below the notifications,tap,button,NONE,below,notifications,NONE,8,1,0,2,3
press and hold button,long-press,button,NONE,NONE,NONE,NONE,4,1,0,0,3
remove the 3rd yellow text,delete,text,yellow,NONE,NONE,3rd,3,9,10,0,2
long-press the 3rd black icon next to the last item,long-press,icon,black,next_to,last item,3rd,4,3,1,4,2
trash image,delete,image,NONE,NONE,NONE,NONE,3,4,0,0,3
paste the 1st text to the right of the checkout,paste,text,NONE,right_of,checkout,1st,6,9,0,5,0
press and hold the 3rd pink text,long-press,text,pink,NONE,NONE,3rd,4,9,6,0,2
scroll down to menu above the notifications,scroll,menu,NONE,above,notifications,NONE,7,6,0,1,3
tap the 1st icon,tap,icon,NONE,NONE,NONE,1st,8,3,0,0,0
scroll to black tab,scroll,tab,black,NONE,NONE,NONE,7,8,1,0,3
paste text above the notifications,paste,text,NONE,above,notifications,NONE,6,9,0,1,3
trash the 3rd text,delete,text,NONE,NONE,NONE,3rd,3,9,0,0,2
scroll to menu above the settings,scroll,menu,NONE,above,settings,NONE,7,6,0,1,3
tap orange tab,tap,tab,orange,NONE,NONE,NONE,8,8,5,0,3
copy the 1st orange text,copy,text,orange,NONE,NONE,1st,2,9,5,0,0
copy text to the right of the profile,copy,text,NONE,right_of,profile,NONE,2,9,0,5,3
click on image to the right of the settings,click,image,NONE,right_of,settings,NONE,1,4,0,5,3
scroll down to the 2nd purple menu to the right of the menu,scroll,menu,purple,right_of,menu,2nd,7,6,7,5,1
launch blue menu below the notifications,open,menu,blue,below,notifications,NONE,5,6,2,2,3
launch button,open,button,NONE,NONE,NONE,NONE,5,1,0,0,3
copy black text,copy,text,black,NONE,NONE,NONE,2,9,1,0,3
open yellow icon to the right of the home,open,icon,yellow,right_of,home,NONE,5,3,10,5,3
scroll down to text,scroll,text,NONE,NONE,NONE,NONE,7,9,0,0,3
launch the last icon,open,icon,NONE,NONE,NONE,last,5,3,0,0,4
scroll to menu,scroll,menu,NONE,NONE,NONE,NONE,7,6,0,0,3
paste the last text to the right of the cart,paste,text,NONE,right_of,cart,last,6,9,0,5,4
click on the last gray link,click,link,gray,NONE,NONE,last,1,5,3,0,4
click text above the home,click,text,NONE,above,home,NONE,1,9,0,1,3
paste red text to the left of the login,paste,text,red,left_of,login,NONE,6,9,8,3,3
paste text below the search,paste,text,NONE,below,search,NONE,6,9,0,2,3
paste text above the first email,paste,text,NONE,above,first email,NONE,6,9,0,1,3
press and hold black text above the address,long-press,text,black,above,address,NONE,4,9,1,1,3
press pink checkbox to the left of the login,click,checkbox,pink,left_of,login,NONE,1,2,6,3,3
scroll to tab,scroll,tab,NONE,NONE,NONE,NONE,7,8,0,0,3
trash orange text,delete,text,orange,NONE,NONE,NONE,3,9,5,0,3
copy the 3rd text to the left of the settings,copy,text,NONE,left_of,settings,3rd,2,9,0,3,2
long-press the 3rd purple image above the checkout,long-press,image,purple,above,checkout,3rd,4,4,7,1,2
open the 1st yellow tab to the left of the address,open,tab,yellow,left_of,address,1st,5,8,10,3,0
open tab above the wi-fi,open,tab,NONE,above,wi-fi,NONE,5,8,0,1,3
launch white menu to the right of the cart,open,menu,white,right_of,cart,NONE,5,6,9,5,3
open the last green menu to the left of the payment,open,menu,green,left_of,payment,last,5,6,4,3,4
copy yellow text to the left of the help,copy,text,yellow,left_of,help,NONE,2,9,10,3,3
copy the 3rd red text to the left of the first email,copy,text,red,left_of,first email,3rd,2,9,8,3,2
press and hold button to the left of the wi-fi,long-press,button,NONE,left_of,wi-fi,NONE,4,1,0,3,3
launch tab next to the profile,open,tab,NONE,next_to,profile,NONE,5,8,0,4,3
paste the 3rd yellow text next to the login,paste,text,yellow,next_to,login,3rd,6,9,10,4,2
scroll to orange text,scroll,text,orange,NONE,NONE,NONE,7,9,5,0,3
launch pink button next to the notifications,open,button,pink,next_to,notifications,NONE,5,1,6,4,3
copy purple text to the left of the search,copy,text,purple,left_of,search,NONE,2,9,7,3,3
open the 1st blue menu to the right of the login,open,menu,blue,right_of,login,1st,5,6,2,5,0
long-press button to the left of the help,long-press,button,NONE,left_of,help,NONE,4,1,0,3,3
open the 1st link next to the menu,open,link,NONE,next_to,menu,1st,5,5,0,4,0
press and hold button,long-press,button,NONE,NONE,NONE,NONE,4,1,0,0,3
paste the 2nd gray text,paste,text,gray,NONE,NONE,2nd,6,9,3,0,1
tap on tab,tap,tab,NONE,NONE,NONE,NONE,8,8,0,0,3
remove button below the home,delete,button,NONE,below,home,NONE,3,1,0,2,3
scroll down to text to the left of the search,scroll,text,NONE,left_of,search,NONE,7,9,0,3,3
press and hold the 2nd button next to the menu,long-press,button,NONE,next_to,menu,2nd,4,1,0,4,1
launch icon to the right of the checkout,open,icon,NONE,right_of,checkout,NONE,5,3,0,5,3
press and hold green image next to the home,long-press,image,green,next_to,home,NONE,4,4,4,4,3
long-press image to the left of the wi-fi,long-press,image,NONE,left_of,wi-fi,NONE,4,4,0,3,3
press black icon,click,icon,black,NONE,NONE,NONE,1,3,1,0,3
long-press image,long-press,image,NONE,NONE,NONE,NONE,4,4,0,0,3
tap on orange tab above the payment,tap,tab,orange,above,payment,NONE,8,8,5,1,3
trash text to the right of the cart,delete,text,NONE,right_of,cart,NONE,3,9,0,5,3
press and hold the last icon below the address,long-press,icon,NONE,below,address,last,4,3,0,2,4
paste text above the login,paste,text,NONE,above,login,NONE,6,9,0,1,3
long-press green text next to the cart,long-press,text,green,next_to,cart,NONE,4,9,4,4,3
trash button to the left of the payment,delete,button,NONE,left_of,payment,NONE,3,1,0,3,3
long-press icon,long-press,icon,NONE,NONE,NONE,NONE,4,3,0,0,3
press link to the right of the profile,click,link,NONE,right_of,profile,NONE,1,5,0,5,3
launch the 3rd menu,open,menu,NONE,NONE,NONE,3rd,5,6,0,0,2
scroll down to text below the profile,scroll,text,NONE,below,profile,NONE,7,9,0,2,3
paste text,paste,text,NONE,NONE,NONE,NONE,6,9,0,0,3
tap link,tap,link,NONE,NONE,NONE,NONE,8,5,0,0,3
select blue link,click,link,blue,NONE,NONE,NONE,1,5,2,0,3
long-press the 1st text,long-press,text,NONE,NONE,NONE,1st,4,9,0,0,0
press link to the left of the payment,click,link,NONE,left_of,payment,NONE,1,5,0,3,3
paste text,paste,text,NONE,NONE,NONE,NONE,6,9,0,0,3
paste text below the search,paste,text,NONE,below,search,NONE,6,9,0,2,3
paste text to the left of the menu,paste,text,NONE,left_of,menu,NONE,6,9,0,3,3
copy text above the first email,copy,text,NONE,above,first email,NONE,2,9,0,1,3
scroll to the 3rd gray tab to the left of the payment,scroll,tab,gray,left_of,payment,3rd,7,8,3,3,2
select icon next to the cart,click,icon,NONE,next_to,cart,NONE,1,3,0,4,3
tap purple link above the first email,tap,link,purple,above,first email,NONE,8,5,7,1,3
launch the 3rd link,open,link,NONE,NONE,NONE,3rd,5,5,0,0,2
press and hold icon below the first email,long-press,icon,NONE,below,first email,NONE,4,3,0,2,3
paste text next to the help,paste,text,NONE,next_to,help,NONE,6,9,0,4,3
tap gray button below the notifications,tap,button,gray,below,notifications,NONE,8,1,3,2,3
press and hold orange image,long-press,image,orange,NONE,NONE,NONE,4,4,5,0,3
paste text,paste,text,NONE,NONE,NONE,NONE,6,9,0,0,3
scroll down to the last menu to the right of the help,scroll,menu,NONE,right_of,help,last,7,6,0,5,4
copy text to the right of the home,copy,text,NONE,right_of,home,NONE,2,9,0,5,3
long-press the last text to the left of the cart,long-press,text,NONE,left_of,cart,last,4,9,0,3,4
scroll to gray text next to the help,scroll,text,gray,next_to,help,NONE,7,9,3,4,3
scroll down to text below the cart,scroll,text,NONE,below,cart,NONE,7,9,0,2,3
select checkbox below the cart,click,checkbox,NONE,below,cart,NONE,1,2,0,2,3
scroll down to gray menu,scroll,menu,gray,NONE,NONE,NONE,7,6,3,0,3
scroll down to red menu below the search,scroll,menu,red,below,search,NONE,7,6,8,2,3
copy the 3rd text below the address,copy,text,NONE,below,address,3rd,2,9,0,2,2
tap on switch next to the login,tap,switch,NONE,next_to,login,NONE,8,7,0,4,3
press and hold icon next to the home,long-press,icon,NONE,next_to,home,NONE,4,3,0,4,3
click the 1st checkbox,click,checkbox,NONE,NONE,NONE,1st,1,2,0,0,0
paste the 3rd text to the right of the notifications,paste,text,NONE,right_of,notifications,3rd,6,9,0,5,2
click on tab,click,tab,NONE,NONE,NONE,NONE,1,8,0,0,3
long-press the last icon,long-press,icon,NONE,NONE,NONE,last,4,3,0,0,4
tap yellow tab next to the login,tap,tab,yellow,next_to,login,NONE,8,8,10,4,3
copy text,copy,text,NONE,NONE,NONE,NONE,2,9,0,0,3
long-press green icon,long-press,icon,green,NONE,NONE,NONE,4,3,4,0,3
scroll to tab to the right of the login,scroll,tab,NONE,right_of,login,NONE,7,8,0,5,3
long-press the 1st icon to the left of the home,long-press,icon,NONE,left_of,home,1st,4,3,0,3,0
paste the 3rd yellow text,paste,text,yellow,NONE,NONE,3rd,6,9,10,0,2
tap on the last link above the help,tap,link,NONE,above,help,last,8,5,0,1,4
click on text to the left of the login,click,text,NONE,left_of,login,NONE,1,9,0,3,3
copy text below the notifications,copy,text,NONE,below,notifications,NONE,2,9,0,2,3
launch green link,open,link,green,NONE,NONE,NONE,5,5,4,0,3
open link,open,link,NONE,NONE,NONE,NONE,5,5,0,0,3
delete image,delete,image,NONE,NONE,NONE,NONE,3,4,0,0,3
remove yellow image to the right of the last item,delete,image,yellow,right_of,last item,NONE,3,4,10,5,3
scroll down to tab next to the checkout,scroll,tab,NONE,next_to,checkout,NONE,7,8,0,4,3
click link,click,link,NONE,NONE,NONE,NONE,1,5,0,0,3
press tab to the left of the help,click,tab,NONE,left_of,help,NONE,1,8,0,3,3
long-press white button,long-press,button,white,NONE,NONE,NONE,4,1,9,0,3
remove image above the home,delete,image,NONE,above,home,NONE,3,4,0,1,3
paste white text,paste,text,white,NONE,NONE,NONE,6,9,9,0,3
tap on gray tab,tap,tab,gray,NONE,NONE,NONE,8,8,3,0,3
scroll down to text to the left of the payment,scroll,text,NONE,left_of,payment,NONE,7,9,0,3,3
copy black text to the left of the login,copy,text,black,left_of,login,NONE,2,9,1,3,3
open menu next to the checkout,open,menu,NONE,next_to,checkout,NONE,5,6,0,4,3
tap on gray link,tap,link,gray,NONE,NONE,NONE,8,5,3,0,3
scroll to yellow tab to the right of the login,scroll,tab,yellow,right_of,login,NONE,7,8,10,5,3
launch icon to the right of the payment,open,icon,NONE,right_of,payment,NONE,5,3,0,5,3
press and hold button to the right of the search,long-press,button,NONE,right_of,search,NONE,4,1,0,5,3
trash red button to the right of the first email,delete,button,red,right_of,first email,NONE,3,1,8,5,3
click the last orange switch below the search,click,switch,orange,below,search,last,1,7,5,2,4
trash text,delete,text,NONE,NONE,NONE,NONE,3,9,0,0,3
scroll to the 2nd menu above the address,scroll,menu,NONE,above,address,2nd,7,6,0,1,1
copy the 3rd text to the right of the wi-fi,copy,text,NONE,right_of,wi-fi,3rd,2,9,0,5,2
remove red button to the right of the profile,delete,button,red,right_of,profile,NONE,3,1,8,5,3
scroll to menu,scroll,menu,NONE,NONE,NONE,NONE,7,6,0,0,3
delete text,delete,text,NONE,NONE,NONE,NONE,3,9,0,0,3
long-press text,long-press,text,NONE,NONE,NONE,NONE,4,9,0,0,3
launch menu below the help,open,menu,NONE,below,help,NONE,5,6,0,2,3
tap checkbox next to the search,tap,checkbox,NONE,next_to,search,NONE,8,2,0,4,3
scroll down to pink tab to the left of the last item,scroll,tab,pink,left_of,last item,NONE,7,8,6,3,3
open the 1st link,open,link,NONE,NONE,NONE,1st,5,5,0,0,0
copy the 1st text to the left of the address,copy,text,NONE,left_of,address,1st,2,9,0,3,0
scroll down to the 1st red tab to the left of the search,scroll,tab,red,left_of,search,1st,7,8,8,3,0
long-press icon,long-press,icon,NONE,NONE,NONE,NONE,4,3,0,0,3
paste yellow text above the settings,paste,text,yellow,above,settings,NONE,6,9,10,1,3
press and hold image below the first email,long-press,image,NONE,below,first email,NONE,4,4,0,2,3
click checkbox,click,checkbox,NONE,NONE,NONE,NONE,1,2,0,0,3
tap on the 3rd link,tap,link,NONE,NONE,NONE,3rd,8,5,0,0,2
long-press white icon,long-press,icon,white,NONE,NONE,NONE,4,3,9,0,3
paste purple text below the wi-fi,paste,text,purple,below,wi-fi,NONE,6,9,7,2,3
copy orange text below the profile,copy,text,orange,below,profile,NONE,2,9,5,2,3
paste the 2nd purple text above the notifications,paste,text,purple,above,notifications,2nd,6,9,7,1,1
open the last button,open,button,NONE,NONE,NONE,last,5,1,0,0,4
remove button above the menu,delete,button,NONE,above,menu,NONE,3,1,0,1,3
open the 3rd blue menu next to the login,open,menu,blue,next_to,login,3rd,5,6,2,4,2
launch yellow tab next to the search,open,tab,yellow,next_to,search,NONE,5,8,10,4,3
paste text to the right of the profile,paste,text,NONE,right_of,profile,NONE,6,9,0,5,3
copy text,copy,text,NONE,NONE,NONE,NONE,2,9,0,0,3
paste text,paste,text,NONE,NONE,NONE,NONE,6,9,0,0,3
copy text,copy,text,NONE,NONE,NONE,NONE,2,9,0,0,3
click on switch above the help,click,switch,NONE,above,help,NONE,1,7,0,1,3
remove purple image below the menu,delete,image,purple,below,menu,NONE,3,4,7,2,3
press and hold text above the first email,long-press,text,NONE,above,first email,NONE,4,9,0,1,3
copy the 2nd text,copy,text,NONE,NONE,NONE,2nd,2,9,0,0,1
select checkbox to the right of the home,click,checkbox,NONE,right_of,home,NONE,1,2,0,5,3
copy orange text to the left of the help,copy,text,orange,left_of,help,NONE,2,9,5,3,3
paste the 3rd text,paste,text,NONE,NONE,NONE,3rd,6,9,0,0,2
select text to the right of the address,click,text,NONE,right_of,address,NONE,1,9,0,5,3
tap icon next to the first email,tap,icon,NONE,next_to,first email,NONE,8,3,0,4,3
copy purple text,copy,text,purple,NONE,NONE,NONE,2,9,7,0,3
copy text,copy,text,NONE,NONE,NONE,NONE,2,9,0,0,3
long-press text to the right of the address,long-press,text,NONE,right_of,address,NONE,4,9,0,5,3
open black menu to the right of the cart,open,menu,black,right_of,cart,NONE,5,6,1,5,3
long-press yellow text next to the notifications,long-press,text,yellow,next_to,notifications,NONE,4,9,10,4,3
click switch to the right of the first email,click,switch,NONE,right_of,first email,NONE,1,7,0,5,3
trash orange text next to the login,delete,text,orange,next_to,login,NONE,3,9,5,4,3
remove button above the cart,delete,button,NONE,above,cart,NONE,3,1,0,1,3
paste yellow text,paste,text,yellow,NONE,NONE,NONE,6,9,10,0,3
long-press text next to the cart,long-press,text,NONE,next_to,cart,NONE,4,9,0,4,3
scroll down to orange menu,scroll,menu,orange,NONE,NONE,NONE,7,6,5,0,3
launch menu to the left of the last item,open,menu,NONE,left_of,last item,NONE,5,6,0,3,3
trash button next to the cart,delete,button,NONE,next_to,cart,NONE,3,1,0,4,3
scroll down to text,scroll,text,NONE,NONE,NONE,NONE,7,9,0,0,3
launch the last white link above the cart,open,link,white,above,cart,last,5,5,9,1,4
copy text,copy,text,NONE,NONE,NONE,NONE,2,9,0,0,3
paste the 1st text,paste,text,NONE,NONE,NONE,1st,6,9,0,0,0
remove text to the left of the address,delete,text,NONE,left_of,address,NONE,3,9,0,3,3
paste text above the home,paste,text,NONE,above,home,NONE,6,9,0,1,3
copy text,copy,text,NONE,NONE,NONE,NONE,2,9,0,0,3
copy the 1st blue text,copy,text,blue,NONE,NONE,1st,2,9,2,0,0
open tab next to the last item,open,tab,NONE,next_to,last item,NONE,5,8,0,4,3
tap on button below the profile,tap,button,NONE,below,profile,NONE,8,1,0,2,3
tap on blue switch,tap,switch,blue,NONE,NONE,NONE,8,7,2,0,3
press and hold blue icon,long-press,icon,blue,NONE,NONE,NONE,4,3,2,0,3
open the last button to the right of the wi-fi,open,button,NONE,right_of,wi-fi,last,5,1,0,5,4
copy text to the left of the cart,copy,text,NONE,left_of,cart,NONE,2,9,0,3,3
launch the 2nd menu,open,menu,NONE,NONE,NONE,2nd,5,6,0,0,1
long-press image to the left of the menu,long-press,image,NONE,left_of,menu,NONE,4,4,0,3,3
copy text,copy,text,NONE,NONE,NONE,NONE,2,9,0,0,3
scroll down to menu next to the payment,scroll,menu,NONE,next_to,payment,NONE,7,6,0,4,3
paste green text to the right of the search,paste,text,green,right_of,search,NONE,6,9,4,5,3
click on icon,click,icon,NONE,NONE,NONE,NONE,1,3,0,0,3
trash button to the left of the help,delete,button,NONE,left_of,help,NONE,3,1,0,3,3
long-press blue button,long-press,button,blue,NONE,NONE,NONE,4,1,2,0,3
tap checkbox,tap,checkbox,NONE,NONE,NONE,NONE,8,2,0,0,3
tap link next to the checkout,tap,link,NONE,next_to,checkout,NONE,8,5,0,4,3
paste the last text,paste,text,NONE,NONE,NONE,last,6,9,0,0,4
scroll down to tab next to the payment,scroll,tab,NONE,next_to,payment,NONE,7,8,0,4,3
tap on checkbox below the login,tap,checkbox,NONE,below,login,NONE,8,2,0,2,3
open menu to the right of the search,open,menu,NONE,right_of,search,NONE,5,6,0,5,3
click on the 2nd pink image next to the checkout,click,image,pink,next_to,checkout,2nd,1,4,6,4,1
tap tab,tap,tab,NONE,NONE,NONE,NONE,8,8,0,0,3
scroll to text,scroll,text,NONE,NONE,NONE,NONE,7,9,0,0,3
scroll to text,scroll,text,NONE,NONE,NONE,NONE,7,9,0,0,3
copy text below the home,copy,text,NONE,below,home,NONE,2,9,0,2,3
press and hold orange image,long-press,image,orange,NONE,NONE,NONE,4,4,5,0,3
trash pink text below the help,delete,text,pink,below,help,NONE,3,9,6,2,3
paste the last blue text,paste,text,blue,NONE,NONE,last,6,9,2,0,4
long-press text above the first email,long-press,text,NONE,above,first email,NONE,4,9,0,1,3
trash the 1st text above the login,delete,text,NONE,above,login,1st,3,9,0,1,0
click on switch to the left of the home,click,switch,NONE,left_of,home,NONE,1,7,0,3,3
remove blue button next to the login,delete,button,blue,next_to,login,NONE,3,1,2,4,3
paste text to the right of the last item,paste,text,NONE,right_of,last item,NONE,6,9,0,5,3
tap the 3rd button to the left of the wi-fi,tap,button,NONE,left_of,wi-fi,3rd,8,1,0,3,2
paste the last black text above the first email,paste,text,black,above,first email,last,6,9,1,1,4
open menu above the settings,open,menu,NONE,above,settings,NONE,5,6,0,1,3
trash the last text to the right of the wi-fi,delete,text,NONE,right_of,wi-fi,last,3,9,0,5,4
launch link to the left of the help,open,link,NONE,left_of,help,NONE,5,5,0,3,3
copy text next to the settings,copy,text,NONE,next_to,settings,NONE,2,9,0,4,3
press and hold text,long-press,text,NONE,NONE,NONE,NONE,4,9,0,0,3
long-press white text above the login,long-press,text,white,above,login,NONE,4,9,9,1,3
press switch to the right of the last item,click,switch,NONE,right_of,last item,NONE,1,7,0,5,3
scroll down to yellow menu above the address,scroll,menu,yellow,above,address,NONE,7,6,10,1,3
tap red button to the right of the checkout,tap,button,red,right_of,checkout,NONE,8,1,8,5,3
paste white text above the cart,paste,text,white,above,cart,NONE,6,9,9,1,3
paste the 3rd white text next to the checkout,paste,text,white,next_to,checkout,3rd,6,9,9,4,2
delete the 2nd text,delete,text,NONE,NONE,NONE,2nd,3,9,0,0,1
paste purple text,paste,text,purple,NONE,NONE,NONE,6,9,7,0,3
scroll down to the 3rd text to the right of the last item,scroll,text,NONE,right_of,last item,3rd,7,9,0,5,2
copy the 2nd pink text to the right of the address,copy,text,pink,right_of,address,2nd,2,9,6,5,1
copy gray text,copy,text,gray,NONE,NONE,NONE,2,9,3,0,3
trash image next to the payment,delete,image,NONE,next_to,payment,NONE,3,4,0,4,3
scroll to green tab to the left of the notifications,scroll,tab,green,left_of,notifications,NONE,7,8,4,3,3
copy text below the help,copy,text,NONE,below,help,NONE,2,9,0,2,3
scroll down to the 3rd tab below the last item,scroll,tab,NONE,below,last item,3rd,7,8,0,2,2
paste text,paste,text,NONE,NONE,NONE,NONE,6,9,0,0,3
remove purple image,delete,image,purple,NONE,NONE,NONE,3,4,7,0,3
scroll down to the last tab to the left of the notifications,scroll,tab,NONE,left_of,notifications,last,7,8,0,3,4
scroll to tab,scroll,tab,NONE,NONE,NONE,NONE,7,8,0,0,3
copy yellow text to the left of the cart,copy,text,yellow,left_of,cart,NONE,2,9,10,3,3
scroll to the 1st tab,scroll,tab,NONE,NONE,NONE,1st,7,8,0,0,0
scroll to gray text below the payment,scroll,text,gray,below,payment,NONE,7,9,3,2,3
remove image to the right of the profile,delete,image,NONE,right_of,profile,NONE,3,4,0,5,3
paste text next to the wi-fi,paste,text,NONE,next_to,wi-fi,NONE,6,9,0,4,3
scroll down to the 2nd tab,scroll,tab,NONE,NONE,NONE,2nd,7,8,0,0,1
tap tab,tap,tab,NONE,NONE,NONE,NONE,8,8,0,0,3
copy the 1st gray text,copy,text,gray,NONE,NONE,1st,2,9,3,0,0
copy text above the first email,copy,text,NONE,above,first email,NONE,2,9,0,1,3
scroll down to white text,scroll,text,white,NONE,NONE,NONE,7,9,9,0,3
copy red text above the notifications,copy,text,red,above,notifications,NONE,2,9,8,1,3
tap the 3rd checkbox,tap,checkbox,NONE,NONE,NONE,3rd,8,2,0,0,2
press and hold the last image next to the address,long-press,image,NONE,next_to,address,last,4,4,0,4,4
copy text next to the settings,copy,text,NONE,next_to,settings,NONE,2,9,0,4,3
paste text,paste,text,NONE,NONE,NONE,NONE,6,9,0,0,3
scroll down to orange menu next to the search,scroll,menu,orange,next_to,search,NONE,7,6,5,4,3
copy text,copy,text,NONE,NONE,NONE,NONE,2,9,0,0,3
press and hold green text to the left of the menu,long-press,text,green,left_of,menu,NONE,4,9,4,3,3
press green icon to the left of the first email,click,icon,green,left_of,first email,NONE,1,3,4,3,3
click on the last checkbox above the payment,click,checkbox,NONE,above,payment,last,1,2,0,1,4
remove the last red image,delete,image,red,NONE,NONE,last,3,4,8,0,4
tap on green checkbox above the settings,tap,checkbox,green,above,settings,NONE,8,2,4,1,3
paste purple text below the notifications,paste,text,purple,below,notifications,NONE,6,9,7,2,3
press and hold blue text next to the login,long-press,text,blue,next_to,login,NONE,4,9,2,4,3
press button next to the help,click,button,NONE,next_to,help,NONE,1,1,0,4,3
press pink checkbox below the home,click,checkbox,pink,below,home,NONE,1,2,6,2,3
long-press pink image to the left of the payment,long-press,image,pink,left_of,payment,NONE,4,4,6,3,3
paste blue text above the payment,paste,text,blue,above,payment,NONE,6,9,2,1,3
paste gray text next to the settings,paste,text,gray,next_to,settings,NONE,6,9,3,4,3
select the 2nd switch below the first email,click,switch,NONE,below,first email,2nd,1,7,0,2,1
select text next to the profile,click,text,NONE,next_to,profile,NONE,1,9,0,4,3
tap link below the payment,tap,link,NONE,below,payment,NONE,8,5,0,2,3
click on tab,click,tab,NONE,NONE,NONE,NONE,1,8,0,0,3
press and hold black icon to the left of the cart,long-press,icon,black,left_of,cart,NONE,4,3,1,3,3
scroll to purple tab below the home,scroll,tab,purple,below,home,NONE,7,8,7,2,3
paste gray text,paste,text,gray,NONE,NONE,NONE,6,9,3,0,3
long-press the 1st image to the right of the home,long-press,image,NONE,right_of,home,1st,4,4,0,5,0
tap the 3rd switch next to the menu,tap,switch,NONE,next_to,menu,3rd,8,7,0,4,2
open the 1st red icon,open,icon,red,NONE,NONE,1st,5,3,8,0,0
select blue button,click,button,blue,NONE,NONE,NONE,1,1,2,0,3
trash the 1st button below the checkout,delete,button,NONE,below,checkout,1st,3,1,0,2,0
click on text,click,text,NONE,NONE,NONE,NONE,1,9,0,0,3
press and hold icon next to the notifications,long-press,icon,NONE,next_to,notifications,NONE,4,3,0,4,3
tap on orange checkbox next to the cart,tap,checkbox,orange,next_to,cart,NONE,8,2,5,4,3
tap on the last orange button above the settings,tap,button,orange,above,settings,last,8,1,5,1,4
open the last menu,open,menu,NONE,NONE,NONE,last,5,6,0,0,4
tap the last link,tap,link,NONE,NONE,NONE,last,8,5,0,0,4
copy the 2nd text above the cart,copy,text,NONE,above,cart,2nd,2,9,0,1,1
copy the last blue text to the left of the cart,copy,text,blue,left_of,cart,last,2,9,2,3,4
copy text below the profile,copy,text,NONE,below,profile,NONE,2,9,0,2,3
tap on icon next to the help,tap,icon,NONE,next_to,help,NONE,8,3,0,4,3
copy text,copy,text,NONE,NONE,NONE,NONE,2,9,0,0,3
press and hold icon,long-press,icon,NONE,NONE,NONE,NONE,4,3,0,0,3
click text,click,text,NONE,NONE,NONE,NONE,1,9,0,0,3
open the 3rd menu below the wi-fi,open,menu,NONE,below,wi-fi,3rd,5,6,0,2,2
copy gray text above the search,copy,text,gray,above,search,NONE,2,9,3,1,3
remove text below the checkout,delete,text,NONE,below,checkout,NONE,3,9,0,2,3
press and hold button,long-press,button,NONE,NONE,NONE,NONE,4,1,0,0,3
scroll down to yellow text below the settings,scroll,text,yellow,below,settings,NONE,7,9,10,2,3
open the 2nd tab next to the last item,open,tab,NONE,next_to,last item,2nd,5,8,0,4,1
press and hold the 2nd button below the settings,long-press,button,NONE,below,settings,2nd,4,1,0,2,1
copy text below the home,copy,text,NONE,below,home,NONE,2,9,0,2,3
remove white button next to the wi-fi,delete,button,white,next_to,wi-fi,NONE,3,1,9,4,3
paste the 1st purple text next to the menu,paste,text,purple,next_to,menu,1st,6,9,7,4,0
long-press button,long-press,button,NONE,NONE,NONE,NONE,4,1,0,0,3
tap icon next to the first email,tap,icon,NONE,next_to,first email,NONE,8,3,0,4,3
launch the 2nd link below the address,open,link,NONE,below,address,2nd,5,5,0,2,1
long-press white icon,long-press,icon,white,NONE,NONE,NONE,4,3,9,0,3
open icon,open,icon,NONE,NONE,NONE,NONE,5,3,0,0,3
paste the 3rd text next to the home,paste,text,NONE,next_to,home,3rd,6,9,0,4,2
tap icon to the right of the search,tap,icon,NONE,right_of,search,NONE,8,3,0,5,3
copy the last text next to the last item,copy,text,NONE,next_to,last item,last,2,9,0,4,4
scroll down to the 1st tab,scroll,tab,NONE,NONE,NONE,1st,7,8,0,0,0
click black tab,click,tab,black,NONE,NONE,NONE,1,8,1,0,3
tap orange tab,tap,tab,orange,NONE,NONE,NONE,8,8,5,0,3
tap on black checkbox,tap,checkbox,black,NONE,NONE,NONE,8,2,1,0,3
open gray tab,open,tab,gray,NONE,NONE,NONE,5,8,3,0,3
copy text to the right of the settings,copy,text,NONE,right_of,settings,NONE,2,9,0,5,3
delete blue text,delete,text,blue,NONE,NONE,NONE,3,9,2,0,3
trash the 1st image,delete,image,NONE,NONE,NONE,1st,3,4,0,0,0
tap tab to the right of the address,tap,tab,NONE,right_of,address,NONE,8,8,0,5,3
scroll to tab to the left of the checkout,scroll,tab,NONE,left_of,checkout,NONE,7,8,0,3,3
open button below the checkout,open,button,NONE,below,checkout,NONE,5,1,0,2,3
open icon to the left of the profile,open,icon,NONE,left_of,profile,NONE,5,3,0,3,3
select the 1st gray checkbox to the right of the login,click,checkbox,gray,right_of,login,1st,1,2,3,5,0
launch the 2nd link below the address,open,link,NONE,below,address,2nd,5,5,0,2,1
trash button next to the first email,delete,button,NONE,next_to,first email,NONE,3,1,0,4,3
long-press pink image,long-press,image,pink,NONE,NONE,NONE,4,4,6,0,3
delete the 3rd button,delete,button,NONE,NONE,NONE,3rd,3,1,0,0,2
paste text,paste,text,NONE,NONE,NONE,NONE,6,9,0,0,3
tap on the 1st switch next to the notifications,tap,switch,NONE,next_to,notifications,1st,8,7,0,4,0
launch the 1st blue button to the left of the menu,open,button,blue,left_of,menu,1st,5,1,2,3,0
open tab next to the help,open,tab,NONE,next_to,help,NONE,5,8,0,4,3
delete button,delete,button,NONE,NONE,NONE,NONE,3,1,0,0,3
click on checkbox above the notifications,click,checkbox,NONE,above,notifications,NONE,1,2,0,1,3
scroll down to pink text,scroll,text,pink,NONE,NONE,NONE,7,9,6,0,3
launch tab above the notifications,open,tab,NONE,above,notifications,NONE,5,8,0,1,3
launch the last icon to the right of the login,open,icon,NONE,right_of,login,last,5,3,0,5,4
open link to the left of the search,open,link,NONE,left_of,search,NONE,5,5,0,3,3
launch blue menu next to the profile,open,menu,blue,next_to,profile,NONE,5,6,2,4,3
long-press text to the right of the menu,long-press,text,NONE,right_of,menu,NONE,4,9,0,5,3
trash the 2nd image above the profile,delete,image,NONE,above,profile,2nd,3,4,0,1,1
tap on gray switch next to the settings,tap,switch,gray,next_to,settings,NONE,8,7,3,4,3
scroll to green menu to the right of the menu,scroll,menu,green,right_of,menu,NONE,7,6,4,5,3
copy red text to the right of the settings,copy,text,red,right_of,settings,NONE,2,9,8,5,3
tap tab,tap,tab,NONE,NONE,NONE,NONE,8,8,0,0,3
trash text,delete,text,NONE,NONE,NONE,NONE,3,9,0,0,3
copy white text next to the search,copy,text,white,next_to,search,NONE,2,9,9,4,3
tap on checkbox to the left of the last item,tap,checkbox,NONE,left_of,last item,NONE,8,2,0,3,3
paste yellow text to the right of the help,paste,text,yellow,right_of,help,NONE,6,9,10,5,3
open menu below the notifications,open,menu,NONE,below,notifications,NONE,5,6,0,2,3
click checkbox above the login,click,checkbox,NONE,above,login,NONE,1,2,0,1,3
press and hold red icon below the notifications,long-press,icon,red,below,notifications,NONE,4,3,8,2,3
paste text below the wi-fi,paste,text,NONE,below,wi-fi,NONE,6,9,0,2,3
scroll to tab next to the address,scroll,tab,NONE,next_to,address,NONE,7,8,0,4,3
tap on switch to the left of the notifications,tap,switch,NONE,left_of,notifications,NONE,8,7,0,3,3
press and hold yellow image,long-press,image,yellow,NONE,NONE,NONE,4,4,10,0,3
press and hold image above the profile,long-press,image,NONE,above,profile,NONE,4,4,0,1,3
trash button to the left of the settings,delete,button,NONE,left_of,settings,NONE,3,1,0,3,3
open black icon,open,icon,black,NONE,NONE,NONE,5,3,1,0,3
remove yellow image,delete,image,yellow,NONE,NONE,NONE,3,4,10,0,3
scroll down to tab to the left of the payment,scroll,tab,NONE,left_of,payment,NONE,7,8,0,3,3
copy text,copy,text,NONE,NONE,NONE,NONE,2,9,0,0,3
paste text above the checkout,paste,text,NONE,above,checkout,NONE,6,9,0,1,3
open the 3rd menu next to the help,open,menu,NONE,next_to,help,3rd,5,6,0,4,2
tap on yellow button to the right of the checkout,tap,button,yellow,right_of,checkout,NONE,8,1,10,5,3
trash gray text to the left of the cart,delete,text,gray,left_of,cart,NONE,3,9,3,3,3
scroll down to text next to the settings,scroll,text,NONE,next_to,settings,NONE,7,9,0,4,3
paste text to the right of the profile,paste,text,NONE,right_of,profile,NONE,6,9,0,5,3
paste the 3rd text to the left of the cart,paste,text,NONE,left_of,cart,3rd,6,9,0,3,2
delete yellow text to the right of the cart,delete,text,yellow,right_of,cart,NONE,3,9,10,5,3
copy pink text to the right of the login,copy,text,pink,right_of,login,NONE,2,9,6,5,3
click on switch to the right of the address,click,switch,NONE,right_of,address,NONE,1,7,0,5,3
paste text above the cart,paste,text,NONE,above,cart,NONE,6,9,0,1,3
copy the 3rd gray text next to the profile,copy,text,gray,next_to,profile,3rd,2,9,3,4,2
click on link to the left of the help,click,link,NONE,left_of,help,NONE,1,5,0,3,3
click the last red switch above the last item,click,switch,red,above,last item,last,1,7,8,1,4
scroll down to the 2nd tab to the left of the wi-fi,scroll,tab,NONE,left_of,wi-fi,2nd,7,8,0,3,1
launch menu,open,menu,NONE,NONE,NONE,NONE,5,6,0,0,3
click on button,click,button,NONE,NONE,NONE,NONE,1,1,0,0,3
copy the 1st text,copy,text,NONE,NONE,NONE,1st,2,9,0,0,0
copy the last black text to the left of the first email,copy,text,black,left_of,first email,last,2,9,1,3,4
copy text,copy,text,NONE,NONE,NONE,NONE,2,9,0,0,3
remove text above the login,delete,text,NONE,above,login,NONE,3,9,0,1,3
press and hold button to the left of the profile,long-press,button,NONE,left_of,profile,NONE,4,1,0,3,3
click on the 2nd yellow icon to the right of the checkout,click,icon,yellow,right_of,checkout,2nd,1,3,10,5,1
launch the 3rd tab to the right of the first email,open,tab,NONE,right_of,first email,3rd,5,8,0,5,2
scroll down to white tab below the first email,scroll,tab,white,below,first email,NONE,7,8,9,2,3
copy the 1st black text next to the cart,copy,text,black,next_to,cart,1st,2,9,1,4,0
click on image below the payment,click,image,NONE,below,payment,NONE,1,4,0,2,3
paste green text below the wi-fi,paste,text,green,below,wi-fi,NONE,6,9,4,2,3
paste blue text,paste,text,blue,NONE,NONE,NONE,6,9,2,0,3
tap white icon next to the first email,tap,icon,white,next_to,first email,NONE,8,3,9,4,3
copy text,copy,text,NONE,NONE,NONE,NONE,2,9,0,0,3
long-press the last icon,long-press,icon,NONE,NONE,NONE,last,4,3,0,0,4
click on green switch,click,switch,green,NONE,NONE,NONE,1,7,4,0,3
paste text,paste,text,NONE,NONE,NONE,NONE,6,9,0,0,3
scroll to text next to the menu,scroll,text,NONE,next_to,menu,NONE,7,9,0,4,3
paste text below the menu,paste,text,NONE,below,menu,NONE,6,9,0,2,3
open the 1st purple icon below the login,open,icon,purple,below,login,1st,5,3,7,2,0
click on purple icon next to the last item,click,icon,purple,next_to,last item,NONE,1,3,7,4,3
trash the last button,delete,button,NONE,NONE,NONE,last,3,1,0,0,4
trash the 3rd blue text below the address,delete,text,blue,below,address,3rd,3,9,2,2,2
paste text above the checkout,paste,text,NONE,above,checkout,NONE,6,9,0,1,3
long-press button,long-press,button,NONE,NONE,NONE,NONE,4,1,0,0,3
long-press text to the right of the address,long-press,text,NONE,right_of,address,NONE,4,9,0,5,3
select black tab next to the checkout,click,tab,black,next_to,checkout,NONE,1,8,1,4,3
copy the 3rd text,copy,text,NONE,NONE,NONE,3rd,2,9,0,0,2
press text to the left of the help,click,text,NONE,left_of,help,NONE,1,9,0,3,3
tap on link below the checkout,tap,link,NONE,below,checkout,NONE,8,5,0,2,3
long-press button,long-press,button,NONE,NONE,NONE,NONE,4,1,0,0,3
delete image below the checkout,delete,image,NONE,below,checkout,NONE,3,4,0,2,3
trash image,delete,image,NONE,NONE,NONE,NONE,3,4,0,0,3
copy yellow text next to the first email,copy,text,yellow,next_to,first email,NONE,2,9,10,4,3
paste text to the left of the cart,paste,text,NONE,left_of,cart,NONE,6,9,0,3,3
select switch,click,switch,NONE,NONE,NONE,NONE,1,7,0,0,3
paste text,paste,text,NONE,NONE,NONE,NONE,6,9,0,0,3
tap icon next to the address,tap,icon,NONE,next_to,address,NONE,8,3,0,4,3
copy text,copy,text,NONE,NONE,NONE,NONE,2,9,0,0,3
remove the 2nd blue image below the search,delete,image,blue,below,search,2nd,3,4,2,2,1
long-press the 3rd text to the left of the help,long-press,text,NONE,left_of,help,3rd,4,9,0,3,2
tap icon,tap,icon,NONE,NONE,NONE,NONE,8,3,0,0,3
click switch next to the checkout,click,switch,NONE,next_to,checkout,NONE,1,7,0,4,3
launch tab to the left of the settings,open,tab,NONE,left_of,settings,NONE,5,8,0,3,3
scroll to the 1st orange tab,scroll,tab,orange,NONE,NONE,1st,7,8,5,0,0
copy text,copy,text,NONE,NONE,NONE,NONE,2,9,0,0,3
scroll to the 1st tab above the payment,scroll,tab,NONE,above,payment,1st,7,8,0,1,0
launch the 3rd tab below the home,open,tab,NONE,below,home,3rd,5,8,0,2,2
launch the last menu above the profile,open,menu,NONE,above,profile,last,5,6,0,1,4
scroll to the 2nd text below the home,scroll,text,NONE,below,home,2nd,7,9,0,2,1
tap on the last tab next to the profile,tap,tab,NONE,next_to,profile,last,8,8,0,4,4
scroll to menu,scroll,menu,NONE,NONE,NONE,NONE,7,6,0,0,3
select switch to the right of the wi-fi,click,switch,NONE,right_of,wi-fi,NONE,1,7,0,5,3
paste red text below the home,paste,text,red,below,home,NONE,6,9,8,2,3
delete text below the payment,delete,text,NONE,below,payment,NONE,3,9,0,2,3
delete image,delete,image,NONE,NONE,NONE,NONE,3,4,0,0,3
open black link,open,link,black,NONE,NONE,NONE,5,5,1,0,3
copy the 3rd text below the wi-fi,copy,text,NONE,below,wi-fi,3rd,2,9,0,2,2
paste the 2nd purple text above the payment,paste,text,purple,above,payment,2nd,6,9,7,1,1
tap on white tab,tap,tab,white,NONE,NONE,NONE,8,8,9,0,3
scroll down to purple menu next to the first email,scroll,menu,purple,next_to,first email,NONE,7,6,7,4,3
click on checkbox above the menu,click,checkbox,NONE,above,menu,NONE,1,2,0,1,3
scroll down to the 3rd orange menu to the right of the help,scroll,menu,orange,right_of,help,3rd,7,6,5,5,2
long-press button above the address,long-press,button,NONE,above,address,NONE,4,1,0,1,3
paste text,paste,text,NONE,NONE,NONE,NONE,6,9,0,0,3
copy the 3rd text,copy,text,NONE,NONE,NONE,3rd,2,9,0,0,2
launch the 2nd button to the right of the login,open,button,NONE,right_of,login,2nd,5,1,0,5,1
scroll to tab to the left of the first email,scroll,tab,NONE,left_of,first email,NONE,7,8,0,3,3
tap button below the last item,tap,button,NONE,below,last item,NONE,8,1,0,2,3
paste black text to the left of the cart,paste,text,black,left_of,cart,NONE,6,9,1,3,3
tap the 1st button,tap,button,NONE,NONE,NONE,1st,8,1,0,0,0
launch menu to the left of the home,open,menu,NONE,left_of,home,NONE,5,6,0,3,3
paste text below the settings,paste,text,NONE,below,settings,NONE,6,9,0,2,3
remove the last text to the left of the first email,delete,text,NONE,left_of,first email,last,3,9,0,3,4
press and hold blue button to the right of the checkout,long-press,button,blue,right_of,checkout,NONE,4,1,2,5,3
long-press the 1st text next to the settings,long-press,text,NONE,next_to,settings,1st,4,9,0,4,0
click on blue link to the left of the help,click,link,blue,left_of,help,NONE,1,5,2,3,3
press and hold pink button to the right of the payment,long-press,button,pink,right_of,payment,NONE,4,1,6,5,3
scroll to tab to the left of the profile,scroll,tab,NONE,left_of,profile,NONE,7,8,0,3,3
open the 3rd orange link below the login,open,link,orange,below,login,3rd,5,5,5,2,2
launch the 1st link to the right of the settings,open,link,NONE,right_of,settings,1st,5,5,0,5,0
copy the 3rd text to the right of the menu,copy,text,NONE,right_of,menu,3rd,2,9,0,5,2
tap on link below the wi-fi,tap,link,NONE,below,wi-fi,NONE,8,5,0,2,3
paste text,paste,text,NONE,NONE,NONE,NONE,6,9,0,0,3
copy text next to the notifications,copy,text,NONE,next_to,notifications,NONE,2,9,0,4,3
copy the 2nd text below the login,copy,text,NONE,below,login,2nd,2,9,0,2,1
tap button below the settings,tap,button,NONE,below,settings,NONE,8,1,0,2,3
tap checkbox,tap,checkbox,NONE,NONE,NONE,NONE,8,2,0,0,3
copy pink text to the right of the checkout,copy,text,pink,right_of,checkout,NONE,2,9,6,5,3
tap button to the left of the address,tap,button,NONE,left_of,address,NONE,8,1,0,3,3
press and hold image below the settings,long-press,image,NONE,below,settings,NONE,4,4,0,2,3
paste the 2nd green text above the wi-fi,paste,text,green,above,wi-fi,2nd,6,9,4,1,1
long-press text,long-press,text,NONE,NONE,NONE,NONE,4,9,0,0,3
press and hold button to the left of the payment,long-press,button,NONE,left_of,payment,NONE,4,1,0,3,3
delete purple image,delete,image,purple,NONE,NONE,NONE,3,4,7,0,3
long-press the 2nd icon to the right of the wi-fi,long-press,icon,NONE,right_of,wi-fi,2nd,4,3,0,5,1
remove image next to the home,delete,image,NONE,next_to,home,NONE,3,4,0,4,3
remove image below the profile,delete,image,NONE,below,profile,NONE,3,4,0,2,3
press and hold icon to the right of the help,long-press,icon,NONE,right_of,help,NONE,4,3,0,5,3
press and hold purple image,long-press,image,purple,NONE,NONE,NONE,4,4,7,0,3
scroll down to the 3rd green text,scroll,text,green,NONE,NONE,3rd,7,9,4,0,2
tap black button below the help,tap,button,black,below,help,NONE,8,1,1,2,3
select the last checkbox,click,checkbox,NONE,NONE,NONE,last,1,2,0,0,4
press and hold text above the search,long-press,text,NONE,above,search,NONE,4,9,0,1,3
press and hold image to the left of the profile,long-press,image,NONE,left_of,profile,NONE,4,4,0,3,3
long-press pink text above the profile,long-press,text,pink,above,profile,NONE,4,9,6,1,3
paste text to the right of the cart,paste,text,NONE,right_of,cart,NONE,6,9,0,5,3
scroll down to blue menu,scroll,menu,blue,NONE,NONE,NONE,7,6,2,0,3
open the last pink link above the home,open,link,pink,above,home,last,5,5,6,1,4
launch pink menu,open,menu,pink,NONE,NONE,NONE,5,6,6,0,3
long-press blue icon above the payment,long-press,icon,blue,above,payment,NONE,4,3,2,1,3
open gray menu to the left of the last item,open,menu,gray,left_of,last item,NONE,5,6,3,3,3
trash the 1st image,delete,image,NONE,NONE,NONE,1st,3,4,0,0,0
press the last blue checkbox below the menu,click,checkbox,blue,below,menu,last,1,2,2,2,4
open the 3rd menu to the left of the help,open,menu,NONE,left_of,help,3rd,5,6,0,3,2
click text,click,text,NONE,NONE,NONE,NONE,1,9,0,0,3
open icon next to the checkout,open,icon,NONE,next_to,checkout,NONE,5,3,0,4,3
tap the 3rd switch next to the profile,tap,switch,NONE,next_to,profile,3rd,8,7,0,4,2
tap the 2nd link below the last item,tap,link,NONE,below,last item,2nd,8,5,0,2,1
long-press text,long-press,text,NONE,NONE,NONE,NONE,4,9,0,0,3
select text,click,text,NONE,NONE,NONE,NONE,1,9,0,0,3
copy green text next to the notifications,copy,text,green,next_to,notifications,NONE,2,9,4,4,3
press checkbox next to the settings,click,checkbox,NONE,next_to,settings,NONE,1,2,0,4,3
copy text to the right of the address,copy,text,NONE,right_of,address,NONE,2,9,0,5,3
tap on button,tap,button,NONE,NONE,NONE,NONE,8,1,0,0,3
trash the 1st text to the right of the first email,delete,text,NONE,right_of,first email,1st,3,9,0,5,0
press and hold button next to the first email,long-press,button,NONE,next_to,first email,NONE,4,1,0,4,3
select the 2nd image above the search,click,image,NONE,above,search,2nd,1,4,0,1,1
press the 3rd icon to the right of the search,click,icon,NONE,right_of,search,3rd,1,3,0,5,2
tap icon,tap,icon,NONE,NONE,NONE,NONE,8,3,0,0,3
remove image to the right of the cart,delete,image,NONE,right_of,cart,NONE,3,4,0,5,3
scroll down to orange text to the right of the cart,scroll,text,orange,right_of,cart,NONE,7,9,5,5,3
launch link above the home,open,link,NONE,above,home,NONE,5,5,0,1,3
launch red link next to the address,open,link,red,next_to,address,NONE,5,5,8,4,3
scroll down to the 1st menu,scroll,menu,NONE,NONE,NONE,1st,7,6,0,0,0
launch tab,open,tab,NONE,NONE,NONE,NONE,5,8,0,0,3
copy text to the left of the help,copy,text,NONE,left_of,help,NONE,2,9,0,3,3
long-press the last white button to the left of the checkout,long-press,button,white,left_of,checkout,last,4,1,9,3,4
select link above the profile,click,link,NONE,above,profile,NONE,1,5,0,1,3
paste text to the right of the profile,paste,text,NONE,right_of,profile,NONE,6,9,0,5,3
tap link,tap,link,NONE,NONE,NONE,NONE,8,5,0,0,3
long-press gray text to the left of the help,long-press,text,gray,left_of,help,NONE,4,9,3,3,3
scroll to tab to the right of the home,scroll,tab,NONE,right_of,home,NONE,7,8,0,5,3
click the 2nd blue image to the left of the payment,click,image,blue,left_of,payment,2nd,1,4,2,3,1
copy pink text to the left of the first email,copy,text,pink,left_of,first email,NONE,2,9,6,3,3
open orange tab below the checkout,open,tab,orange,below,checkout,NONE,5,8,5,2,3
press gray link,click,link,gray,NONE,NONE,NONE,1,5,3,0,3
paste the 1st text below the wi-fi,paste,text,NONE,below,wi-fi,1st,6,9,0,2,0
press image,click,image,NONE,NONE,NONE,NONE,1,4,0,0,3
tap gray tab,tap,tab,gray,NONE,NONE,NONE,8,8,3,0,3
tap black switch below the notifications,tap,switch,black,below,notifications,NONE,8,7,1,2,3
press red checkbox,click,checkbox,red,NONE,NONE,NONE,1,2,8,0,3
click on black button to the left of the profile,click,button,black,left_of,profile,NONE,1,1,1,3,3
copy the 2nd text,copy,text,NONE,NONE,NONE,2nd,2,9,0,0,1
long-press icon,long-press,icon,NONE,NONE,NONE,NONE,4,3,0,0,3
open link to the left of the first email,open,link,NONE,left_of,first email,NONE,5,5,0,3,3
press and hold image above the settings,long-press,image,NONE,above,settings,NONE,4,4,0,1,3
long-press yellow text to the right of the first email,long-press,text,yellow,right_of,first email,NONE,4,9,10,5,3
launch the 1st red menu above the menu,open,menu,red,above,menu,1st,5,6,8,1,0
click text next to the cart,click,text,NONE,next_to,cart,NONE,1,9,0,4,3
paste text,paste,text,NONE,NONE,NONE,NONE,6,9,0,0,3
tap gray checkbox,tap,checkbox,gray,NONE,NONE,NONE,8,2,3,0,3
press and hold the last red text,long-press,text,red,NONE,NONE,last,4,9,8,0,4
click on the 3rd gray image next to the first email,click,image,gray,next_to,first email,3rd,1,4,3,4,2
select orange icon next to the menu,click,icon,orange,next_to,menu,NONE,1,3,5,4,3
open green button,open,button,green,NONE,NONE,NONE,5,1,4,0,3
press and hold white icon above the menu,long-press,icon,white,above,menu,NONE,4,3,9,1,3
scroll to the 2nd gray tab,scroll,tab,gray,NONE,NONE,2nd,7,8,3,0,1
paste text above the address,paste,text,NONE,above,address,NONE,6,9,0,1,3
press and hold the 1st icon to the right of the search,long-press,icon,NONE,right_of,search,1st,4,3,0,5,0
launch menu to the right of the wi-fi,open,menu,NONE,right_of,wi-fi,NONE,5,6,0,5,3
open the 2nd icon,open,icon,NONE,NONE,NONE,2nd,5,3,0,0,1
press and hold the last text below the address,long-press,text,NONE,below,address,last,4,9,0,2,4
scroll down to the last menu to the left of the checkout,scroll,menu,NONE,left_of,checkout,last,7,6,0,3,4
launch link to the left of the notifications,open,link,NONE,left_of,notifications,NONE,5,5,0,3,3
remove image to the left of the home,delete,image,NONE,left_of,home,NONE,3,4,0,3,3
tap icon,tap,icon,NONE,NONE,NONE,NONE,8,3,0,0,3
press and hold the 3rd button,long-press,button,NONE,NONE,NONE,3rd,4,1,0,0,2
tap button,tap,button,NONE,NONE,NONE,NONE,8,1,0,0,3
press and hold the 3rd text,long-press,text,NONE,NONE,NONE,3rd,4,9,0,0,2
press and hold button next to the login,long-press,button,NONE,next_to,login,NONE,4,1,0,4,3
paste text above the search,paste,text,NONE,above,search,NONE,6,9,0,1,3
tap switch to the right of the address,tap,switch,NONE,right_of,address,NONE,8,7,0,5,3
open the 1st menu,open,menu,NONE,NONE,NONE,1st,5,6,0,0,0
scroll to the 3rd text,scroll,text,NONE,NONE,NONE,3rd,7,9,0,0,2
press switch next to the search,click,switch,NONE,next_to,search,NONE,1,7,0,4,3
trash gray text below the checkout,delete,text,gray,below,checkout,NONE,3,9,3,2,3
remove image,delete,image,NONE,NONE,NONE,NONE,3,4,0,0,3
copy text,copy,text,NONE,NONE,NONE,NONE,2,9,0,0,3
delete button next to the first email,delete,button,NONE,next_to,first email,NONE,3,1,0,4,3
copy text next to the settings,copy,text,NONE,next_to,settings,NONE,2,9,0,4,3
select purple image to the left of the search,click,image,purple,left_of,search,NONE,1,4,7,3,3
copy the last text,copy,text,NONE,NONE,NONE,last,2,9,0,0,4
copy yellow text,copy,text,yellow,NONE,NONE,NONE,2,9,10,0,3
tap yellow icon next to the wi-fi,tap,icon,yellow,next_to,wi-fi,NONE,8,3,10,4,3
copy black text,copy,text,black,NONE,NONE,NONE,2,9,1,0,3
scroll down to tab,scroll,tab,NONE,NONE,NONE,NONE,7,8,0,0,3
click the 1st button,click,button,NONE,NONE,NONE,1st,1,1,0,0,0
scroll to the last purple menu to the right of the first email,scroll,menu,purple,right_of,first email,last,7,6,7,5,4
select the 1st link to the right of the first email,click,link,NONE,right_of,first email,1st,1,5,0,5,0
tap on pink link below the help,tap,link,pink,below,help,NONE,8,5,6,2,3
open the 3rd white menu,open,menu,white,NONE,NONE,3rd,5,6,9,0,2
scroll to the 3rd green text to the left of the settings,scroll,text,green,left_of,settings,3rd,7,9,4,3,2
tap on switch,tap,switch,NONE,NONE,NONE,NONE,8,7,0,0,3
tap icon,tap,icon,NONE,NONE,NONE,NONE,8,3,0,0,3
scroll to text next to the first email,scroll,text,NONE,next_to,first email,NONE,7,9,0,4,3
tap the 2nd switch,tap,switch,NONE,NONE,NONE,2nd,8,7,0,0,1
tap on button,tap,button,NONE,NONE,NONE,NONE,8,1,0,0,3
trash button to the right of the profile,delete,button,NONE,right_of,profile,NONE,3,1,0,5,3
trash button,delete,button,NONE,NONE,NONE,NONE,3,1,0,0,3
scroll down to menu,scroll,menu,NONE,NONE,NONE,NONE,7,6,0,0,3
copy text,copy,text,NONE,NONE,NONE,NONE,2,9,0,0,3
paste blue text,paste,text,blue,NONE,NONE,NONE,6,9,2,0,3
tap switch above the cart,tap,switch,NONE,above,cart,NONE,8,7,0,1,3
scroll down to text,scroll,text,NONE,NONE,NONE,NONE,7,9,0,0,3
scroll down to the last menu below the address,scroll,menu,NONE,below,address,last,7,6,0,2,4
long-press icon,long-press,icon,NONE,NONE,NONE,NONE,4,3,0,0,3
trash white text to the right of the help,delete,text,white,right_of,help,NONE,3,9,9,5,3
press and hold icon to the left of the login,long-press,icon,NONE,left_of,login,NONE,4,3,0,3,3
press and hold the 2nd button,long-press,button,NONE,NONE,NONE,2nd,4,1,0,0,1
scroll to the 3rd tab next to the search,scroll,tab,NONE,next_to,search,3rd,7,8,0,4,2
open icon below the search,open,icon,NONE,below,search,NONE,5,3,0,2,3
long-press black text,long-press,text,black,NONE,NONE,NONE,4,9,1,0,3
remove button to the right of the checkout,delete,button,NONE,right_of,checkout,NONE,3,1,0,5,3
tap the 3rd black button to the left of the checkout,tap,button,black,left_of,checkout,3rd,8,1,1,3,2
press and hold text above the help,long-press,text,NONE,above,help,NONE,4,9,0,1,3
tap icon below the payment,tap,icon,NONE,below,payment,NONE,8,3,0,2,3
press and hold text below the payment,long-press,text,NONE,below,payment,NONE,4,9,0,2,3
click switch below the menu,click,switch,NONE,below,menu,NONE,1,7,0,2,3
paste text below the first email,paste,text,NONE,below,first email,NONE,6,9,0,2,3
scroll to the 2nd menu above the settings,scroll,menu,NONE,above,settings,2nd,7,6,0,1,1
press and hold button,long-press,button,NONE,NONE,NONE,NONE,4,1,0,0,3
tap on the 2nd switch to the right of the home,tap,switch,NONE,right_of,home,2nd,8,7,0,5,1
launch the 3rd black menu below the cart,open,menu,black,below,cart,3rd,5,6,1,2,2
press tab next to the last item,click,tab,NONE,next_to,last item,NONE,1,8,0,4,3
copy the 3rd text next to the search,copy,text,NONE,next_to,search,3rd,2,9,0,4,2
tap orange tab,tap,tab,orange,NONE,NONE,NONE,8,8,5,0,3
scroll to the 3rd text below the profile,scroll,text,NONE,below,profile,3rd,7,9,0,2,2
click black tab to the left of the search,click,tab,black,left_of,search,NONE,1,8,1,3,3
paste the 1st text,paste,text,NONE,NONE,NONE,1st,6,9,0,0,0
tap link above the first email,tap,link,NONE,above,first email,NONE,8,5,0,1,3
click the 3rd tab above the help,click,tab,NONE,above,help,3rd,1,8,0,1,2
select the 2nd orange link to the right of the profile,click,link,orange,right_of,profile,2nd,1,5,5,5,1
copy text,copy,text,NONE,NONE,NONE,NONE,2,9,0,0,3
press and hold button next to the help,long-press,button,NONE,next_to,help,NONE,4,1,0,4,3
tap on checkbox to the right of the wi-fi,tap,checkbox,NONE,right_of,wi-fi,NONE,8,2,0,5,3
launch button next to the wi-fi,open,button,NONE,next_to,wi-fi,NONE,5,1,0,4,3
open button to the left of the first email,open,button,NONE,left_of,first email,NONE,5,1,0,3,3
scroll down to white tab to the right of the wi-fi,scroll,tab,white,right_of,wi-fi,NONE,7,8,9,5,3
copy orange text,copy,text,orange,NONE,NONE,NONE,2,9,5,0,3
copy the last text to the left of the profile,copy,text,NONE,left_of,profile,last,2,9,0,3,4
tap orange switch,tap,switch,orange,NONE,NONE,NONE,8,7,5,0,3
trash image above the cart,delete,image,NONE,above,cart,NONE,3,4,0,1,3
scroll down to white menu,scroll,menu,white,NONE,NONE,NONE,7,6,9,0,3
long-press text to the right of the settings,long-press,text,NONE,right_of,settings,NONE,4,9,0,5,3
remove text to the left of the search,delete,text,NONE,left_of,search,NONE,3,9,0,3,3
select red checkbox,click,checkbox,red,NONE,NONE,NONE,1,2,8,0,3
long-press the 2nd icon,long-press,icon,NONE,NONE,NONE,2nd,4,3,0,0,1
paste text next to the help,paste,text,NONE,next_to,help,NONE,6,9,0,4,3
select text to the left of the help,click,text,NONE,left_of,help,NONE,1,9,0,3,3
scroll to menu above the wi-fi,scroll,menu,NONE,above,wi-fi,NONE,7,6,0,1,3
copy text,copy,text,NONE,NONE,NONE,NONE,2,9,0,0,3
press image,click,image,NONE,NONE,NONE,NONE,1,4,0,0,3
paste gray text to the right of the payment,paste,text,gray,right_of,payment,NONE,6,9,3,5,3
long-press button,long-press,button,NONE,NONE,NONE,NONE,4,1,0,0,3
tap on switch below the wi-fi,tap,switch,NONE,below,wi-fi,NONE,8,7,0,2,3
tap green button to the right of the search,tap,button,green,right_of,search,NONE,8,1,4,5,3
tap gray button,tap,button,gray,NONE,NONE,NONE,8,1,3,0,3
copy text below the login,copy,text,NONE,below,login,NONE,2,9,0,2,3
paste text next to the notifications,paste,text,NONE,next_to,notifications,NONE,6,9,0,4,3
click on switch to the left of the profile,click,switch,NONE,left_of,profile,NONE,1,7,0,3,3
copy text,copy,text,NONE,NONE,NONE,NONE,2,9,0,0,3
copy text,copy,text,NONE,NONE,NONE,NONE,2,9,0,0,3
long-press text to the left of the notifications,long-press,text,NONE,left_of,notifications,NONE,4,9,0,3,3
scroll down to text,scroll,text,NONE,NONE,NONE,NONE,7,9,0,0,3
trash the 3rd blue text to the right of the notifications,delete,text,blue,right_of,notifications,3rd,3,9,2,5,2
press and hold the 3rd icon above the cart,long-press,icon,NONE,above,cart,3rd,4,3,0,1,2
paste orange text,paste,text,orange,NONE,NONE,NONE,6,9,5,0,3
copy red text next to the address,copy,text,red,next_to,address,NONE,2,9,8,4,3
launch blue button to the left of the help,open,button,blue,left_of,help,NONE,5,1,2,3,3
paste the 2nd text to the right of the profile,paste,text,NONE,right_of,profile,2nd,6,9,0,5,1
copy text above the wi-fi,copy,text,NONE,above,wi-fi,NONE,2,9,0,1,3
press and hold blue icon above the address,long-press,icon,blue,above,address,NONE,4,3,2,1,3
press tab,click,tab,NONE,NONE,NONE,NONE,1,8,0,0,3
open link,open,link,NONE,NONE,NONE,NONE,5,5,0,0,3
copy text to the right of the search,copy,text,NONE,right_of,search,NONE,2,9,0,5,3
paste text to the left of the cart,paste,text,NONE,left_of,cart,NONE,6,9,0,3,3
scroll to tab above the menu,scroll,tab,NONE,above,menu,NONE,7,8,0,1,3
delete text above the home,delete,text,NONE,above,home,NONE,3,9,0,1,3
copy the 3rd text below the wi-fi,copy,text,NONE,below,wi-fi,3rd,2,9,0,2,2
click the 2nd tab above the first email,click,tab,NONE,above,first email,2nd,1,8,0,1,1
long-press icon to the left of the settings,long-press,icon,NONE,left_of,settings,NONE,4,3,0,3,3
paste the 2nd text below the notifications,paste,text,NONE,below,notifications,2nd,6,9,0,2,1
open tab to the right of the settings,open,tab,NONE,right_of,settings,NONE,5,8,0,5,3
copy text,copy,text,NONE,NONE,NONE,NONE,2,9,0,0,3
paste text,paste,text,NONE,NONE,NONE,NONE,6,9,0,0,3
click on the 3rd button,click,button,NONE,NONE,NONE,3rd,1,1,0,0,2
scroll to orange text next to the first email,scroll,text,orange,next_to,first email,NONE,7,9,5,4,3
copy orange text,copy,text,orange,NONE,NONE,NONE,2,9,5,0,3
tap on pink switch to the right of the help,tap,switch,pink,right_of,help,NONE,8,7,6,5,3
copy the 3rd text below the wi-fi,copy,text,NONE,below,wi-fi,3rd,2,9,0,2,2
press and hold the 1st white icon,long-press,icon,white,NONE,NONE,1st,4,3,9,0,0
delete the 2nd blue text to the right of the settings,delete,text,blue,right_of,settings,2nd,3,9,2,5,1
remove yellow image to the right of the address,delete,image,yellow,right_of,address,NONE,3,4,10,5,3
press the 1st image,click,image,NONE,NONE,NONE,1st,1,4,0,0,0
tap on icon,tap,icon,NONE,NONE,NONE,NONE,8,3,0,0,3
scroll to menu below the checkout,scroll,menu,NONE,below,checkout,NONE,7,6,0,2,3
scroll to menu,scroll,menu,NONE,NONE,NONE,NONE,7,6,0,0,3
press red image,click,image,red,NONE,NONE,NONE,1,4,8,0,3
copy text below the search,copy,text,NONE,below,search,NONE,2,9,0,2,3
paste the 1st red text below the login,paste,text,red,below,login,1st,6,9,8,2,0
tap switch to the right of the wi-fi,tap,switch,NONE,right_of,wi-fi,NONE,8,7,0,5,3
launch green tab,open,tab,green,NONE,NONE,NONE,5,8,4,0,3
tap on yellow icon next to the wi-fi,tap,icon,yellow,next_to,wi-fi,NONE,8,3,10,4,3
long-press the 3rd text below the menu,long-press,text,NONE,below,menu,3rd,4,9,0,2,2
paste orange text to the left of the profile,paste,text,orange,left_of,profile,NONE,6,9,5,3,3
long-press white icon,long-press,icon,white,NONE,NONE,NONE,4,3,9,0,3
copy text to the right of the address,copy,text,NONE,right_of,address,NONE,2,9,0,5,3
trash image,delete,image,NONE,NONE,NONE,NONE,3,4,0,0,3
tap the 1st switch,tap,switch,NONE,NONE,NONE,1st,8,7,0,0,0
delete image,delete,image,NONE,NONE,NONE,NONE,3,4,0,0,3
press and hold the 2nd icon next to the cart,long-press,icon,NONE,next_to,cart,2nd,4,3,0,4,1
click on the last pink text,click,text,pink,NONE,NONE,last,1,9,6,0,4
paste text to the right of the login,paste,text,NONE,right_of,login,NONE,6,9,0,5,3
paste orange text above the first email,paste,text,orange,above,first email,NONE,6,9,5,1,3
copy text,copy,text,NONE,NONE,NONE,NONE,2,9,0,0,3
trash green text below the settings,delete,text,green,below,settings,NONE,3,9,4,2,3
paste black text,paste,text,black,NONE,NONE,NONE,6,9,1,0,3
scroll to text,scroll,text,NONE,NONE,NONE,NONE,7,9,0,0,3
scroll to white text above the wi-fi,scroll,text,white,above,wi-fi,NONE,7,9,9,1,3
press the 1st icon to the left of the last item,click,icon,NONE,left_of,last item,1st,1,3,0,3,0
copy text,copy,text,NONE,NONE,NONE,NONE,2,9,0,0,3
tap the last tab above the checkout,tap,tab,NONE,above,checkout,last,8,8,0,1,4
scroll to menu,scroll,menu,NONE,NONE,NONE,NONE,7,6,0,0,3
copy the 2nd text below the search,copy,text,NONE,below,search,2nd,2,9,0,2,1
open orange tab above the address,open,tab,orange,above,address,NONE,5,8,5,1,3
tap on tab to the right of the profile,tap,tab,NONE,right_of,profile,NONE,8,8,0,5,3
click switch to the right of the last item,click,switch,NONE,right_of,last item,NONE,1,7,0,5,3
long-press text to the right of the cart,long-press,text,NONE,right_of,cart,NONE,4,9,0,5,3
press and hold the 1st image next to the checkout,long-press,image,NONE,next_to,checkout,1st,4,4,0,4,0
scroll to the last text,scroll,text,NONE,NONE,NONE,last,7,9,0,0,4
scroll down to pink text,scroll,text,pink,NONE,NONE,NONE,7,9,6,0,3
press and hold the last icon below the last item,long-press,icon,NONE,below,last item,last,4,3,0,2,4
open button,open,button,NONE,NONE,NONE,NONE,5,1,0,0,3
long-press icon below the wi-fi,long-press,icon,NONE,below,wi-fi,NONE,4,3,0,2,3
tap on button next to the checkout,tap,button,NONE,next_to,checkout,NONE,8,1,0,4,3
remove text above the help,delete,text,NONE,above,help,NONE,3,9,0,1,3
click text to the left of the settings,click,text,NONE,left_of,settings,NONE,1,9,0,3,3
tap icon,tap,icon,NONE,NONE,NONE,NONE,8,3,0,0,3
select green icon above the first email,click,icon,green,above,first email,NONE,1,3,4,1,3
scroll down to blue tab,scroll,tab,blue,NONE,NONE,NONE,7,8,2,0,3
launch tab to the right of the notifications,open,tab,NONE,right_of,notifications,NONE,5,8,0,5,3
copy text next to the notifications,copy,text,NONE,next_to,notifications,NONE,2,9,0,4,3
scroll to black tab above the home,scroll,tab,black,above,home,NONE,7,8,1,1,3
click on image,click,image,NONE,NONE,NONE,NONE,1,4,0,0,3
tap on yellow icon,tap,icon,yellow,NONE,NONE,NONE,8,3,10,0,3
copy red text,copy,text,red,NONE,NONE,NONE,2,9,8,0,3
trash the 2nd image next to the search,delete,image,NONE,next_to,search,2nd,3,4,0,4,1
press and hold yellow image to the left of the address,long-press,image,yellow,left_of,address,NONE,4,4,10,3,3
copy the 3rd text next to the wi-fi,copy,text,NONE,next_to,wi-fi,3rd,2,9,0,4,2
press the 2nd icon,click,icon,NONE,NONE,NONE,2nd,1,3,0,0,1
paste blue text to the left of the profile,paste,text,blue,left_of,profile,NONE,6,9,2,3,3
remove white button,delete,button,white,NONE,NONE,NONE,3,1,9,0,3
copy pink text to the left of the search,copy,text,pink,left_of,search,NONE,2,9,6,3,3
open the 3rd green menu above the cart,open,menu,green,above,cart,3rd,5,6,4,1,2
copy the 2nd green text,copy,text,green,NONE,NONE,2nd,2,9,4,0,1
paste pink text below the login,paste,text,pink,below,login,NONE,6,9,6,2,3
scroll down to the 3rd red menu below the home,scroll,menu,red,below,home,3rd,7,6,8,2,2
scroll to gray tab above the profile,scroll,tab,gray,above,profile,NONE,7,8,3,1,3
launch the 3rd link to the left of the cart,open,link,NONE,left_of,cart,3rd,5,5,0,3,2
tap red switch next to the checkout,tap,switch,red,next_to,checkout,NONE,8,7,8,4,3
click the 2nd image,click,image,NONE,NONE,NONE,2nd,1,4,0,0,1
click the 2nd tab below the login,click,tab,NONE,below,login,2nd,1,8,0,2,1
delete text to the right of the settings,delete,text,NONE,right_of,settings,NONE,3,9,0,5,3
tap on white link next to the notifications,tap,link,white,next_to,notifications,NONE,8,5,9,4,3
remove gray button below the profile,delete,button,gray,below,profile,NONE,3,1,3,2,3
open icon,open,icon,NONE,NONE,NONE,NONE,5,3,0,0,3
select text,click,text,NONE,NONE,NONE,NONE,1,9,0,0,3
tap button below the wi-fi,tap,button,NONE,below,wi-fi,NONE,8,1,0,2,3
copy the last purple text to the right of the notifications,copy,text,purple,right_of,notifications,last,2,9,7,5,4
paste the 2nd pink text,paste,text,pink,NONE,NONE,2nd,6,9,6,0,1
paste the 1st purple text to the left of the address,paste,text,purple,left_of,address,1st,6,9,7,3,0
long-press pink icon,long-press,icon,pink,NONE,NONE,NONE,4,3,6,0,3
tap on red link,tap,link,red,NONE,NONE,NONE,8,5,8,0,3
paste text below the search,paste,text,NONE,below,search,NONE,6,9,0,2,3
tap link to the right of the help,tap,link,NONE,right_of,help,NONE,8,5,0,5,3
tap button,tap,button,NONE,NONE,NONE,NONE,8,1,0,0,3
long-press icon next to the last item,long-press,icon,NONE,next_to,last item,NONE,4,3,0,4,3
paste orange text to the right of the last item,paste,text,orange,right_of,last item,NONE,6,9,5,5,3
scroll down to text,scroll,text,NONE,NONE,NONE,NONE,7,9,0,0,3
launch menu below the profile,open,menu,NONE,below,profile,NONE,5,6,0,2,3
paste text to the left of the address,paste,text,NONE,left_of,address,NONE,6,9,0,3,3
copy text to the right of the home,copy,text,NONE,right_of,home,NONE,2,9,0,5,3
scroll down to black text below the profile,scroll,text,black,below,profile,NONE,7,9,1,2,3
remove gray image,delete,image,gray,NONE,NONE,NONE,3,4,3,0,3
press button above the help,click,button,NONE,above,help,NONE,1,1,0,1,3
copy text below the login,copy,text,NONE,below,login,NONE,2,9,0,2,3
scroll to blue text to the left of the search,scroll,text,blue,left_of,search,NONE,7,9,2,3,3
tap on the 2nd red button,tap,button,red,NONE,NONE,2nd,8,1,8,0,1
press gray tab,click,tab,gray,NONE,NONE,NONE,1,8,3,0,3
scroll to blue menu to the left of the address,scroll,menu,blue,left_of,address,NONE,7,6,2,3,3
press and hold the last button above the last item,long-press,button,NONE,above,last item,last,4,1,0,1,4
click on white button above the cart,click,button,white,above,cart,NONE,1,1,9,1,3
scroll to black tab,scroll,tab,black,NONE,NONE,NONE,7,8,1,0,3
click orange image below the profile,click,image,orange,below,profile,NONE,1,4,5,2,3
long-press the 3rd button below the notifications,long-press,button,NONE,below,notifications,3rd,4,1,0,2,2
open black link above the search,open,link,black,above,search,NONE,5,5,1,1,3
scroll to red text,scroll,text,red,NONE,NONE,NONE,7,9,8,0,3
remove the 2nd button to the right of the search,delete,button,NONE,right_of,search,2nd,3,1,0,5,1
paste text next to the first email,paste,text,NONE,next_to,first email,NONE,6,9,0,4,3
tap red switch below the login,tap,switch,red,below,login,NONE,8,7,8,2,3
select the last checkbox,click,checkbox,NONE,NONE,NONE,last,1,2,0,0,4
trash purple image,delete,image,purple,NONE,NONE,NONE,3,4,7,0,3
long-press icon below the checkout,long-press,icon,NONE,below,checkout,NONE,4,3,0,2,3
copy text,copy,text,NONE,NONE,NONE,NONE,2,9,0,0,3
paste the 2nd text next to the menu,paste,text,NONE,next_to,menu,2nd,6,9,0,4,1
delete blue image,delete,image,blue,NONE,NONE,NONE,3,4,2,0,3
scroll down to tab,scroll,tab,NONE,NONE,NONE,NONE,7,8,0,0,3
launch pink link to the left of the address,open,link,pink,left_of,address,NONE,5,5,6,3,3
paste text to the right of the first email,paste,text,NONE,right_of,first email,NONE,6,9,0,5,3
scroll down to text,scroll,text,NONE,NONE,NONE,NONE,7,9,0,0,3
open blue icon next to the search,open,icon,blue,next_to,search,NONE,5,3,2,4,3
launch gray tab,open,tab,gray,NONE,NONE,NONE,5,8,3,0,3
press and hold the 3rd pink icon,long-press,icon,pink,NONE,NONE,3rd,4,3,6,0,2
click the last green text to the left of the wi-fi,click,text,green,left_of,wi-fi,last,1,9,4,3,4
long-press icon,long-press,icon,NONE,NONE,NONE,NONE,4,3,0,0,3
tap the 3rd checkbox to the right of the home,tap,checkbox,NONE,right_of,home,3rd,8,2,0,5,2
trash the 1st image next to the notifications,delete,image,NONE,next_to,notifications,1st,3,4,0,4,0
paste the 3rd gray text to the left of the settings,paste,text,gray,left_of,settings,3rd,6,9,3,3,2
launch white button to the left of the menu,open,button,white,left_of,menu,NONE,5,1,9,3,3
open blue icon above the address,open,icon,blue,above,address,NONE,5,3,2,1,3
tap link above the payment,tap,link,NONE,above,payment,NONE,8,5,0,1,3
long-press text,long-press,text,NONE,NONE,NONE,NONE,4,9,0,0,3
press and hold the last text,long-press,text,NONE,NONE,NONE,last,4,9,0,0,4
copy gray text to the left of the last item,copy,text,gray,left_of,last item,NONE,2,9,3,3,3
remove text,delete,text,NONE,NONE,NONE,NONE,3,9,0,0,3
launch link below the settings,open,link,NONE,below,settings,NONE,5,5,0,2,3
long-press button above the notifications,long-press,button,NONE,above,notifications,NONE,4,1,0,1,3
press and hold button to the right of the cart,long-press,button,NONE,right_of,cart,NONE,4,1,0,5,3
paste text,paste,text,NONE,NONE,NONE,NONE,6,9,0,0,3
press the 1st button below the menu,click,button,NONE,below,menu,1st,1,1,0,2,0
click on image,click,image,NONE,NONE,NONE,NONE,1,4,0,0,3
long-press yellow image below the payment,long-press,image,yellow,below,payment,NONE,4,4,10,2,3
open red link,open,link,red,NONE,NONE,NONE,5,5,8,0,3
tap gray link to the right of the home,tap,link,gray,right_of,home,NONE,8,5,3,5,3
launch red button,open,button,red,NONE,NONE,NONE,5,1,8,0,3
scroll to the 3rd menu to the left of the payment,scroll,menu,NONE,left_of,payment,3rd,7,6,0,3,2
delete text above the notifications,delete,text,NONE,above,notifications,NONE,3,9,0,1,3
tap on the last tab,tap,tab,NONE,NONE,NONE,last,8,8,0,0,4
copy text above the last item,copy,text,NONE,above,last item,NONE,2,9,0,1,3
long-press icon next to the first email,long-press,icon,NONE,next_to,first email,NONE,4,3,0,4,3
copy text below the notifications,copy,text,NONE,below,notifications,NONE,2,9,0,2,3
press and hold the 2nd pink icon,long-press,icon,pink,NONE,NONE,2nd,4,3,6,0,1
paste the 1st text above the first email,paste,text,NONE,above,first email,1st,6,9,0,1,0
paste text,paste,text,NONE,NONE,NONE,NONE,6,9,0,0,3
press and hold button to the left of the notifications,long-press,button,NONE,left_of,notifications,NONE,4,1,0,3,3
tap on button,tap,button,NONE,NONE,NONE,NONE,8,1,0,0,3
launch menu above the login,open,menu,NONE,above,login,NONE,5,6,0,1,3
click on text,click,text,NONE,NONE,NONE,NONE,1,9,0,0,3
paste text,paste,text,NONE,NONE,NONE,NONE,6,9,0,0,3
tap checkbox to the right of the settings,tap,checkbox,NONE,right_of,settings,NONE,8,2,0,5,3
open green icon,open,icon,green,NONE,NONE,NONE,5,3,4,0,3
launch link below the search,open,link,NONE,below,search,NONE,5,5,0,2,3
delete text,delete,text,NONE,NONE,NONE,NONE,3,9,0,0,3
tap on icon,tap,icon,NONE,NONE,NONE,NONE,8,3,0,0,3
tap red link,tap,link,red,NONE,NONE,NONE,8,5,8,0,3
long-press the 3rd icon,long-press,icon,NONE,NONE,NONE,3rd,4,3,0,0,2
paste gray text,paste,text,gray,NONE,NONE,NONE,6,9,3,0,3
click on switch,click,switch,NONE,NONE,NONE,NONE,1,7,0,0,3
remove button next to the profile,delete,button,NONE,next_to,profile,NONE,3,1,0,4,3
click the 3rd link next to the search,click,link,NONE,next_to,search,3rd,1,5,0,4,2
tap on the 3rd checkbox,tap,checkbox,NONE,NONE,NONE,3rd,8,2,0,0,2
scroll down to text below the profile,scroll,text,NONE,below,profile,NONE,7,9,0,2,3
paste green text above the menu,paste,text,green,above,menu,NONE,6,9,4,1,3
click checkbox next to the login,click,checkbox,NONE,next_to,login,NONE,1,2,0,4,3
launch the last tab,open,tab,NONE,NONE,NONE,last,5,8,0,0,4
copy the 2nd text,copy,text,NONE,NONE,NONE,2nd,2,9,0,0,1
scroll down to menu above the last item,scroll,menu,NONE,above,last item,NONE,7,6,0,1,3
copy the 2nd purple text below the payment,copy,text,purple,below,payment,2nd,2,9,7,2,1
copy text to the right of the wi-fi,copy,text,NONE,right_of,wi-fi,NONE,2,9,0,5,3
launch icon above the cart,open,icon,NONE,above,cart,NONE,5,3,0,1,3
copy the 1st text,copy,text,NONE,NONE,NONE,1st,2,9,0,0,0
copy text above the settings,copy,text,NONE,above,settings,NONE,2,9,0,1,3
press and hold the last icon below the search,long-press,icon,NONE,below,search,last,4,3,0,2,4
delete the 1st button above the cart,delete,button,NONE,above,cart,1st,3,1,0,1,0
long-press button,long-press,button,NONE,NONE,NONE,NONE,4,1,0,0,3
long-press the 2nd image next to the checkout,long-press,image,NONE,next_to,checkout,2nd,4,4,0,4,1
delete red image above the notifications,delete,image,red,above,notifications,NONE,3,4,8,1,3
click on the 1st red icon,click,icon,red,NONE,NONE,1st,1,3,8,0,0
scroll to text,scroll,text,NONE,NONE,NONE,NONE,7,9,0,0,3
scroll down to the last text,scroll,text,NONE,NONE,NONE,last,7,9,0,0,4
delete the 3rd text next to the last item,delete,text,NONE,next_to,last item,3rd,3,9,0,4,2
scroll down to tab above the first email,scroll,tab,NONE,above,first email,NONE,7,8,0,1,3
copy text next to the notifications,copy,text,NONE,next_to,notifications,NONE,2,9,0,4,3
tap on red tab below the last item,tap,tab,red,below,last item,NONE,8,8,8,2,3
remove text to the right of the first email,delete,text,NONE,right_of,first email,NONE,3,9,0,5,3
press and hold green button to the right of the payment,long-press,button,green,right_of,payment,NONE,4,1,4,5,3
scroll to text to the right of the search,scroll,text,NONE,right_of,search,NONE,7,9,0,5,3
scroll to the 3rd text,scroll,text,NONE,NONE,NONE,3rd,7,9,0,0,2
click on gray image,click,image,gray,NONE,NONE,NONE,1,4,3,0,3
copy the 1st text above the cart,copy,text,NONE,above,cart,1st,2,9,0,1,0
paste text,paste,text,NONE,NONE,NONE,NONE,6,9,0,0,3
tap on link above the profile,tap,link,NONE,above,profile,NONE,8,5,0,1,3
tap on the last white button to the left of the cart,tap,button,white,left_of,cart,last,8,1,9,3,4
paste text,paste,text,NONE,NONE,NONE,NONE,6,9,0,0,3
scroll down to tab next to the menu,scroll,tab,NONE,next_to,menu,NONE,7,8,0,4,3
trash text to the right of the payment,delete,text,NONE,right_of,payment,NONE,3,9,0,5,3
trash white image below the last item,delete,image,white,below,last item,NONE,3,4,9,2,3
click on switch to the right of the login,click,switch,NONE,right_of,login,NONE,1,7,0,5,3
paste text below the wi-fi,paste,text,NONE,below,wi-fi,NONE,6,9,0,2,3
scroll down to menu,scroll,menu,NONE,NONE,NONE,NONE,7,6,0,0,3
trash red button,delete,button,red,NONE,NONE,NONE,3,1,8,0,3
scroll down to tab to the right of the checkout,scroll,tab,NONE,right_of,checkout,NONE,7,8,0,5,3
paste the 2nd text below the home,paste,text,NONE,below,home,2nd,6,9,0,2,1
copy the last gray text next to the search,copy,text,gray,next_to,search,last,2,9,3,4,4
tap orange tab to the left of the last item,tap,tab,orange,left_of,last item,NONE,8,8,5,3,3
press and hold button,long-press,button,NONE,NONE,NONE,NONE,4,1,0,0,3
click the 2nd text above the login,click,text,NONE,above,login,2nd,1,9,0,1,1
launch purple button,open,button,purple,NONE,NONE,NONE,5,1,7,0,3
paste text above the settings,paste,text,NONE,above,settings,NONE,6,9,0,1,3
open menu below the checkout,open,menu,NONE,below,checkout,NONE,5,6,0,2,3
scroll down to the 1st green text,scroll,text,green,NONE,NONE,1st,7,9,4,0,0
scroll to the last black menu,scroll,menu,black,NONE,NONE,last,7,6,1,0,4
tap on checkbox to the left of the home,tap,checkbox,NONE,left_of,home,NONE,8,2,0,3,3
press and hold the last white text next to the help,long-press,text,white,next_to,help,last,4,9,9,4,4
long-press text,long-press,text,NONE,NONE,NONE,NONE,4,9,0,0,3
launch the 1st white tab to the right of the settings,open,tab,white,right_of,settings,1st,5,8,9,5,0
long-press button to the right of the menu,long-press,button,NONE,right_of,menu,NONE,4,1,0,5,3
scroll to the 1st tab above the menu,scroll,tab,NONE,above,menu,1st,7,8,0,1,0
scroll down to menu to the right of the wi-fi,scroll,menu,NONE,right_of,wi-fi,NONE,7,6,0,5,3
open link next to the checkout,open,link,NONE,next_to,checkout,NONE,5,5,0,4,3
select blue button above the payment,click,button,blue,above,payment,NONE,1,1,2,1,3
press and hold the 1st orange text,long-press,text,orange,NONE,NONE,1st,4,9,5,0,0
scroll to the 2nd menu to the left of the login,scroll,menu,NONE,left_of,login,2nd,7,6,0,3,1
launch purple tab below the cart,open,tab,purple,below,cart,NONE,5,8,7,2,3
scroll down to tab to the left of the login,scroll,tab,NONE,left_of,login,NONE,7,8,0,3,3
click switch to the left of the notifications,click,switch,NONE,left_of,notifications,NONE,1,7,0,3,3
open the 3rd green link,open,link,green,NONE,NONE,3rd,5,5,4,0,2
click switch,click,switch,NONE,NONE,NONE,NONE,1,7,0,0,3
press and hold text next to the settings,long-press,text,NONE,next_to,settings,NONE,4,9,0,4,3
copy text below the login,copy,text,NONE,below,login,NONE,2,9,0,2,3
tap the 1st checkbox next to the address,tap,checkbox,NONE,next_to,address,1st,8,2,0,4,0
press and hold white text,long-press,text,white,NONE,NONE,NONE,4,9,9,0,3
long-press image to the left of the wi-fi,long-press,image,NONE,left_of,wi-fi,NONE,4,4,0,3,3
launch pink menu,open,menu,pink,NONE,NONE,NONE,5,6,6,0,3
click icon next to the profile,click,icon,NONE,next_to,profile,NONE,1,3,0,4,3
delete pink text to the right of the address,delete,text,pink,right_of,address,NONE,3,9,6,5,3
copy the 3rd text,copy,text,NONE,NONE,NONE,3rd,2,9,0,0,2
tap link below the notifications,tap,link,NONE,below,notifications,NONE,8,5,0,2,3
copy the 3rd text to the left of the profile,copy,text,NONE,left_of,profile,3rd,2,9,0,3,2
copy text,copy,text,NONE,NONE,NONE,NONE,2,9,0,0,3
scroll down to red menu below the profile,scroll,menu,red,below,profile,NONE,7,6,8,2,3
long-press the 1st blue text below the first email,long-press,text,blue,below,first email,1st,4,9,2,2,0
long-press black icon,long-press,icon,black,NONE,NONE,NONE,4,3,1,0,3
delete button,delete,button,NONE,NONE,NONE,NONE,3,1,0,0,3
paste the last orange text next to the address,paste,text,orange,next_to,address,last,6,9,5,4,4
paste the 1st text to the left of the settings,paste,text,NONE,left_of,settings,1st,6,9,0,3,0
press switch next to the home,click,switch,NONE,next_to,home,NONE,1,7,0,4,3
press and hold the 1st text,long-press,text,NONE,NONE,NONE,1st,4,9,0,0,0
launch link below the checkout,open,link,NONE,below,checkout,NONE,5,5,0,2,3
select the 2nd link,click,link,NONE,NONE,NONE,2nd,1,5,0,0,1
long-press button,long-press,button,NONE,NONE,NONE,NONE,4,1,0,0,3
copy black text,copy,text,black,NONE,NONE,NONE,2,9,1,0,3
scroll to the 1st orange menu to the right of the profile,scroll,menu,orange,right_of,profile,1st,7,6,5,5,0
scroll to the 2nd green tab,scroll,tab,green,NONE,NONE,2nd,7,8,4,0,1
tap on link to the right of the search,tap,link,NONE,right_of,search,NONE,8,5,0,5,3
long-press image above the notifications,long-press,image,NONE,above,notifications,NONE,4,4,0,1,3
copy red text to the right of the last item,copy,text,red,right_of,last item,NONE,2,9,8,5,3
trash the last button next to the login,delete,button,NONE,next_to,login,last,3,1,0,4,4
paste text next to the help,paste,text,NONE,next_to,help,NONE,6,9,0,4,3
scroll down to tab,scroll,tab,NONE,NONE,NONE,NONE,7,8,0,0,3
scroll to menu,scroll,menu,NONE,NONE,NONE,NONE,7,6,0,0,3
delete button,delete,button,NONE,NONE,NONE,NONE,3,1,0,0,3
long-press the 2nd icon to the right of the cart,long-press,icon,NONE,right_of,cart,2nd,4,3,0,5,1
copy the 2nd text,copy,text,NONE,NONE,NONE,2nd,2,9,0,0,1
long-press icon below the last item,long-press,icon,NONE,below,last item,NONE,4,3,0,2,3
paste white text,paste,text,white,NONE,NONE,NONE,6,9,9,0,3
trash image below the notifications,delete,image,NONE,below,notifications,NONE,3,4,0,2,3
copy the 1st text to the right of the wi-fi,copy,text,NONE,right_of,wi-fi,1st,2,9,0,5,0
tap on the last button to the right of the help,tap,button,NONE,right_of,help,last,8,1,0,5,4
copy red text to the right of the checkout,copy,text,red,right_of,checkout,NONE,2,9,8,5,3
press and hold the 1st text below the checkout,long-press,text,NONE,below,checkout,1st,4,9,0,2,0
paste the 2nd text,paste,text,NONE,NONE,NONE,2nd,6,9,0,0,1
select the 3rd text to the left of the home,click,text,NONE,left_of,home,3rd,1,9,0,3,2
copy text next to the cart,copy,text,NONE,next_to,cart,NONE,2,9,0,4,3
open the 3rd link to the left of the last item,open,link,NONE,left_of,last item,3rd,5,5,0,3,2
press the last checkbox,click,checkbox,NONE,NONE,NONE,last,1,2,0,0,4
scroll down to menu next to the help,scroll,menu,NONE,next_to,help,NONE,7,6,0,4,3
scroll to white tab below the login,scroll,tab,white,below,login,NONE,7,8,9,2,3
launch purple button above the checkout,open,button,purple,above,checkout,NONE,5,1,7,1,3
open link below the wi-fi,open,link,NONE,below,wi-fi,NONE,5,5,0,2,3
tap on the 2nd link to the left of the cart,tap,link,NONE,left_of,cart,2nd,8,5,0,3,1
long-press icon to the right of the login,long-press,icon,NONE,right_of,login,NONE,4,3,0,5,3
copy the 1st text,copy,text,NONE,NONE,NONE,1st,2,9,0,0,0
open the last icon,open,icon,NONE,NONE,NONE,last,5,3,0,0,4
open the 2nd tab,open,tab,NONE,NONE,NONE,2nd,5,8,0,0,1
tap on the last link,tap,link,NONE,NONE,NONE,last,8,5,0,0,4
click the last orange text,click,text,orange,NONE,NONE,last,1,9,5,0,4
copy orange text to the right of the wi-fi,copy,text,orange,right_of,wi-fi,NONE,2,9,5,5,3
paste text,paste,text,NONE,NONE,NONE,NONE,6,9,0,0,3
trash button,delete,button,NONE,NONE,NONE,NONE,3,1,0,0,3
tap on the last pink link next to the cart,tap,link,pink,next_to,cart,last,8,5,6,4,4
paste black text next to the notifications,paste,text,black,next_to,notifications,NONE,6,9,1,4,3
paste text to the right of the cart,paste,text,NONE,right_of,cart,NONE,6,9,0,5,3
long-press button,long-press,button,NONE,NONE,NONE,NONE,4,1,0,0,3
click on orange icon,click,icon,orange,NONE,NONE,NONE,1,3,5,0,3
tap tab below the first email,tap,tab,NONE,below,first email,NONE,8,8,0,2,3
scroll to menu next to the profile,scroll,menu,NONE,next_to,profile,NONE,7,6,0,4,3
paste text next to the cart,paste,text,NONE,next_to,cart,NONE,6,9,0,4,3
paste text,paste,text,NONE,NONE,NONE,NONE,6,9,0,0,3
launch the last tab below the profile,open,tab,NONE,below,profile,last,5,8,0,2,4
long-press text to the right of the home,long-press,text,NONE,right_of,home,NONE,4,9,0,5,3
long-press the 1st green icon,long-press,icon,green,NONE,NONE,1st,4,3,4,0,0
click link,click,link,NONE,NONE,NONE,NONE,1,5,0,0,3
scroll down to text,scroll,text,NONE,NONE,NONE,NONE,7,9,0,0,3
paste the 3rd black text next to the checkout,paste,text,black,next_to,checkout,3rd,6,9,1,4,2
paste text,paste,text,NONE,NONE,NONE,NONE,6,9,0,0,3
scroll to the last black tab,scroll,tab,black,NONE,NONE,last,7,8,1,0,4
paste the last text below the wi-fi,paste,text,NONE,below,wi-fi,last,6,9,0,2,4
delete text next to the search,delete,text,NONE,next_to,search,NONE,3,9,0,4,3
copy text,copy,text,NONE,NONE,NONE,NONE,2,9,0,0,3
click switch below the menu,click,switch,NONE,below,menu,NONE,1,7,0,2,3
trash the 3rd button next to the login,delete,button,NONE,next_to,login,3rd,3,1,0,4,2
open the last icon to the right of the home,open,icon,NONE,right_of,home,last,5,3,0,5,4
scroll down to tab below the notifications,scroll,tab,NONE,below,notifications,NONE,7,8,0,2,3
scroll down to pink tab to the left of the checkout,scroll,tab,pink,left_of,checkout,NONE,7,8,6,3,3
scroll to menu to the right of the login,scroll,menu,NONE,right_of,login,NONE,7,6,0,5,3
scroll to text to the left of the payment,scroll,text,NONE,left_of,payment,NONE,7,9,0,3,3
scroll down to menu to the right of the login,scroll,menu,NONE,right_of,login,NONE,7,6,0,5,3
scroll down to the 2nd tab,scroll,tab,NONE,NONE,NONE,2nd,7,8,0,0,1
click on blue link to the right of the wi-fi,click,link,blue,right_of,wi-fi,NONE,1,5,2,5,3
launch green button,open,button,green,NONE,NONE,NONE,5,1,4,0,3
copy red text,copy,text,red,NONE,NONE,NONE,2,9,8,0,3
copy the 3rd text,copy,text,NONE,NONE,NONE,3rd,2,9,0,0,2
scroll to menu to the left of the first email,scroll,menu,NONE,left_of,first email,NONE,7,6,0,3,3
scroll down to text below the profile,scroll,text,NONE,below,profile,NONE,7,9,0,2,3
tap tab above the address,tap,tab,NONE,above,address,NONE,8,8,0,1,3
tap on black checkbox,tap,checkbox,black,NONE,NONE,NONE,8,2,1,0,3
open tab next to the settings,open,tab,NONE,next_to,settings,NONE,5,8,0,4,3
copy text above the first email,copy,text,NONE,above,first email,NONE,2,9,0,1,3
scroll down to the last tab above the payment,scroll,tab,NONE,above,payment,last,7,8,0,1,4
click on the 2nd image,click,image,NONE,NONE,NONE,2nd,1,4,0,0,1
remove button next to the home,delete,button,NONE,next_to,home,NONE,3,1,0,4,3
click the 2nd green switch,click,switch,green,NONE,NONE,2nd,1,7,4,0,1
click on checkbox above the last item,click,checkbox,NONE,above,last item,NONE,1,2,0,1,3
tap on button above the address,tap,button,NONE,above,address,NONE,8,1,0,1,3
press and hold the 2nd red button below the address,long-press,button,red,below,address,2nd,4,1,8,2,1
press red link below the payment,click,link,red,below,payment,NONE,1,5,8,2,3
scroll down to text next to the settings,scroll,text,NONE,next_to,settings,NONE,7,9,0,4,3
long-press the 1st button,long-press,button,NONE,NONE,NONE,1st,4,1,0,0,0
copy text below the home,copy,text,NONE,below,home,NONE,2,9,0,2,3
tap switch next to the notifications,tap,switch,NONE,next_to,notifications,NONE,8,7,0,4,3
long-press button,long-press,button,NONE,NONE,NONE,NONE,4,1,0,0,3
tap pink link to the right of the home,tap,link,pink,right_of,home,NONE,8,5,6,5,3
paste green text to the left of the search,paste,text,green,left_of,search,NONE,6,9,4,3,3
paste the 3rd text,paste,text,NONE,NONE,NONE,3rd,6,9,0,0,2
press the 1st red text below the search,click,text,red,below,search,1st,1,9,8,2,0
tap on button next to the settings,tap,button,NONE,next_to,settings,NONE,8,1,0,4,3
open button,open,button,NONE,NONE,NONE,NONE,5,1,0,0,3
launch tab to the left of the first email,open,tab,NONE,left_of,first email,NONE,5,8,0,3,3
press and hold image to the left of the search,long-press,image,NONE,left_of,search,NONE,4,4,0,3,3
tap on switch next to the last item,tap,switch,NONE,next_to,last item,NONE,8,7,0,4,3
paste green text to the right of the payment,paste,text,green,right_of,payment,NONE,6,9,4,5,3
open black tab,open,tab,black,NONE,NONE,NONE,5,8,1,0,3
scroll down to tab above the first email,scroll,tab,NONE,above,first email,NONE,7,8,0,1,3
scroll to the 1st black menu above the menu,scroll,menu,black,above,menu,1st,7,6,1,1,0
select the 1st image,click,image,NONE,NONE,NONE,1st,1,4,0,0,0
launch gray link next to the search,open,link,gray,next_to,search,NONE,5,5,3,4,3
paste gray text next to the profile,paste,text,gray,next_to,profile,NONE,6,9,3,4,3
tap the 2nd icon to the right of the home,tap,icon,NONE,right_of,home,2nd,8,3,0,5,1
press and hold image to the right of the profile,long-press,image,NONE,right_of,profile,NONE,4,4,0,5,3
copy text to the right of the help,copy,text,NONE,right_of,help,NONE,2,9,0,5,3
long-press the 1st image,long-press,image,NONE,NONE,NONE,1st,4,4,0,0,0
open tab next to the help,open,tab,NONE,next_to,help,NONE,5,8,0,4,3
scroll down to menu,scroll,menu,NONE,NONE,NONE,NONE,7,6,0,0,3
long-press button,long-press,button,NONE,NONE,NONE,NONE,4,1,0,0,3
copy white text next to the search,copy,text,white,next_to,search,NONE,2,9,9,4,3
remove image below the cart,delete,image,NONE,below,cart,NONE,3,4,0,2,3
copy text,copy,text,NONE,NONE,NONE,NONE,2,9,0,0,3
press white tab next to the address,click,tab,white,next_to,address,NONE,1,8,9,4,3
press and hold icon to the left of the cart,long-press,icon,NONE,left_of,cart,NONE,4,3,0,3,3
copy text above the first email,copy,text,NONE,above,first email,NONE,2,9,0,1,3
paste text to the left of the home,paste,text,NONE,left_of,home,NONE,6,9,0,3,3
copy yellow text below the address,copy,text,yellow,below,address,NONE,2,9,10,2,3
remove the 1st image to the left of the notifications,delete,image,NONE,left_of,notifications,1st,3,4,0,3,0
copy green text,copy,text,green,NONE,NONE,NONE,2,9,4,0,3
paste the 3rd text,paste,text,NONE,NONE,NONE,3rd,6,9,0,0,2
trash text to the right of the home,delete,text,NONE,right_of,home,NONE,3,9,0,5,3
press and hold text above the profile,long-press,text,NONE,above,profile,NONE,4,9,0,1,3
open button,open,button,NONE,NONE,NONE,NONE,5,1,0,0,3
remove purple button,delete,button,purple,NONE,NONE,NONE,3,1,7,0,3
delete text above the login,delete,text,NONE,above,login,NONE,3,9,0,1,3
press and hold icon below the checkout,long-press,icon,NONE,below,checkout,NONE,4,3,0,2,3
launch yellow button,open,button,yellow,NONE,NONE,NONE,5,1,10,0,3
copy the last text to the left of the profile,copy,text,NONE,left_of,profile,last,2,9,0,3,4
trash button next to the menu,delete,button,NONE,next_to,menu,NONE,3,1,0,4,3
launch icon above the login,open,icon,NONE,above,login,NONE,5,3,0,1,3
copy the 1st white text next to the home,copy,text,white,next_to,home,1st,2,9,9,4,0
tap gray button to the left of the login,tap,button,gray,left_of,login,NONE,8,1,3,3,3
copy text next to the last item,copy,text,NONE,next_to,last item,NONE,2,9,0,4,3
paste text to the left of the profile,paste,text,NONE,left_of,profile,NONE,6,9,0,3,3
paste black text to the right of the last item,paste,text,black,right_of,last item,NONE,6,9,1,5,3
copy text,copy,text,NONE,NONE,NONE,NONE,2,9,0,0,3
click the 1st icon to the left of the cart,click,icon,NONE,left_of,cart,1st,1,3,0,3,0
press the last button,click,button,NONE,NONE,NONE,last,1,1,0,0,4
trash image below the first email,delete,image,NONE,below,first email,NONE,3,4,0,2,3
delete image to the right of the cart,delete,image,NONE,right_of,cart,NONE,3,4,0,5,3
click on text above the login,click,text,NONE,above,login,NONE,1,9,0,1,3
remove the last image next to the settings,delete,image,NONE,next_to,settings,last,3,4,0,4,4
remove the 2nd text,delete,text,NONE,NONE,NONE,2nd,3,9,0,0,1
copy text above the settings,copy,text,NONE,above,settings,NONE,2,9,0,1,3
scroll to text,scroll,text,NONE,NONE,NONE,NONE,7,9,0,0,3
select red icon to the left of the address,click,icon,red,left_of,address,NONE,1,3,8,3,3
scroll down to green tab below the first email,scroll,tab,green,below,first email,NONE,7,8,4,2,3
remove the 3rd button above the payment,delete,button,NONE,above,payment,3rd,3,1,0,1,2
paste text,paste,text,NONE,NONE,NONE,NONE,6,9,0,0,3
click on red checkbox,click,checkbox,red,NONE,NONE,NONE,1,2,8,0,3
select switch,click,switch,NONE,NONE,NONE,NONE,1,7,0,0,3
tap tab to the right of the first email,tap,tab,NONE,right_of,first email,NONE,8,8,0,5,3
scroll to purple text to the right of the first email,scroll,text,purple,right_of,first email,NONE,7,9,7,5,3
scroll down to the 3rd tab next to the checkout,scroll,tab,NONE,next_to,checkout,3rd,7,8,0,4,2
copy yellow text to the left of the address,copy,text,yellow,left_of,address,NONE,2,9,10,3,3
paste the 2nd orange text to the left of the menu,paste,text,orange,left_of,menu,2nd,6,9,5,3,1
tap green checkbox,tap,checkbox,green,NONE,NONE,NONE,8,2,4,0,3
tap button to the right of the last item,tap,button,NONE,right_of,last item,NONE,8,1,0,5,3
launch the 3rd white tab,open,tab,white,NONE,NONE,3rd,5,8,9,0,2
trash button above the address,delete,button,NONE,above,address,NONE,3,1,0,1,3
tap on pink link next to the first email,tap,link,pink,next_to,first email,NONE,8,5,6,4,3
click link below the home,click,link,NONE,below,home,NONE,1,5,0,2,3
scroll down to tab to the left of the address,scroll,tab,NONE,left_of,address,NONE,7,8,0,3,3
open tab above the help,open,tab,NONE,above,help,NONE,5,8,0,1,3
paste text below the profile,paste,text,NONE,below,profile,NONE,6,9,0,2,3
long-press image to the right of the login,long-press,image,NONE,right_of,login,NONE,4,4,0,5,3
copy text next to the profile,copy,text,NONE,next_to,profile,NONE,2,9,0,4,3
tap link to the left of the checkout,tap,link,NONE,left_of,checkout,NONE,8,5,0,3,3
paste text below the help,paste,text,NONE,below,help,NONE,6,9,0,2,3
paste white text to the right of the last item,paste,text,white,right_of,last item,NONE,6,9,9,5,3
long-press button to the left of the first email,long-press,button,NONE,left_of,first email,NONE,4,1,0,3,3
press and hold icon,long-press,icon,NONE,NONE,NONE,NONE,4,3,0,0,3
long-press icon above the menu,long-press,icon,NONE,above,menu,NONE,4,3,0,1,3
launch the 3rd button,open,button,NONE,NONE,NONE,3rd,5,1,0,0,2
tap on switch,tap,switch,NONE,NONE,NONE,NONE,8,7,0,0,3
scroll to menu,scroll,menu,NONE,NONE,NONE,NONE,7,6,0,0,3
launch the 3rd icon above the notifications,open,icon,NONE,above,notifications,3rd,5,3,0,1,2
click switch above the profile,click,switch,NONE,above,profile,NONE,1,7,0,1,3
open button below the help,open,button,NONE,below,help,NONE,5,1,0,2,3
press green icon to the right of the help,click,icon,green,right_of,help,NONE,1,3,4,5,3
tap on button to the right of the settings,tap,button,NONE,right_of,settings,NONE,8,1,0,5,3
tap on button to the right of the help,tap,button,NONE,right_of,help,NONE,8,1,0,5,3
launch yellow link above the cart,open,link,yellow,above,cart,NONE,5,5,10,1,3
copy text above the notifications,copy,text,NONE,above,notifications,NONE,2,9,0,1,3
long-press black text to the left of the address,long-press,text,black,left_of,address,NONE,4,9,1,3,3
remove button above the settings,delete,button,NONE,above,settings,NONE,3,1,0,1,3
remove image to the right of the search,delete,image,NONE,right_of,search,NONE,3,4,0,5,3
scroll down to black tab,scroll,tab,black,NONE,NONE,NONE,7,8,1,0,3
press and hold the 3rd icon to the right of the menu,long-press,icon,NONE,right_of,menu,3rd,4,3,0,5,2
delete green button to the left of the settings,delete,button,green,left_of,settings,NONE,3,1,4,3,3
launch tab,open,tab,NONE,NONE,NONE,NONE,5,8,0,0,3
click purple icon,click,icon,purple,NONE,NONE,NONE,1,3,7,0,3
tap the 2nd checkbox,tap,checkbox,NONE,NONE,NONE,2nd,8,2,0,0,1
copy text,copy,text,NONE,NONE,NONE,NONE,2,9,0,0,3
scroll to the 2nd gray tab to the right of the last item,scroll,tab,gray,right_of,last item,2nd,7,8,3,5,1
copy pink text above the help,copy,text,pink,above,help,NONE,2,9,6,1,3
copy text below the search,copy,text,NONE,below,search,NONE,2,9,0,2,3
copy text to the right of the wi-fi,copy,text,NONE,right_of,wi-fi,NONE,2,9,0,5,3
scroll to pink menu above the payment,scroll,menu,pink,above,payment,NONE,7,6,6,1,3
open white link,open,link,white,NONE,NONE,NONE,5,5,9,0,3
copy text,copy,text,NONE,NONE,NONE,NONE,2,9,0,0,3
copy the 3rd purple text,copy,text,purple,NONE,NONE,3rd,2,9,7,0,2
click checkbox,click,checkbox,NONE,NONE,NONE,NONE,1,2,0,0,3
paste gray text,paste,text,gray,NONE,NONE,NONE,6,9,3,0,3
tap on checkbox,tap,checkbox,NONE,NONE,NONE,NONE,8,2,0,0,3
paste text,paste,text,NONE,NONE,NONE,NONE,6,9,0,0,3
trash button above the help,delete,button,NONE,above,help,NONE,3,1,0,1,3
copy the 2nd text below the wi-fi,copy,text,NONE,below,wi-fi,2nd,2,9,0,2,1
delete the 1st red image,delete,image,red,NONE,NONE,1st,3,4,8,0,0
tap link,tap,link,NONE,NONE,NONE,NONE,8,5,0,0,3
copy text,copy,text,NONE,NONE,NONE,NONE,2,9,0,0,3
trash the 2nd text above the profile,delete,text,NONE,above,profile,2nd,3,9,0,1,1
trash the 3rd button,delete,button,NONE,NONE,NONE,3rd,3,1,0,0,2
remove the 3rd image,delete,image,NONE,NONE,NONE,3rd,3,4,0,0,2
copy the 1st purple text,copy,text,purple,NONE,NONE,1st,2,9,7,0,0
press the 1st purple image,click,image,purple,NONE,NONE,1st,1,4,7,0,0
paste the 1st text to the right of the help,paste,text,NONE,right_of,help,1st,6,9,0,5,0
paste text next to the checkout,paste,text,NONE,next_to,checkout,NONE,6,9,0,4,3
open yellow icon below the search,open,icon,yellow,below,search,NONE,5,3,10,2,3
open pink button below the notifications,open,button,pink,below,notifications,NONE,5,1,6,2,3
delete the 1st button to the left of the help,delete,button,NONE,left_of,help,1st,3,1,0,3,0
scroll down to tab,scroll,tab,NONE,NONE,NONE,NONE,7,8,0,0,3
scroll to menu to the right of the login,scroll,menu,NONE,right_of,login,NONE,7,6,0,5,3
launch icon,open,icon,NONE,NONE,NONE,NONE,5,3,0,0,3
press and hold icon,long-press,icon,NONE,NONE,NONE,NONE,4,3,0,0,3
long-press pink image next to the payment,long-press,image,pink,next_to,payment,NONE,4,4,6,4,3
open menu to the left of the settings,open,menu,NONE,left_of,settings,NONE,5,6,0,3,3
launch button,open,button,NONE,NONE,NONE,NONE,5,1,0,0,3
copy text to the left of the payment,copy,text,NONE,left_of,payment,NONE,2,9,0,3,3
remove the 2nd image to the left of the settings,delete,image,NONE,left_of,settings,2nd,3,4,0,3,1
paste orange text,paste,text,orange,NONE,NONE,NONE,6,9,5,0,3
scroll down to the 3rd orange menu above the home,scroll,menu,orange,above,home,3rd,7,6,5,1,2
trash red image above the notifications,delete,image,red,above,notifications,NONE,3,4,8,1,3
launch menu,open,menu,NONE,NONE,NONE,NONE,5,6,0,0,3
scroll down to blue menu to the right of the address,scroll,menu,blue,right_of,address,NONE,7,6,2,5,3
launch button,open,button,NONE,NONE,NONE,NONE,5,1,0,0,3
press checkbox below the notifications,click,checkbox,NONE,below,notifications,NONE,1,2,0,2,3
copy the 3rd text,copy,text,NONE,NONE,NONE,3rd,2,9,0,0,2
copy text above the notifications,copy,text,NONE,above,notifications,NONE,2,9,0,1,3
delete image below the wi-fi,delete,image,NONE,below,wi-fi,NONE,3,4,0,2,3
launch the 3rd gray button to the right of the settings,open,button,gray,right_of,settings,3rd,5,1,3,5,2
paste the 3rd text next to the settings,paste,text,NONE,next_to,settings,3rd,6,9,0,4,2
launch the last tab to the right of the settings,open,tab,NONE,right_of,settings,last,5,8,0,5,4
launch the 3rd link,open,link,NONE,NONE,NONE,3rd,5,5,0,0,2
open tab,open,tab,NONE,NONE,NONE,NONE,5,8,0,0,3
trash the 1st gray text above the help,delete,text,gray,above,help,1st,3,9,3,1,0
paste text below the profile,paste,text,NONE,below,profile,NONE,6,9,0,2,3
open purple tab,open,tab,purple,NONE,NONE,NONE,5,8,7,0,3
tap on red button,tap,button,red,NONE,NONE,NONE,8,1,8,0,3
launch tab,open,tab,NONE,NONE,NONE,NONE,5,8,0,0,3
tap on link to the left of the settings,tap,link,NONE,left_of,settings,NONE,8,5,0,3,3
press and hold icon above the checkout,long-press,icon,NONE,above,checkout,NONE,4,3,0,1,3
scroll to text to the left of the menu,scroll,text,NONE,left_of,menu,NONE,7,9,0,3,3
copy blue text,copy,text,blue,NONE,NONE,NONE,2,9,2,0,3
click the 2nd orange switch,click,switch,orange,NONE,NONE,2nd,1,7,5,0,1
select the 1st green text to the left of the wi-fi,click,text,green,left_of,wi-fi,1st,1,9,4,3,0
click on the 3rd green link to the right of the wi-fi,click,link,green,right_of,wi-fi,3rd,1,5,4,5,2
trash gray text,delete,text,gray,NONE,NONE,NONE,3,9,3,0,3
remove text to the left of the wi-fi,delete,text,NONE,left_of,wi-fi,NONE,3,9,0,3,3
scroll down to the last gray text,scroll,text,gray,NONE,NONE,last,7,9,3,0,4
press and hold gray button above the menu,long-press,button,gray,above,menu,NONE,4,1,3,1,3
tap on purple button to the left of the settings,tap,button,purple,left_of,settings,NONE,8,1,7,3,3
long-press button above the cart,long-press,button,NONE,above,cart,NONE,4,1,0,1,3
press and hold purple text,long-press,text,purple,NONE,NONE,NONE,4,9,7,0,3
tap the 1st purple switch above the notifications,tap,switch,purple,above,notifications,1st,8,7,7,1,0
scroll to the 3rd gray tab below the menu,scroll,tab,gray,below,menu,3rd,7,8,3,2,2
press and hold blue image,long-press,image,blue,NONE,NONE,NONE,4,4,2,0,3
click switch to the left of the wi-fi,click,switch,NONE,left_of,wi-fi,NONE,1,7,0,3,3
paste the 2nd text above the notifications,paste,text,NONE,above,notifications,2nd,6,9,0,1,1
paste white text above the profile,paste,text,white,above,profile,NONE,6,9,9,1,3
open icon next to the cart,open,icon,NONE,next_to,cart,NONE,5,3,0,4,3
click link,click,link,NONE,NONE,NONE,NONE,1,5,0,0,3
click text,click,text,NONE,NONE,NONE,NONE,1,9,0,0,3
remove image to the left of the cart,delete,image,NONE,left_of,cart,NONE,3,4,0,3,3
click the 2nd black text,click,text,black,NONE,NONE,2nd,1,9,1,0,1
scroll down to white text below the cart,scroll,text,white,below,cart,NONE,7,9,9,2,3
paste text below the last item,paste,text,NONE,below,last item,NONE,6,9,0,2,3
tap link,tap,link,NONE,NONE,NONE,NONE,8,5,0,0,3
open menu to the left of the wi-fi,open,menu,NONE,left_of,wi-fi,NONE,5,6,0,3,3
tap button to the right of the checkout,tap,button,NONE,right_of,checkout,NONE,8,1,0,5,3
scroll down to pink tab to the left of the payment,scroll,tab,pink,left_of,payment,NONE,7,8,6,3,3
launch link above the home,open,link,NONE,above,home,NONE,5,5,0,1,3
copy the 3rd orange text to the left of the notifications,copy,text,orange,left_of,notifications,3rd,2,9,5,3,2
remove gray button to the right of the last item,delete,button,gray,right_of,last item,NONE,3,1,3,5,3
scroll to the 2nd text below the last item,scroll,text,NONE,below,last item,2nd,7,9,0,2,1
press and hold image,long-press,image,NONE,NONE,NONE,NONE,4,4,0,0,3
open the 2nd menu,open,menu,NONE,NONE,NONE,2nd,5,6,0,0,1
scroll down to the last menu to the left of the wi-fi,scroll,menu,NONE,left_of,wi-fi,last,7,6,0,3,4
scroll to gray menu to the right of the help,scroll,menu,gray,right_of,help,NONE,7,6,3,5,3
open white tab to the right of the address,open,tab,white,right_of,address,NONE,5,8,9,5,3
paste text above the home,paste,text,NONE,above,home,NONE,6,9,0,1,3
scroll to menu,scroll,menu,NONE,NONE,NONE,NONE,7,6,0,0,3
remove button,delete,button,NONE,NONE,NONE,NONE,3,1,0,0,3
tap on the 2nd checkbox,tap,checkbox,NONE,NONE,NONE,2nd,8,2,0,0,1
tap on pink link below the first email,tap,link,pink,below,first email,NONE,8,5,6,2,3
long-press yellow button next to the settings,long-press,button,yellow,next_to,settings,NONE,4,1,10,4,3
press and hold the 1st button to the left of the first email,long-press,button,NONE,left_of,first email,1st,4,1,0,3,0
scroll to orange text to the left of the login,scroll,text,orange,left_of,login,NONE,7,9,5,3,3
press image to the left of the cart,click,image,NONE,left_of,cart,NONE,1,4,0,3,3
launch menu,open,menu,NONE,NONE,NONE,NONE,5,6,0,0,3
click on switch above the help,click,switch,NONE,above,help,NONE,1,7,0,1,3
scroll down to black text next to the settings,scroll,text,black,next_to,settings,NONE,7,9,1,4,3
tap tab below the checkout,tap,tab,NONE,below,checkout,NONE,8,8,0,2,3
tap on blue switch to the right of the checkout,tap,switch,blue,right_of,checkout,NONE,8,7,2,5,3
scroll to menu to the right of the menu,scroll,menu,NONE,right_of,menu,NONE,7,6,0,5,3
scroll down to black text next to the last item,scroll,text,black,next_to,last item,NONE,7,9,1,4,3
open the last red button above the home,open,button,red,above,home,last,5,1,8,1,4
open pink tab above the last item,open,tab,pink,above,last item,NONE,5,8,6,1,3
delete the 1st image to the left of the help,delete,image,NONE,left_of,help,1st,3,4,0,3,0
paste text,paste,text,NONE,NONE,NONE,NONE,6,9,0,0,3
trash text below the settings,delete,text,NONE,below,settings,NONE,3,9,0,2,3
copy text below the checkout,copy,text,NONE,below,checkout,NONE,2,9,0,2,3
tap on icon,tap,icon,NONE,NONE,NONE,NONE,8,3,0,0,3
remove button next to the payment,delete,button,NONE,next_to,payment,NONE,3,1,0,4,3
scroll down to the 3rd purple text next to the profile,scroll,text,purple,next_to,profile,3rd,7,9,7,4,2
press and hold orange image next to the address,long-press,image,orange,next_to,address,NONE,4,4,5,4,3
remove gray button to the right of the notifications,delete,button,gray,right_of,notifications,NONE,3,1,3,5,3
click on tab next to the search,click,tab,NONE,next_to,search,NONE,1,8,0,4,3
remove text,delete,text,NONE,NONE,NONE,NONE,3,9,0,0,3
copy the last text,copy,text,NONE,NONE,NONE,last,2,9,0,0,4
copy the 2nd text below the address,copy,text,NONE,below,address,2nd,2,9,0,2,1
tap blue checkbox to the left of the home,tap,checkbox,blue,left_of,home,NONE,8,2,2,3,3
launch gray button,open,button,gray,NONE,NONE,NONE,5,1,3,0,3
tap switch above the settings,tap,switch,NONE,above,settings,NONE,8,7,0,1,3
delete button,delete,button,NONE,NONE,NONE,NONE,3,1,0,0,3
delete black image,delete,image,black,NONE,NONE,NONE,3,4,1,0,3
tap white checkbox below the wi-fi,tap,checkbox,white,below,wi-fi,NONE,8,2,9,2,3
press and hold pink button,long-press,button,pink,NONE,NONE,NONE,4,1,6,0,3
launch icon above the wi-fi,open,icon,NONE,above,wi-fi,NONE,5,3,0,1,3
tap on the 2nd switch next to the payment,tap,switch,NONE,next_to,payment,2nd,8,7,0,4,1
launch the 1st tab to the left of the settings,open,tab,NONE,left_of,settings,1st,5,8,0,3,0
click green icon below the first email,click,icon,green,below,first email,NONE,1,3,4,2,3
paste text,paste,text,NONE,NONE,NONE,NONE,6,9,0,0,3
click on link to the right of the profile,click,link,NONE,right_of,profile,NONE,1,5,0,5,3
scroll down to the 1st text to the right of the cart,scroll,text,NONE,right_of,cart,1st,7,9,0,5,0
press and hold button,long-press,button,NONE,NONE,NONE,NONE,4,1,0,0,3
open button to the right of the first email,open,button,NONE,right_of,first email,NONE,5,1,0,5,3
paste text,paste,text,NONE,NONE,NONE,NONE,6,9,0,0,3
copy text to the left of the cart,copy,text,NONE,left_of,cart,NONE,2,9,0,3,3
tap on red switch,tap,switch,red,NONE,NONE,NONE,8,7,8,0,3
launch black tab next to the settings,open,tab,black,next_to,settings,NONE,5,8,1,4,3
remove text,delete,text,NONE,NONE,NONE,NONE,3,9,0,0,3
paste text to the left of the profile,paste,text,NONE,left_of,profile,NONE,6,9,0,3,3
select the 1st tab,click,tab,NONE,NONE,NONE,1st,1,8,0,0,0
scroll to pink text,scroll,text,pink,NONE,NONE,NONE,7,9,6,0,3
scroll down to menu,scroll,menu,NONE,NONE,NONE,NONE,7,6,0,0,3
delete the last image above the first email,delete,image,NONE,above,first email,last,3,4,0,1,4
copy text,copy,text,NONE,NONE,NONE,NONE,2,9,0,0,3
delete text,delete,text,NONE,NONE,NONE,NONE,3,9,0,0,3
paste text to the left of the payment,paste,text,NONE,left_of,payment,NONE,6,9,0,3,3
copy text to the left of the wi-fi,copy,text,NONE,left_of,wi-fi,NONE,2,9,0,3,3
copy text to the left of the login,copy,text,NONE,left_of,login,NONE,2,9,0,3,3
scroll to menu below the wi-fi,scroll,menu,NONE,below,wi-fi,NONE,7,6,0,2,3
click on link to the right of the profile,click,link,NONE,right_of,profile,NONE,1,5,0,5,3
launch the 1st icon above the home,open,icon,NONE,above,home,1st,5,3,0,1,0
press and hold image to the right of the home,long-press,image,NONE,right_of,home,NONE,4,4,0,5,3
tap checkbox,tap,checkbox,NONE,NONE,NONE,NONE,8,2,0,0,3
scroll to yellow tab to the right of the profile,scroll,tab,yellow,right_of,profile,NONE,7,8,10,5,3
copy text,copy,text,NONE,NONE,NONE,NONE,2,9,0,0,3
launch orange icon,open,icon,orange,NONE,NONE,NONE,5,3,5,0,3
paste text,paste,text,NONE,NONE,NONE,NONE,6,9,0,0,3
press and hold yellow icon below the help,long-press,icon,yellow,below,help,NONE,4,3,10,2,3
paste green text to the right of the search,paste,text,green,right_of,search,NONE,6,9,4,5,3
delete yellow image to the left of the menu,delete,image,yellow,left_of,menu,NONE,3,4,10,3,3
select gray switch,click,switch,gray,NONE,NONE,NONE,1,7,3,0,3
tap on the 1st red switch next to the menu,tap,switch,red,next_to,menu,1st,8,7,8,4,0
delete the last button,delete,button,NONE,NONE,NONE,last,3,1,0,0,4
tap link below the menu,tap,link,NONE,below,menu,NONE,8,5,0,2,3
copy text to the left of the help,copy,text,NONE,left_of,help,NONE,2,9,0,3,3
copy the 3rd red text next to the home,copy,text,red,next_to,home,3rd,2,9,8,4,2
open the 2nd icon below the settings,open,icon,NONE,below,settings,2nd,5,3,0,2,1
scroll down to yellow text to the right of the wi-fi,scroll,text,yellow,right_of,wi-fi,NONE,7,9,10,5,3
select blue link,click,link,blue,NONE,NONE,NONE,1,5,2,0,3
scroll to gray menu below the checkout,scroll,menu,gray,below,checkout,NONE,7,6,3,2,3
click the 2nd button to the right of the payment,click,button,NONE,right_of,payment,2nd,1,1,0,5,1
paste text below the wi-fi,paste,text,NONE,below,wi-fi,NONE,6,9,0,2,3
trash button below the menu,delete,button,NONE,below,menu,NONE,3,1,0,2,3
paste text above the payment,paste,text,NONE,above,payment,NONE,6,9,0,1,3
open button,open,button,NONE,NONE,NONE,NONE,5,1,0,0,3
tap tab to the left of the address,tap,tab,NONE,left_of,address,NONE,8,8,0,3,3
tap the 2nd button to the left of the login,tap,button,NONE,left_of,login,2nd,8,1,0,3,1
copy the 3rd text,copy,text,NONE,NONE,NONE,3rd,2,9,0,0,2
tap the 1st link above the help,tap,link,NONE,above,help,1st,8,5,0,1,0
click red image above the login,click,image,red,above,login,NONE,1,4,8,1,3
press and hold button to the right of the address,long-press,button,NONE,right_of,address,NONE,4,1,0,5,3
delete button,delete,button,NONE,NONE,NONE,NONE,3,1,0,0,3
scroll down to text,scroll,text,NONE,NONE,NONE,NONE,7,9,0,0,3
tap the 3rd switch below the settings,tap,switch,NONE,below,settings,3rd,8,7,0,2,2
trash the 3rd green text above the first email,delete,text,green,above,first email,3rd,3,9,4,1,2
scroll down to black tab to the left of the checkout,scroll,tab,black,left_of,checkout,NONE,7,8,1,3,3
paste orange text to the left of the first email,paste,text,orange,left_of,first email,NONE,6,9,5,3,3
launch pink link above the first email,open,link,pink,above,first email,NONE,5,5,6,1,3
copy text,copy,text,NONE,NONE,NONE,NONE,2,9,0,0,3
copy the 2nd orange text below the search,copy,text,orange,below,search,2nd,2,9,5,2,1
tap the 2nd checkbox next to the cart,tap,checkbox,NONE,next_to,cart,2nd,8,2,0,4,1
scroll down to the last orange menu,scroll,menu,orange,NONE,NONE,last,7,6,5,0,4
scroll to white menu to the left of the notifications,scroll,menu,white,left_of,notifications,NONE,7,6,9,3,3
tap checkbox below the settings,tap,checkbox,NONE,below,settings,NONE,8,2,0,2,3
click black text below the last item,click,text,black,below,last item,NONE,1,9,1,2,3
remove red image,delete,image,red,NONE,NONE,NONE,3,4,8,0,3
open the 1st orange link next to the checkout,open,link,orange,next_to,checkout,1st,5,5,5,4,0
tap switch,tap,switch,NONE,NONE,NONE,NONE,8,7,0,0,3
click tab next to the address,click,tab,NONE,next_to,address,NONE,1,8,0,4,3
press text to the left of the settings,click,text,NONE,left_of,settings,NONE,1,9,0,3,3
trash the last button,delete,button,NONE,NONE,NONE,last,3,1,0,0,4
remove text,delete,text,NONE,NONE,NONE,NONE,3,9,0,0,3
paste text to the left of the login,paste,text,NONE,left_of,login,NONE,6,9,0,3,3
copy text,copy,text,NONE,NONE,NONE,NONE,2,9,0,0,3
tap gray switch to the right of the checkout,tap,switch,gray,right_of,checkout,NONE,8,7,3,5,3
paste the last yellow text above the settings,paste,text,yellow,above,settings,last,6,9,10,1,4
open icon below the notifications,open,icon,NONE,below,notifications,NONE,5,3,0,2,3
paste text,paste,text,NONE,NONE,NONE,NONE,6,9,0,0,3
tap checkbox below the home,tap,checkbox,NONE,below,home,NONE,8,2,0,2,3
scroll down to tab above the home,scroll,tab,NONE,above,home,NONE,7,8,0,1,3
trash the last image,delete,image,NONE,NONE,NONE,last,3,4,0,0,4
tap checkbox to the right of the profile,tap,checkbox,NONE,right_of,profile,NONE,8,2,0,5,3
press and hold purple text,long-press,text,purple,NONE,NONE,NONE,4,9,7,0,3
long-press image,long-press,image,NONE,NONE,NONE,NONE,4,4,0,0,3
paste text to the right of the notifications,paste,text,NONE,right_of,notifications,NONE,6,9,0,5,3
click on gray tab,click,tab,gray,NONE,NONE,NONE,1,8,3,0,3
trash button to the left of the wi-fi,delete,button,NONE,left_of,wi-fi,NONE,3,1,0,3,3
copy the 2nd text to the left of the help,copy,text,NONE,left_of,help,2nd,2,9,0,3,1
press orange switch below the last item,click,switch,orange,below,last item,NONE,1,7,5,2,3
long-press text next to the last item,long-press,text,NONE,next_to,last item,NONE,4,9,0,4,3
launch tab below the address,open,tab,NONE,below,address,NONE,5,8,0,2,3
delete purple button to the left of the checkout,delete,button,purple,left_of,checkout,NONE,3,1,7,3,3
paste text next to the help,paste,text,NONE,next_to,help,NONE,6,9,0,4,3
press icon to the right of the wi-fi,click,icon,NONE,right_of,wi-fi,NONE,1,3,0,5,3
copy text to the left of the menu,copy,text,NONE,left_of,menu,NONE,2,9,0,3,3
paste text,paste,text,NONE,NONE,NONE,NONE,6,9,0,0,3
press and hold image,long-press,image,NONE,NONE,NONE,NONE,4,4,0,0,3
trash image to the right of the menu,delete,image,NONE,right_of,menu,NONE,3,4,0,5,3
paste orange text,paste,text,orange,NONE,NONE,NONE,6,9,5,0,3
copy text to the right of the help,copy,text,NONE,right_of,help,NONE,2,9,0,5,3
tap the 1st button,tap,button,NONE,NONE,NONE,1st,8,1,0,0,0
copy text below the address,copy,text,NONE,below,address,NONE,2,9,0,2,3
press and hold white image to the left of the help,long-press,image,white,left_of,help,NONE,4,4,9,3,3
tap on black checkbox,tap,checkbox,black,NONE,NONE,NONE,8,2,1,0,3
delete text,delete,text,NONE,NONE,NONE,NONE,3,9,0,0,3
remove green button,delete,button,green,NONE,NONE,NONE,3,1,4,0,3
long-press icon to the right of the menu,long-press,icon,NONE,right_of,menu,NONE,4,3,0,5,3
open the 3rd purple button to the left of the help,open,button,purple,left_of,help,3rd,5,1,7,3,2
paste the 2nd yellow text to the left of the wi-fi,paste,text,yellow,left_of,wi-fi,2nd,6,9,10,3,1
scroll down to white text to the left of the settings,scroll,text,white,left_of,settings,NONE,7,9,9,3,3
long-press button to the right of the payment,long-press,button,NONE,right_of,payment,NONE,4,1,0,5,3
launch menu above the menu,open,menu,NONE,above,menu,NONE,5,6,0,1,3
copy green text above the payment,copy,text,green,above,payment,NONE,2,9,4,1,3
press and hold the last green image,long-press,image,green,NONE,NONE,last,4,4,4,0,4
launch orange button,open,button,orange,NONE,NONE,NONE,5,1,5,0,3
paste text below the settings,paste,text,NONE,below,settings,NONE,6,9,0,2,3
click black switch,click,switch,black,NONE,NONE,NONE,1,7,1,0,3
copy the 1st gray text below the checkout,copy,text,gray,below,checkout,1st,2,9,3,2,0
scroll down to text above the checkout,scroll,text,NONE,above,checkout,NONE,7,9,0,1,3
trash green text above the last item,delete,text,green,above,last item,NONE,3,9,4,1,3
scroll down to the 3rd menu,scroll,menu,NONE,NONE,NONE,3rd,7,6,0,0,2
trash the last black text next to the notifications,delete,text,black,next_to,notifications,last,3,9,1,4,4
trash text,delete,text,NONE,NONE,NONE,NONE,3,9,0,0,3
copy white text below the address,copy,text,white,below,address,NONE,2,9,9,2,3
long-press image,long-press,image,NONE,NONE,NONE,NONE,4,4,0,0,3
open blue menu,open,menu,blue,NONE,NONE,NONE,5,6,2,0,3
copy green text below the payment,copy,text,green,below,payment,NONE,2,9,4,2,3
press the 3rd gray icon above the help,click,icon,gray,above,help,3rd,1,3,3,1,2
scroll down to white text,scroll,text,white,NONE,NONE,NONE,7,9,9,0,3
copy text,copy,text,NONE,NONE,NONE,NONE,2,9,0,0,3
delete gray image to the right of the profile,delete,image,gray,right_of,profile,NONE,3,4,3,5,3
press purple checkbox below the help,click,checkbox,purple,below,help,NONE,1,2,7,2,3
press orange link above the help,click,link,orange,above,help,NONE,1,5,5,1,3
press and hold the 1st yellow image,long-press,image,yellow,NONE,NONE,1st,4,4,10,0,0
paste the 3rd text next to the search,paste,text,NONE,next_to,search,3rd,6,9,0,4,2
tap on the 3rd checkbox,tap,checkbox,NONE,NONE,NONE,3rd,8,2,0,0,2
delete green image,delete,image,green,NONE,NONE,NONE,3,4,4,0,3
launch the 2nd black tab to the left of the cart,open,tab,black,left_of,cart,2nd,5,8,1,3,1
remove purple image,delete,image,purple,NONE,NONE,NONE,3,4,7,0,3
launch menu above the search,open,menu,NONE,above,search,NONE,5,6,0,1,3
click the 1st pink link to the left of the menu,click,link,pink,left_of,menu,1st,1,5,6,3,0
paste text,paste,text,NONE,NONE,NONE,NONE,6,9,0,0,3
press and hold the last image below the payment,long-press,image,NONE,below,payment,last,4,4,0,2,4
tap link,tap,link,NONE,NONE,NONE,NONE,8,5,0,0,3
copy text next to the settings,copy,text,NONE,next_to,settings,NONE,2,9,0,4,3
long-press text,long-press,text,NONE,NONE,NONE,NONE,4,9,0,0,3
scroll to menu,scroll,menu,NONE,NONE,NONE,NONE,7,6,0,0,3
long-press icon,long-press,icon,NONE,NONE,NONE,NONE,4,3,0,0,3
open link next to the address,open,link,NONE,next_to,address,NONE,5,5,0,4,3
open the last purple menu next to the last item,open,menu,purple,next_to,last item,last,5,6,7,4,4
long-press button above the home,long-press,button,NONE,above,home,NONE,4,1,0,1,3
paste text above the settings,paste,text,NONE,above,settings,NONE,6,9,0,1,3
open pink icon next to the last item,open,icon,pink,next_to,last item,NONE,5,3,6,4,3
scroll down to text,scroll,text,NONE,NONE,NONE,NONE,7,9,0,0,3
click on tab to the right of the payment,click,tab,NONE,right_of,payment,NONE,1,8,0,5,3
click on black checkbox to the right of the cart,click,checkbox,black,right_of,cart,NONE,1,2,1,5,3
click on blue link to the right of the payment,click,link,blue,right_of,payment,NONE,1,5,2,5,3
scroll down to menu below the menu,scroll,menu,NONE,below,menu,NONE,7,6,0,2,3
click on pink button above the notifications,click,button,pink,above,notifications,NONE,1,1,6,1,3
tap on checkbox,tap,checkbox,NONE,NONE,NONE,NONE,8,2,0,0,3
remove button next to the last item,delete,button,NONE,next_to,last item,NONE,3,1,0,4,3
paste red text above the settings,paste,text,red,above,settings,NONE,6,9,8,1,3
click the last icon,click,icon,NONE,NONE,NONE,last,1,3,0,0,4
long-press the 1st button to the right of the checkout,long-press,button,NONE,right_of,checkout,1st,4,1,0,5,0
press and hold gray image,long-press,image,gray,NONE,NONE,NONE,4,4,3,0,3
paste the last text next to the profile,paste,text,NONE,next_to,profile,last,6,9,0,4,4
scroll to the 1st text below the menu,scroll,text,NONE,below,menu,1st,7,9,0,2,0
press and hold the last text,long-press,text,NONE,NONE,NONE,last,4,9,0,0,4
paste text above the cart,paste,text,NONE,above,cart,NONE,6,9,0,1,3
trash the 1st image above the address,delete,image,NONE,above,address,1st,3,4,0,1,0
launch the 3rd menu below the checkout,open,menu,NONE,below,checkout,3rd,5,6,0,2,2
select yellow checkbox next to the checkout,click,checkbox,yellow,next_to,checkout,NONE,1,2,10,4,3
launch tab above the payment,open,tab,NONE,above,payment,NONE,5,8,0,1,3
delete the last pink text,delete,text,pink,NONE,NONE,last,3,9,6,0,4
click on switch below the payment,click,switch,NONE,below,payment,NONE,1,7,0,2,3
scroll to purple menu,scroll,menu,purple,NONE,NONE,NONE,7,6,7,0,3
scroll to the 1st purple text next to the settings,scroll,text,purple,next_to,settings,1st,7,9,7,4,0
click yellow tab to the left of the checkout,click,tab,yellow,left_of,checkout,NONE,1,8,10,3,3
remove image,delete,image,NONE,NONE,NONE,NONE,3,4,0,0,3
copy text,copy,text,NONE,NONE,NONE,NONE,2,9,0,0,3
tap on link next to the home,tap,link,NONE,next_to,home,NONE,8,5,0,4,3
trash green text next to the checkout,delete,text,green,next_to,checkout,NONE,3,9,4,4,3
click blue icon above the first email,click,icon,blue,above,first email,NONE,1,3,2,1,3
tap on checkbox,tap,checkbox,NONE,NONE,NONE,NONE,8,2,0,0,3
copy text,copy,text,NONE,NONE,NONE,NONE,2,9,0,0,3
tap the 1st link,tap,link,NONE,NONE,NONE,1st,8,5,0,0,0
paste text below the address,paste,text,NONE,below,address,NONE,6,9,0,2,3
paste red text to the right of the checkout,paste,text,red,right_of,checkout,NONE,6,9,8,5,3
tap tab to the right of the help,tap,tab,NONE,right_of,help,NONE,8,8,0,5,3
long-press image,long-press,image,NONE,NONE,NONE,NONE,4,4,0,0,3
click orange switch below the checkout,click,switch,orange,below,checkout,NONE,1,7,5,2,3
copy text above the settings,copy,text,NONE,above,settings,NONE,2,9,0,1,3
copy text below the wi-fi,copy,text,NONE,below,wi-fi,NONE,2,9,0,2,3
click button above the address,click,button,NONE,above,address,NONE,1,1,0,1,3
copy white text,copy,text,white,NONE,NONE,NONE,2,9,9,0,3
select link to the left of the login,click,link,NONE,left_of,login,NONE,1,5,0,3,3
tap the last blue icon above the login,tap,icon,blue,above,login,last,8,3,2,1,4
copy the 2nd text,copy,text,NONE,NONE,NONE,2nd,2,9,0,0,1
long-press button,long-press,button,NONE,NONE,NONE,NONE,4,1,0,0,3
copy purple text,copy,text,purple,NONE,NONE,NONE,2,9,7,0,3
scroll to text to the right of the login,scroll,text,NONE,right_of,login,NONE,7,9,0,5,3
paste purple text to the right of the address,paste,text,purple,right_of,address,NONE,6,9,7,5,3
copy text below the payment,copy,text,NONE,below,payment,NONE,2,9,0,2,3
delete image above the help,delete,image,NONE,above,help,NONE,3,4,0,1,3
press gray text,click,text,gray,NONE,NONE,NONE,1,9,3,0,3
paste the 3rd text to the right of the help,paste,text,NONE,right_of,help,3rd,6,9,0,5,2
copy text to the right of the first email,copy,text,NONE,right_of,first email,NONE,2,9,0,5,3
paste the 3rd text,paste,text,NONE,NONE,NONE,3rd,6,9,0,0,2
scroll to the 3rd tab to the left of the checkout,scroll,tab,NONE,left_of,checkout,3rd,7,8,0,3,2
remove orange image,delete,image,orange,NONE,NONE,NONE,3,4,5,0,3
open the 1st tab,open,tab,NONE,NONE,NONE,1st,5,8,0,0,0
long-press the 1st orange text next to the notifications,long-press,text,orange,next_to,notifications,1st,4,9,5,4,0
paste purple text to the left of the cart,paste,text,purple,left_of,cart,NONE,6,9,7,3,3
copy black text to the right of the settings,copy,text,black,right_of,settings,NONE,2,9,1,5,3
copy the last white text to the right of the notifications,copy,text,white,right_of,notifications,last,2,9,9,5,4
copy the 3rd pink text above the last item,copy,text,pink,above,last item,3rd,2,9,6,1,2
tap black button to the left of the last item,tap,button,black,left_of,last item,NONE,8,1,1,3,3
press and hold icon,long-press,icon,NONE,NONE,NONE,NONE,4,3,0,0,3
copy red text above the home,copy,text,red,above,home,NONE,2,9,8,1,3
scroll down to text below the wi-fi,scroll,text,NONE,below,wi-fi,NONE,7,9,0,2,3
scroll down to tab,scroll,tab,NONE,NONE,NONE,NONE,7,8,0,0,3
select blue switch,click,switch,blue,NONE,NONE,NONE,1,7,2,0,3
click checkbox,click,checkbox,NONE,NONE,NONE,NONE,1,2,0,0,3
paste text,paste,text,NONE,NONE,NONE,NONE,6,9,0,0,3
scroll down to the 2nd menu,scroll,menu,NONE,NONE,NONE,2nd,7,6,0,0,1
paste black text,paste,text,black,NONE,NONE,NONE,6,9,1,0,3
press the 3rd tab,click,tab,NONE,NONE,NONE,3rd,1,8,0,0,2
tap on the last tab,tap,tab,NONE,NONE,NONE,last,8,8,0,0,4
tap on switch,tap,switch,NONE,NONE,NONE,NONE,8,7,0,0,3
tap the last button above the wi-fi,tap,button,NONE,above,wi-fi,last,8,1,0,1,4
remove white image next to the last item,delete,image,white,next_to,last item,NONE,3,4,9,4,3
scroll down to the 3rd text above the profile,scroll,text,NONE,above,profile,3rd,7,9,0,1,2
open tab to the right of the wi-fi,open,tab,NONE,right_of,wi-fi,NONE,5,8,0,5,3
select the 2nd text to the right of the home,click,text,NONE,right_of,home,2nd,1,9,0,5,1
select icon,click,icon,NONE,NONE,NONE,NONE,1,3,0,0,3
tap icon to the right of the wi-fi,tap,icon,NONE,right_of,wi-fi,NONE,8,3,0,5,3
copy text,copy,text,NONE,NONE,NONE,NONE,2,9,0,0,3
tap on button above the last item,tap,button,NONE,above,last item,NONE,8,1,0,1,3
paste text to the right of the wi-fi,paste,text,NONE,right_of,wi-fi,NONE,6,9,0,5,3
open menu,open,menu,NONE,NONE,NONE,NONE,5,6,0,0,3
tap the 2nd blue icon,tap,icon,blue,NONE,NONE,2nd,8,3,2,0,1
paste text above the help,paste,text,NONE,above,help,NONE,6,9,0,1,3
long-press the 1st text above the address,long-press,text,NONE,above,address,1st,4,9,0,1,0
remove white text to the right of the cart,delete,text,white,right_of,cart,NONE,3,9,9,5,3
launch the last tab,open,tab,NONE,NONE,NONE,last,5,8,0,0,4
paste text next to the last item,paste,text,NONE,next_to,last item,NONE,6,9,0,4,3
press switch,click,switch,NONE,NONE,NONE,NONE,1,7,0,0,3
paste the 1st text,paste,text,NONE,NONE,NONE,1st,6,9,0,0,0
tap on red switch,tap,switch,red,NONE,NONE,NONE,8,7,8,0,3
tap on button,tap,button,NONE,NONE,NONE,NONE,8,1,0,0,3
select button,click,button,NONE,NONE,NONE,NONE,1,1,0,0,3
tap checkbox above the address,tap,checkbox,NONE,above,address,NONE,8,2,0,1,3
open yellow menu,open,menu,yellow,NONE,NONE,NONE,5,6,10,0,3
remove gray button,delete,button,gray,NONE,NONE,NONE,3,1,3,0,3
remove yellow button next to the last item,delete,button,yellow,next_to,last item,NONE,3,1,10,4,3
scroll down to pink text,scroll,text,pink,NONE,NONE,NONE,7,9,6,0,3
tap on icon to the left of the wi-fi,tap,icon,NONE,left_of,wi-fi,NONE,8,3,0,3,3
press and hold button above the notifications,long-press,button,NONE,above,notifications,NONE,4,1,0,1,3
copy text below the notifications,copy,text,NONE,below,notifications,NONE,2,9,0,2,3
click on black button to the left of the address,click,button,black,left_of,address,NONE,1,1,1,3,3
press icon to the left of the checkout,click,icon,NONE,left_of,checkout,NONE,1,3,0,3,3
scroll to purple tab to the left of the search,scroll,tab,purple,left_of,search,NONE,7,8,7,3,3
press and hold the last text below the settings,long-press,text,NONE,below,settings,last,4,9,0,2,4
paste the 3rd text to the right of the profile,paste,text,NONE,right_of,profile,3rd,6,9,0,5,2
open the 2nd icon to the right of the cart,open,icon,NONE,right_of,cart,2nd,5,3,0,5,1
copy text next to the settings,copy,text,NONE,next_to,settings,NONE,2,9,0,4,3
paste text to the right of the settings,paste,text,NONE,right_of,settings,NONE,6,9,0,5,3
copy orange text above the login,copy,text,orange,above,login,NONE,2,9,5,1,3
remove text to the left of the login,delete,text,NONE,left_of,login,NONE,3,9,0,3,3
copy the 2nd text below the profile,copy,text,NONE,below,profile,2nd,2,9,0,2,1
copy the last text,copy,text,NONE,NONE,NONE,last,2,9,0,0,4
open pink tab to the right of the search,open,tab,pink,right_of,search,NONE,5,8,6,5,3
click the 2nd icon,click,icon,NONE,NONE,NONE,2nd,1,3,0,0,1
scroll to text next to the first email,scroll,text,NONE,next_to,first email,NONE,7,9,0,4,3
paste purple text next to the help,paste,text,purple,next_to,help,NONE,6,9,7,4,3
paste the last text to the right of the search,paste,text,NONE,right_of,search,last,6,9,0,5,4
trash text above the first email,delete,text,NONE,above,first email,NONE,3,9,0,1,3
paste the 3rd blue text,paste,text,blue,NONE,NONE,3rd,6,9,2,0,2
scroll to text,scroll,text,NONE,NONE,NONE,NONE,7,9,0,0,3
long-press the last blue image to the left of the wi-fi,long-press,image,blue,left_of,wi-fi,last,4,4,2,3,4
delete image next to the checkout,delete,image,NONE,next_to,checkout,NONE,3,4,0,4,3
tap on link to the right of the payment,tap,link,NONE,right_of,payment,NONE,8,5,0,5,3
launch menu next to the payment,open,menu,NONE,next_to,payment,NONE,5,6,0,4,3
open black button,open,button,black,NONE,NONE,NONE,5,1,1,0,3
tap on icon below the last item,tap,icon,NONE,below,last item,NONE,8,3,0,2,3
tap link below the checkout,tap,link,NONE,below,checkout,NONE,8,5,0,2,3
tap white checkbox to the right of the menu,tap,checkbox,white,right_of,menu,NONE,8,2,9,5,3
press and hold text,long-press,text,NONE,NONE,NONE,NONE,4,9,0,0,3
scroll to pink tab next to the help,scroll,tab,pink,next_to,help,NONE,7,8,6,4,3
open link next to the last item,open,link,NONE,next_to,last item,NONE,5,5,0,4,3
tap on blue switch to the left of the checkout,tap,switch,blue,left_of,checkout,NONE,8,7,2,3,3
trash the 3rd text to the left of the checkout,delete,text,NONE,left_of,checkout,3rd,3,9,0,3,2
paste text,paste,text,NONE,NONE,NONE,NONE,6,9,0,0,3
delete button to the left of the help,delete,button,NONE,left_of,help,NONE,3,1,0,3,3
copy the 1st orange text,copy,text,orange,NONE,NONE,1st,2,9,5,0,0
press and hold icon,long-press,icon,NONE,NONE,NONE,NONE,4,3,0,0,3
long-press the 3rd orange text next to the cart,long-press,text,orange,next_to,cart,3rd,4,9,5,4,2
copy the 2nd text to the right of the login,copy,text,NONE,right_of,login,2nd,2,9,0,5,1
select the 1st red tab below the first email,click,tab,red,below,first email,1st,1,8,8,2,0
copy text above the payment,copy,text,NONE,above,payment,NONE,2,9,0,1,3
open red tab,open,tab,red,NONE,NONE,NONE,5,8,8,0,3
copy text next to the login,copy,text,NONE,next_to,login,NONE,2,9,0,4,3
trash button to the right of the notifications,delete,button,NONE,right_of,notifications,NONE,3,1,0,5,3
click on the last orange switch to the left of the home,click,switch,orange,left_of,home,last,1,7,5,3,4
click the 2nd checkbox to the right of the wi-fi,click,checkbox,NONE,right_of,wi-fi,2nd,1,2,0,5,1
scroll down to pink tab to the right of the address,scroll,tab,pink,right_of,address,NONE,7,8,6,5,3
scroll to text below the first email,scroll,text,NONE,below,first email,NONE,7,9,0,2,3
paste the 1st black text,paste,text,black,NONE,NONE,1st,6,9,1,0,0
trash button next to the wi-fi,delete,button,NONE,next_to,wi-fi,NONE,3,1,0,4,3
paste text above the home,paste,text,NONE,above,home,NONE,6,9,0,1,3
scroll to text,scroll,text,NONE,NONE,NONE,NONE,7,9,0,0,3
long-press button below the address,long-press,button,NONE,below,address,NONE,4,1,0,2,3
press and hold the 1st text,long-press,text,NONE,NONE,NONE,1st,4,9,0,0,0
press and hold the 2nd purple text,long-press,text,purple,NONE,NONE,2nd,4,9,7,0,1
copy text to the left of the profile,copy,text,NONE,left_of,profile,NONE,2,9,0,3,3
copy text,copy,text,NONE,NONE,NONE,NONE,2,9,0,0,3
select purple text,click,text,purple,NONE,NONE,NONE,1,9,7,0,3
press the 1st icon to the left of the notifications,click,icon,NONE,left_of,notifications,1st,1,3,0,3,0
delete the 3rd black button above the last item,delete,button,black,above,last item,3rd,3,1,1,1,2
tap on red button next to the settings,tap,button,red,next_to,settings,NONE,8,1,8,4,3
paste gray text below the search,paste,text,gray,below,search,NONE,6,9,3,2,3
long-press the 1st white button to the right of the search,long-press,button,white,right_of,search,1st,4,1,9,5,0
tap on tab to the left of the payment,tap,tab,NONE,left_of,payment,NONE,8,8,0,3,3
remove button,delete,button,NONE,NONE,NONE,NONE,3,1,0,0,3
copy text below the wi-fi,copy,text,NONE,below,wi-fi,NONE,2,9,0,2,3
copy red text next to the first email,copy,text,red,next_to,first email,NONE,2,9,8,4,3
tap switch to the left of the last item,tap,switch,NONE,left_of,last item,NONE,8,7,0,3,3
copy text below the notifications,copy,text,NONE,below,notifications,NONE,2,9,0,2,3
launch green link below the wi-fi,open,link,green,below,wi-fi,NONE,5,5,4,2,3
click the 1st orange switch,click,switch,orange,NONE,NONE,1st,1,7,5,0,0
copy text,copy,text,NONE,NONE,NONE,NONE,2,9,0,0,3
tap on switch,tap,switch,NONE,NONE,NONE,NONE,8,7,0,0,3
select checkbox below the profile,click,checkbox,NONE,below,profile,NONE,1,2,0,2,3
tap on yellow checkbox next to the payment,tap,checkbox,yellow,next_to,payment,NONE,8,2,10,4,3
tap on switch to the left of the first email,tap,switch,NONE,left_of,first email,NONE,8,7,0,3,3
tap on the 3rd button,tap,button,NONE,NONE,NONE,3rd,8,1,0,0,2
select red text,click,text,red,NONE,NONE,NONE,1,9,8,0,3
click orange text,click,text,orange,NONE,NONE,NONE,1,9,5,0,3
trash button to the right of the payment,delete,button,NONE,right_of,payment,NONE,3,1,0,5,3
long-press orange text to the left of the payment,long-press,text,orange,left_of,payment,NONE,4,9,5,3,3
scroll to orange tab to the right of the checkout,scroll,tab,orange,right_of,checkout,NONE,7,8,5,5,3
tap on link,tap,link,NONE,NONE,NONE,NONE,8,5,0,0,3
press link next to the menu,click,link,NONE,next_to,menu,NONE,1,5,0,4,3
press text,click,text,NONE,NONE,NONE,NONE,1,9,0,0,3
paste red text to the right of the home,paste,text,red,right_of,home,NONE,6,9,8,5,3
paste text to the right of the notifications,paste,text,NONE,right_of,notifications,NONE,6,9,0,5,3
copy purple text to the left of the settings,copy,text,purple,left_of,settings,NONE,2,9,7,3,3
paste gray text above the payment,paste,text,gray,above,payment,NONE,6,9,3,1,3
click on green checkbox,click,checkbox,green,NONE,NONE,NONE,1,2,4,0,3
launch icon,open,icon,NONE,NONE,NONE,NONE,5,3,0,0,3
paste the 2nd text above the cart,paste,text,NONE,above,cart,2nd,6,9,0,1,1
paste the 3rd pink text above the cart,paste,text,pink,above,cart,3rd,6,9,6,1,2
press and hold the last button,long-press,button,NONE,NONE,NONE,last,4,1,0,0,4
open link to the left of the search,open,link,NONE,left_of,search,NONE,5,5,0,3,3
tap tab,tap,tab,NONE,NONE,NONE,NONE,8,8,0,0,3
trash text,delete,text,NONE,NONE,NONE,NONE,3,9,0,0,3
tap switch below the menu,tap,switch,NONE,below,menu,NONE,8,7,0,2,3
open pink tab to the right of the payment,open,tab,pink,right_of,payment,NONE,5,8,6,5,3
copy orange text next to the checkout,copy,text,orange,next_to,checkout,NONE,2,9,5,4,3
delete the 3rd gray text,delete,text,gray,NONE,NONE,3rd,3,9,3,0,2
copy orange text below the checkout,copy,text,orange,below,checkout,NONE,2,9,5,2,3
copy text next to the login,copy,text,NONE,next_to,login,NONE,2,9,0,4,3
tap on link above the notifications,tap,link,NONE,above,notifications,NONE,8,5,0,1,3
click on text,click,text,NONE,NONE,NONE,NONE,1,9,0,0,3
open menu next to the cart,open,menu,NONE,next_to,cart,NONE,5,6,0,4,3
tap on orange icon to the left of the menu,tap,icon,orange,left_of,menu,NONE,8,3,5,3,3
tap on the 1st tab next to the login,tap,tab,NONE,next_to,login,1st,8,8,0,4,0
launch the 3rd gray menu,open,menu,gray,NONE,NONE,3rd,5,6,3,0,2
press button,click,button,NONE,NONE,NONE,NONE,1,1,0,0,3
scroll to menu above the address,scroll,menu,NONE,above,address,NONE,7,6,0,1,3
open button,open,button,NONE,NONE,NONE,NONE,5,1,0,0,3
remove button,delete,button,NONE,NONE,NONE,NONE,3,1,0,0,3
tap on the 1st black button below the payment,tap,button,black,below,payment,1st,8,1,1,2,0
scroll down to purple menu to the right of the last item,scroll,menu,purple,right_of,last item,NONE,7,6,7,5,3
copy text below the first email,copy,text,NONE,below,first email,NONE,2,9,0,2,3
copy pink text,copy,text,pink,NONE,NONE,NONE,2,9,6,0,3
trash text above the settings,delete,text,NONE,above,settings,NONE,3,9,0,1,3
scroll down to tab to the left of the login,scroll,tab,NONE,left_of,login,NONE,7,8,0,3,3
tap checkbox,tap,checkbox,NONE,NONE,NONE,NONE,8,2,0,0,3
paste the 3rd text to the left of the notifications,paste,text,NONE,left_of,notifications,3rd,6,9,0,3,2
scroll to the 1st orange menu,scroll,menu,orange,NONE,NONE,1st,7,6,5,0,0
select text to the right of the first email,click,text,NONE,right_of,first email,NONE,1,9,0,5,3
long-press orange icon,long-press,icon,orange,NONE,NONE,NONE,4,3,5,0,3
click on the 3rd text to the left of the search,click,text,NONE,left_of,search,3rd,1,9,0,3,2
delete button,delete,button,NONE,NONE,NONE,NONE,3,1,0,0,3
select white tab next to the help,click,tab,white,next_to,help,NONE,1,8,9,4,3
open the 1st button next to the search,open,button,NONE,next_to,search,1st,5,1,0,4,0
press tab to the right of the notifications,click,tab,NONE,right_of,notifications,NONE,1,8,0,5,3
trash image below the wi-fi,delete,image,NONE,below,wi-fi,NONE,3,4,0,2,3
press and hold the 3rd button,long-press,button,NONE,NONE,NONE,3rd,4,1,0,0,2
press and hold red icon above the address,long-press,icon,red,above,address,NONE,4,3,8,1,3
press blue switch to the left of the menu,click,switch,blue,left_of,menu,NONE,1,7,2,3,3
scroll to text,scroll,text,NONE,NONE,NONE,NONE,7,9,0,0,3
copy the 2nd red text,copy,text,red,NONE,NONE,2nd,2,9,8,0,1
trash button,delete,button,NONE,NONE,NONE,NONE,3,1,0,0,3
trash text below the settings,delete,text,NONE,below,settings,NONE,3,9,0,2,3
select tab below the profile,click,tab,NONE,below,profile,NONE,1,8,0,2,3
scroll down to menu,scroll,menu,NONE,NONE,NONE,NONE,7,6,0,0,3
paste text,paste,text,NONE,NONE,NONE,NONE,6,9,0,0,3
scroll down to the 1st tab to the left of the login,scroll,tab,NONE,left_of,login,1st,7,8,0,3,0
scroll to tab to the right of the menu,scroll,tab,NONE,right_of,menu,NONE,7,8,0,5,3
launch button to the right of the menu,open,button,NONE,right_of,menu,NONE,5,1,0,5,3
launch the 1st button to the right of the login,open,button,NONE,right_of,login,1st,5,1,0,5,0
tap checkbox above the address,tap,checkbox,NONE,above,address,NONE,8,2,0,1,3
trash text,delete,text,NONE,NONE,NONE,NONE,3,9,0,0,3
scroll to tab above the address,scroll,tab,NONE,above,address,NONE,7,8,0,1,3
copy yellow text,copy,text,yellow,NONE,NONE,NONE,2,9,10,0,3
press and hold pink text,long-press,text,pink,NONE,NONE,NONE,4,9,6,0,3
long-press button,long-press,button,NONE,NONE,NONE,NONE,4,1,0,0,3
copy text above the payment,copy,text,NONE,above,payment,NONE,2,9,0,1,3
open purple menu next to the last item,open,menu,purple,next_to,last item,NONE,5,6,7,4,3
tap the 2nd orange switch above the payment,tap,switch,orange,above,payment,2nd,8,7,5,1,1
long-press the 2nd text,long-press,text,NONE,NONE,NONE,2nd,4,9,0,0,1
tap on switch,tap,switch,NONE,NONE,NONE,NONE,8,7,0,0,3
paste text below the home,paste,text,NONE,below,home,NONE,6,9,0,2,3
remove the 2nd green button,delete,button,green,NONE,NONE,2nd,3,1,4,0,1
tap on the last switch below the address,tap,switch,NONE,below,address,last,8,7,0,2,4
press and hold icon,long-press,icon,NONE,NONE,NONE,NONE,4,3,0,0,3
copy the 1st purple text,copy,text,purple,NONE,NONE,1st,2,9,7,0,0
long-press white icon above the settings,long-press,icon,white,above,settings,NONE,4,3,9,1,3
press and hold the 3rd button,long-press,button,NONE,NONE,NONE,3rd,4,1,0,0,2
click on gray text below the first email,click,text,gray,below,first email,NONE,1,9,3,2,3
scroll down to the last purple menu,scroll,menu,purple,NONE,NONE,last,7,6,7,0,4
remove the last button next to the home,delete,button,NONE,next_to,home,last,3,1,0,4,4
select the last link above the wi-fi,click,link,NONE,above,wi-fi,last,1,5,0,1,4
press and hold the 3rd icon to the right of the notifications,long-press,icon,NONE,right_of,notifications,3rd,4,3,0,5,2
scroll down to text below the home,scroll,text,NONE,below,home,NONE,7,9,0,2,3
tap the 3rd black icon above the wi-fi,tap,icon,black,above,wi-fi,3rd,8,3,1,1,2
trash image above the address,delete,image,NONE,above,address,NONE,3,4,0,1,3
remove button,delete,button,NONE,NONE,NONE,NONE,3,1,0,0,3
delete button to the left of the wi-fi,delete,button,NONE,left_of,wi-fi,NONE,3,1,0,3,3
tap on link,tap,link,NONE,NONE,NONE,NONE,8,5,0,0,3
copy text to the right of the payment,copy,text,NONE,right_of,payment,NONE,2,9,0,5,3
long-press button,long-press,button,NONE,NONE,NONE,NONE,4,1,0,0,3
long-press the 2nd red icon above the help,long-press,icon,red,above,help,2nd,4,3,8,1,1
scroll to purple text,scroll,text,purple,NONE,NONE,NONE,7,9,7,0,3
long-press black text above the last item,long-press,text,black,above,last item,NONE,4,9,1,1,3
copy text to the right of the address,copy,text,NONE,right_of,address,NONE,2,9,0,5,3
paste text,paste,text,NONE,NONE,NONE,NONE,6,9,0,0,3
tap on pink icon above the notifications,tap,icon,pink,above,notifications,NONE,8,3,6,1,3
tap the 2nd blue checkbox,tap,checkbox,blue,NONE,NONE,2nd,8,2,2,0,1
launch the 3rd button above the wi-fi,open,button,NONE,above,wi-fi,3rd,5,1,0,1,2
click button to the left of the notifications,click,button,NONE,left_of,notifications,NONE,1,1,0,3,3
press the 2nd text,click,text,NONE,NONE,NONE,2nd,1,9,0,0,1
paste text below the first email,paste,text,NONE,below,first email,NONE,6,9,0,2,3
press the 3rd image,click,image,NONE,NONE,NONE,3rd,1,4,0,0,2
tap icon to the left of the help,tap,icon,NONE,left_of,help,NONE,8,3,0,3,3
copy text to the left of the help,copy,text,NONE,left_of,help,NONE,2,9,0,3,3
delete white image next to the payment,delete,image,white,next_to,payment,NONE,3,4,9,4,3
press and hold purple text to the right of the menu,long-press,text,purple,right_of,menu,NONE,4,9,7,5,3
paste text next to the address,paste,text,NONE,next_to,address,NONE,6,9,0,4,3
open menu above the address,open,menu,NONE,above,address,NONE,5,6,0,1,3
remove button below the address,delete,button,NONE,below,address,NONE,3,1,0,2,3
press and hold text above the notifications,long-press,text,NONE,above,notifications,NONE,4,9,0,1,3
remove button to the left of the payment,delete,button,NONE,left_of,payment,NONE,3,1,0,3,3
open the 2nd yellow link,open,link,yellow,NONE,NONE,2nd,5,5,10,0,1
copy the last yellow text next to the search,copy,text,yellow,next_to,search,last,2,9,10,4,4
paste text next to the profile,paste,text,NONE,next_to,profile,NONE,6,9,0,4,3
tap on red icon above the cart,tap,icon,red,above,cart,NONE,8,3,8,1,3
remove image below the notifications,delete,image,NONE,below,notifications,NONE,3,4,0,2,3
tap icon,tap,icon,NONE,NONE,NONE,NONE,8,3,0,0,3
press and hold the last white text,long-press,text,white,NONE,NONE,last,4,9,9,0,4
delete the 2nd black image next to the help,delete,image,black,next_to,help,2nd,3,4,1,4,1
press and hold button,long-press,button,NONE,NONE,NONE,NONE,4,1,0,0,3
copy text next to the search,copy,text,NONE,next_to,search,NONE,2,9,0,4,3
delete the 1st button,delete,button,NONE,NONE,NONE,1st,3,1,0,0,0
paste the 2nd text to the right of the login,paste,text,NONE,right_of,login,2nd,6,9,0,5,1
scroll to yellow menu,scroll,menu,yellow,NONE,NONE,NONE,7,6,10,0,3
copy text,copy,text,NONE,NONE,NONE,NONE,2,9,0,0,3
paste text,paste,text,NONE,NONE,NONE,NONE,6,9,0,0,3
press pink tab,click,tab,pink,NONE,NONE,NONE,1,8,6,0,3
copy gray text to the right of the first email,copy,text,gray,right_of,first email,NONE,2,9,3,5,3
press and hold yellow text next to the payment,long-press,text,yellow,next_to,payment,NONE,4,9,10,4,3
tap checkbox below the search,tap,checkbox,NONE,below,search,NONE,8,2,0,2,3
remove text to the left of the last item,delete,text,NONE,left_of,last item,NONE,3,9,0,3,3
scroll to the 3rd purple tab to the left of the first email,scroll,tab,purple,left_of,first email,3rd,7,8,7,3,2
long-press button next to the cart,long-press,button,NONE,next_to,cart,NONE,4,1,0,4,3
click on the 3rd image next to the address,click,image,NONE,next_to,address,3rd,1,4,0,4,2
trash red text,delete,text,red,NONE,NONE,NONE,3,9,8,0,3
tap on tab,tap,tab,NONE,NONE,NONE,NONE,8,8,0,0,3
copy purple text to the right of the payment,copy,text,purple,right_of,payment,NONE,2,9,7,5,3
scroll to white text next to the login,scroll,text,white,next_to,login,NONE,7,9,9,4,3
paste text,paste,text,NONE,NONE,NONE,NONE,6,9,0,0,3
scroll to the 1st black menu,scroll,menu,black,NONE,NONE,1st,7,6,1,0,0
copy text below the home,copy,text,NONE,below,home,NONE,2,9,0,2,3
press and hold pink text to the left of the payment,long-press,text,pink,left_of,payment,NONE,4,9,6,3,3
copy the 3rd text,copy,text,NONE,NONE,NONE,3rd,2,9,0,0,2
press and hold the 2nd text to the left of the cart,long-press,text,NONE,left_of,cart,2nd,4,9,0,3,1
paste text below the help,paste,text,NONE,below,help,NONE,6,9,0,2,3
click purple link to the left of the login,click,link,purple,left_of,login,NONE,1,5,7,3,3
select blue checkbox to the left of the help,click,checkbox,blue,left_of,help,NONE,1,2,2,3,3
copy text to the right of the payment,copy,text,NONE,right_of,payment,NONE,2,9,0,5,3
copy the 3rd orange text,copy,text,orange,NONE,NONE,3rd,2,9,5,0,2
copy text next to the search,copy,text,NONE,next_to,search,NONE,2,9,0,4,3
select yellow switch,click,switch,yellow,NONE,NONE,NONE,1,7,10,0,3
click button,click,button,NONE,NONE,NONE,NONE,1,1,0,0,3
scroll down to tab to the left of the menu,scroll,tab,NONE,left_of,menu,NONE,7,8,0,3,3
select pink checkbox,click,checkbox,pink,NONE,NONE,NONE,1,2,6,0,3
launch button next to the home,open,button,NONE,next_to,home,NONE,5,1,0,4,3
tap on switch below the settings,tap,switch,NONE,below,settings,NONE,8,7,0,2,3
click on white switch next to the payment,click,switch,white,next_to,payment,NONE,1,7,9,4,3
scroll to the 2nd menu above the login,scroll,menu,NONE,above,login,2nd,7,6,0,1,1
scroll to menu above the home,scroll,menu,NONE,above,home,NONE,7,6,0,1,3
copy black text,copy,text,black,NONE,NONE,NONE,2,9,1,0,3
long-press text,long-press,text,NONE,NONE,NONE,NONE,4,9,0,0,3
copy the 3rd yellow text,copy,text,yellow,NONE,NONE,3rd,2,9,10,0,2
paste the last red text above the payment,paste,text,red,above,payment,last,6,9,8,1,4
open the 2nd purple button,open,button,purple,NONE,NONE,2nd,5,1,7,0,1
scroll to text,scroll,text,NONE,NONE,NONE,NONE,7,9,0,0,3
copy text,copy,text,NONE,NONE,NONE,NONE,2,9,0,0,3
click button below the search,click,button,NONE,below,search,NONE,1,1,0,2,3
remove red button,delete,button,red,NONE,NONE,NONE,3,1,8,0,3
open the 2nd gray menu next to the first email,open,menu,gray,next_to,first email,2nd,5,6,3,4,1
paste blue text,paste,text,blue,NONE,NONE,NONE,6,9,2,0,3
long-press pink image,long-press,image,pink,NONE,NONE,NONE,4,4,6,0,3
scroll to blue tab above the login,scroll,tab,blue,above,login,NONE,7,8,2,1,3
open the last button to the left of the help,open,button,NONE,left_of,help,last,5,1,0,3,4
select purple button below the login,click,button,purple,below,login,NONE,1,1,7,2,3
paste text,paste,text,NONE,NONE,NONE,NONE,6,9,0,0,3
open the 3rd icon to the left of the search,open,icon,NONE,left_of,search,3rd,5,3,0,3,2
open link below the notifications,open,link,NONE,below,notifications,NONE,5,5,0,2,3
open menu to the left of the help,open,menu,NONE,left_of,help,NONE,5,6,0,3,3
remove the last purple image,delete,image,purple,NONE,NONE,last,3,4,7,0,4
copy the 2nd white text,copy,text,white,NONE,NONE,2nd,2,9,9,0,1
click on image,click,image,NONE,NONE,NONE,NONE,1,4,0,0,3
copy orange text above the help,copy,text,orange,above,help,NONE,2,9,5,1,3
press and hold the last text above the home,long-press,text,NONE,above,home,last,4,9,0,1,4
launch green menu,open,menu,green,NONE,NONE,NONE,5,6,4,0,3
open the 2nd icon above the menu,open,icon,NONE,above,menu,2nd,5,3,0,1,1
paste text to the right of the login,paste,text,NONE,right_of,login,NONE,6,9,0,5,3
tap on link,tap,link,NONE,NONE,NONE,NONE,8,5,0,0,3
open the 2nd link,open,link,NONE,NONE,NONE,2nd,5,5,0,0,1
paste black text above the payment,paste,text,black,above,payment,NONE,6,9,1,1,3
launch menu below the home,open,menu,NONE,below,home,NONE,5,6,0,2,3
press white text,click,text,white,NONE,NONE,NONE,1,9,9,0,3
copy gray text next to the home,copy,text,gray,next_to,home,NONE,2,9,3,4,3
copy the 3rd green text,copy,text,green,NONE,NONE,3rd,2,9,4,0,2
paste the 2nd text,paste,text,NONE,NONE,NONE,2nd,6,9,0,0,1
select the 3rd checkbox below the last item,click,checkbox,NONE,below,last item,3rd,1,2,0,2,2
click black tab below the search,click,tab,black,below,search,NONE,1,8,1,2,3
press and hold button to the right of the home,long-press,button,NONE,right_of,home,NONE,4,1,0,5,3
paste text,paste,text,NONE,NONE,NONE,NONE,6,9,0,0,3
click the 2nd text to the right of the profile,click,text,NONE,right_of,profile,2nd,1,9,0,5,1
scroll down to the last text,scroll,text,NONE,NONE,NONE,last,7,9,0,0,4
trash the last text below the last item,delete,text,NONE,below,last item,last,3,9,0,2,4
click on checkbox next to the menu,click,checkbox,NONE,next_to,menu,NONE,1,2,0,4,3
click icon above the wi-fi,click,icon,NONE,above,wi-fi,NONE,1,3,0,1,3
press switch,click,switch,NONE,NONE,NONE,NONE,1,7,0,0,3
paste the 2nd text,paste,text,NONE,NONE,NONE,2nd,6,9,0,0,1
copy text,copy,text,NONE,NONE,NONE,NONE,2,9,0,0,3
open link,open,link,NONE,NONE,NONE,NONE,5,5,0,0,3
tap icon,tap,icon,NONE,NONE,NONE,NONE,8,3,0,0,3
copy text,copy,text,NONE,NONE,NONE,NONE,2,9,0,0,3
trash button next to the search,delete,button,NONE,next_to,search,NONE,3,1,0,4,3
tap on link,tap,link,NONE,NONE,NONE,NONE,8,5,0,0,3
scroll to red tab above the profile,scroll,tab,red,above,profile,NONE,7,8,8,1,3
open button to the right of the checkout,open,button,NONE,right_of,checkout,NONE,5,1,0,5,3
press the 2nd image below the notifications,click,image,NONE,below,notifications,2nd,1,4,0,2,1
paste text,paste,text,NONE,NONE,NONE,NONE,6,9,0,0,3
paste the last text above the first email,paste,text,NONE,above,first email,last,6,9,0,1,4
long-press image above the payment,long-press,image,NONE,above,payment,NONE,4,4,0,1,3
press the last icon,click,icon,NONE,NONE,NONE,last,1,3,0,0,4
press and hold the last image above the notifications,long-press,image,NONE,above,notifications,last,4,4,0,1,4
trash text to the right of the search,delete,text,NONE,right_of,search,NONE,3,9,0,5,3
tap tab,tap,tab,NONE,NONE,NONE,NONE,8,8,0,0,3
remove the 2nd yellow text below the payment,delete,text,yellow,below,payment,2nd,3,9,10,2,1
paste the last text,paste,text,NONE,NONE,NONE,last,6,9,0,0,4
copy the last yellow text below the settings,copy,text,yellow,below,settings,last,2,9,10,2,4
select link next to the settings,click,link,NONE,next_to,settings,NONE,1,5,0,4,3
paste the last text,paste,text,NONE,NONE,NONE,last,6,9,0,0,4
scroll down to menu above the payment,scroll,menu,NONE,above,payment,NONE,7,6,0,1,3
copy the last text below the first email,copy,text,NONE,below,first email,last,2,9,0,2,4
scroll down to pink tab to the right of the settings,scroll,tab,pink,right_of,settings,NONE,7,8,6,5,3
scroll down to text to the right of the checkout,scroll,text,NONE,right_of,checkout,NONE,7,9,0,5,3
trash button next to the notifications,delete,button,NONE,next_to,notifications,NONE,3,1,0,4,3
paste text,paste,text,NONE,NONE,NONE,NONE,6,9,0,0,3
paste black text below the first email,paste,text,black,below,first email,NONE,6,9,1,2,3
scroll to the 2nd black tab to the left of the login,scroll,tab,black,left_of,login,2nd,7,8,1,3,1
tap on switch,tap,switch,NONE,NONE,NONE,NONE,8,7,0,0,3
paste the 3rd text,paste,text,NONE,NONE,NONE,3rd,6,9,0,0,2
select yellow text below the home,click,text,yellow,below,home,NONE,1,9,10,2,3
paste text to the left of the notifications,paste,text,NONE,left_of,notifications,NONE,6,9,0,3,3
click on image to the left of the settings,click,image,NONE,left_of,settings,NONE,1,4,0,3,3
delete pink text above the settings,delete,text,pink,above,settings,NONE,3,9,6,1,3
remove the 3rd text to the left of the first email,delete,text,NONE,left_of,first email,3rd,3,9,0,3,2
trash the last text above the checkout,delete,text,NONE,above,checkout,last,3,9,0,1,4
scroll down to the 2nd menu to the right of the search,scroll,menu,NONE,right_of,search,2nd,7,6,0,5,1
tap on tab next to the home,tap,tab,NONE,next_to,home,NONE,8,8,0,4,3
copy yellow text below the login,copy,text,yellow,below,login,NONE,2,9,10,2,3
launch gray icon to the left of the cart,open,icon,gray,left_of,cart,NONE,5,3,3,3,3
tap blue switch next to the notifications,tap,switch,blue,next_to,notifications,NONE,8,7,2,4,3
trash the last image above the payment,delete,image,NONE,above,payment,last,3,4,0,1,4
tap switch above the search,tap,switch,NONE,above,search,NONE,8,7,0,1,3
press the 1st gray button above the address,click,button,gray,above,address,1st,1,1,3,1,0
launch the 3rd gray tab next to the login,open,tab,gray,next_to,login,3rd,5,8,3,4,2
paste the 2nd green text,paste,text,green,NONE,NONE,2nd,6,9,4,0,1
press and hold image above the last item,long-press,image,NONE,above,last item,NONE,4,4,0,1,3
paste text to the right of the checkout,paste,text,NONE,right_of,checkout,NONE,6,9,0,5,3
paste red text,paste,text,red,NONE,NONE,NONE,6,9,8,0,3
open menu to the right of the address,open,menu,NONE,right_of,address,NONE,5,6,0,5,3
copy text next to the payment,copy,text,NONE,next_to,payment,NONE,2,9,0,4,3
paste orange text above the wi-fi,paste,text,orange,above,wi-fi,NONE,6,9,5,1,3
launch button to the right of the help,open,button,NONE,right_of,help,NONE,5,1,0,5,3
open blue menu to the left of the payment,open,menu,blue,left_of,payment,NONE,5,6,2,3,3
scroll to the 1st menu,scroll,menu,NONE,NONE,NONE,1st,7,6,0,0,0
long-press text to the left of the help,long-press,text,NONE,left_of,help,NONE,4,9,0,3,3
scroll down to text,scroll,text,NONE,NONE,NONE,NONE,7,9,0,0,3
launch link below the address,open,link,NONE,below,address,NONE,5,5,0,2,3
long-press black image next to the cart,long-press,image,black,next_to,cart,NONE,4,4,1,4,3
launch the 1st orange icon next to the notifications,open,icon,orange,next_to,notifications,1st,5,3,5,4,0
copy green text above the notifications,copy,text,green,above,notifications,NONE,2,9,4,1,3
long-press the 3rd black button next to the notifications,long-press,button,black,next_to,notifications,3rd,4,1,1,4,2
copy text above the payment,copy,text,NONE,above,payment,NONE,2,9,0,1,3
scroll to tab,scroll,tab,NONE,NONE,NONE,NONE,7,8,0,0,3
scroll down to tab to the left of the payment,scroll,tab,NONE,left_of,payment,NONE,7,8,0,3,3
tap on the 2nd link,tap,link,NONE,NONE,NONE,2nd,8,5,0,0,1
scroll to the 2nd orange tab to the right of the settings,scroll,tab,orange,right_of,settings,2nd,7,8,5,5,1
tap orange tab below the notifications,tap,tab,orange,below,notifications,NONE,8,8,5,2,3
press the 1st switch,click,switch,NONE,NONE,NONE,1st,1,7,0,0,0
press red text,click,text,red,NONE,NONE,NONE,1,9,8,0,3
long-press icon above the checkout,long-press,icon,NONE,above,checkout,NONE,4,3,0,1,3
paste text,paste,text,NONE,NONE,NONE,NONE,6,9,0,0,3
tap on button to the right of the cart,tap,button,NONE,right_of,cart,NONE,8,1,0,5,3
tap on the 2nd button above the cart,tap,button,NONE,above,cart,2nd,8,1,0,1,1
click purple text above the cart,click,text,purple,above,cart,NONE,1,9,7,1,3
copy text below the address,copy,text,NONE,below,address,NONE,2,9,0,2,3
tap on link,tap,link,NONE,NONE,NONE,NONE,8,5,0,0,3
launch gray menu to the right of the checkout,open,menu,gray,right_of,checkout,NONE,5,6,3,5,3
remove button to the left of the checkout,delete,button,NONE,left_of,checkout,NONE,3,1,0,3,3
paste text to the right of the home,paste,text,NONE,right_of,home,NONE,6,9,0,5,3
scroll down to text to the left of the menu,scroll,text,NONE,left_of,menu,NONE,7,9,0,3,3
paste the 2nd text below the wi-fi,paste,text,NONE,below,wi-fi,2nd,6,9,0,2,1
launch pink menu,open,menu,pink,NONE,NONE,NONE,5,6,6,0,3
scroll to menu next to the search,scroll,menu,NONE,next_to,search,NONE,7,6,0,4,3
press and hold the 2nd image,long-press,image,NONE,NONE,NONE,2nd,4,4,0,0,1
long-press the last image,long-press,image,NONE,NONE,NONE,last,4,4,0,0,4
press and hold icon to the right of the last item,long-press,icon,NONE,right_of,last item,NONE,4,3,0,5,3
launch link above the home,open,link,NONE,above,home,NONE,5,5,0,1,3
delete text to the left of the menu,delete,text,NONE,left_of,menu,NONE,3,9,0,3,3
scroll to gray menu to the right of the cart,scroll,menu,gray,right_of,cart,NONE,7,6,3,5,3
copy text,copy,text,NONE,NONE,NONE,NONE,2,9,0,0,3
press and hold image,long-press,image,NONE,NONE,NONE,NONE,4,4,0,0,3
tap the 1st checkbox to the right of the search,tap,checkbox,NONE,right_of,search,1st,8,2,0,5,0
press and hold icon next to the address,long-press,icon,NONE,next_to,address,NONE,4,3,0,4,3
scroll down to menu,scroll,menu,NONE,NONE,NONE,NONE,7,6,0,0,3
tap on white button to the left of the payment,tap,button,white,left_of,payment,NONE,8,1,9,3,3
long-press icon to the left of the payment,long-press,icon,NONE,left_of,payment,NONE,4,3,0,3,3
copy text below the address,copy,text,NONE,below,address,NONE,2,9,0,2,3
tap on the 3rd tab to the left of the home,tap,tab,NONE,left_of,home,3rd,8,8,0,3,2
scroll to blue tab below the payment,scroll,tab,blue,below,payment,NONE,7,8,2,2,3
paste the 2nd text above the profile,paste,text,NONE,above,profile,2nd,6,9,0,1,1
scroll down to the 1st red text next to the cart,scroll,text,red,next_to,cart,1st,7,9,8,4,0
trash image to the left of the settings,delete,image,NONE,left_of,settings,NONE,3,4,0,3,3
trash the 1st image below the notifications,delete,image,NONE,below,notifications,1st,3,4,0,2,0
tap checkbox,tap,checkbox,NONE,NONE,NONE,NONE,8,2,0,0,3
select gray checkbox to the right of the cart,click,checkbox,gray,right_of,cart,NONE,1,2,3,5,3
scroll to tab,scroll,tab,NONE,NONE,NONE,NONE,7,8,0,0,3
remove button,delete,button,NONE,NONE,NONE,NONE,3,1,0,0,3
scroll down to text to the left of the notifications,scroll,text,NONE,left_of,notifications,NONE,7,9,0,3,3
scroll to the 1st menu below the cart,scroll,menu,NONE,below,cart,1st,7,6,0,2,0
copy the 3rd text below the menu,copy,text,NONE,below,menu,3rd,2,9,0,2,2
tap on the 1st icon,tap,icon,NONE,NONE,NONE,1st,8,3,0,0,0
tap the 3rd purple checkbox to the right of the home,tap,checkbox,purple,right_of,home,3rd,8,2,7,5,2
long-press purple button below the notifications,long-press,button,purple,below,notifications,NONE,4,1,7,2,3
press and hold button next to the login,long-press,button,NONE,next_to,login,NONE,4,1,0,4,3
press and hold button below the address,long-press,button,NONE,below,address,NONE,4,1,0,2,3
tap checkbox to the left of the menu,tap,checkbox,NONE,left_of,menu,NONE,8,2,0,3,3
copy text,copy,text,NONE,NONE,NONE,NONE,2,9,0,0,3
press and hold green button,long-press,button,green,NONE,NONE,NONE,4,1,4,0,3
remove green button,delete,button,green,NONE,NONE,NONE,3,1,4,0,3
copy gray text above the login,copy,text,gray,above,login,NONE,2,9,3,1,3
click on the 3rd switch next to the checkout,click,switch,NONE,next_to,checkout,3rd,1,7,0,4,2
trash button,delete,button,NONE,NONE,NONE,NONE,3,1,0,0,3
scroll to the last menu to the right of the last item,scroll,menu,NONE,right_of,last item,last,7,6,0,5,4
paste yellow text to the right of the last item,paste,text,yellow,right_of,last item,NONE,6,9,10,5,3
long-press text below the checkout,long-press,text,NONE,below,checkout,NONE,4,9,0,2,3
paste green text,paste,text,green,NONE,NONE,NONE,6,9,4,0,3
scroll down to red menu to the right of the last item,scroll,menu,red,right_of,last item,NONE,7,6,8,5,3
press and hold the last text to the right of the login,long-press,text,NONE,right_of,login,last,4,9,0,5,4
paste text below the wi-fi,paste,text,NONE,below,wi-fi,NONE,6,9,0,2,3
tap the 3rd icon to the left of the address,tap,icon,NONE,left_of,address,3rd,8,3,0,3,2
remove the 3rd image,delete,image,NONE,NONE,NONE,3rd,3,4,0,0,2
press and hold gray icon,long-press,icon,gray,NONE,NONE,NONE,4,3,3,0,3
tap on the 2nd checkbox to the left of the help,tap,checkbox,NONE,left_of,help,2nd,8,2,0,3,1
trash image above the last item,delete,image,NONE,above,last item,NONE,3,4,0,1,3
launch orange icon next to the first email,open,icon,orange,next_to,first email,NONE,5,3,5,4,3
scroll to the 2nd white tab above the profile,scroll,tab,white,above,profile,2nd,7,8,9,1,1
paste purple text above the settings,paste,text,purple,above,settings,NONE,6,9,7,1,3
tap on icon to the left of the payment,tap,icon,NONE,left_of,payment,NONE,8,3,0,3,3
open tab to the right of the last item,open,tab,NONE,right_of,last item,NONE,5,8,0,5,3
scroll to blue text above the cart,scroll,text,blue,above,cart,NONE,7,9,2,1,3
launch icon,open,icon,NONE,NONE,NONE,NONE,5,3,0,0,3
paste the 3rd yellow text,paste,text,yellow,NONE,NONE,3rd,6,9,10,0,2
press the last checkbox next to the notifications,click,checkbox,NONE,next_to,notifications,last,1,2,0,4,4
paste purple text above the help,paste,text,purple,above,help,NONE,6,9,7,1,3
tap on checkbox,tap,checkbox,NONE,NONE,NONE,NONE,8,2,0,0,3
copy text to the right of the payment,copy,text,NONE,right_of,payment,NONE,2,9,0,5,3
tap on switch above the home,tap,switch,NONE,above,home,NONE,8,7,0,1,3
tap checkbox to the left of the notifications,tap,checkbox,NONE,left_of,notifications,NONE,8,2,0,3,3
press the 1st image below the home,click,image,NONE,below,home,1st,1,4,0,2,0
paste text below the notifications,paste,text,NONE,below,notifications,NONE,6,9,0,2,3
tap on orange link to the right of the settings,tap,link,orange,right_of,settings,NONE,8,5,5,5,3
tap on gray switch to the right of the cart,tap,switch,gray,right_of,cart,NONE,8,7,3,5,3
launch button,open,button,NONE,NONE,NONE,NONE,5,1,0,0,3
launch purple icon to the right of the payment,open,icon,purple,right_of,payment,NONE,5,3,7,5,3
paste the 1st text to the left of the cart,paste,text,NONE,left_of,cart,1st,6,9,0,3,0
click image above the home,click,image,NONE,above,home,NONE,1,4,0,1,3
press tab below the login,click,tab,NONE,below,login,NONE,1,8,0,2,3
scroll down to orange menu,scroll,menu,orange,NONE,NONE,NONE,7,6,5,0,3
copy blue text to the left of the profile,copy,text,blue,left_of,profile,NONE,2,9,2,3,3
paste green text next to the address,paste,text,green,next_to,address,NONE,6,9,4,4,3
launch link,open,link,NONE,NONE,NONE,NONE,5,5,0,0,3
long-press text to the left of the checkout,long-press,text,NONE,left_of,checkout,NONE,4,9,0,3,3
paste the last text above the first email,paste,text,NONE,above,first email,last,6,9,0,1,4
press tab to the right of the last item,click,tab,NONE,right_of,last item,NONE,1,8,0,5,3
trash the last yellow image,delete,image,yellow,NONE,NONE,last,3,4,10,0,4
tap the 1st tab to the right of the checkout,tap,tab,NONE,right_of,checkout,1st,8,8,0,5,0
scroll down to the 1st tab,scroll,tab,NONE,NONE,NONE,1st,7,8,0,0,0
copy text,copy,text,NONE,NONE,NONE,NONE,2,9,0,0,3
paste yellow text below the login,paste,text,yellow,below,login,NONE,6,9,10,2,3
launch button above the checkout,open,button,NONE,above,checkout,NONE,5,1,0,1,3
copy gray text above the first email,copy,text,gray,above,first email,NONE,2,9,3,1,3
select the 2nd image below the profile,click,image,NONE,below,profile,2nd,1,4,0,2,1
scroll to the 2nd tab below the search,scroll,tab,NONE,below,search,2nd,7,8,0,2,1
paste black text above the checkout,paste,text,black,above,checkout,NONE,6,9,1,1,3
paste purple text to the left of the login,paste,text,purple,left_of,login,NONE,6,9,7,3,3
paste text next to the first email,paste,text,NONE,next_to,first email,NONE,6,9,0,4,3
tap the 2nd yellow checkbox below the home,tap,checkbox,yellow,below,home,2nd,8,2,10,2,1
paste text,paste,text,NONE,NONE,NONE,NONE,6,9,0,0,3
paste text below the payment,paste,text,NONE,below,payment,NONE,6,9,0,2,3
tap yellow icon,tap,icon,yellow,NONE,NONE,NONE,8,3,10,0,3
paste text next to the notifications,paste,text,NONE,next_to,notifications,NONE,6,9,0,4,3
paste the 3rd orange text,paste,text,orange,NONE,NONE,3rd,6,9,5,0,2
trash text below the settings,delete,text,NONE,below,settings,NONE,3,9,0,2,3
scroll to yellow menu to the left of the settings,scroll,menu,yellow,left_of,settings,NONE,7,6,10,3,3
click text to the right of the settings,click,text,NONE,right_of,settings,NONE,1,9,0,5,3
launch menu above the search,open,menu,NONE,above,search,NONE,5,6,0,1,3
press and hold gray text next to the cart,long-press,text,gray,next_to,cart,NONE,4,9,3,4,3
tap on switch,tap,switch,NONE,NONE,NONE,NONE,8,7,0,0,3
tap tab to the right of the home,tap,tab,NONE,right_of,home,NONE,8,8,0,5,3
press and hold image to the left of the address,long-press,image,NONE,left_of,address,NONE,4,4,0,3,3
paste the last text next to the login,paste,text,NONE,next_to,login,last,6,9,0,4,4
tap link,tap,link,NONE,NONE,NONE,NONE,8,5,0,0,3
scroll down to tab to the right of the settings,scroll,tab,NONE,right_of,settings,NONE,7,8,0,5,3
open tab to the right of the profile,open,tab,NONE,right_of,profile,NONE,5,8,0,5,3
paste gray text to the right of the payment,paste,text,gray,right_of,payment,NONE,6,9,3,5,3
launch the 1st menu to the right of the home,open,menu,NONE,right_of,home,1st,5,6,0,5,0
open white tab,open,tab,white,NONE,NONE,NONE,5,8,9,0,3
open blue icon to the left of the checkout,open,icon,blue,left_of,checkout,NONE,5,3,2,3,3
remove the 3rd image to the right of the home,delete,image,NONE,right_of,home,3rd,3,4,0,5,2
paste red text to the right of the cart,paste,text,red,right_of,cart,NONE,6,9,8,5,3
long-press the 3rd white image below the profile,long-press,image,white,below,profile,3rd,4,4,9,2,2
remove image,delete,image,NONE,NONE,NONE,NONE,3,4,0,0,3
select the 2nd icon to the right of the home,click,icon,NONE,right_of,home,2nd,1,3,0,5,1
open icon to the right of the cart,open,icon,NONE,right_of,cart,NONE,5,3,0,5,3
delete image to the left of the last item,delete,image,NONE,left_of,last item,NONE,3,4,0,3,3
tap on link to the right of the address,tap,link,NONE,right_of,address,NONE,8,5,0,5,3
paste yellow text below the home,paste,text,yellow,below,home,NONE,6,9,10,2,3
open button,open,button,NONE,NONE,NONE,NONE,5,1,0,0,3
scroll to tab above the payment,scroll,tab,NONE,above,payment,NONE,7,8,0,1,3
click gray image to the left of the search,click,image,gray,left_of,search,NONE,1,4,3,3,3
copy white text to the left of the home,copy,text,white,left_of,home,NONE,2,9,9,3,3
scroll down to the 1st text next to the menu,scroll,text,NONE,next_to,menu,1st,7,9,0,4,0
open orange tab below the help,open,tab,orange,below,help,NONE,5,8,5,2,3
copy the 2nd text to the right of the login,copy,text,NONE,right_of,login,2nd,2,9,0,5,1
select blue link,click,link,blue,NONE,NONE,NONE,1,5,2,0,3
tap on green button to the right of the cart,tap,button,green,right_of,cart,NONE,8,1,4,5,3
paste text below the profile,paste,text,NONE,below,profile,NONE,6,9,0,2,3
scroll down to the 2nd tab above the wi-fi,scroll,tab,NONE,above,wi-fi,2nd,7,8,0,1,1
long-press black text above the help,long-press,text,black,above,help,NONE,4,9,1,1,3
copy text above the payment,copy,text,NONE,above,payment,NONE,2,9,0,1,3
tap purple icon below the home,tap,icon,purple,below,home,NONE,8,3,7,2,3
press and hold text next to the login,long-press,text,NONE,next_to,login,NONE,4,9,0,4,3
remove text to the right of the home,delete,text,NONE,right_of,home,NONE,3,9,0,5,3
long-press icon below the profile,long-press,icon,NONE,below,profile,NONE,4,3,0,2,3
click on link to the left of the menu,click,link,NONE,left_of,menu,NONE,1,5,0,3,3
scroll down to tab next to the payment,scroll,tab,NONE,next_to,payment,NONE,7,8,0,4,3
tap on the 1st red switch below the first email,tap,switch,red,below,first email,1st,8,7,8,2,0
scroll down to tab to the left of the cart,scroll,tab,NONE,left_of,cart,NONE,7,8,0,3,3
scroll down to orange text above the wi-fi,scroll,text,orange,above,wi-fi,NONE,7,9,5,1,3
scroll to red tab above the settings,scroll,tab,red,above,settings,NONE,7,8,8,1,3
tap on link below the login,tap,link,NONE,below,login,NONE,8,5,0,2,3
select link below the last item,click,link,NONE,below,last item,NONE,1,5,0,2,3
scroll to the 2nd menu next to the notifications,scroll,menu,NONE,next_to,notifications,2nd,7,6,0,4,1
trash the 3rd button next to the payment,delete,button,NONE,next_to,payment,3rd,3,1,0,4,2
tap the 1st checkbox,tap,checkbox,NONE,NONE,NONE,1st,8,2,0,0,0
scroll down to the last white menu next to the settings,scroll,menu,white,next_to,settings,last,7,6,9,4,4
press gray text,click,text,gray,NONE,NONE,NONE,1,9,3,0,3
trash black text to the right of the first email,delete,text,black,right_of,first email,NONE,3,9,1,5,3
press and hold image above the menu,long-press,image,NONE,above,menu,NONE,4,4,0,1,3
long-press the 2nd image,long-press,image,NONE,NONE,NONE,2nd,4,4,0,0,1
delete button,delete,button,NONE,NONE,NONE,NONE,3,1,0,0,3
scroll to menu below the payment,scroll,menu,NONE,below,payment,NONE,7,6,0,2,3
press tab above the checkout,click,tab,NONE,above,checkout,NONE,1,8,0,1,3
paste text next to the login,paste,text,NONE,next_to,login,NONE,6,9,0,4,3
remove image to the right of the wi-fi,delete,image,NONE,right_of,wi-fi,NONE,3,4,0,5,3
press text,click,text,NONE,NONE,NONE,NONE,1,9,0,0,3
tap on link below the first email,tap,link,NONE,below,first email,NONE,8,5,0,2,3
trash text,delete,text,NONE,NONE,NONE,NONE,3,9,0,0,3
open button,open,button,NONE,NONE,NONE,NONE,5,1,0,0,3
open button,open,button,NONE,NONE,NONE,NONE,5,1,0,0,3
scroll to text,scroll,text,NONE,NONE,NONE,NONE,7,9,0,0,3
paste text,paste,text,NONE,NONE,NONE,NONE,6,9,0,0,3
launch the 1st menu to the left of the last item,open,menu,NONE,left_of,last item,1st,5,6,0,3,0
tap on switch next to the last item,tap,switch,NONE,next_to,last item,NONE,8,7,0,4,3
paste text below the login,paste,text,NONE,below,login,NONE,6,9,0,2,3
copy gray text to the right of the first email,copy,text,gray,right_of,first email,NONE,2,9,3,5,3
tap on the 2nd pink link,tap,link,pink,NONE,NONE,2nd,8,5,6,0,1
press and hold icon next to the wi-fi,long-press,icon,NONE,next_to,wi-fi,NONE,4,3,0,4,3
launch the 3rd black link,open,link,black,NONE,NONE,3rd,5,5,1,0,2
open purple icon to the left of the cart,open,icon,purple,left_of,cart,NONE,5,3,7,3,3
tap the 2nd orange link next to the profile,tap,link,orange,next_to,profile,2nd,8,5,5,4,1
launch the last tab above the menu,open,tab,NONE,above,menu,last,5,8,0,1,4
copy the 1st orange text to the right of the help,copy,text,orange,right_of,help,1st,2,9,5,5,0
delete the last image below the home,delete,image,NONE,below,home,last,3,4,0,2,4
paste the last text next to the login,paste,text,NONE,next_to,login,last,6,9,0,4,4
copy text to the left of the home,copy,text,NONE,left_of,home,NONE,2,9,0,3,3
remove button,delete,button,NONE,NONE,NONE,NONE,3,1,0,0,3
scroll to the 1st tab to the right of the wi-fi,scroll,tab,NONE,right_of,wi-fi,1st,7,8,0,5,0
paste text to the left of the profile,paste,text,NONE,left_of,profile,NONE,6,9,0,3,3
press and hold black icon,long-press,icon,black,NONE,NONE,NONE,4,3,1,0,3
copy text next to the login,copy,text,NONE,next_to,login,NONE,2,9,0,4,3
launch the 3rd tab to the left of the menu,open,tab,NONE,left_of,menu,3rd,5,8,0,3,2
remove the 2nd image to the left of the checkout,delete,image,NONE,left_of,checkout,2nd,3,4,0,3,1
copy the 3rd red text above the search,copy,text,red,above,search,3rd,2,9,8,1,2
launch tab above the last item,open,tab,NONE,above,last item,NONE,5,8,0,1,3
tap on gray icon,tap,icon,gray,NONE,NONE,NONE,8,3,3,0,3
tap the 3rd tab next to the address,tap,tab,NONE,next_to,address,3rd,8,8,0,4,2
tap checkbox below the last item,tap,checkbox,NONE,below,last item,NONE,8,2,0,2,3
open pink button above the cart,open,button,pink,above,cart,NONE,5,1,6,1,3
scroll down to tab,scroll,tab,NONE,NONE,NONE,NONE,7,8,0,0,3
scroll down to the 2nd black tab to the left of the home,scroll,tab,black,left_of,home,2nd,7,8,1,3,1
copy text above the payment,copy,text,NONE,above,payment,NONE,2,9,0,1,3
open button,open,button,NONE,NONE,NONE,NONE,5,1,0,0,3
paste the 1st pink text,paste,text,pink,NONE,NONE,1st,6,9,6,0,0
paste text above the home,paste,text,NONE,above,home,NONE,6,9,0,1,3
copy text to the left of the login,copy,text,NONE,left_of,login,NONE,2,9,0,3,3
remove purple button above the settings,delete,button,purple,above,settings,NONE,3,1,7,1,3
remove text below the home,delete,text,NONE,below,home,NONE,3,9,0,2,3
scroll to text next to the settings,scroll,text,NONE,next_to,settings,NONE,7,9,0,4,3
scroll down to the 3rd red text to the left of the address,scroll,text,red,left_of,address,3rd,7,9,8,3,2
launch the 1st menu,open,menu,NONE,NONE,NONE,1st,5,6,0,0,0
remove text next to the login,delete,text,NONE,next_to,login,NONE,3,9,0,4,3
paste text,paste,text,NONE,NONE,NONE,NONE,6,9,0,0,3
remove the last image,delete,image,NONE,NONE,NONE,last,3,4,0,0,4
scroll down to text,scroll,text,NONE,NONE,NONE,NONE,7,9,0,0,3
paste the 1st text to the left of the first email,paste,text,NONE,left_of,first email,1st,6,9,0,3,0
press icon next to the settings,click,icon,NONE,next_to,settings,NONE,1,3,0,4,3
press green link to the right of the home,click,link,green,right_of,home,NONE,1,5,4,5,3
scroll down to the 2nd black tab next to the menu,scroll,tab,black,next_to,menu,2nd,7,8,1,4,1
tap the 3rd pink icon,tap,icon,pink,NONE,NONE,3rd,8,3,6,0,2
press and hold text below the menu,long-press,text,NONE,below,menu,NONE,4,9,0,2,3
launch blue link above the help,open,link,blue,above,help,NONE,5,5,2,1,3
press and hold the 3rd white image,long-press,image,white,NONE,NONE,3rd,4,4,9,0,2
scroll to the last text,scroll,text,NONE,NONE,NONE,last,7,9,0,0,4
tap on link below the checkout,tap,link,NONE,below,checkout,NONE,8,5,0,2,3
tap on link,tap,link,NONE,NONE,NONE,NONE,8,5,0,0,3
scroll to blue text to the right of the search,scroll,text,blue,right_of,search,NONE,7,9,2,5,3
click text next to the payment,click,text,NONE,next_to,payment,NONE,1,9,0,4,3
open yellow menu below the profile,open,menu,yellow,below,profile,NONE,5,6,10,2,3
paste white text,paste,text,white,NONE,NONE,NONE,6,9,9,0,3
paste gray text below the cart,paste,text,gray,below,cart,NONE,6,9,3,2,3
remove the last white text above the home,delete,text,white,above,home,last,3,9,9,1,4
scroll to the 2nd pink menu below the last item,scroll,menu,pink,below,last item,2nd,7,6,6,2,1
tap the 3rd red switch,tap,switch,red,NONE,NONE,3rd,8,7,8,0,2
paste red text below the home,paste,text,red,below,home,NONE,6,9,8,2,3
scroll down to menu,scroll,menu,NONE,NONE,NONE,NONE,7,6,0,0,3
paste text above the last item,paste,text,NONE,above,last item,NONE,6,9,0,1,3
press and hold image,long-press,image,NONE,NONE,NONE,NONE,4,4,0,0,3
paste blue text,paste,text,blue,NONE,NONE,NONE,6,9,2,0,3
remove the 3rd image next to the checkout,delete,image,NONE,next_to,checkout,3rd,3,4,0,4,2
open the 2nd icon to the right of the settings,open,icon,NONE,right_of,settings,2nd,5,3,0,5,1
long-press yellow image,long-press,image,yellow,NONE,NONE,NONE,4,4,10,0,3
paste the last text to the right of the home,paste,text,NONE,right_of,home,last,6,9,0,5,4
select yellow link,click,link,yellow,NONE,NONE,NONE,1,5,10,0,3
select orange switch to the right of the checkout,click,switch,orange,right_of,checkout,NONE,1,7,5,5,3
delete black text,delete,text,black,NONE,NONE,NONE,3,9,1,0,3
open green icon to the left of the notifications,open,icon,green,left_of,notifications,NONE,5,3,4,3,3
click on tab,click,tab,NONE,NONE,NONE,NONE,1,8,0,0,3
press and hold the 1st orange image above the first email,long-press,image,orange,above,first email,1st,4,4,5,1,0
paste text,paste,text,NONE,NONE,NONE,NONE,6,9,0,0,3
click on the 2nd icon below the help,click,icon,NONE,below,help,2nd,1,3,0,2,1
tap on pink tab below the first email,tap,tab,pink,below,first email,NONE,8,8,6,2,3
tap link to the left of the settings,tap,link,NONE,left_of,settings,NONE,8,5,0,3,3
long-press button to the right of the help,long-press,button,NONE,right_of,help,NONE,4,1,0,5,3
press and hold the 2nd image,long-press,image,NONE,NONE,NONE,2nd,4,4,0,0,1
remove yellow image,delete,image,yellow,NONE,NONE,NONE,3,4,10,0,3
tap the 2nd white link next to the checkout,tap,link,white,next_to,checkout,2nd,8,5,9,4,1
launch red button,open,button,red,NONE,NONE,NONE,5,1,8,0,3
scroll down to the 1st blue menu next to the search,scroll,menu,blue,next_to,search,1st,7,6,2,4,0
launch tab,open,tab,NONE,NONE,NONE,NONE,5,8,0,0,3
press and hold the 2nd pink button next to the cart,long-press,button,pink,next_to,cart,2nd,4,1,6,4,1
tap on gray icon to the right of the address,tap,icon,gray,right_of,address,NONE,8,3,3,5,3
delete image,delete,image,NONE,NONE,NONE,NONE,3,4,0,0,3
scroll down to black menu,scroll,menu,black,NONE,NONE,NONE,7,6,1,0,3
press and hold icon,long-press,icon,NONE,NONE,NONE,NONE,4,3,0,0,3
tap blue link,tap,link,blue,NONE,NONE,NONE,8,5,2,0,3
click on link below the settings,click,link,NONE,below,settings,NONE,1,5,0,2,3
remove the last pink button,delete,button,pink,NONE,NONE,last,3,1,6,0,4
long-press image to the right of the address,long-press,image,NONE,right_of,address,NONE,4,4,0,5,3
press gray button,click,button,gray,NONE,NONE,NONE,1,1,3,0,3
click on black icon next to the notifications,click,icon,black,next_to,notifications,NONE,1,3,1,4,3
tap on checkbox,tap,checkbox,NONE,NONE,NONE,NONE,8,2,0,0,3
copy the last gray text below the profile,copy,text,gray,below,profile,last,2,9,3,2,4
tap the 2nd icon to the right of the notifications,tap,icon,NONE,right_of,notifications,2nd,8,3,0,5,1
trash image to the right of the wi-fi,delete,image,NONE,right_of,wi-fi,NONE,3,4,0,5,3
press and hold image below the first email,long-press,image,NONE,below,first email,NONE,4,4,0,2,3
delete the last button,delete,button,NONE,NONE,NONE,last,3,1,0,0,4
tap switch above the settings,tap,switch,NONE,above,settings,NONE,8,7,0,1,3
press text,click,text,NONE,NONE,NONE,NONE,1,9,0,0,3
tap on the 3rd checkbox,tap,checkbox,NONE,NONE,NONE,3rd,8,2,0,0,2
click on link to the left of the menu,click,link,NONE,left_of,menu,NONE,1,5,0,3,3
copy text above the address,copy,text,NONE,above,address,NONE,2,9,0,1,3
tap the 2nd tab,tap,tab,NONE,NONE,NONE,2nd,8,8,0,0,1
paste text below the address,paste,text,NONE,below,address,NONE,6,9,0,2,3
open button below the search,open,button,NONE,below,search,NONE,5,1,0,2,3
trash text to the right of the search,delete,text,NONE,right_of,search,NONE,3,9,0,5,3
press and hold the 1st text,long-press,text,NONE,NONE,NONE,1st,4,9,0,0,0
launch icon to the right of the checkout,open,icon,NONE,right_of,checkout,NONE,5,3,0,5,3
tap on switch next to the first email,tap,switch,NONE,next_to,first email,NONE,8,7,0,4,3
click the 1st switch,click,switch,NONE,NONE,NONE,1st,1,7,0,0,0
long-press text to the left of the search,long-press,text,NONE,left_of,search,NONE,4,9,0,3,3
press checkbox below the address,click,checkbox,NONE,below,address,NONE,1,2,0,2,3
open pink tab above the wi-fi,open,tab,pink,above,wi-fi,NONE,5,8,6,1,3
tap the 2nd tab next to the notifications,tap,tab,NONE,next_to,notifications,2nd,8,8,0,4,1
click on icon,click,icon,NONE,NONE,NONE,NONE,1,3,0,0,3
trash the 3rd button below the settings,delete,button,NONE,below,settings,3rd,3,1,0,2,2
tap switch,tap,switch,NONE,NONE,NONE,NONE,8,7,0,0,3
launch icon next to the wi-fi,open,icon,NONE,next_to,wi-fi,NONE,5,3,0,4,3
scroll down to blue tab,scroll,tab,blue,NONE,NONE,NONE,7,8,2,0,3
open button next to the search,open,button,NONE,next_to,search,NONE,5,1,0,4,3
copy the 1st purple text to the left of the search,copy,text,purple,left_of,search,1st,2,9,7,3,0
delete the last button to the right of the login,delete,button,NONE,right_of,login,last,3,1,0,5,4
copy text,copy,text,NONE,NONE,NONE,NONE,2,9,0,0,3
launch orange icon,open,icon,orange,NONE,NONE,NONE,5,3,5,0,3
paste the 1st red text below the login,paste,text,red,below,login,1st,6,9,8,2,0
launch the last link above the wi-fi,open,link,NONE,above,wi-fi,last,5,5,0,1,4
long-press the 2nd image,long-press,image,NONE,NONE,NONE,2nd,4,4,0,0,1
trash image to the left of the settings,delete,image,NONE,left_of,settings,NONE,3,4,0,3,3
scroll to red text to the left of the first email,scroll,text,red,left_of,first email,NONE,7,9,8,3,3
paste the last text above the menu,paste,text,NONE,above,menu,last,6,9,0,1,4
paste text next to the notifications,paste,text,NONE,next_to,notifications,NONE,6,9,0,4,3
long-press image next to the checkout,long-press,image,NONE,next_to,checkout,NONE,4,4,0,4,3
copy text,copy,text,NONE,NONE,NONE,NONE,2,9,0,0,3
click black tab,click,tab,black,NONE,NONE,NONE,1,8,1,0,3
click on icon above the search,click,icon,NONE,above,search,NONE,1,3,0,1,3
delete image above the first email,delete,image,NONE,above,first email,NONE,3,4,0,1,3
paste text,paste,text,NONE,NONE,NONE,NONE,6,9,0,0,3
press and hold yellow icon,long-press,icon,yellow,NONE,NONE,NONE,4,3,10,0,3
remove the last image,delete,image,NONE,NONE,NONE,last,3,4,0,0,4
press and hold icon,long-press,icon,NONE,NONE,NONE,NONE,4,3,0,0,3
scroll to text,scroll,text,NONE,NONE,NONE,NONE,7,9,0,0,3
launch the last menu,open,menu,NONE,NONE,NONE,last,5,6,0,0,4
copy text next to the home,copy,text,NONE,next_to,home,NONE,2,9,0,4,3
paste text below the address,paste,text,NONE,below,address,NONE,6,9,0,2,3
tap switch below the profile,tap,switch,NONE,below,profile,NONE,8,7,0,2,3
tap pink icon,tap,icon,pink,NONE,NONE,NONE,8,3,6,0,3
copy green text above the first email,copy,text,green,above,first email,NONE,2,9,4,1,3
copy gray text to the left of the last item,copy,text,gray,left_of,last item,NONE,2,9,3,3,3
launch button to the right of the home,open,button,NONE,right_of,home,NONE,5,1,0,5,3
select the 3rd black image above the wi-fi,click,image,black,above,wi-fi,3rd,1,4,1,1,2
scroll to orange text above the last item,scroll,text,orange,above,last item,NONE,7,9,5,1,3
delete text below the search,delete,text,NONE,below,search,NONE,3,9,0,2,3
select button to the right of the checkout,click,button,NONE,right_of,checkout,NONE,1,1,0,5,3
paste the 1st orange text next to the checkout,paste,text,orange,next_to,checkout,1st,6,9,5,4,0
copy the 1st text to the left of the last item,copy,text,NONE,left_of,last item,1st,2,9,0,3,0
scroll to the last green menu,scroll,menu,green,NONE,NONE,last,7,6,4,0,4
launch blue menu to the left of the checkout,open,menu,blue,left_of,checkout,NONE,5,6,2,3,3
copy gray text next to the settings,copy,text,gray,next_to,settings,NONE,2,9,3,4,3
paste text,paste,text,NONE,NONE,NONE,NONE,6,9,0,0,3
long-press the 2nd red image to the right of the home,long-press,image,red,right_of,home,2nd,4,4,8,5,1
paste the 1st text below the first email,paste,text,NONE,below,first email,1st,6,9,0,2,0
paste black text to the left of the last item,paste,text,black,left_of,last item,NONE,6,9,1,3,3
tap on black button,tap,button,black,NONE,NONE,NONE,8,1,1,0,3
select switch,click,switch,NONE,NONE,NONE,NONE,1,7,0,0,3
press switch,click,switch,NONE,NONE,NONE,NONE,1,7,0,0,3
select tab,click,tab,NONE,NONE,NONE,NONE,1,8,0,0,3
open gray button below the profile,open,button,gray,below,profile,NONE,5,1,3,2,3
copy red text next to the first email,copy,text,red,next_to,first email,NONE,2,9,8,4,3
paste blue text,paste,text,blue,NONE,NONE,NONE,6,9,2,0,3
copy text,copy,text,NONE,NONE,NONE,NONE,2,9,0,0,3
copy text below the search,copy,text,NONE,below,search,NONE,2,9,0,2,3
delete green button next to the first email,delete,button,green,next_to,first email,NONE,3,1,4,4,3
paste the 1st yellow text above the last item,paste,text,yellow,above,last item,1st,6,9,10,1,0
remove blue text next to the cart,delete,text,blue,next_to,cart,NONE,3,9,2,4,3
trash button to the right of the help,delete,button,NONE,right_of,help,NONE,3,1,0,5,3
click on the 3rd tab above the address,click,tab,NONE,above,address,3rd,1,8,0,1,2
paste black text next to the notifications,paste,text,black,next_to,notifications,NONE,6,9,1,4,3
open orange link to the right of the search,open,link,orange,right_of,search,NONE,5,5,5,5,3
scroll down to blue menu to the left of the payment,scroll,menu,blue,left_of,payment,NONE,7,6,2,3,3
paste the last yellow text to the left of the cart,paste,text,yellow,left_of,cart,last,6,9,10,3,4
open the 1st icon next to the login,open,icon,NONE,next_to,login,1st,5,3,0,4,0
open the 1st icon,open,icon,NONE,NONE,NONE,1st,5,3,0,0,0
press and hold icon to the right of the notifications,long-press,icon,NONE,right_of,notifications,NONE,4,3,0,5,3
scroll down to the last text to the right of the help,scroll,text,NONE,right_of,help,last,7,9,0,5,4
paste text to the right of the wi-fi,paste,text,NONE,right_of,wi-fi,NONE,6,9,0,5,3
click green link to the right of the wi-fi,click,link,green,right_of,wi-fi,NONE,1,5,4,5,3
long-press the 3rd button,long-press,button,NONE,NONE,NONE,3rd,4,1,0,0,2
click green button next to the menu,click,button,green,next_to,menu,NONE,1,1,4,4,3
copy the 1st black text,copy,text,black,NONE,NONE,1st,2,9,1,0,0
press purple icon,click,icon,purple,NONE,NONE,NONE,1,3,7,0,3
scroll down to pink tab below the wi-fi,scroll,tab,pink,below,wi-fi,NONE,7,8,6,2,3
click white checkbox next to the wi-fi,click,checkbox,white,next_to,wi-fi,NONE,1,2,9,4,3
scroll down to the 2nd tab next to the checkout,scroll,tab,NONE,next_to,checkout,2nd,7,8,0,4,1
copy text to the left of the wi-fi,copy,text,NONE,left_of,wi-fi,NONE,2,9,0,3,3
scroll down to yellow tab to the right of the login,scroll,tab,yellow,right_of,login,NONE,7,8,10,5,3
launch icon next to the cart,open,icon,NONE,next_to,cart,NONE,5,3,0,4,3
long-press the 3rd icon above the login,long-press,icon,NONE,above,login,3rd,4,3,0,1,2
remove text,delete,text,NONE,NONE,NONE,NONE,3,9,0,0,3
paste text,paste,text,NONE,NONE,NONE,NONE,6,9,0,0,3
open icon to the right of the wi-fi,open,icon,NONE,right_of,wi-fi,NONE,5,3,0,5,3
select link above the payment,click,link,NONE,above,payment,NONE,1,5,0,1,3
click text to the left of the menu,click,text,NONE,left_of,menu,NONE,1,9,0,3,3
launch button above the home,open,button,NONE,above,home,NONE,5,1,0,1,3
launch the 2nd icon to the right of the notifications,open,icon,NONE,right_of,notifications,2nd,5,3,0,5,1
paste text,paste,text,NONE,NONE,NONE,NONE,6,9,0,0,3
paste green text next to the last item,paste,text,green,next_to,last item,NONE,6,9,4,4,3
tap on checkbox to the right of the login,tap,checkbox,NONE,right_of,login,NONE,8,2,0,5,3
press and hold text,long-press,text,NONE,NONE,NONE,NONE,4,9,0,0,3
paste text,paste,text,NONE,NONE,NONE,NONE,6,9,0,0,3
remove text above the profile,delete,text,NONE,above,profile,NONE,3,9,0,1,3
copy text,copy,text,NONE,NONE,NONE,NONE,2,9,0,0,3
remove yellow button next to the first email,delete,button,yellow,next_to,first email,NONE,3,1,10,4,3
copy text to the right of the home,copy,text,NONE,right_of,home,NONE,2,9,0,5,3
delete the 2nd black image,delete,image,black,NONE,NONE,2nd,3,4,1,0,1
scroll to gray menu below the checkout,scroll,menu,gray,below,checkout,NONE,7,6,3,2,3
launch black tab to the right of the notifications,open,tab,black,right_of,notifications,NONE,5,8,1,5,3
copy text,copy,text,NONE,NONE,NONE,NONE,2,9,0,0,3
copy the 2nd text next to the search,copy,text,NONE,next_to,search,2nd,2,9,0,4,1
scroll down to menu,scroll,menu,NONE,NONE,NONE,NONE,7,6,0,0,3
scroll down to menu to the left of the first email,scroll,menu,NONE,left_of,first email,NONE,7,6,0,3,3
remove text above the menu,delete,text,NONE,above,menu,NONE,3,9,0,1,3
long-press image to the left of the settings,long-press,image,NONE,left_of,settings,NONE,4,4,0,3,3
copy text to the left of the cart,copy,text,NONE,left_of,cart,NONE,2,9,0,3,3
remove button above the notifications,delete,button,NONE,above,notifications,NONE,3,1,0,1,3
click purple link next to the home,click,link,purple,next_to,home,NONE,1,5,7,4,3
long-press yellow button next to the cart,long-press,button,yellow,next_to,cart,NONE,4,1,10,4,3
tap on switch,tap,switch,NONE,NONE,NONE,NONE,8,7,0,0,3
press the 2nd icon,click,icon,NONE,NONE,NONE,2nd,1,3,0,0,1
tap the 2nd black switch to the left of the settings,tap,switch,black,left_of,settings,2nd,8,7,1,3,1
scroll down to tab,scroll,tab,NONE,NONE,NONE,NONE,7,8,0,0,3
long-press the 3rd image,long-press,image,NONE,NONE,NONE,3rd,4,4,0,0,2
press switch,click,switch,NONE,NONE,NONE,NONE,1,7,0,0,3
scroll to black tab,scroll,tab,black,NONE,NONE,NONE,7,8,1,0,3
copy the 1st green text,copy,text,green,NONE,NONE,1st,2,9,4,0,0
open tab,open,tab,NONE,NONE,NONE,NONE,5,8,0,0,3
select the last blue image next to the menu,click,image,blue,next_to,menu,last,1,4,2,4,4
tap on gray tab to the left of the profile,tap,tab,gray,left_of,profile,NONE,8,8,3,3,3
tap button below the search,tap,button,NONE,below,search,NONE,8,1,0,2,3
launch green menu to the left of the last item,open,menu,green,left_of,last item,NONE,5,6,4,3,3
long-press the 2nd gray image,long-press,image,gray,NONE,NONE,2nd,4,4,3,0,1
paste blue text,paste,text,blue,NONE,NONE,NONE,6,9,2,0,3
scroll down to white text below the settings,scroll,text,white,below,settings,NONE,7,9,9,2,3
trash the last orange button,delete,button,orange,NONE,NONE,last,3,1,5,0,4
open the 2nd tab above the help,open,tab,NONE,above,help,2nd,5,8,0,1,1
scroll down to menu,scroll,menu,NONE,NONE,NONE,NONE,7,6,0,0,3
launch white tab to the left of the checkout,open,tab,white,left_of,checkout,NONE,5,8,9,3,3
tap tab,tap,tab,NONE,NONE,NONE,NONE,8,8,0,0,3
click on the last button,click,button,NONE,NONE,NONE,last,1,1,0,0,4
click the 1st tab,click,tab,NONE,NONE,NONE,1st,1,8,0,0,0
select the 1st tab to the right of the profile,click,tab,NONE,right_of,profile,1st,1,8,0,5,0
copy text above the cart,copy,text,NONE,above,cart,NONE,2,9,0,1,3
tap the 2nd gray tab,tap,tab,gray,NONE,NONE,2nd,8,8,3,0,1
launch blue button,open,button,blue,NONE,NONE,NONE,5,1,2,0,3
tap on link to the right of the login,tap,link,NONE,right_of,login,NONE,8,5,0,5,3
open button below the checkout,open,button,NONE,below,checkout,NONE,5,1,0,2,3
copy text above the address,copy,text,NONE,above,address,NONE,2,9,0,1,3
open link,open,link,NONE,NONE,NONE,NONE,5,5,0,0,3
paste the 3rd black text below the payment,paste,text,black,below,payment,3rd,6,9,1,2,2
click on text to the right of the notifications,click,text,NONE,right_of,notifications,NONE,1,9,0,5,3
long-press image above the checkout,long-press,image,NONE,above,checkout,NONE,4,4,0,1,3
copy yellow text below the help,copy,text,yellow,below,help,NONE,2,9,10,2,3
launch black menu next to the notifications,open,menu,black,next_to,notifications,NONE,5,6,1,4,3
scroll to tab to the right of the profile,scroll,tab,NONE,right_of,profile,NONE,7,8,0,5,3
tap on tab to the right of the last item,tap,tab,NONE,right_of,last item,NONE,8,8,0,5,3
scroll to the 3rd menu,scroll,menu,NONE,NONE,NONE,3rd,7,6,0,0,2
delete image next to the address,delete,image,NONE,next_to,address,NONE,3,4,0,4,3
scroll to green text next to the last item,scroll,text,green,next_to,last item,NONE,7,9,4,4,3
paste black text,paste,text,black,NONE,NONE,NONE,6,9,1,0,3
scroll to tab to the right of the search,scroll,tab,NONE,right_of,search,NONE,7,8,0,5,3
click on orange checkbox,click,checkbox,orange,NONE,NONE,NONE,1,2,5,0,3
copy text next to the login,copy,text,NONE,next_to,login,NONE,2,9,0,4,3
long-press text,long-press,text,NONE,NONE,NONE,NONE,4,9,0,0,3
long-press the last orange button to the right of the checkout,long-press,button,orange,right_of,checkout,last,4,1,5,5,4
trash gray image to the left of the wi-fi,delete,image,gray,left_of,wi-fi,NONE,3,4,3,3,3
click button to the right of the settings,click,button,NONE,right_of,settings,NONE,1,1,0,5,3
remove the 3rd yellow image,delete,image,yellow,NONE,NONE,3rd,3,4,10,0,2
launch icon to the left of the notifications,open,icon,NONE,left_of,notifications,NONE,5,3,0,3,3
select yellow tab above the home,click,tab,yellow,above,home,NONE,1,8,10,1,3
long-press green image to the left of the help,long-press,image,green,left_of,help,NONE,4,4,4,3,3
launch icon to the left of the settings,open,icon,NONE,left_of,settings,NONE,5,3,0,3,3
scroll down to the last yellow text above the last item,scroll,text,yellow,above,last item,last,7,9,10,1,4
copy the 3rd text next to the menu,copy,text,NONE,next_to,menu,3rd,2,9,0,4,2
copy blue text to the left of the payment,copy,text,blue,left_of,payment,NONE,2,9,2,3,3
tap icon next to the login,tap,icon,NONE,next_to,login,NONE,8,3,0,4,3
scroll down to the last tab below the help,scroll,tab,NONE,below,help,last,7,8,0,2,4
copy text to the left of the wi-fi,copy,text,NONE,left_of,wi-fi,NONE,2,9,0,3,3
copy the 1st text to the right of the home,copy,text,NONE,right_of,home,1st,2,9,0,5,0
paste orange text,paste,text,orange,NONE,NONE,NONE,6,9,5,0,3
paste pink text above the last item,paste,text,pink,above,last item,NONE,6,9,6,1,3
long-press image next to the first email,long-press,image,NONE,next_to,first email,NONE,4,4,0,4,3
paste gray text to the right of the search,paste,text,gray,right_of,search,NONE,6,9,3,5,3
remove pink button below the notifications,delete,button,pink,below,notifications,NONE,3,1,6,2,3
scroll to menu to the right of the menu,scroll,menu,NONE,right_of,menu,NONE,7,6,0,5,3
click link above the menu,click,link,NONE,above,menu,NONE,1,5,0,1,3
open button,open,button,NONE,NONE,NONE,NONE,5,1,0,0,3
long-press button to the right of the cart,long-press,button,NONE,right_of,cart,NONE,4,1,0,5,3
click button above the settings,click,button,NONE,above,settings,NONE,1,1,0,1,3
press and hold the last purple text,long-press,text,purple,NONE,NONE,last,4,9,7,0,4
select the 2nd white switch,click,switch,white,NONE,NONE,2nd,1,7,9,0,1
select the 2nd white image,click,image,white,NONE,NONE,2nd,1,4,9,0,1
scroll down to menu to the left of the cart,scroll,menu,NONE,left_of,cart,NONE,7,6,0,3,3
copy white text to the right of the help,copy,text,white,right_of,help,NONE,2,9,9,5,3
press and hold the last icon above the first email,long-press,icon,NONE,above,first email,last,4,3,0,1,4
tap on the 3rd orange link to the right of the address,tap,link,orange,right_of,address,3rd,8,5,5,5,2
tap on checkbox to the left of the first email,tap,checkbox,NONE,left_of,first email,NONE,8,2,0,3,3
paste text next to the payment,paste,text,NONE,next_to,payment,NONE,6,9,0,4,3
paste the 2nd text,paste,text,NONE,NONE,NONE,2nd,6,9,0,0,1
tap button next to the login,tap,button,NONE,next_to,login,NONE,8,1,0,4,3
paste text next to the cart,paste,text,NONE,next_to,cart,NONE,6,9,0,4,3
scroll to the last text next to the home,scroll,text,NONE,next_to,home,last,7,9,0,4,4
long-press button to the right of the home,long-press,button,NONE,right_of,home,NONE,4,1,0,5,3
paste text,paste,text,NONE,NONE,NONE,NONE,6,9,0,0,3
delete pink button below the search,delete,button,pink,below,search,NONE,3,1,6,2,3
press and hold button to the left of the login,long-press,button,NONE,left_of,login,NONE,4,1,0,3,3
open tab next to the profile,open,tab,NONE,next_to,profile,NONE,5,8,0,4,3
tap tab next to the settings,tap,tab,NONE,next_to,settings,NONE,8,8,0,4,3
remove text above the login,delete,text,NONE,above,login,NONE,3,9,0,1,3
remove image,delete,image,NONE,NONE,NONE,NONE,3,4,0,0,3
click on checkbox next to the home,click,checkbox,NONE,next_to,home,NONE,1,2,0,4,3
press blue tab to the left of the cart,click,tab,blue,left_of,cart,NONE,1,8,2,3,3
remove text,delete,text,NONE,NONE,NONE,NONE,3,9,0,0,3
press and hold the 2nd black icon,long-press,icon,black,NONE,NONE,2nd,4,3,1,0,1
launch the last pink icon,open,icon,pink,NONE,NONE,last,5,3,6,0,4
press and hold green button next to the help,long-press,button,green,next_to,help,NONE,4,1,4,4,3
copy text next to the payment,copy,text,NONE,next_to,payment,NONE,2,9,0,4,3
scroll to red tab next to the help,scroll,tab,red,next_to,help,NONE,7,8,8,4,3
tap gray tab,tap,tab,gray,NONE,NONE,NONE,8,8,3,0,3
open black icon to the left of the profile,open,icon,black,left_of,profile,NONE,5,3,1,3,3
remove the 2nd white image,delete,image,white,NONE,NONE,2nd,3,4,9,0,1
tap on white checkbox,tap,checkbox,white,NONE,NONE,NONE,8,2,9,0,3
scroll down to tab,scroll,tab,NONE,NONE,NONE,NONE,7,8,0,0,3
press and hold image,long-press,image,NONE,NONE,NONE,NONE,4,4,0,0,3
paste blue text above the profile,paste,text,blue,above,profile,NONE,6,9,2,1,3
press and hold button,long-press,button,NONE,NONE,NONE,NONE,4,1,0,0,3
click the 3rd blue switch,click,switch,blue,NONE,NONE,3rd,1,7,2,0,2
tap button to the right of the profile,tap,button,NONE,right_of,profile,NONE,8,1,0,5,3
paste the 3rd text next to the address,paste,text,NONE,next_to,address,3rd,6,9,0,4,2
tap the 3rd blue switch,tap,switch,blue,NONE,NONE,3rd,8,7,2,0,2
launch link next to the help,open,link,NONE,next_to,help,NONE,5,5,0,4,3
delete white text above the first email,delete,text,white,above,first email,NONE,3,9,9,1,3
copy text below the checkout,copy,text,NONE,below,checkout,NONE,2,9,0,2,3
press and hold pink text,long-press,text,pink,NONE,NONE,NONE,4,9,6,0,3
delete text above the help,delete,text,NONE,above,help,NONE,3,9,0,1,3
copy the 1st text,copy,text,NONE,NONE,NONE,1st,2,9,0,0,0
paste text to the left of the login,paste,text,NONE,left_of,login,NONE,6,9,0,3,3
paste text to the right of the notifications,paste,text,NONE,right_of,notifications,NONE,6,9,0,5,3
tap tab to the left of the address,tap,tab,NONE,left_of,address,NONE,8,8,0,3,3
long-press text to the right of the notifications,long-press,text,NONE,right_of,notifications,NONE,4,9,0,5,3
select link next to the login,click,link,NONE,next_to,login,NONE,1,5,0,4,3
paste text to the left of the wi-fi,paste,text,NONE,left_of,wi-fi,NONE,6,9,0,3,3
tap on the 3rd black switch above the help,tap,switch,black,above,help,3rd,8,7,1,1,2
scroll to the last tab,scroll,tab,NONE,NONE,NONE,last,7,8,0,0,4
paste text next to the profile,paste,text,NONE,next_to,profile,NONE,6,9,0,4,3
tap the 2nd switch above the profile,tap,switch,NONE,above,profile,2nd,8,7,0,1,1
click text above the login,click,text,NONE,above,login,NONE,1,9,0,1,3
click on image to the right of the home,click,image,NONE,right_of,home,NONE,1,4,0,5,3
delete image,delete,image,NONE,NONE,NONE,NONE,3,4,0,0,3
remove the 2nd white button,delete,button,white,NONE,NONE,2nd,3,1,9,0,1
copy blue text to the left of the search,copy,text,blue,left_of,search,NONE,2,9,2,3,3
copy text next to the search,copy,text,NONE,next_to,search,NONE,2,9,0,4,3
paste text below the notifications,paste,text,NONE,below,notifications,NONE,6,9,0,2,3
copy text,copy,text,NONE,NONE,NONE,NONE,2,9,0,0,3
long-press the 1st gray icon above the checkout,long-press,icon,gray,above,checkout,1st,4,3,3,1,0
copy text next to the address,copy,text,NONE,next_to,address,NONE,2,9,0,4,3
paste the last green text,paste,text,green,NONE,NONE,last,6,9,4,0,4
paste the 2nd text to the left of the last item,paste,text,NONE,left_of,last item,2nd,6,9,0,3,1
select the 1st orange text,click,text,orange,NONE,NONE,1st,1,9,5,0,0
long-press button,long-press,button,NONE,NONE,NONE,NONE,4,1,0,0,3
scroll down to the 3rd menu to the right of the home,scroll,menu,NONE,right_of,home,3rd,7,6,0,5,2
select image next to the help,click,image,NONE,next_to,help,NONE,1,4,0,4,3
tap the 2nd checkbox above the help,tap,checkbox,NONE,above,help,2nd,8,2,0,1,1
scroll to tab above the search,scroll,tab,NONE,above,search,NONE,7,8,0,1,3
paste black text next to the payment,paste,text,black,next_to,payment,NONE,6,9,1,4,3
select blue button next to the profile,click,button,blue,next_to,profile,NONE,1,1,2,4,3
copy text above the last item,copy,text,NONE,above,last item,NONE,2,9,0,1,3
scroll to the 3rd tab below the address,scroll,tab,NONE,below,address,3rd,7,8,0,2,2
long-press the 1st button next to the first email,long-press,button,NONE,next_to,first email,1st,4,1,0,4,0
tap on the 1st tab to the left of the search,tap,tab,NONE,left_of,search,1st,8,8,0,3,0
scroll to gray text to the right of the first email,scroll,text,gray,right_of,first email,NONE,7,9,3,5,3
launch green icon to the left of the menu,open,icon,green,left_of,menu,NONE,5,3,4,3,3
delete orange text to the right of the last item,delete,text,orange,right_of,last item,NONE,3,9,5,5,3
scroll to tab above the settings,scroll,tab,NONE,above,settings,NONE,7,8,0,1,3
click on the last button to the right of the settings,click,button,NONE,right_of,settings,last,1,1,0,5,4
press and hold purple text to the right of the checkout,long-press,text,purple,right_of,checkout,NONE,4,9,7,5,3
paste text,paste,text,NONE,NONE,NONE,NONE,6,9,0,0,3
tap on the 3rd tab,tap,tab,NONE,NONE,NONE,3rd,8,8,0,0,2
press gray checkbox,click,checkbox,gray,NONE,NONE,NONE,1,2,3,0,3
scroll down to the 1st red menu next to the home,scroll,menu,red,next_to,home,1st,7,6,8,4,0
open blue menu to the left of the menu,open,menu,blue,left_of,menu,NONE,5,6,2,3,3
copy purple text,copy,text,purple,NONE,NONE,NONE,2,9,7,0,3
tap the 3rd black button next to the home,tap,button,black,next_to,home,3rd,8,1,1,4,2
tap switch,tap,switch,NONE,NONE,NONE,NONE,8,7,0,0,3
click black tab,click,tab,black,NONE,NONE,NONE,1,8,1,0,3
remove green text,delete,text,green,NONE,NONE,NONE,3,9,4,0,3
press and hold the 3rd image,long-press,image,NONE,NONE,NONE,3rd,4,4,0,0,2
press and hold button,long-press,button,NONE,NONE,NONE,NONE,4,1,0,0,3
tap on switch,tap,switch,NONE,NONE,NONE,NONE,8,7,0,0,3
launch the last link to the right of the profile,open,link,NONE,right_of,profile,last,5,5,0,5,4
long-press image to the left of the first email,long-press,image,NONE,left_of,first email,NONE,4,4,0,3,3
paste text to the right of the profile,paste,text,NONE,right_of,profile,NONE,6,9,0,5,3
click on yellow checkbox below the settings,click,checkbox,yellow,below,settings,NONE,1,2,10,2,3
scroll down to menu,scroll,menu,NONE,NONE,NONE,NONE,7,6,0,0,3
long-press pink icon next to the home,long-press,icon,pink,next_to,home,NONE,4,3,6,4,3
scroll to tab above the cart,scroll,tab,NONE,above,cart,NONE,7,8,0,1,3
tap purple switch,tap,switch,purple,NONE,NONE,NONE,8,7,7,0,3
press the 3rd image,click,image,NONE,NONE,NONE,3rd,1,4,0,0,2
open the 3rd tab to the left of the payment,open,tab,NONE,left_of,payment,3rd,5,8,0,3,2
press and hold black button,long-press,button,black,NONE,NONE,NONE,4,1,1,0,3
click on red tab,click,tab,red,NONE,NONE,NONE,1,8,8,0,3
click switch,click,switch,NONE,NONE,NONE,NONE,1,7,0,0,3
launch the last red menu above the login,open,menu,red,above,login,last,5,6,8,1,4
paste text,paste,text,NONE,NONE,NONE,NONE,6,9,0,0,3
launch yellow tab above the first email,open,tab,yellow,above,first email,NONE,5,8,10,1,3
delete image next to the wi-fi,delete,image,NONE,next_to,wi-fi,NONE,3,4,0,4,3
paste text above the profile,paste,text,NONE,above,profile,NONE,6,9,0,1,3
paste text,paste,text,NONE,NONE,NONE,NONE,6,9,0,0,3
scroll to the 2nd tab to the left of the profile,scroll,tab,NONE,left_of,profile,2nd,7,8,0,3,1
trash text,delete,text,NONE,NONE,NONE,NONE,3,9,0,0,3
tap on the 1st blue checkbox below the settings,tap,checkbox,blue,below,settings,1st,8,2,2,2,0
long-press button,long-press,button,NONE,NONE,NONE,NONE,4,1,0,0,3
delete the 1st text above the home,delete,text,NONE,above,home,1st,3,9,0,1,0
paste the 3rd text below the address,paste,text,NONE,below,address,3rd,6,9,0,2,2
press yellow switch below the notifications,click,switch,yellow,below,notifications,NONE,1,7,10,2,3
tap checkbox next to the last item,tap,checkbox,NONE,next_to,last item,NONE,8,2,0,4,3
launch the 3rd icon below the checkout,open,icon,NONE,below,checkout,3rd,5,3,0,2,2
trash text,delete,text,NONE,NONE,NONE,NONE,3,9,0,0,3
scroll down to the 1st yellow text to the left of the checkout,scroll,text,yellow,left_of,checkout,1st,7,9,10,3,0
scroll to text,scroll,text,NONE,NONE,NONE,NONE,7,9,0,0,3
scroll to the 2nd blue text to the right of the menu,scroll,text,blue,right_of,menu,2nd,7,9,2,5,1
press and hold image to the left of the cart,long-press,image,NONE,left_of,cart,NONE,4,4,0,3,3
open the 1st tab to the left of the wi-fi,open,tab,NONE,left_of,wi-fi,1st,5,8,0,3,0
long-press button below the profile,long-press,button,NONE,below,profile,NONE,4,1,0,2,3
press and hold the 1st button above the help,long-press,button,NONE,above,help,1st,4,1,0,1,0
tap icon next to the payment,tap,icon,NONE,next_to,payment,NONE,8,3,0,4,3
tap link to the left of the checkout,tap,link,NONE,left_of,checkout,NONE,8,5,0,3,3
press and hold image to the left of the notifications,long-press,image,NONE,left_of,notifications,NONE,4,4,0,3,3
remove the 3rd button to the right of the help,delete,button,NONE,right_of,help,3rd,3,1,0,5,2
scroll down to green menu,scroll,menu,green,NONE,NONE,NONE,7,6,4,0,3
open menu to the right of the help,open,menu,NONE,right_of,help,NONE,5,6,0,5,3
remove text,delete,text,NONE,NONE,NONE,NONE,3,9,0,0,3
copy pink text below the menu,copy,text,pink,below,menu,NONE,2,9,6,2,3
copy the 2nd gray text to the left of the wi-fi,copy,text,gray,left_of,wi-fi,2nd,2,9,3,3,1
press and hold button above the notifications,long-press,button,NONE,above,notifications,NONE,4,1,0,1,3
trash text,delete,text,NONE,NONE,NONE,NONE,3,9,0,0,3
copy text to the left of the home,copy,text,NONE,left_of,home,NONE,2,9,0,3,3
click icon to the left of the last item,click,icon,NONE,left_of,last item,NONE,1,3,0,3,3
copy text,copy,text,NONE,NONE,NONE,NONE,2,9,0,0,3
click red link next to the menu,click,link,red,next_to,menu,NONE,1,5,8,4,3
launch the last link,open,link,NONE,NONE,NONE,last,5,5,0,0,4
tap button above the last item,tap,button,NONE,above,last item,NONE,8,1,0,1,3
launch blue link below the search,open,link,blue,below,search,NONE,5,5,2,2,3
scroll down to tab to the right of the login,scroll,tab,NONE,right_of,login,NONE,7,8,0,5,3
scroll to pink menu to the left of the profile,scroll,menu,pink,left_of,profile,NONE,7,6,6,3,3
press and hold icon,long-press,icon,NONE,NONE,NONE,NONE,4,3,0,0,3
delete purple button below the first email,delete,button,purple,below,first email,NONE,3,1,7,2,3
select black checkbox,click,checkbox,black,NONE,NONE,NONE,1,2,1,0,3
paste the last text below the help,paste,text,NONE,below,help,last,6,9,0,2,4
long-press icon,long-press,icon,NONE,NONE,NONE,NONE,4,3,0,0,3
scroll to red text above the last item,scroll,text,red,above,last item,NONE,7,9,8,1,3
copy the 3rd text,copy,text,NONE,NONE,NONE,3rd,2,9,0,0,2
copy the last text,copy,text,NONE,NONE,NONE,last,2,9,0,0,4
press and hold the 2nd image below the address,long-press,image,NONE,below,address,2nd,4,4,0,2,1
tap on link to the left of the notifications,tap,link,NONE,left_of,notifications,NONE,8,5,0,3,3
open orange menu next to the notifications,open,menu,orange,next_to,notifications,NONE,5,6,5,4,3
open white link next to the first email,open,link,white,next_to,first email,NONE,5,5,9,4,3
copy the last text,copy,text,NONE,NONE,NONE,last,2,9,0,0,4
press link above the address,click,link,NONE,above,address,NONE,1,5,0,1,3
tap on the 2nd checkbox above the menu,tap,checkbox,NONE,above,menu,2nd,8,2,0,1,1
launch link above the last item,open,link,NONE,above,last item,NONE,5,5,0,1,3
open tab,open,tab,NONE,NONE,NONE,NONE,5,8,0,0,3
long-press the 2nd icon to the left of the search,long-press,icon,NONE,left_of,search,2nd,4,3,0,3,1
launch gray icon below the notifications,open,icon,gray,below,notifications,NONE,5,3,3,2,3
copy the 1st orange text below the menu,copy,text,orange,below,menu,1st,2,9,5,2,0
long-press icon below the profile,long-press,icon,NONE,below,profile,NONE,4,3,0,2,3
trash text,delete,text,NONE,NONE,NONE,NONE,3,9,0,0,3
press and hold red text below the menu,long-press,text,red,below,menu,NONE,4,9,8,2,3
tap on link,tap,link,NONE,NONE,NONE,NONE,8,5,0,0,3
tap tab to the left of the address,tap,tab,NONE,left_of,address,NONE,8,8,0,3,3
copy black text to the left of the settings,copy,text,black,left_of,settings,NONE,2,9,1,3,3
launch the 3rd yellow tab next to the last item,open,tab,yellow,next_to,last item,3rd,5,8,10,4,2
scroll to pink menu,scroll,menu,pink,NONE,NONE,NONE,7,6,6,0,3
press orange icon to the left of the payment,click,icon,orange,left_of,payment,NONE,1,3,5,3,3
scroll down to menu to the right of the settings,scroll,menu,NONE,right_of,settings,NONE,7,6,0,5,3
scroll to text,scroll,text,NONE,NONE,NONE,NONE,7,9,0,0,3
click on image,click,image,NONE,NONE,NONE,NONE,1,4,0,0,3
paste yellow text,paste,text,yellow,NONE,NONE,NONE,6,9,10,0,3
delete image next to the menu,delete,image,NONE,next_to,menu,NONE,3,4,0,4,3
long-press image next to the menu,long-press,image,NONE,next_to,menu,NONE,4,4,0,4,3
delete purple image below the login,delete,image,purple,below,login,NONE,3,4,7,2,3
open menu to the right of the checkout,open,menu,NONE,right_of,checkout,NONE,5,6,0,5,3
tap on icon to the right of the wi-fi,tap,icon,NONE,right_of,wi-fi,NONE,8,3,0,5,3
launch menu,open,menu,NONE,NONE,NONE,NONE,5,6,0,0,3
copy green text above the payment,copy,text,green,above,payment,NONE,2,9,4,1,3
launch menu below the checkout,open,menu,NONE,below,checkout,NONE,5,6,0,2,3
paste text above the checkout,paste,text,NONE,above,checkout,NONE,6,9,0,1,3
open icon to the left of the payment,open,icon,NONE,left_of,payment,NONE,5,3,0,3,3
press and hold black button,long-press,button,black,NONE,NONE,NONE,4,1,1,0,3
click on gray button next to the home,click,button,gray,next_to,home,NONE,1,1,3,4,3
trash button,delete,button,NONE,NONE,NONE,NONE,3,1,0,0,3
scroll to tab below the checkout,scroll,tab,NONE,below,checkout,NONE,7,8,0,2,3
scroll down to menu,scroll,menu,NONE,NONE,NONE,NONE,7,6,0,0,3
scroll down to red tab below the settings,scroll,tab,red,below,settings,NONE,7,8,8,2,3
copy the 1st text next to the search,copy,text,NONE,next_to,search,1st,2,9,0,4,0
click the 1st red image,click,image,red,NONE,NONE,1st,1,4,8,0,0
open icon,open,icon,NONE,NONE,NONE,NONE,5,3,0,0,3
long-press icon above the wi-fi,long-press,icon,NONE,above,wi-fi,NONE,4,3,0,1,3
tap on icon,tap,icon,NONE,NONE,NONE,NONE,8,3,0,0,3
tap the 3rd tab,tap,tab,NONE,NONE,NONE,3rd,8,8,0,0,2
tap on button above the menu,tap,button,NONE,above,menu,NONE,8,1,0,1,3
delete the 2nd red image,delete,image,red,NONE,NONE,2nd,3,4,8,0,1
tap the 3rd checkbox,tap,checkbox,NONE,NONE,NONE,3rd,8,2,0,0,2
paste white text to the left of the address,paste,text,white,left_of,address,NONE,6,9,9,3,3
tap on yellow tab,tap,tab,yellow,NONE,NONE,NONE,8,8,10,0,3
tap the 1st icon to the left of the profile,tap,icon,NONE,left_of,profile,1st,8,3,0,3,0
paste the 2nd text,paste,text,NONE,NONE,NONE,2nd,6,9,0,0,1
tap the 1st button to the left of the cart,tap,button,NONE,left_of,cart,1st,8,1,0,3,0
click button to the left of the help,click,button,NONE,left_of,help,NONE,1,1,0,3,3
press text,click,text,NONE,NONE,NONE,NONE,1,9,0,0,3
long-press orange image below the search,long-press,image,orange,below,search,NONE,4,4,5,2,3
copy the 1st text,copy,text,NONE,NONE,NONE,1st,2,9,0,0,0
trash button above the login,delete,button,NONE,above,login,NONE,3,1,0,1,3
copy text,copy,text,NONE,NONE,NONE,NONE,2,9,0,0,3
remove the last image,delete,image,NONE,NONE,NONE,last,3,4,0,0,4
trash gray button next to the address,delete,button,gray,next_to,address,NONE,3,1,3,4,3
select switch,click,switch,NONE,NONE,NONE,NONE,1,7,0,0,3
long-press the last icon,long-press,icon,NONE,NONE,NONE,last,4,3,0,0,4
delete image,delete,image,NONE,NONE,NONE,NONE,3,4,0,0,3
select white link,click,link,white,NONE,NONE,NONE,1,5,9,0,3
scroll down to the 1st text,scroll,text,NONE,NONE,NONE,1st,7,9,0,0,0
paste the 2nd text,paste,text,NONE,NONE,NONE,2nd,6,9,0,0,1
launch the 3rd green icon,open,icon,green,NONE,NONE,3rd,5,3,4,0,2
tap black checkbox,tap,checkbox,black,NONE,NONE,NONE,8,2,1,0,3
copy white text next to the help,copy,text,white,next_to,help,NONE,2,9,9,4,3
scroll down to orange tab to the left of the login,scroll,tab,orange,left_of,login,NONE,7,8,5,3,3
scroll to the last menu to the left of the last item,scroll,menu,NONE,left_of,last item,last,7,6,0,3,4
press and hold text,long-press,text,NONE,NONE,NONE,NONE,4,9,0,0,3
paste gray text,paste,text,gray,NONE,NONE,NONE,6,9,3,0,3
remove text above the cart,delete,text,NONE,above,cart,NONE,3,9,0,1,3
scroll to the 1st text to the left of the payment,scroll,text,NONE,left_of,payment,1st,7,9,0,3,0
delete the 1st pink image,delete,image,pink,NONE,NONE,1st,3,4,6,0,0
scroll down to menu to the right of the wi-fi,scroll,menu,NONE,right_of,wi-fi,NONE,7,6,0,5,3
tap the 1st yellow icon,tap,icon,yellow,NONE,NONE,1st,8,3,10,0,0
launch menu,open,menu,NONE,NONE,NONE,NONE,5,6,0,0,3
delete purple button,delete,button,purple,NONE,NONE,NONE,3,1,7,0,3
tap on green link to the right of the home,tap,link,green,right_of,home,NONE,8,5,4,5,3
paste blue text,paste,text,blue,NONE,NONE,NONE,6,9,2,0,3
open the last menu,open,menu,NONE,NONE,NONE,last,5,6,0,0,4
select the last text to the right of the settings,click,text,NONE,right_of,settings,last,1,9,0,5,4
scroll down to gray tab,scroll,tab,gray,NONE,NONE,NONE,7,8,3,0,3
tap on the 2nd black tab,tap,tab,black,NONE,NONE,2nd,8,8,1,0,1
paste the 1st red text,paste,text,red,NONE,NONE,1st,6,9,8,0,0
press checkbox,click,checkbox,NONE,NONE,NONE,NONE,1,2,0,0,3
copy black text below the login,copy,text,black,below,login,NONE,2,9,1,2,3
tap the 3rd switch,tap,switch,NONE,NONE,NONE,3rd,8,7,0,0,2
select link to the left of the address,click,link,NONE,left_of,address,NONE,1,5,0,3,3
copy the last text,copy,text,NONE,NONE,NONE,last,2,9,0,0,4
press and hold pink image below the menu,long-press,image,pink,below,menu,NONE,4,4,6,2,3
paste gray text to the right of the profile,paste,text,gray,right_of,profile,NONE,6,9,3,5,3
copy text,copy,text,NONE,NONE,NONE,NONE,2,9,0,0,3
tap on tab to the left of the search,tap,tab,NONE,left_of,search,NONE,8,8,0,3,3
paste the 1st text to the left of the home,paste,text,NONE,left_of,home,1st,6,9,0,3,0
paste pink text below the cart,paste,text,pink,below,cart,NONE,6,9,6,2,3
copy orange text below the search,copy,text,orange,below,search,NONE,2,9,5,2,3
tap the 3rd green tab,tap,tab,green,NONE,NONE,3rd,8,8,4,0,2
press image below the login,click,image,NONE,below,login,NONE,1,4,0,2,3
paste text,paste,text,NONE,NONE,NONE,NONE,6,9,0,0,3
copy the last red text to the left of the search,copy,text,red,left_of,search,last,2,9,8,3,4
paste text below the address,paste,text,NONE,below,address,NONE,6,9,0,2,3
tap on the last green tab below the address,tap,tab,green,below,address,last,8,8,4,2,4
click the last blue tab to the right of the wi-fi,click,tab,blue,right_of,wi-fi,last,1,8,2,5,4
paste text next to the profile,paste,text,NONE,next_to,profile,NONE,6,9,0,4,3
press and hold icon,long-press,icon,NONE,NONE,NONE,NONE,4,3,0,0,3
copy text to the left of the search,copy,text,NONE,left_of,search,NONE,2,9,0,3,3
click on checkbox,click,checkbox,NONE,NONE,NONE,NONE,1,2,0,0,3
paste blue text,paste,text,blue,NONE,NONE,NONE,6,9,2,0,3
remove image above the notifications,delete,image,NONE,above,notifications,NONE,3,4,0,1,3
paste the 3rd text,paste,text,NONE,NONE,NONE,3rd,6,9,0,0,2
paste the 2nd text to the left of the search,paste,text,NONE,left_of,search,2nd,6,9,0,3,1
paste text,paste,text,NONE,NONE,NONE,NONE,6,9,0,0,3
press and hold button next to the notifications,long-press,button,NONE,next_to,notifications,NONE,4,1,0,4,3
tap the 1st tab next to the wi-fi,tap,tab,NONE,next_to,wi-fi,1st,8,8,0,4,0
launch link below the profile,open,link,NONE,below,profile,NONE,5,5,0,2,3
click blue switch below the menu,click,switch,blue,below,menu,NONE,1,7,2,2,3
select icon above the first email,click,icon,NONE,above,first email,NONE,1,3,0,1,3
click on icon to the left of the cart,click,icon,NONE,left_of,cart,NONE,1,3,0,3,3
copy orange text to the right of the checkout,copy,text,orange,right_of,checkout,NONE,2,9,5,5,3
paste gray text above the address,paste,text,gray,above,address,NONE,6,9,3,1,3
long-press orange image next to the settings,long-press,image,orange,next_to,settings,NONE,4,4,5,4,3
copy text,copy,text,NONE,NONE,NONE,NONE,2,9,0,0,3
scroll to menu to the left of the settings,scroll,menu,NONE,left_of,settings,NONE,7,6,0,3,3
paste orange text,paste,text,orange,NONE,NONE,NONE,6,9,5,0,3
click the 3rd icon,click,icon,NONE,NONE,NONE,3rd,1,3,0,0,2
scroll down to the 3rd purple text to the left of the cart,scroll,text,purple,left_of,cart,3rd,7,9,7,3,2
copy text to the left of the home,copy,text,NONE,left_of,home,NONE,2,9,0,3,3
